wallet,n_fills,maker_share,two_sided,volume,markout_1,realized_spread_1,markout_10,realized_spread_10,markout_60,realized_spread_60,volume_share,is_mm
0xc6ac58a7a63339898aeda32499a8238a46d88e84,22023,0.325568723607138,0.4297071129707113,817244434.30076,0.6313555232479598,1.2627110464959197,0.35998156205523496,0.7199631241104699,-0.0036827617060679226,-0.007365523412135845,0.09852774623652524,False
0xecb63caa47c7c4e77f60f1ce858cf28dc2b82b00,12096,0.9595734126984127,0.42879296975962783,605139845.0880499,0.11940818549105119,0.23881637098210237,-0.04887086574272094,-0.09774173148544188,0.06508367964368234,0.13016735928736467,0.07295622043050007,True
0x0fd468a73084daa6ea77a9261e40fdec3e67e0c7,51027,0.1734571893311384,0.43757767483900123,377327448.33426005,0.04675563952711872,0.09351127905423744,0.18553428924315826,0.3710685784863165,0.21642935981037542,0.43285871962075084,0.04549094679288046,False
0x09bc1cf4d9f0b59e1425a8fde4d4b1f7d3c9410d,10260,0.4455165692007797,0.45963684095383944,370983407.39916,0.13378955965264716,0.2675791193052943,-0.02729710541696329,-0.05459421083392658,0.042185665895982355,0.08437133179196471,0.044726103339523114,False
0x7b7f72a28fe109fa703eeed7984f2a8a68fedee2,24925,0.3359679037111334,0.46859326486744685,365994456.25043,0.13932242007377746,0.2786448401475549,-0.1823303816959305,-0.364660763391861,0.009631164572271197,0.019262329144542394,0.044124630766401135,False
0x023a3d058020fb76cca98f01b3c48c8938a22355,31988,0.8877078904589221,0.4274193548387097,315681592.74579996,-0.2332146620441137,-0.4664293240882274,-0.5536876363336883,-1.1073752726673767,-0.35217522597129525,-0.7043504519425905,0.03805886532370523,True
0xf9109ada2f73c62e9889b45453065f0d99260a2d,19762,0.9291063657524542,0.3353303196993628,293499455.60677,-0.12090393127376549,-0.24180786254753098,-0.3328712609530477,-0.6657425219060954,-0.5057807380507373,-1.0115614761014746,0.03538456631683817,True
0x7ca165f354e3260e2f8d5a7508cc9dd2fa009235,16226,0.21360778996672009,0.4125793421811887,281471220.13896,0.18324509819300533,0.36649019638601066,0.09413374757309456,0.18826749514618912,0.49428640726766915,0.9885728145353383,0.033934431103791976,False
0x39475d17bcd20adc540e647dae6781b153fbf3b1,587,1.0,0.4957410562180579,232974807.65537,0.9189919069604608,1.8379838139209217,1.0939522569443405,2.187904513888681,2.381368467475251,4.762736934950502,0.02808765867926845,True
0x162cc7c861ebd0c06b3d72319201150482518185,42199,1.0,0.4938031706912486,177520816.99848,0.000592934413682122,0.001185868827364244,0.009389940409483422,0.018779880818966845,0.09211453135136774,0.18422906270273548,0.0214020741834627,True
0xadc9cf23f55c6221a05a8150e5768d7c3289562f,6781,1.0,0.31750479280342137,173010737.01106,0.07449937209216344,0.14899874418432688,0.3235813933234372,0.6471627866468744,0.2727571449243781,0.5455142898487562,0.0208583347612577,True
0x335f45392f8d87745aaae68f5c192849afd9b60e,3218,1.0,0.4533871970167806,151568854.48887998,0.06105601610868403,0.12211203221736806,-0.19604360441900917,-0.39208720883801834,-0.32449332825653454,-0.6489866565130691,0.018273281536898563,True
0xbb475febf78b528f4f0d4ae1a12541406565199c,3074,1.0,0.38516590761223163,144183287.20655,0.003762110754409288,0.007524221508818576,-0.05820780967743221,-0.11641561935486441,0.3759005674304398,0.7518011348608796,0.017382870702068218,True
0xfcf104006bfff47695c1dc21dad3e9de1e72098e,19670,0.47813929842399594,0.4869750132908028,96222468.27083999,0.04476908376919253,0.08953816753838506,0.1663490807521995,0.332698161504399,0.08777950938430168,0.17555901876860336,0.011600669931944018,False
0x8372aa26b7130d1b8a4ad205c1f2ec9a97ab2477,2635,1.0,0.33130929791271346,84797152.80019,0.27396561560749677,0.5479312312149935,0.4406406298590263,0.8812812597180526,0.6911456699745105,1.382291339949021,0.010223223312405258,True
0x4331ca6ff2e4a342244a4b8bec962a43cbeb0b57,10362,0.20198803319822428,0.04634495938843765,82510651.58984,-0.20517191077705405,-0.4103438215541081,-0.6605296595848211,-1.3210593191696423,-0.24867406848402207,-0.49734813696804414,0.009947560607873501,False
0x621c5551678189b9a6c94d929924c225ff1d63ab,360,0.8694444444444445,0.34185303514376997,79528737.74346,0.3242234973163682,0.6484469946327364,-1.1088676670029274,-2.2177353340058548,-1.5241751388683054,-3.0483502777366107,0.009588058311590887,True
0x588432f54227364caf999a6df88dbf86a90f4772,16325,0.3737825421133231,0.4691904293674205,78361644.39394,0.016723927583649618,0.033447855167299236,0.2104505643460676,0.4209011286921352,-0.16024258697962834,-0.3204851739592567,0.009447352455974715,False
0x57dd78cd36e76e2011e8f6dc25cabbaba994494b,6433,0.9227421109902068,0.4942722371967655,72030245.62633,-0.38831896541095484,-0.7766379308219097,-0.638198754557254,-1.276397509114508,-0.7763995581915364,-1.5527991163830728,0.008684033154043867,True
0x706bb519b05b7dc01d048af9a5e29d1ef5d6d9e3,15489,0.5489702369423461,0.4970010584499588,71970543.61025,0.02874030597331364,0.05748061194662728,0.10986938125618587,0.21973876251237173,-0.06928331604184626,-0.13856663208369252,0.008676835423666943,False
0x3ff54fd26855db3758d0b5ae7aed47440c47f705,1035,1.0,0.4434782608695652,71207650.58934,0.04784037803844821,0.09568075607689643,0.2089853867599849,0.4179707735199698,0.04815166422352206,0.09630332844704412,0.0085848603341894,True
0x9e74a6a1df3c2545ec4e8e54a1502967c7ad15e1,10549,0.9157266091572661,0.40165631469979296,68358425.75532,-0.14003502318759345,-0.2800700463751869,-0.055247565434579614,-0.11049513086915923,0.3938877132103157,0.7877754264206314,0.008241355148183058,True
0x31dea2516beee92135b96f464eeec3cf292a13f2,45337,0.9570328870459007,0.48178109659130197,59147108.687230006,-0.7357509727024738,-1.4715019454049476,-1.333873470111403,-2.667746940222806,-1.2812210085338276,-2.562442017067655,0.007130830227489696,True
0xc6ef411a92428ec7f9fc0bc8e84ee3515bfeea7e,6151,1.0,0.4823605917736953,57193234.88212,-0.2637841993682555,-0.527568398736511,-0.5189428389031989,-1.0378856778063978,-1.155711042015398,-2.311422084030796,0.0068952693911374895,True
0xa503a7b7d18308423e60b22c092f9934b85f61af,3762,0.3003721424774056,0.32212389380530976,55603025.01811,-0.7218146351727389,-1.4436292703454778,-0.8747592420159569,-1.7495184840319138,2.0225869208245792,4.0451738416491585,0.006703552216485755,False
0xa62b923a112d50d03e1e096bbd53422490dac104,19688,0.4602803738317757,0.4543147208121827,54184125.64133,0.015846785837562914,0.03169357167512583,0.09773998031648161,0.19547996063296322,-0.03876961078335422,-0.07753922156670844,0.006532488392906267,False
0x14ecb8b25e270b31cc270e3dd3ee220dd5dce16e,7641,1.0,0.4271692186886533,51881656.32534,0.16257841242700025,0.3251568248540005,0.24902650809703986,0.4980530161940797,0.08803169198330117,0.17606338396660234,0.0062549005587629256,True
0xe2990ce029db870c805e90a1a8a1d8a1c52255d6,684,1.0,0.18128654970760233,50710220.56750001,0.11821596445023563,0.23643192890047127,0.7559260817430229,1.5118521634860458,3.9714736949281577,7.942947389856315,0.0061136711783761335,False
0xd83516572789f1c782c8298efce58a5600318fd7,8439,0.112928072046451,0.31899265477439664,49895710.46564999,-0.8705894638267553,-1.7411789276535106,0.19173560514147428,0.38347121028294856,0.22751907966774335,0.4550381593354867,0.006015473085793431,False
0x8f63c88fccae90c1f9eb8b447f830bce7b71dd74,1248,0.9118589743589743,0.44727592267135324,49562157.54876,-0.20769160295437622,-0.41538320590875244,-0.3768390733882077,-0.7536781467764154,-0.9859795417906982,-1.9719590835813965,0.005975259637071802,True
0xce75a235d1a055e4b3eb88545f7215c6f963055a,1127,0.9902395740905058,0.49193548387096775,48880676.2269,-0.10199945702070674,-0.2039989140414135,0.2416429200602279,0.4832858401204558,-0.09359874747471524,-0.18719749494943047,0.005893099617465669,True
0x2cb562384765bea1612ceb60007e315f904fbe86,8079,1.0,0.4599579155836119,48359807.59555,0.1304674593939198,0.2609349187878396,0.371360069036776,0.742720138073552,0.5625735192266307,1.1251470384532614,0.005830303212646921,True
0xf8c5362479968e9b9643c9f3b93fbaf3db008acd,5810,1.0,0.4559380378657487,47732400.27509,0.0805790033046938,0.1611580066093876,0.22169288977427665,0.4433857795485533,0.21545710146387773,0.43091420292775545,0.005754662404753121,True
0x4d969e59b312970cc07af266938a4433ccae0b4c,5575,1.0,0.42798206278026907,45765256.01575,0.1291367732392091,0.2582735464784182,0.38658109388359363,0.7731621877671873,0.4660723043852262,0.9321446087704524,0.005517501670142892,True
0x13558be785661958932ceac35ba20de187275a42,7254,1.0,0.4902122966639096,45698654.111609995,0.18160048011081847,0.36320096022163695,0.3611534295145399,0.7223068590290798,0.6286120920731372,1.2572241841462743,0.005509472082868198,True
0xe86b057f5eb764c9738d6b0d38170befd0723664,1099,1.0,0.35668789808917195,45628594.790070005,0.0776627121273824,0.1553254242547648,-0.36329434431427116,-0.7265886886285423,-0.3437271135278185,-0.687454227055637,0.00550102566614821,True
0x54e3f54df4b10ff63f7284733ed735e8e1507c20,5556,1.0,0.45770338372930164,44324285.207440004,0.14927414480479756,0.2985482896095951,0.20112804097180778,0.40225608194361556,0.01864932187199161,0.03729864374398322,0.005343776894327339,True
0x34fb5ec7d4e939161946340ea2a1f29254b893de,287,1.0,0.22996515679442509,43556051.60236,0.24938625118655322,0.49877250237310644,0.4952650999797724,0.9905301999595448,-0.5798182890760116,-1.1596365781520233,0.0052511579390738155,False
0x3ac9b030594c1ef23a3e8fed9f62356b7bf98bf6,5185,1.0,0.4667309546769528,43275953.75052,0.16421650689005654,0.3284330137801131,0.2466943705546237,0.4933887411092474,0.1488652030483076,0.2977304060966152,0.005217389082524673,True
0xaf2ac71f62f341e5823d6985492409e92c940447,5206,1.0,0.44122166730695356,42771810.29165,0.10921005068335865,0.2184201013667173,0.13136928605571074,0.2627385721114215,-0.11185767647315603,-0.22371535294631206,0.005156609079997219,True
0x2cffce91b4e0c81df18726ff66b31b2b1545e1ad,6806,1.0,0.49735527475756686,41723712.341740005,0.0956641896652791,0.1913283793305582,0.07927648913319803,0.15855297826639606,-0.02670358040110746,-0.05340716080221492,0.005030249420016042,True
0xf5d81a135f756ca16544e53c20fc20643ec3ad53,65264,0.8581147340034322,0.4952860509963574,41617643.65897,-0.7355604340596714,-1.4711208681193428,-1.2692500780054905,-2.538500156010981,-1.3112158654703552,-2.6224317309407104,0.005017461681340834,True
0xa1d22621c9b077ce4ac468908114a82b2de4a8db,5802,1.0,0.44984488107549125,40358111.47738999,0.15863665150133974,0.3172733030026795,0.322252054067947,0.644504108135894,0.2158289410478336,0.4316578820956672,0.004865611314480114,True
0xabfae5ef417fec83a63dcdbff5a13f71d09045c5,3798,1.0,0.4597156398104265,39795548.93783,0.1542915457487596,0.3085830914975192,0.5000277665763198,1.0000555331526395,0.7412308498266202,1.4824616996532405,0.00479778825345509,True
0xce7164b7ba9bc64b5a8624c90def60accfdfb1b6,3457,1.0,0.4344807636679202,37771538.85588,0.12540798459602454,0.25081596919204907,0.34975374792767117,0.6995074958553423,0.2913651176358087,0.5827302352716174,0.004553771722580622,True
0x2df8f8d2468f23885609b868d3c6398a1b16f43d,3096,1.0,0.4731912144702842,36365744.43651,0.11671241403680585,0.2334248280736117,0.39207737546074173,0.7841547509214835,0.381779591900189,0.763559183800378,0.004384287844809193,True
0x7717a7a245d9f950e586822b8c9b46863ed7bd7e,3479,0.9979879275653923,0.4400921658986175,36073115.51182,-0.4532172918093611,-0.9064345836187222,-0.5541672105914583,-1.1083344211829167,-0.3358506280080461,-0.6717012560160922,0.004349008230506292,True
0xbb160cb61e694570f9d570f9fcde7c61dd2143ad,17898,0.16269974298804335,0.48969780219780223,35915136.43519,0.10994693717200185,0.2198938743440037,0.16829747033301273,0.33659494066602547,-0.024053534595428392,-0.048107069190856784,0.004329962126648516,False
0xd47c1e51b759cb3754bb045ae57bc05aadcf58c2,4949,1.0,0.486158819963629,35018932.33485,0.10151268502733944,0.20302537005467888,0.2754464489187573,0.5508928978375146,0.6241411313591612,1.2482822627183223,0.004221914929912347,True
0x4588595ee0047982cd5ca4a82ab69c3174fbc832,18490,0.1482422931314224,0.46041590660342946,35008141.88183,0.15557497313442611,0.31114994626885223,0.5050039836055984,1.0100079672111968,0.784496042612351,1.568992085224702,0.004220614022898106,False
0x95995f302ad58138d791ce49f9f3b1274e80c60a,114,1.0,0.2982456140350877,34682792.33374,0.07415433854990718,0.14830867709981435,-0.751391259368156,-1.502782518736312,-0.31057747836696714,-0.6211549567339343,0.004181389579920031,False
0xcd82f03d5df801a69af899a7f13263388e1f6274,1542,1.0,0.4364461738002594,33334312.38563,0.537404642401042,1.074809284802084,0.44188821193870853,0.8837764238774171,-0.43208675528065693,-0.8641735105613139,0.0040188155879097905,True
0xee162a5a60829bd346f0c1ac3514b21fe5f4b290,4962,0.7468762595727529,0.49919050188882896,33220331.8012,0.19672773147133701,0.39345546294267403,-0.304666863525736,-0.609333727051472,-0.5776722826268877,-1.1553445652537755,0.004005073983039494,True
0xfc667adba8d4837586078f4fdcdc29804337ca06,10766,0.9401820546163849,0.3136731871171705,31621008.33331,-0.233863254465508,-0.467726508931016,-0.4719284439494599,-0.9438568878989197,-0.49828588685785247,-0.9965717737157049,0.0038122580638595615,True
0xdfd50d93227ad4f896e1ed00c75aa422950a4a51,746,0.9329758713136729,0.45977011494252873,30059679.812739998,-0.0348874182317764,-0.0697748364635528,0.13193462082714627,0.26386924165429254,0.4058350515910949,0.8116701031821898,0.0036240228507336473,True
0xaf9f722a676230cc44045efe26fe9a85801ca4fa,99,0.9595959595959596,0.3368421052631579,29782248.60818,1.4479023322281441,2.8958046644562883,0.5893079544441575,1.178615908888315,-6.89088833768786,-13.78177667537572,0.0035905754876514274,True
0x551946bd7965303493ff47ecd8c7f2ba8d754d0d,4155,1.0,0.46835138387484954,28609115.737600002,0.1641180278061504,0.3282360556123008,0.18242290136007322,0.36484580272014644,0.31172890915215545,0.6234578183043109,0.0034491415017802005,True
0x4f965bea84add66023e7ef0458111a1a80e50bb7,4587,1.0,0.4650098103335514,28358337.03043,0.1534083493189418,0.3068166986378836,0.4249647807464658,0.8499295614929316,0.3716253288465591,0.7432506576931182,0.0034189073884788226,True
0x3bcae23e8c380dab4732e9a159c0456f12d866f3,9402,0.3780046798553499,0.03545301069217783,27313394.41304,-0.8944747002228307,-1.7889494004456614,-0.9970112663023064,-1.9940225326046128,-5.495132448134353,-10.990264896268705,0.003292928138309903,False
0x7dd6f02fef939cea86f0243358255f6b57a6cf0d,3713,1.0,0.4521949905736601,27219921.44296,0.08538041134699054,0.17076082269398107,0.03389959534440964,0.06779919068881927,0.4721860737272843,0.9443721474545685,0.0032816589504274596,True
0x33b84e11ee5d632d5ba65f52a8594be7d3b06e9a,1254,0.9800637958532695,0.4450772986167616,26880172.69321,-0.6777108072302409,-1.3554216144604818,-1.0289323022475496,-2.0578646044950992,-0.998893066146111,-1.997786132292222,0.0032406985263553323,True
0xec326a384ae965647d87e1f85db46d2efa15ae82,2729,0.17991938438988642,0.2403258655804481,26310228.734800003,-0.5263513918562209,-1.0527027837124419,-1.777702984494187,-3.555405968988374,5.894768663780035,11.78953732756007,0.0031719855546343224,False
0x1a2e6afa298b1cc50939b4b2b0b430e3c1ef3459,3078,1.0,0.4678362573099415,25899526.33484,0.07227567586510862,0.14455135173021724,-0.037018936533242994,-0.07403787306648599,-0.06742701714491356,-0.13485403428982712,0.003122470892749089,True
0xa289ee1e56c0d5d041db762e6123e78af0f7d9ad,3416,1.0,0.4757025761124122,25810603.090180002,0.0558231640155918,0.1116463280311836,-0.028870613322202934,-0.05774122664440587,0.7434744313683259,1.4869488627366518,0.003111750223978937,True
0x6e8bc7cd0978397b06a14af2a8c31f5daeffea79,3316,1.0,0.4870325693606755,24454212.903810002,0.021439245266943564,0.04287849053388713,0.07193721468867836,0.14387442937735673,-0.12619557501607628,-0.25239115003215257,0.0029482225663146526,True
0x362c5006ed0a405c35df4a138cb38d891f1a1a20,3342,1.0,0.47217235188509876,24414696.23008,0.09718188808291481,0.19436377616582962,0.16547101834147204,0.3309420366829441,0.3027925895362907,0.6055851790725814,0.0029434583995146518,True
0xa9b91ec3cd32ba4e5841b2bf6ec5d2c222e60243,2058,1.0,0.4970845481049563,23480590.923419997,-0.4680760556417375,-0.936152111283475,-0.8244283241876055,-1.648856648375211,-0.8575866718969953,-1.7151733437939907,0.0028308417982262813,True
0x2d46792b530edc6951935dd7c8c79141dbcf1d43,1975,1.0,0.4850632911392405,23323178.981909998,0.39883231206555214,0.7976646241311043,-0.015429189331186156,-0.030858378662372312,0.33995560762193444,0.6799112152438689,0.0028118640687040657,True
0x0b1ace05eb9ef1c3a1951b763700ecad24f27741,3433,1.0,0.43664433440139816,23187030.846699998,0.11017892437104358,0.22035784874208716,0.2423678289047045,0.484735657809409,0.09183981892044173,0.18367963784088345,0.0027954499233718622,True
0x424f58c01b5440ebc2382ac01b7a3597b12076ff,2535,1.0,0.4796844181459566,22666504.01509,0.1233506823329573,0.2467013646659146,0.21568820969617375,0.4313764193923475,-0.16057095220897435,-0.3211419044179487,0.0027326947262464717,True
0xffbd3e51ae0e2c4407434e157965c064f2a11628,2108,0.1461100569259962,0.0,22248023.82293,0.021509960623185578,0.043019921246371155,-1.0703558484998044,-2.1407116969996087,0.6430607263222442,1.2861214526444884,0.0026822423665269087,False
0x34dff2fd9ab1bfed2e8f308c3eec99e54beb6609,651,0.685099846390169,0.3721973094170404,21708655.34488,0.4282665394140865,0.856533078828173,0.0666038760919475,0.133207752183895,4.840671374992837,9.681342749985674,0.002617215603048537,False
0x1be5a1135a64783e0494180c0a229b02f3f57973,2135,1.0,0.4964871194379391,21470391.96133,0.1927000405964582,0.3854000811929164,0.18336207993777107,0.36672415987554213,0.5506037827084281,1.1012075654168563,0.0025884903487591567,True
0xe29d84a6f37858d7f8017be454ee35726511e525,3706,1.0,0.49325418240690777,21408932.696730003,0.18512951790667276,0.3702590358133455,0.43798845500324274,0.8759769100064855,0.5197765116176924,1.039553023235385,0.0025810807628724405,True
0xf5d889840ff183c72b0b57aac895303eee76f226,2435,1.0,0.4845995893223819,21255688.445580002,-0.014955425335954032,-0.029910850671908063,-0.2818967080257009,-0.5637934160514018,-0.2191139130264588,-0.4382278260529176,0.0025626054939616987,True
0xb317d2bc2d3d2df5fa441b5bae0ab9d8b07283ae,1089,0.5059687786960514,0.0,20530088.8283,-0.21126524184617645,-0.4225304836923529,-0.9439323785519208,-1.8878647571038416,-1.6084860957480822,-3.2169721914961644,0.002475126531780876,False
0x9266865bb6afb4c4f618544dd3b8c970f17aa664,3027,1.0,0.48761149653121905,19831494.93624,-0.6846275376960059,-1.3692550753920119,-1.1199086191600953,-2.2398172383201906,-1.3303341968114146,-2.6606683936228293,0.0023909034048553725,True
0x469e9a7f624b04c24f0e64edf8d8a277e6bf58a5,231,0.7489177489177489,0.08670520231213874,19701206.783749998,-1.2099802713496435,-2.419960542699287,-1.3308057677009761,-2.6616115354019523,3.506129488797246,7.012258977594492,0.0023751957444695985,False
0x49dfb8ddbd3ba96c0699a3f120e71f2516c345d8,1937,1.0,0.46257098606091895,19618951.411510002,0.04511420827169891,0.09022841654339782,-0.04340674072569513,-0.08681348145139026,-0.07410030650955195,-0.1482006130191039,0.0023652789605766774,True
0xfeee942a06d2f8012823ccde7bf7bcbcaa29a09f,3045,1.0,0.44269293924466335,19357791.24593,0.7124608866995015,1.424921773399003,0.5333712988157931,1.0667425976315863,0.3656156645130716,0.7312313290261432,0.002333793249030203,True
0x7d65ea6c187d6219ab6a1335cd2fe09f12e818fa,1994,1.0,0.4794383149448345,19330745.67626,0.050987526223858125,0.10197505244771625,-0.037915246417070496,-0.07583049283414099,0.3344317672012729,0.6688635344025458,0.002330532610091073,True
0x3e56cd2e45607df5ee53d4daec678ae048a0e96f,836,0.1471291866028708,0.0,19180131.81482,-0.4764664651362415,-0.952932930272483,-3.5238713866793043,-7.047742773358609,-5.639778929769952,-11.279557859539905,0.0023123744634010192,False
0xd13d96f7b6bb6dd3ad865e23f1265e5885f1069c,3084,1.0,0.47373540856031127,19135783.82517,0.2189597992221808,0.4379195984443616,-0.04001135593146166,-0.08002271186292333,0.007984659769238794,0.015969319538477588,0.0023070278286771327,True
0x78dce96236804d6958bf3c4598cf5efbc371629c,2022,1.0,0.4540059347181009,18546651.27228,0.3588963343786716,0.7177926687573432,0.33181707177589764,0.6636341435517953,0.17198891614990244,0.3439778322998049,0.0022360014622259663,True
0x35c3bbd9db12d846ded8430cfb80cf3378fa8c90,2123,0.9778615167216204,0.41907514450867056,18496739.69345,0.19616357103788845,0.3923271420757769,0.42630464733988405,0.8526092946797681,0.5374503451478821,1.0749006902957643,0.0022299840760354635,True
0xb756c89e73c8711a881c009e10f79b1566f80cdb,1773,1.0,0.49802594472645234,17661782.18773,0.5709962661511625,1.141992532302325,0.3784324785334741,0.7568649570669482,0.23253619400097214,0.4650723880019443,0.002129320825496168,True
0x9fb98b1e71c168301713bb083e79720716a8f8cb,4416,1.0,0.4907155797101449,16046318.03263,-0.05899907231531434,-0.11799814463062867,-0.04195506771067663,-0.08391013542135325,-0.18671368908754804,-0.3734273781750961,0.0019345589701106607,True
0x42885bfee595c7bf079609433fa3f2bc24e72096,2703,1.0,0.48908620051794305,15928909.49065,-0.05222249835896115,-0.1044449967179223,-0.1367642376788486,-0.2735284753576972,-0.09142812931886964,-0.18285625863773927,0.0019204040875018809,True
0x74da055d4ccf9dca3f15789c603e1a88a1d2d81f,1368,0.1783625730994152,0.21721311475409832,15741802.96736,-0.45256183356858665,-0.9051236671371733,-1.2874124624998002,-2.5748249249996005,-2.0218268503520767,-4.043653700704153,0.0018978463516860487,False
0xd064091d94a9b308e4d5d998d4baae98aab8d887,1307,0.3634276970160673,0.3726315789473684,15693480.332110003,-0.7204100134048462,-1.4408200268096925,-1.0928630887817208,-2.1857261775634416,-0.7158957925978489,-1.4317915851956977,0.0018920205300058247,False
0xa3652867632777bd42f12561d28bfd2064a11721,2661,1.0,0.4682450206689215,15573502.279539999,0.7106535835258945,1.421307167051789,0.17420256871947212,0.34840513743894425,0.1518591900786003,0.3037183801572006,0.001877555864819473,True
0x839fb7089af2091b9bd9487a977c41daf56394c0,4047,1.0,0.47220163083765754,15373002.25133,-0.07211161513495677,-0.14422323026991354,-0.002453913827564133,-0.004907827655128266,-0.060787129940441,-0.121574259880882,0.0018533833956404162,True
0xf6fb1452dffd2535ad6b506bb9d763864e048fb0,2595,1.0,0.49094412331406556,15250651.6466,-0.07389750364624138,-0.14779500729248277,-0.10337924510291113,-0.20675849020582227,-0.5238221221649599,-1.0476442443299199,0.001838632693367311,True
0x6991342b28fee2bd54b37168c4daaf0a0af01524,4164,1.0,0.4707012487992315,15220391.79259,-0.06700114038930162,-0.13400228077860324,0.013731360818188787,0.027462721636377575,-0.4364505351344828,-0.8729010702689656,0.0018349845373298794,True
0x21b5eb0ca859383f7d8b6906cddb115e92e80913,2545,1.0,0.47897838899803535,15086524.64133,-0.050203842238029074,-0.10040768447605815,-0.0632062475808738,-0.1264124951617476,-0.4339166843730918,-0.8678333687461836,0.0018188453895361877,True
0xa71dd43955d5d54bb5a64ece2921660c27bc7538,3914,1.0,0.46116504854368934,14941210.26314,-0.13141628372242423,-0.26283256744484845,-0.09923565808552524,-0.1984713161710505,0.07642021350258864,0.15284042700517728,0.0018013261534571157,True
0x4f92f03b4c6abb60f773358f58f6a1cb80e6bbc3,3123,0.06564201088696765,0.1121951219512195,14864257.885800004,-0.3018724028245959,-0.6037448056491918,-0.3265066386977551,-0.6530132773955102,-2.000625201157786,-4.001250402315572,0.0017920487035429542,False
0x7a6d5fc57f6906f337c48fe2763c3a501304f79c,577,1.0,0.3102253032928943,14736445.07848,-1.0318481200585803,-2.0636962401171606,-1.3001473296064892,-2.6002946592129783,0.4331658427640726,0.8663316855281452,0.0017766394730644648,True
0x5769dcf760b33a20107b611a53e837d35e94fa0e,2570,0.0840466926070039,0.4537037037037037,14729086.58178,-0.2540949857943393,-0.5081899715886786,-1.098712584608297,-2.197425169216594,0.09283215059151553,0.18566430118303107,0.0017757523258841229,False
0x27e7ef6f7855521a6c0ae085eec8f5e43aac14ad,4500,1.0,0.4848888888888889,14254710.799540002,-0.11488200117240126,-0.22976400234480251,-0.1214775128273416,-0.2429550256546832,0.28334937073639743,0.5666987414727949,0.0017185611420331298,True
0xee8f56565a7447c918b81efe3ef3facbdf9db3f2,4094,1.0,0.4699560332193454,14098922.623,-0.08140260219335199,-0.16280520438670398,0.042542819590043246,0.08508563918008649,0.3543585482916012,0.7087170965832024,0.001699779175120235,True
0x49ba9baa20d355ba042af2be9772d2b2cd892f44,1520,0.8986842105263158,0.49633967789165445,14056382.74707,-0.12089367392816962,-0.24178734785633924,-0.3057694394399506,-0.6115388788799012,-0.07637898149289662,-0.15275796298579325,0.0016946505282617824,True
0x33ad48ed92e3e91a98278f0f7456eae6eafa516e,2008,1.0,0.45617529880478086,13836415.63876,-0.016600234037575698,-0.033200468075151396,-0.3267805999630309,-0.6535611999260618,-0.044001624859198646,-0.08800324971839729,0.0016681310898681845,True
0x4e634f39c09639cc21d7911fe013fe45e7c14a16,804,0.2064676616915423,0.0,13385189.349399999,-0.3382347124732048,-0.6764694249464096,-9.994899157639429,-19.989798315278858,-8.453584488451494,-16.907168976902987,0.0016137308303285156,False
0x95276ba037c30f90c6dfdc83f72af9fd6cecc293,1330,1.0,0.4804511278195489,13280475.393260002,0.9717933692684423,1.9435867385368846,0.2907058762087577,0.5814117524175154,0.0977283926706514,0.1954567853413028,0.0016011064187510765,True
0x1ec15e24896f4feb55dd70d22dc3620ae3cc990c,4254,1.0,0.49647390691114246,13193397.19205,0.846563505120936,1.693127010241872,0.20396494979006788,0.40792989958013576,0.236982444905182,0.473964889810364,0.0015906081901288249,True
0xd86a972c48d8895cd17b0c097264250a9d8bf00e,1581,0.9930423782416192,0.4477707006369427,13003322.59701,0.1426106513130233,0.2852213026260466,0.27445807818248663,0.5489161563649733,0.588341846220482,1.176683692440964,0.0015676926208326755,True
0xe52ec3a0f90c66510ff7892354b1a1337afaac63,2554,1.0,0.43226311667971806,12766995.45412,0.06553082918512028,0.13106165837024056,-0.13003109092232523,-0.26006218184465046,-0.25935548513243334,-0.5187109702648667,0.0015392008015113344,True
0x0291639ea7178930475da17b579e1ac2de8faed8,4180,1.0,0.49521531100478466,12384941.107490001,0.5011041666617282,1.0022083333234564,-0.25718606151623674,-0.5143721230324735,0.2002283014957484,0.4004566029914968,0.0014931399754800998,True
0xadcbc1f36213b15399e0497508c50a1cda7bf08f,4233,1.0,0.4901960784313726,11636273.354290001,-0.0774144599123334,-0.1548289198246668,-0.1802456389713617,-0.3604912779427234,-0.5307537653711446,-1.0615075307422892,0.0014028798974584334,True
0xcc251708d146412bd16258775999b182c74ffc3f,1488,1.0,0.48118279569892475,11578877.76015,0.23796757348580494,0.4759351469716099,0.48265807890135376,0.9653161578027075,0.010881002383085184,0.021762004766170368,0.0013959602314476652,True
0x847bd1ef4fede0fe191129894d63044843f4d473,3518,0.9997157475838545,0.4540801819732727,11398430.14621,-0.030006237648569155,-0.06001247529713831,0.09190410895872429,0.18380821791744859,0.19451484066454403,0.38902968132908805,0.0013742052999130396,True
0x6a572bb9d31ff710f882f33c21d8ba11a169a887,1202,0.33111480865224624,0.0,10816703.551399998,-0.2975766245938676,-0.5951532491877352,-1.0383694247248385,-2.076738849449677,-0.9307895911454614,-1.861579182290923,0.0013040718026301637,False
0xd72cfd2424e26ba32e46b7b2aff95eff34247a71,2819,1.0,0.4913089748137638,10601876.123440001,0.05203141433165873,0.10406282866331747,0.021918380534456938,0.043836761068913876,0.17430821688022038,0.34861643376044077,0.0012781720088618548,True
0xff4cd3826ecee12acd4329aada4a2d3419fc463c,5362,0.9998135024244685,0.4743518000373065,9854909.00008,-0.1720241513761653,-0.3440483027523306,-0.32303817803261337,-0.6460763560652267,-0.2785381733898481,-0.5570763467796962,0.0011881169603494576,True
0x07fd7e702ba749ffa49c3a6c17fcd9e6c7b7082a,86,0.9069767441860465,0.34615384615384615,9792260.425809996,0.7934379610938433,1.5868759221876867,0.9350277110594422,1.8700554221188843,1.3902358500258825,2.780471700051765,0.0011805639901869428,True
0x61ceef212ff4a86933c69fb6aca2fe35d8f2a62b,5840,0.03818493150684932,0.1210762331838565,9655565.1929,-0.8596204637641334,-1.7192409275282667,-2.5347317661441697,-5.0694635322883395,0.362468876283763,0.724937752567526,0.0011640838862491015,False
0x5f6eb0dceaae65eca27c926bdccb0a7fb13bc25e,777,0.44272844272844275,0.4738372093023256,9128501.75,-1.0732697246036684,-2.146539449207337,-0.9053156242120484,-1.8106312484240967,-1.1278375055062906,-2.255675011012581,0.001100540629209936,False
0x6bd572af5cf71fdde43020f1a1c04bd643e12c07,703,1.0,0.38264580369843526,8832643.70153,0.18429299409451097,0.36858598818902194,0.4177997816070011,0.8355995632140022,0.7007346046639328,1.4014692093278656,0.0010648717087520967,True
0xbf23af8a3dd05bb4f1b6bf19f006497027557bc5,1016,0.11023622047244094,0.0,8665800.23,0.06038990243456672,0.12077980486913344,-0.4130049491684082,-0.8260098983368164,-4.577722200941294,-9.155444401882589,0.0010447569052316617,False
0x4ef1c5ae65ab5b37629b7aa523e7e95e7da528e3,1916,0.12265135699373696,0.4297872340425532,8624112.11403,2.079947395516793,4.159894791033586,3.4053092941412566,6.810618588282513,8.085990868870534,16.171981737741067,0.0010397309473432054,False
0xa38f19c4ccbcfd64cff676d72c436f7e6239dccf,845,0.9100591715976332,0.4187256176853056,8595923.4902,-0.16196498549937172,-0.32392997099874343,-0.5121950591087321,-1.0243901182174642,-0.7448460613539581,-1.4896921227079163,0.0010363325007354221,True
0x880ac484a1743862989a441d6d867238c7aa311c,550,0.9218181818181819,0.465483234714004,8455943.780499998,-0.2358363758518536,-0.4716727517037072,-0.799606178451048,-1.599212356902096,0.17943461915756023,0.35886923831512046,0.001019456417232468,True
0x80b196bdb41b8c78c2083cb86f836e1509778a50,898,0.22828507795100222,0.2731707317073171,8358285.0,-0.09361751953521506,-0.18723503907043013,-0.8791651528997736,-1.7583303057995472,-1.1803910561221673,-2.3607821122443347,0.0010076825841673273,False
0x6e6f2ca77afaee5a22dc3cf0f903f39a548a82a6,1173,1.0,0.48934356351236147,7928413.80209,-0.12421030829782022,-0.24842061659564044,-0.5674158133326807,-1.1348316266653613,-0.0359222451848366,-0.0718444903696732,0.0009558569142399376,True
0x6b88a88bb58477625e26f6603a26a19f0fb2c313,5994,0.29179179179179177,0.433390508862207,7915038.78959,-0.7482690521242255,-1.496538104248451,-1.3377017344416364,-2.675403468883273,-3.1464805932592035,-6.292961186518407,0.0009542444103400024,False
0xa70ac79d24b8ea7dc8899d6c2df26488130b4be9,1330,1.0,0.4977443609022556,7727695.60679,-0.09646587874932798,-0.19293175749865596,-0.35302938312330456,-0.7060587662466091,0.5335639993871356,1.0671279987742712,0.0009316581426343621,True
0xf517639a8872e756ac98d3c65507d2ebc25cc032,77,1.0,0.36363636363636365,7723446.97343,-0.42685617058977743,-0.8537123411795549,-1.3395291682349182,-2.6790583364698364,-1.3825825566811591,-2.7651651133623183,0.0009311459234598086,True
0xbd016cf8f91733bf72f30be1cf9096d924e4a508,642,0.4236760124610592,0.26838235294117646,7687684.90693,-1.1461378818532189,-2.2922757637064377,-0.148181043443809,-0.296362086887618,-9.108048010691832,-18.216096021383663,0.000926834415586377,False
0x0a97692d91fa9195a52da81cca2051c032c5347d,1237,1.0,0.49232012934519,7560769.81106,-0.11062077191488504,-0.22124154382977007,-0.4457853691598864,-0.8915707383197728,-0.5962566186697122,-1.1925132373394245,0.0009115334140320959,True
0x936cf4fb95c30ce83f658b5bbb247e4bb381bb0f,1382,0.4153400868306802,0.04529616724738672,7295688.87957,-0.31510858796356633,-0.6302171759271327,-0.804342131940098,-1.608684263880196,-3.1420773550268333,-6.2841547100536665,0.0008795750113146334,False
0x2025137a136bea7446deba681cbfc7cf1970840e,1505,0.9043189368770764,0.4004408523144747,7049836.83334,-1.2635826885944879,-2.5271653771889757,-1.4959529905094806,-2.991905981018961,0.5674499179173026,1.1348998358346052,0.0008499348608210966,True
0xf58b673c1633ccef0ac58263cdc95ed80f817fc7,890,1.0,0.27752808988764044,6946141.5973499995,0.20731274675003977,0.41462549350007954,0.8182597252409605,1.636519450481921,0.7677678015896929,1.5355356031793859,0.0008374332670888603,False
0x279818c822e5c6135d989df50d0bba96e9564ce5,601,0.11148086522462562,0.23880597014925375,6733056.180380001,-0.318424581907676,-0.636849163815352,-1.3606889860500322,-2.7213779721000644,3.4563332497565415,6.912666499513083,0.0008117434917796071,False
0x41a914768eda813d6d4b2ef5a3cdcb872a496a32,1395,1.0,0.46021505376344085,6659520.50758,0.33176089870553077,0.6635217974110615,-0.2156247439878524,-0.4312494879757048,-1.3312193338913012,-2.6624386677826024,0.0008028779629306162,True
0xac7476e14f768e3e67c195e79c2490dd20c70127,10744,0.1233246463142219,0.4664150943396227,6571324.729979999,-0.07962784198069224,-0.15925568396138448,-0.7996973343930542,-1.5993946687861085,-1.5937203138289981,-3.1874406276579963,0.0007922449982632694,False
0xa775d1bd91ee2cc4cae6113e5fd9c0c17b355277,18776,0.2200149126544525,0.4737351730815783,6388421.39215,-0.07261976634687115,-0.1452395326937423,0.0031140084615348916,0.006228016923069783,-0.03417011289933542,-0.06834022579867084,0.0007701940023810563,False
0xb2b1d1a7a034d9209a627e754ebb8d24988ca23a,1593,1.0,0.4620213433772756,6320414.10774,0.060859816661610056,0.12171963332322011,-0.322033108939245,-0.64406621787849,-0.6369156274324019,-1.2738312548648039,0.0007619949811588233,True
0x76bf72092bbfe1c935b6d834f70dd9e75b057fd6,156,0.7307692307692307,0.4298245614035088,6274321.086289999,0.7066424972222672,1.4132849944445345,-1.4051410063438783,-2.8102820126877566,-3.5043771647084268,-7.0087543294168535,0.0007564379637842283,True
0xd47587702a91731dc1089b5db0932cf820151a91,2004,0.7290419161676647,0.0,6249182.20692,-0.3089538444108599,-0.6179076888217198,-0.6276987857144026,-1.2553975714288053,-0.9511379435708315,-1.902275887141663,0.0007534071971943559,False
0x99c641913b895b0180d6c8ece787a36dd8f99344,1245,1.0,0.47309236947791167,6149204.56043,0.6456121349262915,1.291224269852583,-0.07468900792618732,-0.14937801585237465,-0.42911340978037726,-0.8582268195607545,0.0007413537994968605,True
0x6ba889db7f923622d3548f621ecc2054b80c1817,2055,0.9688564476885645,0.47162230035158215,6013833.2630199995,-0.1141746469290219,-0.2283492938580438,-0.16836532597532447,-0.33673065195064894,-0.053170272946031334,-0.10634054589206267,0.0007250333104496225,True
0x73939b2be96e2e321f4c217e6d98d77696cf8f4d,2543,0.9618560755013763,0.45666394112837283,5927120.275,0.24742545885328596,0.4948509177065719,-0.3610429298196609,-0.7220858596393218,-0.0657537312408282,-0.1315074624816564,0.0007145791122679545,True
0xae7a0f9f663bb54bfe95378c7e3de7dd6e28d6bc,1311,1.0,0.46681922196796344,5863849.026769999,-0.29632874867361003,-0.5926574973472201,-0.7143612273788333,-1.4287224547576667,-0.16390392639396817,-0.32780785278793634,0.000706951071955869,True
0x4b89f77b9834cca1abbdd6dd5d9dcde16b2e47cc,997,0.06018054162487462,0.43333333333333335,5775523.15555,0.042929729970451774,0.08585945994090355,-0.5856178766705324,-1.171235753341065,-0.8166475170333923,-1.6332950340667847,0.0006963024230811538,False
0x7e698eea0709e4a0dbbd790fc493d60691801157,692,1.0,0.30346820809248554,5771730.40589,-0.336483895195717,-0.672967790391434,-1.1717786103449728,-2.3435572206899455,-1.4224169621760374,-2.844833924352075,0.0006958451656678819,True
0xc06dd151c27dbe535ae95797e8aab1bb8b8cc7c0,258,0.3333333333333333,0.5,5592262.042129999,0.8670288121187728,1.7340576242375456,0.6445629775241775,1.289125955048355,-0.35839375853621624,-0.7167875170724325,0.0006742082934423046,False
0x1d02bedb2ed9315444a3509af8bb2f8beea8c434,1021,0.188050930460333,0.21875,5436312.080209999,-0.43972004580022217,-0.8794400916004443,-2.2797292125081676,-4.559458425016335,-2.436575097241389,-4.873150194482778,0.0006554068215340912,False
0x4b1e684d5143eb7435e5d78385fa8cbdccd8f7ec,244,0.7868852459016393,0.171875,5351987.832559999,-1.2729968790058508,-2.5459937580117016,-3.9929402918475403,-7.985880583695081,0.3171480048696859,0.6342960097393718,0.0006452406121047743,False
0x7258d00a24d6829ac4bf355127bfbc9e2303aed4,1452,0.5068870523415978,0.11548913043478261,5299556.7028,-0.5509844353719783,-1.1019688707439566,-0.8242409409954333,-1.6484818819908666,0.03968016541183911,0.07936033082367822,0.0006389194665196012,False
0xd0f9337179d095d744be87b33d569e5c1aa8ce0b,2091,0.9799139167862266,0.4577842850170815,5282134.0044599995,0.23376694575372464,0.4675338915074493,-0.3934388822081671,-0.7868777644163342,0.07804391835413996,0.15608783670827991,0.0006368189698643161,True
0x187a98383ee5c5331c4cc790ce24bb06d9b0517a,773,0.33376455368693403,0.2364341085271318,5181550.0,-0.5068635203157299,-1.0137270406314598,-1.0198990906861893,-2.0397981813723787,-0.955040517369911,-1.910081034739822,0.0006246924690881221,False
0x8a92d021430fe44f24e8208ad8e36c1015184f4a,285,0.7578947368421053,0.35648148148148145,5063813.60861,-1.213153483115896,-2.426306966231792,-2.519271266990156,-5.038542533980312,0.7684340874695358,1.5368681749390716,0.0006104980606506962,True
0xc1914d36f97dc5557e4df26cbdab98e9c988ef37,339,1.0,0.41002949852507375,4858002.4178100005,0.7266550588364101,1.4533101176728203,0.04415493179770732,0.08830986359541464,-0.025976753423054208,-0.051953506846108416,0.000585685272788605,True
0x32af4c34c603cb9e1480aa79d0369a46e07cfa5c,574,0.2787456445993031,0.0,4767261.067989999,-0.3099431704132598,-0.6198863408265196,-0.8752645631303378,-1.7505291262606757,0.6417797753810273,1.2835595507620545,0.0005747454115757546,False
0x010461c14e146ac35fe42271bdc1134ee31c703a,6965,0.539124192390524,0.3467376830892144,4526167.33876,-0.37098310405999885,-0.7419662081199977,-0.8713218704282345,-1.742643740856469,-0.7796938004285694,-1.5593876008571388,0.0005456789281886692,False
0xe507c062c8dcab0bcb76071c673a45206a919091,239,0.9121338912133892,0.3256880733944954,4509720.521,-0.5738117088044608,-1.1476234176089215,-0.8609002791557219,-1.7218005583114437,0.582259690921205,1.16451938184241,0.0005436960846003343,True
0xcefd7652228a8619d0af5b95389cd49387cd30e0,251,0.16733067729083664,0.0,4497880.17404,-0.14845208088707512,-0.29690416177415024,-0.29423575653432377,-0.5884715130686475,-3.7820117225435026,-7.564023445087005,0.0005422686013998823,False
0x44209662afaa054f3afccd1aa9a8e2f91f1b4c4b,92,1.0,0.2934782608695652,4383151.758369999,-0.37958833087097094,-0.7591766617419419,-1.7698093830219537,-3.5396187660439073,-1.0270150624264789,-2.0540301248529578,0.0005284368373023707,False
0x13d92e015d4a8a99ab8490fef42fe83e754116e1,125,0.528,0.0,4379380.000000001,-1.0605098630239937,-2.1210197260479875,-0.3766597890161188,-0.7533195780322376,0.5581072553119323,1.1162145106238646,0.0005279821106184715,False
0xeaf35054804ab7ed6b8cb070296dd6bb38abb4b1,966,1.0,0.33229813664596275,4240248.333040001,0.17946195744013024,0.3589239148802605,0.5582787674220417,1.1165575348440835,0.7426369732738499,1.4852739465476998,0.000511208267934026,True
0x47a127f496d001f187ac65fc24852274dc51d080,125,0.912,0.05263157894736842,4134377.3961099996,-0.6242739316845631,-1.2485478633691263,-1.0429273941016795,-2.085854788203359,-3.5226315322954065,-7.045263064590813,0.0004984443696805158,False
0xbe4e91ae63090eeb4165dfcfc35db3a4eb76e75e,45,1.0,0.2666666666666667,4029964.8636999996,-0.5245492091439439,-1.0490984182878877,0.30114589409083825,0.6022917881816765,-4.335539393232607,-8.671078786465214,0.0004858562980272564,False
0x31ca8395cf837de08b24da3f660e77761dfb974b,7327,0.4510713798280333,0.32950075642965204,4014965.37011,-0.11187367138104291,-0.22374734276208583,-0.6536377467625641,-1.3072754935251283,-0.6720201418454044,-1.3440402836908087,0.0004840479451819093,False
0x6688bf37c797c6176b17a92dd5e5a7e4a5ce09a4,61,0.819672131147541,0.18,3966740.0000000005,-0.7167514875875424,-1.4335029751750847,-1.8830604502520072,-3.7661209005040144,-2.038710241222373,-4.077420482444746,0.00047823384987708657,False
0xc6d7fdfbcb55d6cad6570c5838de394d2aa24015,619,1.0,0.4491114701130856,3937002.85608,0.07219151410803734,0.14438302821607468,0.4396883773524855,0.879376754704971,0.39470150585010083,0.7894030117002017,0.00047464871225243486,True
0xd8592afc09c864df215d8012122aed08e4ae453f,3934,0.14387391967463142,0.45936395759717313,3876563.0721299998,-0.5876878253469722,-1.1753756506939443,-0.5318401333964295,-1.063680266792859,-0.4234187842663807,-0.8468375685327614,0.0004673620358975067,False
0x2cd991f48ba31536a96b772536a1daaaedf150ae,80,0.975,0.2948717948717949,3784296.81915,-0.15778376854399992,-0.31556753708799984,2.771488123104354,5.542976246208708,-6.676565671463556,-13.353131342927112,0.0004562383309467515,False
0x859801b3305919287e2cf4ea307f78da1b6074bb,244,1.0,0.39344262295081966,3631529.4378899997,-0.1986308832456226,-0.3972617664912452,-1.1897977031239755,-2.379595406247951,1.3104271824814548,2.6208543649629097,0.00043782055391180326,True
0x4911505cbb6cc71f71b59ef1ec0ee99f6c57a8a0,1309,0.03208556149732621,0.0,3580000.0000000005,-3.3297663634742274,-6.659532726948455,-5.431038582723976,-10.862077165447952,1.8252184769038702,3.6504369538077404,0.0004316081171339614,False
0x4cd4d7d6e1c022fb9ff9decb149be49f469653f5,1323,0.9780801209372638,0.4845440494590417,3577541.04814,0.4726840144118613,0.9453680288237226,-0.3318721875453404,-0.6637443750906808,-0.3723387728385873,-0.7446775456771746,0.0004313116636193195,True
0x51f63885534cb494f4592a0311551f369bff2b39,1431,1.0,0.04402515723270439,3558561.2937200004,-0.23006574759836693,-0.46013149519673385,-0.691168863260379,-1.382337726520758,-1.1919565442753963,-2.3839130885507926,0.0004290234468403025,False
0x8691c78b2dbc749b83e8732b69ca587381d41272,1131,0.0592396109637489,0.44776119402985076,3521940.8928400003,-0.23058109181646383,-0.46116218363292766,1.6183208415588575,3.236641683117715,6.998011179550214,13.996022359100428,0.00042460845737870813,False
0x94d3735543ecb3d339064151118644501c933814,17057,0.00656621914756405,0.0,3321706.50447,-0.20391901945851526,-0.4078380389170305,-0.9606509054004491,-1.9213018108008981,4.9561043089071015,9.912208617814203,0.00040046801398489637,False
0xf4b73facb067c1f1c0aa3314d2191a942a96e2bb,772,0.36528497409326427,0.33333333333333337,3299006.58557,-1.1332034500145753,-2.2664069000291507,1.651081121899598,3.302162243799196,5.012723880801604,10.025447761603209,0.0003977312907291638,False
0x8d0e342e0524392d035fb37461c6f5813ff59244,877,0.07981755986316989,0.0,3203841.9788,-0.1085243510228152,-0.2170487020456304,-0.6188253960947759,-1.2376507921895519,-0.3781025758043501,-0.7562051516087002,0.00038625815755994773,False
0x634fe24f2f7396f5d967ec3936df04f49a3e6951,175,0.12571428571428572,0.0,3193672.8421,0.14027577177651473,0.28055154355302947,1.1429877700308602,2.2859755400617203,0.8364592317044024,1.6729184634088048,0.0003850321570169408,False
0xd4c1f7e8d876c4749228d515473d36f919583d1d,14846,0.05563788225784723,0.048426150121065326,3134336.44953,-0.25391179898261707,-0.5078235979652341,-0.5282868249227001,-1.0565736498454001,-0.66700912384941,-1.33401824769882,0.00037787850654915885,False
0x2ca4927174ba283d8a57f60ef3589844035a2930,332,1.0,0.2349397590361446,3066106.0005400004,0.13565932000075948,0.27131864000151895,0.5958886501006031,1.1917773002012062,0.34214786023320065,0.6842957204664013,0.0003696525803983827,False
0xda744273f80b22412417f7cfe0503f3d721f987d,152,0.5986842105263158,0.0,3060411.99105,-0.5689345958993781,-1.1378691917987562,-2.5105921295499583,-5.0211842590999165,-5.569897917222251,-11.139795834444502,0.00036896610533834864,False
0xafccdc2f3cda6b5488a41a037614899793a468a4,315,0.25396825396825395,0.42500000000000004,3038649.4984299997,-0.22049135554528726,-0.4409827110905745,-1.4058239933031407,-2.8116479866062813,0.21738360167325377,0.43476720334650754,0.0003663423990635274,False
0x5986347c1d0133d02d307f08bb1efd44c2eb89d9,549,0.14207650273224043,0.46153846153846156,3014348.9388199993,-0.5973764690720131,-1.1947529381440263,-0.9412866615429721,-1.8825733230859443,-3.673269188210751,-7.346538376421502,0.00036341270108068555,False
0xeb2c29a8917422b3ff466f74539b206318c40118,144,0.6736111111111112,0.4742268041237113,2926932.23706,-0.4635031848502112,-0.9270063697004224,-3.0423494848572896,-6.084698969714579,-3.99650254045554,-7.99300508091108,0.0003528736625184805,False
0x8554501f855388039f2bc86110462adfbbde46dc,128,1.0,0.0,2881345.0,-0.6473417253921345,-1.294683450784269,-1.5806149124801085,-3.161229824960217,-2.5272078881563993,-5.054415776312799,0.00034737762297859043,False
0x6d6708c18bd7e830fe66a0e844e1a1bed4c9fa3d,1383,0.011569052783803326,0.0,2869478.3006,-0.2784894730979169,-0.5569789461958338,-0.362036315027292,-0.724072630054584,17.20368720062382,34.40737440124764,0.00034594696270355454,False
0xa9fd00909e2a6a5f0f2fcf1b3fd1974a935bd70d,319,0.9498432601880877,0.39603960396039606,2823036.6,-0.8754428445136124,-1.7508856890272249,-0.2862270743368133,-0.5724541486736267,0.9949739693921354,1.989947938784271,0.00034034790824755866,True
0xc73c3b77f4adcf47300347788b075cb3b2f761e8,165,0.9939393939393939,0.4207317073170732,2796861.6104500005,-0.3152443331227716,-0.6304886662455432,-0.8118732945200954,-1.6237465890401908,-2.735160561540006,-5.470321123080012,0.0003371922272543529,True
0xf0480a7892bc260658e82359f3c9374bc0a75444,246285,1.0,0.3839941531152933,2790081.445259999,-0.7457400232496619,-1.4914800464993239,-1.32774894736689,-2.65549789473378,-1.3099808024593587,-2.6199616049187173,0.0003363748042567234,True
0x56cf6a15408d6e928122427e8d2b55206a95ea80,3660,0.2587431693989071,0.47624076029567053,2757851.91887,-0.2189400025489514,-0.4378800050979028,-0.6391738521949671,-1.2783477043899343,0.6657121481454372,1.3314242962908744,0.00033248918269211257,False
0x8973af30506940bbf09ad792d9229dbd1d302ef4,4222,0.3432022738038844,0.035886818495514144,2747515.6291600005,-0.7291071908357066,-1.4582143816714133,-1.0089874739492612,-2.0179749478985225,-0.440775513069741,-0.881551026139482,0.0003312430300273405,False
0x8a0cd16a004e21e04936a0a01c6f5a49ff937914,565,0.13274336283185842,0.4933333333333333,2720080.4258399997,-0.22890475004769983,-0.45780950009539967,-0.3404340841209868,-0.6808681682419736,-2.832055736565243,-5.664111473130486,0.00032793541649434244,False
0x6859da14835424957a1e6b397d8026b1d9ff7e1e,154,0.525974025974026,0.43209876543209874,2702392.52676,-0.44587468909989936,-0.8917493781997987,-1.189803904622439,-2.379607809244878,0.06714020937270392,0.13428041874540783,0.000325802946992115,False
0x8eff8ff863c1a54ec6697b7ad98fe30aa344bd5e,925,0.07243243243243243,0.0,2697940.839,-0.35363865865818966,-0.7072773173163793,-3.3656502980303666,-6.731300596060733,1.5070074725789238,3.0140149451578475,0.0003252662473909525,False
0x1a6f24091a055890ecb411129977668ab55473b4,400,0.195,0.42307692307692313,2685996.827659999,-0.16831775348522895,-0.3366355069704579,-0.41442033224049296,-0.8288406644809859,-0.5926923286351027,-1.1853846572702054,0.0003238262663167948,False
0xbc927e87d072dfac3693846a83fa6922cc6c5f2a,5894,1.0,0.3243976925687139,2666985.02889,-0.6219755790831143,-1.2439511581662286,-1.1812340471625011,-2.3624680943250023,-1.3402092668087549,-2.6804185336175097,0.0003215341862412504,True
0xb568c358a5c7424875d907610af2eb936823a27a,500,0.068,0.0,2657000.0,-5.78139313738604,-11.56278627477208,-16.147438930858684,-32.29487786171737,4.416112804015612,8.832225608031225,0.0003203303819064065,False
0x0c4926daf1250b8da7b9fc339f304d923b94d346,120,1.0,0.425,2577946.7514500003,-0.500318340365137,-1.000636680730274,-1.8917780826506279,-3.7835561653012557,-2.3653499068311294,-4.730699813662259,0.00031079964901255497,True
0x71b6f48a30532d5822af3bf3816a87f066f901be,366,0.273224043715847,0.24,2537260.38018,-0.6213446731652718,-1.2426893463305435,0.7273017200616064,1.4546034401232129,-0.794956941461161,-1.589913882922322,0.00030589446239332087,False
0x9c80801cdbd3280dfca2dc787aadfba8d2d6cb8f,356,1.0,0.4578651685393258,2495762.2466,-0.04596442884390142,-0.09192885768780285,-0.7243600118394284,-1.4487200236788569,-0.03298756589612627,-0.06597513179225253,0.00030089140895783555,True
0x8fcc8f55d7a8cdaee770a9e4112725d4a2c60492,17386,0.003566087656735304,0.0,2493882.5675700004,1.7181452492473077,3.4362904984946154,2.796502789928483,5.593005579856966,15.758601520359372,31.517203040718744,0.0003006647931123176,False
0xf36c562be0598b8ce109998b6aa2d53ffcd8316b,1207,1.0,0.48135874067937034,2466707.25961,0.06802828996479092,0.13605657992958184,-0.28049455878561275,-0.5609891175712255,0.03153584933088473,0.06307169866176945,0.0002973885128047334,True
0x4e614a1dc65a06d55203e55ac33b295a068d4684,1180,0.9991525423728813,0.48346055979643765,2465605.6360400002,-0.16523046483256784,-0.3304609296651357,-0.3822411095644755,-0.764482219128951,0.137299086373419,0.274598172746838,0.0002972557000463988,True
0x26563eedb269448352ba0663f2ee554fbd389296,2158,0.015291936978683966,0.18181818181818182,2376475.1325999997,-0.5697535787087906,-1.1395071574175812,-1.7446602029093117,-3.4893204058186233,-1.8260048974754275,-3.652009794950855,0.0002865100439656891,False
0x3f5a5c6b29a95dc27f33b257ac216d4b922a9b0d,309,1.0,0.47572815533980584,2358187.90668,-0.1535750928456767,-0.3071501856913534,-0.845285070002419,-1.690570140004838,0.5490652281246207,1.0981304562492413,0.0002843053190643108,True
0x091144e651b334341eabdbbbfed644ad0100023e,1506,1.0,0.07569721115537849,2264508.0276300004,-0.276739082952491,-0.553478165904982,-0.7558057170040454,-1.5116114340080908,-0.6847977674587847,-1.3695955349175695,0.0002730111860447276,False
0x53babe76166eae33c861aeddf9ce89af20311cd0,10033,0.0071763181501046545,0.0,2247039.6142,-1.8696796025187448,-3.7393592050374895,-3.585287051645101,-7.170574103290202,-7.147777822607804,-14.295555645215607,0.00027090517793583376,False
0x1700acdd94010de35087b45b601d0e1b90c2697f,1242,0.4975845410628019,0.19741100323624594,2201817.00054,-0.7750215491628111,-1.5500430983256221,-1.5043622419945635,-3.008724483989127,-2.86909351344059,-5.73818702688118,0.0002654530977308982,False
0x45d569d509873b31f49876bf74145c443dc53ae2,482,0.06846473029045644,0.0,2196211.6720000003,-0.9846751265515568,-1.9693502531031135,-4.424103737604881,-8.848207475209762,-8.65057901671174,-17.30115803342348,0.0002647773141283657,False
0x350e33a777d510616fbdb483d1de3b50d1edfcfb,2567,0.0292169848071679,0.0,2194500.0000000005,-0.3787425697580694,-0.7574851395161388,1.6453360701950788,3.2906721403901575,5.5719184575933465,11.143836915186693,0.0002645709533660554,False
0x747b1125d08a5a2cf33550cbb038e406ebf241ad,52,0.7884615384615384,0.14634146341463414,2179456.55532,-0.859736164481848,-1.719472328963696,-1.872548494142291,-3.745096988284582,-2.8115920413397792,-5.6231840826795585,0.00026275730173657384,False
0x67cd5c1c4548c7ec1a20fadefca19ad42e6230da,3069,0.9990224828934506,0.49934768427919113,2160957.64977,0.09533639273717076,0.19067278547434152,0.37341706908278965,0.7468341381655793,0.3226715602405151,0.6453431204810302,0.0002605270565428659,True
0xcc982ae47f0d3ca2d26728bc0aea49e60e42e9db,1322,0.08245083207261725,0.42201834862385323,2106892.0682800002,-0.6308316778127548,-1.2616633556255097,-1.194027288625642,-2.388054577251284,-2.3381875514692396,-4.676375102938479,0.0002540088599426839,False
0xd0254dd9c10498b256b6ec3bd8de37a9ba4329de,40,1.0,0.275,2083121.7981999998,-0.46080963459621715,-0.9216192691924343,-1.0191450335747094,-2.038290067149419,-3.689163510725655,-7.37832702145131,0.00025114309415693117,False
0xd8f3afed9ca8350777471d9fad357ca6babc117b,275,1.0,0.4618181818181818,2077327.13038,-0.509473587408753,-1.018947174817506,-0.5248355402918709,-1.0496710805837417,-0.7301306586242357,-1.4602613172484713,0.000250444483635365,True
0x45f51f09ec0743f2b3d7c904b9ddc2eed9718691,372,0.13440860215053763,0.43999999999999995,2057648.8295200001,-1.8686284897448595,-3.737256979489719,-3.912169382705825,-7.82433876541165,-6.412043485201554,-12.824086970403108,0.00024807204945028675,False
0xd49efec4387de8c891cc85663c4574b67320029d,3794,0.01713231418028466,0.0,1993154.39444,-0.21577777444368168,-0.43155554888736336,-0.6684166844345449,-1.3368333688690899,-2.6678267413158854,-5.335653482631771,0.00024029654059819252,False
0xff0b4cdec41787756fcda9d080de55ee31d74a05,239,0.8410041841004184,0.16417910447761197,1966698.86714,-0.3804395081006173,-0.7608790162012345,-1.1254777504407105,-2.250955500881421,-2.933299030779551,-5.866598061559102,0.00023710703771390786,False
0xae95dd32e9a7bb98e0017c4bc64fa35bef012cc5,109,0.26605504587155965,0.0,1955498.7160000002,-0.4236266087969755,-0.847253217593951,-0.2626037639157092,-0.5252075278314184,5.415961069654056,10.831922139308112,0.00023575673711470366,False
0x889f25fb79760cb044f02dc9d37a27cfe54a7cd0,83,0.3253012048192771,0.11111111111111116,1946865.7348500001,-1.2627296981678475,-2.525459396335695,-2.938178964935923,-5.876357929871846,1.0126978081687679,2.0253956163375357,0.00023471593690816607,False
0xcae50020cd1d6f75b0652f870cf79ab2b083ae0b,324,0.38271604938271603,0.21774193548387097,1941789.6321999999,-0.4823643026769401,-0.9647286053538802,-0.543300499903086,-1.086600999806172,0.1584956829515012,0.3169913659030024,0.00023410395726929868,False
0x7749ee1b1cdcdd21393b4cdec686d0bdcfb4c337,982,0.03767820773930754,0.16216216216216217,1910661.6384,-0.09070467452442349,-0.18140934904884698,-0.18477739324620507,-0.36955478649241014,3.0138508306584475,6.027701661316895,0.0002303511374943893,False
0x17c3c8fdbcb7d1b240ce08965e09b1fc91cba868,548,0.36313868613138683,0.4120603015075377,1882181.5258399998,-0.5724893669705426,-1.1449787339410853,-1.264561073115558,-2.529122146231116,-1.7694600183866582,-3.5389200367733165,0.00022691754873523147,False
0x5012a4eba165f88b7f210e5d8c56a4c14a6a7046,656,0.2423780487804878,0.41509433962264153,1847404.00315,-0.3075323307380021,-0.6150646614760042,-1.0303711412665044,-2.060742282533009,0.25984239384280144,0.5196847876856029,0.0002227247383757861,False
0x8aae8a240f0c97cb542c7b199ef14f9cc6352503,222,0.3333333333333333,0.22972972972972971,1843268.15306,-0.025749324666034253,-0.051498649332068505,1.537573688732108,3.075147377464216,4.0128106958471,8.0256213916942,0.00022222611645676563,False
0xf533cc7da355efab771f13c482098b9f29bbc8d8,465,0.06451612903225806,0.23333333333333328,1811142.7643400002,0.07466447645138856,0.14932895290277712,-0.6599164604361811,-1.3198329208723623,7.898247741433019,15.796495482866039,0.00021835304982614114,False
0x4b1c09fa8322548360a76a3747e32a60a864bc38,527,1.0,0.020872865275142316,1806335.10005,-0.2137674002738848,-0.4275348005477696,-0.8234184520695506,-1.646836904139101,-1.7276303607382413,-3.4552607214764826,0.0002177734333646833,False
0x43f9432048a9874842d9f1f2747e343296983009,403,0.23325062034739455,0.15957446808510634,1784406.3509799996,0.18762049396152503,0.37524098792305005,-0.5179050213766281,-1.0358100427532562,12.793149657286607,25.586299314573214,0.00021512968305820117,False
0x586113f6add99b369848ef55af5178118a87b67a,35,1.0,0.34285714285714286,1772081.07744,-0.12122774381109279,-0.24245548762218558,-0.7821248546823432,-1.5642497093646863,-0.6924790312377378,-1.3849580624754756,0.0002136437366599441,True
0x7079b5814032c0b02425135f06f32a0084cdf2d2,1022,0.24266144814090018,0.0,1692820.7390400001,-0.2362393950565778,-0.4724787901131556,-0.2783113480186163,-0.5566226960372326,0.06138804389114309,0.12277608778228619,0.00020408803682189257,False
0xa6b54b15cc0d6d5238fc9c48bb834c61643ef033,694,0.069164265129683,0.25,1682635.7314,0.042229608790974836,0.08445921758194967,-0.6521575314646495,-1.304315062929299,-6.201416793804476,-12.402833587608953,0.0002028601228636536,False
0xbed70771203884ae83da8a2c988002b86a785373,205,0.37073170731707317,0.0,1607758.8007,-0.35027725662994325,-0.7005545132598865,-0.42979933808144066,-0.8595986761628813,-1.5294949441127585,-3.058989888225517,0.00019383289071946448,False
0x1c186b55cae77c40116a8c165e582a385561be93,92,0.22826086956521738,0.38095238095238093,1603237.3124999995,-0.0430853190558909,-0.0861706381117818,0.061326478166892975,0.12265295633378595,-3.4285221095151788,-6.8570442190303575,0.00019328777591258022,False
0xd11a880a60b889f9e88d260a3be04accd60c0efe,728,0.9903846153846154,0.4063800277392511,1569810.10148,-0.45053498088203653,-0.9010699617640731,-0.9558076569320362,-1.9116153138640724,-0.8451498359523772,-1.6902996719047545,0.0001892577603792334,True
0x99bfe8e92dcd439ec785c8d809ee2b4c929734c3,1346,0.9138187221396731,0.4926829268292683,1560151.66502,-0.8713634917260824,-1.7427269834521648,-1.4114574200389471,-2.8229148400778943,-1.582650043102104,-3.165300086204208,0.00018809333033036228,True
0x987c3d52fc87bbdc94c53b4a6f50ea9c7d122a4f,1311,0.2395118230358505,0.33757961783439494,1558437.19954,-0.9192084141626389,-1.8384168283252778,-0.5523454074581494,-1.1046908149162988,-1.2315491361456876,-2.4630982722913752,0.00018788663278351478,False
0x29c140b5300ef6de01d939e82c1648982d6f8079,131,0.9083969465648855,0.45378151260504207,1519660.7549499997,-0.9132357110377587,-1.8264714220755174,-1.035107611854036,-2.070215223708072,-2.72198416275711,-5.44396832551422,0.00018321170869450937,True
0x6b9d8efc9ae55721d2be3075bd02a99389e77624,202,0.5891089108910891,0.07563025210084029,1509035.6425300003,-0.2636815863162152,-0.5273631726324304,-1.3902503405791091,-2.7805006811582182,-0.4932179063832518,-0.9864358127665036,0.00018193073529620417,False
0x850362c2fcfee55962be453e01a6c4d9b813276f,176,1.0,0.44318181818181823,1503164.8020499998,0.06930371087868113,0.13860742175736226,0.7427037089487143,1.4854074178974286,-0.8436354204991624,-1.6872708409983248,0.00018122294132816874,True
0xc926ddba8b7617dbc65712f20cf8e1b58b8598d3,154,1.0,0.474025974025974,1502545.7135800002,0.044235127719435545,0.08847025543887109,-0.8881478679606422,-1.7762957359212843,6.191798487559616,12.383596975119232,0.00018114830344859447,True
0xe0beac8b7449772d85312c326b12b2a55a4a35cd,234,0.9743589743589743,0.1535087719298246,1501243.0,-0.5162638068417019,-1.0325276136834038,-0.5326406142061157,-1.0652812284122315,-1.7210817028934486,-3.4421634057868973,0.00018099124709232946,False
0x1643e9aba4fcfb4e8c1a887090239e34f488cad6,65,0.9846153846153847,0.46875,1459436.32227,1.2324814301078235,2.464962860215647,2.2500679996238695,4.500135999247739,6.609972953711935,13.21994590742387,0.00017595099528823125,True
0xb250ad89208f50f255dde9a7d540bd84b37b56da,63,0.38095238095238093,0.041666666666666664,1449547.8181,-0.4985680979286234,-0.9971361958572468,0.6545540704431833,1.3091081408863665,8.027419953684577,16.054839907369153,0.00017475882806306783,False
0xe438197a24407445a58e0240a7a549e4738c2679,573,1.0,0.48516579406631766,1446931.29594,0.0420657886458455,0.084131577291691,-0.09858607230669307,-0.19717214461338614,1.3276430516189186,2.655286103237837,0.00017444337772705754,True
0x8ae62e9a4775350022c1577b2eff694e2b72be8d,547,1.0,0.360146252285192,1436120.8998099999,-0.16587586894151518,-0.33175173788303036,-0.6169975847254932,-1.2339951694509863,-0.7234322261034754,-1.4468644522069507,0.00017314006635299562,True
0xb54628ed104d8507ae7b3c9fb296d9cf9c9a1f78,61,0.7540983606557377,0.34782608695652173,1419887.2800200002,-0.337806451605906,-0.675612903211812,-1.6081163509363205,-3.216232701872641,0.17473740647729255,0.3494748129545851,0.0001711829261094676,True
0xac7708a5c455f2304200e80ddaa95999ae4e1626,252,0.8134920634920635,0.224390243902439,1418037.18802,-2.593226290533003,-5.186452581066006,-1.3942086647327723,-2.7884173294655445,6.659805406729301,13.319610813458603,0.00017095987730370092,False
0x856c35038594767646266bc7fd68dc26480e910d,282,1.0,0.2978723404255319,1392836.9200499998,-0.1703758415356479,-0.3407516830712958,-0.6619447027348176,-1.3238894054696353,-2.2277838950241464,-4.455567790048293,0.00016792170964733134,False
0xbac2d8e1e3ef8cba378564667be59a2e2d8ed897,180,0.42777777777777776,0.0,1390925.4318600001,0.026524208917244788,0.053048417834489575,0.09428777131255553,0.18857554262511106,1.958208967836202,3.916417935672404,0.00016769125886001025,False
0xbf1935fe7ab6d0aa3ee8d3da47c2f80e215b2a1c,46631,1.0,0.4996676030966525,1372720.02888,-0.767687960237598,-1.535375920475196,-1.4036191752271867,-2.8072383504543734,-1.5444640355532189,-3.0889280711064377,0.00016549639860809326,True
0xf732a29942fc605416a5207e38e95fed3f507508,90,0.06666666666666667,0.0,1356689.9999999998,-0.36854402995525887,-0.7370880599105177,-2.7087986201711516,-5.417597240342303,4.422528359463104,8.845056718926209,0.00016356380347331672,False
0x5a7060b18957ae1e586114950342a08e50f48d63,127,0.6299212598425197,0.11250000000000004,1336590.00878,-1.2067346233306786,-2.413469246661357,-2.358354510664796,-4.716709021329592,-2.719357393691598,-5.438714787383196,0.0001611405299077097,False
0xa34b2d479ed63a733d35ddac696717f7974c61fe,184,0.782608695652174,0.2222222222222222,1331879.72703,-0.1389901625142181,-0.2779803250284362,-0.10600623033770394,-0.21201246067540788,0.863832920158064,1.727665840316128,0.00016057265397550634,False
0xfce053a5e461683454bf37ad66d20344c0e3f4c0,47,1.0,0.0,1329390.0,-0.14368582512420347,-0.28737165024840694,-0.8030387800734514,-1.6060775601469028,0.8762010557981539,1.7524021115963078,0.00016027249017785386,False
0x9d47029bdefa7ef00c47e2e6e1c5ffd7b7e70a9b,350,0.2742857142857143,0.4791666666666667,1329284.5526599998,-0.6009845770527324,-1.201969154105465,-0.7421815554148011,-1.4843631108296023,-1.003266653885631,-2.006533307771262,0.0001602597773488387,False
0xbe1ec7de7c2c028f88436d7a307516d00759386f,214,0.5514018691588785,0.4152542372881356,1300438.3716300002,-0.3804290782533009,-0.7608581565066018,-1.1591948343768417,-2.3183896687536834,5.0222210831320915,10.044442166264183,0.00015678205503574834,False
0xbbc94486d74c9a1114dc28f676e0de82b6b4f256,166,0.8132530120481928,0.40740740740740744,1248423.69588,-0.2969749346966652,-0.5939498693933304,-0.645165384629413,-1.290330769258826,0.40772452728595493,0.8154490545719099,0.00015051111753189606,True
0xc9ccdbab8f977a797d5cb2adb3d52cfb1a15bcaf,99,0.8888888888888888,0.3522727272727273,1243752.75,-0.6848073468267171,-1.3696146936534341,-1.6691372172458794,-3.3382744344917588,-3.686202404544049,-7.372404809088098,0.00014994798396862752,True
0xce75bb6f341975d377e7b68c7638a6f9d52f6885,558,0.17025089605734767,0.3368421052631579,1234679.44318,-0.6775807030576998,-1.3551614061153996,-1.3671438518188384,-2.7342877036376767,1.6937527500298877,3.3875055000597754,0.00014885409769132055,False
0x49250d73e81bf396730baee91f3e426ca552d5b9,188,0.5212765957446809,0.11224489795918369,1216959.24221,-0.20618010230829212,-0.41236020461658424,-0.5840214856755651,-1.1680429713511302,3.674677754500493,7.349355509000986,0.0001467177338433046,False
0x8c7bd04cf8d00d68ce8bc7d2f3f02f98d16a5ab0,121,0.8264462809917356,0.2,1145973.0,-0.15563842187741808,-0.31127684375483616,-0.2968489315268578,-0.5936978630537156,-0.5095247805770413,-1.0190495611540826,0.00013815956670847963,False
0x891a46617b6997f1d809147bb0c9d62e4af2271a,3804,0.023396424815983176,0.0,1135626.20052,0.0050045519787384855,0.010009103957476971,0.44329676443241506,0.8865935288648301,1.09234963197633,2.18469926395266,0.0001369121469760982,False
0x13d2b134537ac468705973e5f063aea69c5846af,122,0.7377049180327869,0.4222222222222223,1121551.78887,-0.4606233369732555,-0.921246673946511,-0.942198216035767,-1.884396432071534,-0.012844943521481625,-0.02568988704296325,0.00013521532286659408,True
0x79d26d4f2f19decb3f679ab2b1e540886d54b642,97,0.422680412371134,0.04878048780487805,1112835.0,-0.8937947390326141,-1.7875894780652282,-2.196379645085162,-4.392759290170324,-1.4728343684505463,-2.9456687369010925,0.00013416441872367928,False
0x3e836d156d3c7444f14c2c33cb678b585239e79e,248,1.0,0.49193548387096775,1105865.924,-0.49083474949569667,-0.9816694989913933,0.10657020673887298,0.21314041347774595,-0.3847046302954664,-0.7694092605909328,0.00013332422046375653,True
0xa9d19fab98003f849094389bc7c4f05c55330e1a,234,0.6111111111111112,0.23076923076923078,1103605.0011,-1.074251809777148,-2.148503619554296,-6.0494361818130855,-12.098872363626171,-17.880765294207457,-35.761530588414914,0.00013305164150402075,False
0xe6a2f663507b953382559c25a8323dc7df10801a,86,0.8837209302325582,0.368421052631579,1103590.5,-1.114343421221377,-2.228686842442754,-0.5089513667422012,-1.0179027334844024,-0.28601244861686964,-0.5720248972337393,0.00013304989323796842,True
0x60bc64e5d68a63c94567311f5cbb86febb07abd3,135,0.0962962962962963,0.07692307692307693,1100440.2934700001,0.025893341872382073,0.051786683744764146,1.2756587990569401,2.5513175981138803,2.294773533749443,4.589547067498886,0.00013267010141981302,False
0x6bb4a1472227bc9e85fa9b405ff824d1d5aff974,471,0.20169851380042464,0.35789473684210527,1096633.45738,-1.0005890431328286,-2.001178086265657,-1.8685659904176652,-3.7371319808353305,-1.068890374552856,-2.137780749105712,0.0001322111457334883,False
0xa3371d8b79f0d7e000c79755413ae345990cf4d3,888,0.11599099099099099,0.08737864077669899,1084828.1152000001,0.014645385798390614,0.02929077159678123,2.383353563996109,4.766707127992218,6.979140923614289,13.958281847228578,0.00013078788274174753,False
0x8cae4c475672eb3646f4e2962decfd33bf8f022a,254,0.16535433070866143,0.4285714285714286,1084522.89567,-0.20667865257292725,-0.4133573051458545,-0.2970128376837656,-0.5940256753675311,-0.2178907379267107,-0.4357814758534214,0.0001307510851924023,False
0x8f8b4759dc93ca55bd6997df719f20f581f10f5c,345,0.08115942028985507,0.5,1069474.92393,-0.07183248363965869,-0.14366496727931738,-0.8702273995944599,-1.7404547991889199,-4.6105229836222446,-9.221045967244489,0.00012893688777637258,False
0x9c8f0baccf2bc88ed66eb90c1ca1198b90c7b047,91,1.0,0.08791208791208792,1058808.0,-0.0009706324223431629,-0.0019412648446863257,-0.2247523624219196,-0.4495047248438392,-3.3344875647751584,-6.668975129550317,0.00012765087354368025,False
0x8eb07f521391c0f55fded6de264ca7fabfffa27f,79,0.4810126582278481,0.1842105263157895,1037207.95808,-0.8709061988211225,-1.741812397642245,-0.5240854077719277,-1.0481708155438554,10.06070492477785,20.1214098495557,0.0001250467524757736,False
0x1ce0eb7cc5b1e7728616c63066a9d968226155a2,140,0.5214285714285715,0.0,1021200.6365900001,-0.2591358595092555,-0.518271719018511,-0.11893064454478541,-0.23786128908957083,3.9827119242684397,7.965423848536879,0.0001231168949649756,False
0x382606f24e012ce970939853d8239bc2456a1c06,98,0.5714285714285714,0.017857142857142905,1009816.7760000001,0.10637200754453681,0.21274401508907362,2.573715136529207,5.147430273058414,-7.783214211187409,-15.566428422374818,0.00012174444618425899,False
0x0af3036385dcb527984abae20f6675475707467e,199,0.9949748743718593,0.0,1004903.38564,-0.4178355390831395,-0.835671078166279,-0.7564520491644339,-1.5129040983288677,-5.343788784001987,-10.687577568003974,0.00012115208328983894,False
0x0ab01721cab5bc0c93f2d0d0cd2b034f8e618e99,49,0.7959183673469388,0.0,984430.9999999999,-1.0290085718883102,-2.0580171437766204,-1.965188857560909,-3.930377715121818,-3.9117558655712625,-7.823511731142525,0.00011868391350790576,False
0x980dab6e88a5650a4ac109fa9bf63cad4fc701e1,287,0.06620209059233449,0.42105263157894735,969987.0,-1.2309640030016589,-2.4619280060033177,0.7998560358998607,1.5997120717997213,15.806145122158796,31.61229024431759,0.00011694253148447479,False
0x1a136792a33067b755cdef03ce77e5cdb702a5ae,377,0.11936339522546419,0.19999999999999996,949997.0535000002,-0.821581025983945,-1.64316205196789,-1.974338079637511,-3.948676159275022,-4.574627234799434,-9.149254469598867,0.00011453252501227547,False
0x9a9592b0732ae132a7613eb48cce3b5b68ca1138,51,0.803921568627451,0.07317073170731707,943030.1224400001,-0.4705273412415566,-0.9410546824831132,-1.394574190929677,-2.789148381859354,-4.063172128981659,-8.126344257963318,0.00011369258534830655,False
0xc0e29d686084dcf72331f37f326cf7a8c99b3c87,209,0.19138755980861244,0.0,937731.5604000001,-0.7602958573656416,-1.5205917147312833,-3.6606299793772537,-7.321259958754507,-10.924057093913543,-21.848114187827086,0.00011305378579925575,False
0x214282323be78b89e981866a7945f9e35d49ba99,48,0.25,0.0,936196.26864,-0.7136245759246478,-1.4272491518492956,-0.7242741228219258,-1.4485482456438517,-6.955794794858201,-13.911589589716401,0.00011286868960210912,False
0x5f9dd2797a391de4f33d9fe620676dce5be14868,65,0.27692307692307694,0.4444444444444444,930779.14423,-0.9942601835412292,-1.9885203670824585,-2.854585034940542,-5.709170069881084,2.673066076735307,5.346132153470614,0.00011221559606387433,False
0xa41f6abca0cb06a105f12a682e1995efa0c1d50a,197,0.751269035532995,0.0,925877.0639899999,-0.4223564836664452,-0.8447129673328904,-0.40345929529252605,-0.8069185905850521,-0.9933606213648243,-1.9867212427296486,0.00011162459672800115,False
0x151e49cfca357b842a15bb7f7cd25810e1849522,35,0.9428571428571428,0.0,917441.296,0.017335829692809095,0.03467165938561819,-2.4096803273004648,-4.8193606546009295,-18.129810692739756,-36.25962138547951,0.00011060757272276572,False
0x268f52086f04685965e55a09458e51006c7b024e,70,0.4714285714285714,0.0,914203.4112,0.037033333703666675,0.07406666740733335,-1.2860666795273337,-2.5721333590546673,2.2455666891223336,4.491133378244667,0.00011021721033113871,False
0x2cfbf995bc096b50a2fcca91d909c0ac7cca19f9,294,1.0,0.0,905451.25,-2.8526440905733526,-5.705288181146705,-1.1948558276740853,-2.3897116553481705,9.842557712807892,19.685115425615784,0.00010916204166734405,False
0x228b6273e7c880d3ae874b60a5e2abd744fa8953,42,0.30952380952380953,0.0,905249.5950600001,-0.03445563965602935,-0.0689112793120587,-3.204374488010729,-6.408748976021458,-10.155799788614653,-20.311599577229305,0.00010913772996092949,False
0xff2fed9cb48196ec35fd97b290c583e7a63b17b7,220,0.12727272727272726,0.0,890300.0000000001,-0.4613212239854944,-0.9226424479709888,-0.8745045811203287,-1.7490091622406574,-0.20859742301952794,-0.4171948460390559,0.0001073353929285938,False
0x4a60a9c7b33b8dfb2f74da3436ff72505baa8814,79,0.4810126582278481,0.15789473684210525,881222.0,-1.3136518142061326,-2.6273036284122653,-2.637920012534611,-5.275840025069222,-14.965074848975483,-29.930149697950966,0.00010624094083715745,False
0x523852be2db1a76a0e088ecbff32e849544054e5,225,0.08444444444444445,0.0,875645.0,0.5047397078732385,1.009479415746477,0.04801518497857373,0.09603036995714746,0.12000909846298977,0.24001819692597953,0.00010556857254965575,False
0xe330ac756dabf22466317a01f5d1e9baa00e77a1,224,0.24107142857142858,0.2962962962962963,857628.3598399999,-0.9033096945045775,-1.806619389009155,-1.0658957382336074,-2.131791476467215,-0.841866551963419,-1.683733103926838,0.00010339646971822062,False
0x11b66230351edae1bd5b9c1a385d9702ea107558,559,0.7048300536672629,0.42385786802030456,839993.34719,-0.7419210850034723,-1.4838421700069446,-1.3277880600653365,-2.655576120130673,-0.788274992050429,-1.576549984100858,0.00010127037625299714,True
0xd6f52e2ab58a678eced4a4d1693757b0677631c8,35,1.0,0.0,839879.1599999999,0.11945117029862795,0.2389023405972559,-0.025827280064568206,-0.05165456012913641,8.810330912025826,17.620661824051652,0.00010125660973956789,False
0x14813e0e75821a9c699e6229653b6df62f151a78,84,0.9285714285714286,0.3589743589743589,837678.9175,-0.06916255015258856,-0.1383251003051771,-0.6861256121417495,-1.372251224283499,-1.2636229880640677,-2.5272459761281354,0.00010099134646508099,True
0x003a85c562730b196f7cba202a2515f2ff855736,73,0.2465753424657534,0.2222222222222222,833810.3092799999,-0.4502853442975445,-0.900570688595089,-1.9102390254575816,-3.8204780509151632,-11.257839603370327,-22.515679206740653,0.00010052494347352702,False
0xacd2c7e45ab72ece1fddc9f1958cac547d7e20ae,508,0.421259842519685,0.4532710280373832,823667.87649,0.5692851938914542,1.1385703877829083,-0.23970960412781472,-0.47941920825562945,0.4144802440597024,0.8289604881194048,9.930216237865283e-05,False
0xe0c2b5e8d62d0afa5b86dd7020c2f0c51b567b30,175,0.5085714285714286,0.3707865168539326,813377.4680199999,-0.06657654154666531,-0.13315308309333063,1.5132563120165436,3.0265126240330873,2.204698022651831,4.409396045303662,9.806154119868744e-05,False
0xbe69e095e738eb7260ad795c554aba288e1f2adc,147,0.3333333333333333,0.0,805538.1036300001,-0.057804623427616456,-0.11560924685523291,-0.3398304241293324,-0.6796608482586648,-0.24084187022400014,-0.4816837404480003,9.711642016407994e-05,False
0x440888714a6afed60ff44e9975a96e6a36f7fac4,1156,0.9982698961937716,0.4774696707105719,794304.53434,-0.880319561646702,-1.760639123293404,-1.4964195069976691,-2.9928390139953382,-1.2645724705268118,-2.5291449410536235,9.57620906417473e-05,True
0x1a19f1eb20023906accb989289645a5bf6300562,53,1.0,0.24528301886792453,787743.3774,-0.08663629720300964,-0.17327259440601928,-0.16714420756800574,-0.3342884151360115,-1.3358984643630265,-2.671796928726053,9.497107148166523e-05,False
0x30f58e4036cafb8609193a6d17baffe29cdfc7c9,208,0.14903846153846154,0.0,781952.4697499999,-0.19511287438102826,-0.3902257487620565,0.6381148583652323,1.2762297167304646,2.140611723452347,4.281223446904694,9.42729142896783e-05,False
0xd6ef5649200101eb44ce8949f4cfb167b0c5a07a,85,0.9882352941176471,0.1071428571428571,768399.59689,2.3655992394689815,4.731198478937963,1.6665405355389484,3.333081071077897,-2.937978055677177,-5.875956111354354,9.263896737994072e-05,False
0x1f67d79afc8d0e7609ddba6c9b657cc635f69981,86,0.36046511627906974,0.0,763583.0020000001,-0.14440466484478473,-0.28880932968956946,-1.051208252774509,-2.102416505549018,0.7078988812194312,1.4157977624388625,9.205827423707203e-05,False
0x202486b34776b26b474aedb348658aaab5d2dff4,72,1.0,0.19444444444444442,752033.57609,-0.5838934495299833,-1.1677868990599667,-0.8882851961205736,-1.776570392241147,-0.0854354230353541,-0.1708708460707082,9.066586474796775e-05,False
0x9fd12a07f48689e72d706be662e936d99529e9ea,1684,0.24465558194774348,0.4223300970873787,750663.30058,0.3164849742210385,0.632969948442077,-0.446525568597412,-0.893051137194824,0.38597311703884507,0.7719462340776901,9.050066306282085e-05,False
0xfc725195930887bf2066ece64024c5d7f8a53275,64,0.703125,0.28888888888888886,749606.0000000001,-0.5382928951026074,-1.0765857902052147,0.4308508983733347,0.8617017967466694,-1.4818934927915386,-2.963786985583077,9.037319392522913e-05,False
0x24b56e6c16b5ecc5e1ad716622e304364e443556,386,0.18911917098445596,0.2465753424657534,745206.20984,-0.5775384705439205,-1.155076941087841,-1.6847892295406282,-3.3695784590812563,-4.755866943991354,-9.511733887982707,8.984275114680952e-05,False
0x3ff5fdf5981d72120f0003359ca552c49a8a16e3,223,0.7937219730941704,0.3163841807909604,737887.4346,-0.473569407641418,-0.947138815282836,-0.5680275857344511,-1.1360551714689022,-2.599178893144414,-5.198357786288828,8.896039282249024e-05,True
0x438efc79c6971a536d3c9c656ad83aff972d4357,120,0.7666666666666667,0.16304347826086957,733361.4981700002,-0.2742323810309004,-0.5484647620618008,-0.7922583647558327,-1.5845167295116653,-0.22696302459152584,-0.4539260491830517,8.841474173287564e-05,False
0xc621d49cc7ac87a0e8dff878d289d7799cfbd8f3,91,0.989010989010989,0.044444444444444446,733115.5846999999,-0.944790398607503,-1.889580797215006,6.266798488817436,12.533596977634872,9.161078154753609,18.322156309507218,8.838509417707544e-05,False
0x2249e3790eba9a700304a96da0182174c2c91b2e,1530,0.26862745098039215,0.4038929440389294,732430.2305100001,0.28969980792253824,0.5793996158450765,-0.42187478584255994,-0.8437495716851199,0.4570656094630777,0.9141312189261555,8.830246724089789e-05,False
0x69bd6ef34435b4dae8beb3edc232b52293424a50,1353,0.28972653362897266,0.44387755102040816,725732.0496700001,0.33521748740153395,0.6704349748030679,-0.1042975109573814,-0.2085950219147628,1.734876871890517,3.469753743781034,8.749492835246906e-05,False
0x1252bf1beea27b001d2e324069e92d83722cd40f,158,0.2721518987341772,0.3023255813953488,725319.53839,-0.6220850519282911,-1.2441701038565822,-1.2287627420436484,-2.457525484087297,0.46095519766429977,0.9219103953285995,8.744519561033014e-05,False
0x0252f92ee3f4430ac419fc3e9ae31df718990842,70,0.3,0.47619047619047616,718719.8938500001,-0.8041833265534445,-1.608366653106889,-2.4088326561672466,-4.817665312334493,-1.2465301096189823,-2.4930602192379645,8.664953634953048e-05,False
0x2e958d73d226584e8dea1f3f8d3d6b39faffe6d9,82,0.4634146341463415,0.0,716897.4144499999,-0.3931346967353548,-0.7862693934707096,-0.9314048991387294,-1.8628097982774587,-1.7153328902373361,-3.4306657804746723,8.642981654440491e-05,False
0x262000d4546c0d10adf6378148fb6dd4feb8cf43,1652,0.24878934624697335,0.4087591240875912,708490.8961199999,0.2630501792876544,0.5261003585753088,-0.2131701127273544,-0.4263402254547088,0.23688626942977128,0.47377253885954257,8.541631890528104e-05,False
0x9a88dd4eacc3aa561c4f50ec66bcede831bec813,86,0.19767441860465115,0.0,700960.0,-0.06010876724249344,-0.12021753448498688,-0.49499289794745444,-0.9899857958949089,-6.524996602264868,-13.049993204529736,8.450838709112333e-05,False
0x741cdb635852cef100ce3a809ac10832f0a842c2,46,0.391304347826087,0.38888888888888884,684026.16192,-0.15686859143016238,-0.31373718286032476,-0.5291234761421619,-1.0582469522843239,1.2603296689375947,2.5206593378751894,8.246682788174897e-05,False
0x3fe404ae27cc5eef4a08e226ae2ac4f5be7a06c4,88,0.3977272727272727,0.42857142857142855,680397.6349099999,-0.13773085327545811,-0.27546170655091623,-1.1186996907859974,-2.237399381571995,-1.9028553716258365,-3.805710743251673,8.202936930332556e-05,False
0x352deb23bebae8b4c57d0ae341d9c1951fd8425a,68,1.0,0.10294117647058823,676391.28221,-0.20741974266950183,-0.41483948533900367,-0.4230012807267619,-0.8460025614535238,2.8349847557824317,5.669969511564863,8.15463597096324e-05,False
0x9c723d843cf2c059d25a643c0d8a2a8a76f6bab7,6105,0.371990171990172,0.039189784236019376,666435.31949,-0.7525365643677888,-1.5050731287355776,-0.979031225833253,-1.958062451666506,-1.3349870669100001,-2.6699741338200003,8.034605961917566e-05,False
0x90d5edc1f0a5f38e69f302c9103e5c12c7728e88,993,0.016112789526686808,0.0625,665797.013,-0.7936442764949987,-1.5872885529899974,-1.101445137535689,-2.202890275071378,-4.156301788269004,-8.312603576538008,8.026910479730324e-05,False
0x5a98c4f011e62cf3e188e4396d18a75c19b4af12,55,0.6727272727272727,0.2702702702702703,652468.0226899999,-0.43789673687054914,-0.8757934737410983,-2.797209352491054,-5.594418704982108,-2.617670621092271,-5.235341242184542,7.866214937523732e-05,False
0x6cd520c1a07c9b53b33d62d04d3c2a3175161968,118,0.06779661016949153,0.0,646214.94348,-0.7767298568736866,-1.5534597137473731,-3.8205755907532266,-7.641151181506453,-4.1296168271253535,-8.259233654250707,7.79082723517408e-05,False
0x49f2dfc4c8c3c5f4e9ab1003719548faa1d4101c,465,0.04946236559139785,0.4782608695652174,636574.7963,-0.8895817699684734,-1.7791635399369468,-3.73840683196467,-7.47681366392934,-4.884248977393687,-9.768497954787374,7.674604727541285e-05,False
0x6cfdf04db0ca18cc5fcfe022ecdc8e0b89423542,395,0.40759493670886077,0.3850931677018633,635120.23894,0.7099045722059106,1.4198091444118213,-0.17168586422776713,-0.34337172845553426,0.3479191275962863,0.6958382551925726,7.65706844923366e-05,False
0x12c206d3e2f0d0059420c54d33fe604ebbecc230,253,0.11857707509881422,0.3666666666666667,632069.0612800001,-0.2049163768569266,-0.4098327537138532,-0.9556956430722731,-1.9113912861445461,-1.0738487283057148,-2.1476974566114295,7.620283168650595e-05,False
0x506aaeccc6f2035b834bdb2826b089114df6ab52,1857,0.24017232094776522,0.2869955156950673,631756.19417,0.2626113044623701,0.5252226089247402,0.01840208441011532,0.03680416882023064,1.1617536210639476,2.3235072421278953,7.616511213782988e-05,False
0xe24c322324e02cdd9989d3092be456e92cde53f2,103,0.07766990291262135,0.125,631626.06854,-0.15648764740588003,-0.31297529481176006,-1.2328049028158954,-2.4656098056317908,-4.711895075937535,-9.42379015187507,7.614942407130609e-05,False
0xf504e694210befbc129257f0d146eac9905aeed7,35,0.8285714285714286,0.1724137931034483,627052.6799599999,-0.6838630224897162,-1.3677260449794324,-1.511940501011596,-3.023881002023192,-2.0971415811336525,-4.194283162267305,7.559805210651954e-05,False
0xbd1b3513bb0ce1529242cfb28926618809592362,36,1.0,0.0,621477.0,-0.34407603934632786,-0.6881520786926557,-0.46331401812459977,-0.9266280362491995,0.210756948177718,0.421513896355436,7.492584296426338e-05,False
0x081d5ab9e46612f1ec16e716bc8d130cd920a5c9,58,0.3275862068965517,0.1578947368421053,616486.20877,-0.9124097606947312,-1.8248195213894625,-0.5091666274053841,-1.0183332548107682,1.2549165519359624,2.509833103871925,7.432414854923852e-05,False
0x8db59728346885b8b08186ed807589153b5e7b7b,903,0.49058693244739754,0.4830699774266366,611866.84528,-0.8839550412665274,-1.7679100825330547,-2.008290467618259,-4.016580935236518,-1.9281883618653355,-3.856376723730671,7.376723380670325e-05,False
0xfd17a139d71bf7f7b2d90291b8101de68e599e44,381,0.46194225721784776,0.3920454545454546,611787.86261,-0.05708373345582654,-0.11416746691165308,-0.3695405794228549,-0.7390811588457098,0.9400544515031357,1.8801089030062714,7.375771158282477e-05,False
0x477d97b5beaf16c6d9adb5bde33fa11bd17b73e9,130,0.4307692307692308,0.39285714285714285,608498.14719,0.08126626044513241,0.16253252089026482,0.5441662089152018,1.0883324178304037,1.139263604414191,2.278527208828382,7.33611004436257e-05,False
0xe9c5540167edf4daecc19da2f2b76b373e47b573,162,0.9382716049382716,0.4868421052631579,608108.6698400001,0.8692897845532462,1.7385795691064925,-0.035062512479346754,-0.07012502495869351,0.042861589803186384,0.08572317960637277,7.331414469343022e-05,True
0x13d2db460a97b30a71e6bd05183feb77147b39d6,76,0.5657894736842105,0.27906976744186046,606229.95559,-1.2220474333103961,-2.4440948666207922,-2.198908994188883,-4.397817988377766,-3.1098634029226826,-6.219726805845365,7.308764516268293e-05,False
0x1070f53b35f8850f4dbb96e388e63f33d14443f3,1634,0.26499388004895963,0.25404157043879905,605129.85534,0.18893182659307936,0.3778636531861587,-0.6075991534175308,-1.2151983068350616,-0.18973833471647675,-0.3794766694329535,7.295501605721893e-05,False
0x59c9e447408a30f9d37944987948d2ee7e93698b,109,0.6788990825688074,0.14864864864864868,602291.74589,-0.003059184231179729,-0.006118368462359458,0.563313166143165,1.12662633228633,0.10549868132818757,0.21099736265637514,7.261285095220927e-05,False
0x60b3d20d5f32fcc33bd9dea65a0eea155bdc8eac,207,0.8695652173913043,0.45555555555555555,601781.53404,-0.9341193332730101,-1.8682386665460202,-0.7051458752447413,-1.4102917504894825,1.562305873480547,3.124611746961094,7.255133933882438e-05,True
0x25082ee392a931861d6d1833d39f2bbfda4d476f,482,0.1078838174273859,0.36538461538461536,600536.5163,0.13045220884385225,0.2609044176877045,-0.2330138040331868,-0.4660276080663736,-0.7053437492886148,-1.4106874985772295,7.240123884648924e-05,False
0x42d2a65b288af814354618d721399323ffea3281,96,0.375,0.4722222222222222,598821.88205,-1.4071177036318359,-2.8142354072636717,-1.459530133654302,-2.919060267308604,-1.594141725884038,-3.188283451768076,7.219452095257418e-05,False
0x5b23559533bb197f2b79557aab5482358154ff80,62,1.0,0.4516129032258065,595824.5269599999,-0.1520660308430872,-0.3041320616861744,0.750249530621754,1.500499061243508,0.7671381267187816,1.5342762534375631,7.183315704565328e-05,True
0x0aee2ccc5cd73bdfe5cda4f0a55e63c2ef39a5cd,357,0.896358543417367,0.04375,595396.48543,-0.5879898516922084,-1.1759797033844168,-0.2429847846278752,-0.4859695692557504,0.9441777239217073,1.8883554478434146,7.178155196218445e-05,False
0x2392d6e9cab81a18adf20ffb6c0db4cb40988d6c,569,0.2460456942003515,0.34285714285714286,590673.1670499999,1.0980923400840077,2.1961846801680154,0.33403149339871446,0.6680629867974289,0.7197189767107938,1.4394379534215875,7.12121043217889e-05,False
0x0ecfca2ae1ea43ae2b2675c9de249038b39aca90,220,0.00909090909090909,0.0,589363.1982,-0.3410486107953254,-0.6820972215906508,-1.7620844891091811,-3.5241689782183623,0.0,0.0,7.105417326345018e-05,False
0x293b0e214c978cf823ee83488d4e80dd013da34b,117,0.5384615384615384,0.3968253968253968,579904.3038900001,-0.39248918516904985,-0.7849783703380997,-0.8963826076000747,-1.7927652152001494,-1.611986339923459,-3.223972679846918,6.99138002010736e-05,False
0xc1f88c6d36032e55932bc14537acfa5abed355c9,477,0.3060796645702306,0.452054794520548,576265.6316,0.7963970752256229,1.5927941504512457,0.344546793180388,0.689093586360776,-0.5349966222800547,-1.0699932445601095,6.947511849829301e-05,False
0x3440f23a87f1950e7a88cd248fd270e92d1132c5,180,1.0,0.05555555555555558,573959.59711,-0.4647331549793623,-0.9294663099587246,-0.993298657447551,-1.986597314895102,0.39578351922931004,0.7915670384586201,6.919710084346763e-05,False
0xcd873972d192d25972fc1d8e5b5cecab4c1429da,1929,0.2115085536547434,0.40931372549019607,571759.6811800001,0.4016101876689318,0.8032203753378636,-0.19746628360321147,-0.39493256720642295,0.2712002339624641,0.5424004679249282,6.893187694056253e-05,False
0x3c17e08d736fae46515157b627f446f31bd0f09a,407,0.05405405405405406,0.0,564651.1984900001,-0.1373864116202919,-0.2747728232405838,0.7046329829417703,1.4092659658835407,1.48767732480815,2.9753546496163,6.80748716809228e-05,False
0xda949f94ca319ed6ccb4048af840acf0bab8feb8,2032,0.1815944881889764,0.29268292682926833,561300.7005,0.24871811087433504,0.4974362217486701,-0.10843382678777394,-0.21686765357554788,0.9236210987366046,1.8472421974732092,6.767093253876497e-05,False
0x21a21c11877569378cb95507e921203f5bb9d084,1536,0.2669270833333333,0.19024390243902434,559870.33554,0.2932313611789512,0.5864627223579024,-0.35654529356614256,-0.7130905871322851,0.2712850347270917,0.5425700694541834,6.749848641384876e-05,False
0xa5b0708a82f873cf54b7953ef499482c348f8881,320,0.04375,0.1428571428571429,559214.68895,-1.2002882616080925,-2.400576523216185,-6.966997415095688,-13.933994830191375,-8.405042044844311,-16.810084089688623,6.741944105345344e-05,False
0x6e098ae113561cba9fa4b96a47c95a460de09bcb,2445,0.8936605316973415,0.4782608695652174,557380.50865,-0.8063309987218162,-1.6126619974436325,-1.3963251887389174,-2.792650377477835,-1.2312464130778706,-2.4624928261557413,6.719831057698216e-05,True
0x9960fda17fb04fa3b9531cc608565a23882ab121,223,0.4170403587443946,0.3870967741935484,550694.35574,-0.9242173115750387,-1.8484346231500774,0.8396323960758488,1.6792647921516977,1.1249823451613439,2.2499646903226878,6.639222178693891e-05,False
0x48ec0004494081e8332589faf0747d568da79faf,278,0.09352517985611511,0.38461538461538464,547069.6899,-0.9712580248881356,-1.9425160497762712,-4.756765943305464,-9.513531886610927,-4.911999750764091,-9.823999501528181,6.595522871474835e-05,False
0x2275dda2ecc0643a35a90752e15a9eaacf6d836a,73,0.136986301369863,0.0,546780.4989,-1.2215773286259568,-2.4431546572519136,-3.3499978598866305,-6.699995719773261,-4.560832704191936,-9.121665408383873,6.592036357983157e-05,False
0x953cb34f310cdef2ec0351e8c20e87bd53bd3bce,1315,0.28517110266159695,0.30933333333333335,544832.13011,0.3269132973907642,0.6538265947815284,-0.15514499636114745,-0.3102899927222949,1.7722637748572991,3.5445275497145983,6.568546643320183e-05,False
0x9471f70f2518846f7a076636d64e5a22787da105,34,1.0,0.14705882352941177,541690.05999,-0.24056087386410255,-0.4811217477282051,-0.825802805196594,-1.651605610393188,-2.611223687926099,-5.222447375852198,6.530665554817499e-05,False
0xb2e4259532d1c950203438010582e201cd214695,127,0.6929133858267716,0.4545454545454546,539095.70511,-0.30016339512436474,-0.6003267902487295,-1.169735959837675,-2.33947191967535,0.48158772048137577,0.9631754409627515,6.499387771998111e-05,False
0x8e403d0bea9dbf78fa62d2d980b3322d91250151,1218,0.3136288998357964,0.31937172774869105,536247.22796,0.35567394754862997,0.7113478950972599,-0.2483125526277127,-0.4966251052554254,-0.09926170447989154,-0.19852340895978307,6.4650462675453e-05,False
0xa3ba283228168e3b9d5ef18e6a87dc52d67cc7dd,684,0.1915204678362573,0.35114503816793896,534211.42032,1.1510529972593064,2.302105994518613,0.1829661708659842,0.3659323417319684,1.0156514407198856,2.031302881439771,6.440502382004872e-05,False
0xb40865eaf6dfbcfe764ecd8e28a33f4bbc21c19d,57,0.5789473684210527,0.30303030303030304,534084.0,-0.04509431046922376,-0.09018862093844753,-1.1689201513227268,-2.3378403026454535,-0.6091969643738168,-1.2183939287476335,6.438966190820519e-05,False
0xf899937184168b1d9dee75acbaa3fef0f52888db,200,0.74,0.45945945945945943,533971.71367,-0.4491762473505694,-0.8983524947011388,-0.8947575202548945,-1.789515040509789,1.0194587558955865,2.038917511791173,6.437612456421882e-05,True
0xdd18909b43c19ffcf3639fa4cef9ebf530646429,51,0.3137254901960784,0.0,533849.8496,-0.40046088129496404,-0.8009217625899281,-1.0046650179856116,-2.009330035971223,-2.248201438848921,-4.496402877697842,6.436143251902358e-05,False
0x7f084616e706833fabb26a4578c001e73f1a8613,530,0.24528301886792453,0.3538461538461538,533026.07542,1.2476842442028708,2.4953684884057417,0.4146747079672333,0.8293494159344666,1.240660011776602,2.481320023553204,6.426211754059527e-05,False
0x583ea5c4933a1825a003999afe559df8f64a9fd8,1758,0.9948805460750854,0.4957118353344768,532952.91842,-0.7315670787884696,-1.4631341575769392,-1.296844506182534,-2.593689012365068,-1.2084618821892832,-2.4169237643785664,6.425329766488991e-05,True
0x05d9f6c39a75bd6f040d65eb75a4ea6e9e20b60b,1523,0.2541037426132633,0.2790697674418605,532927.6243200001,0.18982280102179053,0.37964560204358105,-0.3157024934325796,-0.6314049868651592,0.10694237221173213,0.21388474442346425,6.425024818475708e-05,False
0xef5fdcefdb38803a654ee9f3539bed8058443d99,1204,1.0,0.3446843853820598,529359.41784,-0.2585153249424728,-0.5170306498849456,-0.763508971613142,-1.527017943226284,-0.578768975379578,-1.157537950759156,6.382006190532187e-05,True
0x0cfc3f1c075fcc56f2642539a6e09c5fbd09d629,42,1.0,0.0,529146.0,-0.010707380475765147,-0.021414760951530293,-0.13811966767908115,-0.2762393353581623,-0.6588376152355792,-1.3176752304711583,6.37943320527841e-05,False
0xb20bc953ddb2e2db220a789e3357fde4dca293ec,56,1.0,0.3928571428571429,527219.0,-0.39005109304134206,-0.7801021860826841,-4.908908276944556,-9.817816553889111,-5.794479162746261,-11.588958325492522,6.356201114727653e-05,True
0xd28e005c992b168d0b20fca312958e105bb260ab,96,1.0,0.0,523779.5,-0.5163706870626984,-1.0327413741253968,-2.5788891005603283,-5.1577782011206565,-9.275216790268486,-18.55043358053697,6.314734184032617e-05,False
0x48b5c751c2d63ac9134ce31f8d3e08b6836f6ee0,914,1.0,0.49671772428884026,520621.48708999995,-0.5836778845532166,-1.1673557691064331,-0.9749126876004623,-1.9498253752009247,-1.0841654716263904,-2.168330943252781,6.276660887776475e-05,True
0x2b4f1449a213d0d513faf62afc0ae031690eb9a6,43,0.023255813953488372,0.0,520218.0,-0.9226901029952828,-1.8453802059905655,-2.7680703089858483,-5.5361406179716965,5.997485669469338,11.994971338938676,6.271796410033383e-05,False
0x624e14a4fa20b39e0fe536fa9621c2c466100bcc,109,0.9357798165137615,0.3137254901960784,513906.25000000006,-0.7807493796464624,-1.5614987592929248,-1.274229782992657,-2.548459565985314,-2.4590276779386473,-4.918055355877295,6.195701367203208e-05,True
0x8342b064d963c5ab6425c7edee4de0a31838b58a,1402,0.26105563480741795,0.27322404371584696,513305.11877000006,0.23348871736823837,0.46697743473647674,-0.13090139642139387,-0.26180279284278773,0.4203957945605646,0.8407915891211292,6.188454073395087e-05,False
0x55f389689b39fdd29d063f8b1aa776666a2dd788,5488,1.0,0.49599125364431484,512868.57568999997,-0.8994856371060539,-1.7989712742121078,-1.4529296909747365,-2.905859381949473,-1.451024554412301,-2.902049108824602,6.18319106957367e-05,True
0xa056c3f50581097c088b180049706805e60d0dfd,35,0.8857142857142857,0.41935483870967744,512489.79016,-0.6989809680580515,-1.397961936116103,-1.2989259553235666,-2.597851910647133,5.166805776698129,10.333611553396258,6.178624396126718e-05,True
0xdb0d5a738082039c5a7df56026a63c367f14bd4a,708,0.031073446327683617,0.2727272727272727,511348.03430999996,-0.2835823237160838,-0.5671646474321675,-1.537057787686502,-3.074115575373004,-0.9677073383509754,-1.9354146767019509,6.16485928180702e-05,False
0x02938da2e3e9e95bc5eeb068a09142ef0792ca17,49,0.42857142857142855,0.47619047619047616,503407.31188000005,-0.7676845732380364,-1.5353691464760728,-3.371887198631659,-6.743774397263318,-0.6629277612669837,-1.3258555225339674,6.06912519642446e-05,False
0xe1c2dcdf77213839887addd2a16940a8113f3fab,77,0.8571428571428571,0.40909090909090906,503060.5,-0.10459947677158897,-0.20919895354317794,-0.23951476588169948,-0.47902953176339896,0.14771755361259867,0.29543510722519734,6.064944000264501e-05,True
0x1a34227804c280126502eb32505460949466889b,71,0.3380281690140845,0.0,499421.03464,-0.5220802661117699,-1.0441605322235399,-0.6059860231654473,-1.2119720463308945,0.041952878526838655,0.08390575705367731,6.0210662686610415e-05,False
0x701855fa8a122de3128e6be82c33e0a6d4afc7b8,1024,0.9375,0.428125,498620.26575,-0.306433893618406,-0.612867787236812,-0.5403939396144805,-1.080787879228961,-0.2752505078291175,-0.550501015658235,6.01141212472606e-05,True
0x4cb5f4d145cd16460932bbb9b871bb6fd5db97e3,250,0.216,0.0,498002.7180800001,0.03291595897354874,0.06583191794709747,0.9730780371555345,1.946156074311069,3.914941870416452,7.829883740832904,6.0039669127961954e-05,False
0x9078d90f329d5b11bca1f91d2097a8c7fce06968,90,0.8666666666666667,0.3076923076923077,497488.34017000004,-1.3276808336357098,-2.6553616672714195,-2.163688987240531,-4.327377974481062,10.396907407765994,20.793814815531988,5.9977655250523286e-05,True
0x655ce9057b6ebe06effe13bb5538681f2fa615b6,52,0.7692307692307693,0.45,496992.41115000006,-0.42015730857282074,-0.8403146171456415,-1.2727832266897483,-2.5455664533794966,-1.9961183533377693,-3.9922367066755386,5.9917865588357286e-05,True
0xff644ad6f3ddeacef73aa9ba0f39ec7e968c693d,810,0.8432098765432099,0.32942898975109813,495985.75880000007,-0.7831673105309894,-1.5663346210619788,-1.1600934439188255,-2.320186887837651,-0.24377656059522348,-0.48755312119044697,5.9796502648303664e-05,True
0x3819661bfe87018b62c302c128b8fb7cf2958ebc,7528,0.0038522848034006378,0.0,494169.64998,0.06289027028433442,0.12578054056866883,-0.4475527041460837,-0.8951054082921674,2.936163331295448,5.872326662590896,5.957755088620573e-05,False
0xb5485243e6c04e4dcbbe7f2718f9c33f0139b540,112,0.30357142857142855,0.0,484575.6,-0.2403741378659302,-0.4807482757318604,0.27930803064180637,0.5586160612836127,3.1468899885373256,6.293779977074651,5.8420883331022226e-05,False
0x88ff73aef0d2de3c9217a9299e39ece3c5589837,781,0.9948783610755442,0.48906048906048905,484116.62915999995,-0.4842791754413267,-0.9685583508826534,-0.9342243952556977,-1.8684487905113953,-0.8024958863828873,-1.6049917727657745,5.83655493812815e-05,True
0xd4190149ba808beec778d397f327a63937f481c4,436,0.29128440366972475,0.49606299212598426,483992.55184999993,-0.7600360112304753,-1.5200720224609505,-2.1827955940746993,-4.3655911881493985,-5.414300569663384,-10.828601139326768,5.835059050582112e-05,False
0x60ec1e2d7f053488a5e005e22d1233050a5d304e,432,0.16203703703703703,0.21428571428571427,482490.5126,-1.017520369690013,-2.035040739380026,-0.8451315465164192,-1.6902630930328384,-5.411699014440724,-10.823398028881448,5.8169503262091016e-05,False
0xec8452247143d06e98f97c352408070bb7ffaddd,2172,0.901012891344383,0.49156872764435355,477520.68721999996,-0.819787501919564,-1.639575003839128,-1.367243429287177,-2.734486858574354,-1.5118470911855681,-3.0236941823711363,5.757033650936856e-05,True
0xf16074940f3df4cce3898c90990619df2db9b4ab,1566,0.20689655172413793,0.25308641975308643,475859.87148,0.36920431243925017,0.7384086248785003,-0.24720965722993238,-0.49441931445986476,1.172067588282939,2.344135176565878,5.7370107024885924e-05,False
0x9c2a2a966ed8e47f0c8b7e2ec2b91424f229f6a8,37,0.6756756756756757,0.0,471792.7228,-0.028377150527225083,-0.05675430105445017,-1.529702365243775,-3.05940473048755,-3.028229435565326,-6.056458871130652,5.6879767811512e-05,False
0xa78a41f79e3065b76ae67b3ba54a7368c3464bf8,2104,0.03326996197718631,0.15714285714285714,471587.14835999993,-1.0016646582221875,-2.003329316444375,-1.6098311423007579,-3.2196622846015157,-1.801925249794119,-3.603850499588238,5.685498356654571e-05,False
0x7cb42a9fd91d7f2b506de9205254e41bede28439,323,0.11145510835913312,0.33333333333333337,469554.77597,0.2809348849637917,0.5618697699275834,0.05609276684581424,0.11218553369162848,-6.02427947960531,-12.04855895921062,5.660995886806445e-05,False
0xe4b71fe038dbaddbdc92d980792f434ec472348c,500,0.224,0.3660714285714286,467434.26318999997,1.2861008113033816,2.572201622606763,-0.05855629361399152,-0.11711258722798304,-0.623368636461181,-1.246737272922362,5.635430788249621e-05,False
0x3e6527de2cfec82ce5240d5559a8b09d256d5d6d,87,0.2988505747126437,0.0,466404.0,-0.6437671336166052,-1.2875342672332104,1.0213020950106075,2.042604190021215,9.143936893199465,18.28787378639893,5.6230098397694996e-05,False
0x8b501a6090fd3c6b905b1a0099e2e216a5a2d40d,292,0.6986301369863014,0.0,465813.05042000004,-0.18709524908423827,-0.37419049816847655,0.8569151663604643,1.7138303327209286,-0.1685173342774832,-0.3370346685549664,5.615885296877185e-05,False
0x8d45b947566e89a4ccd05b142b9a947761da8da9,3140,0.9949044585987261,0.47983354673495515,463198.33125,-0.9853298564222743,-1.9706597128445487,-1.69827923394745,-3.3965584678949,-2.261131563611395,-4.52226312722279,5.584362000290654e-05,True
0xf5830ff9b625b60131d82530c51c9e294a9f7478,284,0.11267605633802817,0.34375,461941.64393,0.35050446019969356,0.7010089203993871,1.559329669383148,3.118659338766296,5.162829682474602,10.325659364949203,5.5692112615193885e-05,False
0xb9a5b462c0b4f21b074757463c16ec3698a03b9d,90,0.15555555555555556,0.0,451750.0,0.007905763301446754,0.01581152660289351,-3.3915724563206586,-6.783144912641317,-4.024033520436397,-8.048067040872795,5.446339857968353e-05,False
0xe3f177c3adbda8ad779ce3895b1a8b4aa456a9fa,152,0.875,0.26315789473684215,451694.00823000004,-0.41411283862143833,-0.8282256772428767,-0.7043656418780899,-1.4087312837561798,0.545671342976707,1.091342685953414,5.445664816001183e-05,False
0x69423c20cb04da697996534507f8541fdb3e9aa9,596,0.6359060402684564,0.237467018469657,450782.24876,-0.6379064057422924,-1.2758128114845848,-0.8720773066373158,-1.7441546132746315,-1.768620167558919,-3.537240335117838,5.434672559349625e-05,False
0x33d730566fb2aeb4d93db15fcca7fd980cc53bad,62,0.14516129032258066,0.0,450058.46963000007,-0.5327245892957321,-1.0654491785914642,-1.395079814876491,-2.790159629752982,-3.3866206468335105,-6.773241293667021,5.4259466110948724e-05,False
0x15271757b398cd1d3d7cca05c4f7b0c159afa7c2,45,0.6888888888888889,0.0,449928.86399999994,0.06545873481357352,0.13091746962714704,1.1164350882092817,2.2328701764185634,7.364107666527022,14.728215333054044,5.424384073610674e-05,False
0x9b6e12b36508282d3e89a2f9cd3104303c09b4ff,247,0.3360323886639676,0.1807228915662651,448083.99439999997,-0.019920723027324675,-0.03984144605464935,-0.19028035957062805,-0.3805607191412561,0.18459254107989628,0.36918508215979257,5.4021421547723035e-05,False
0xf010fa1c65350b686073d4eb7605354feb40b2cb,69,0.18840579710144928,0.0,447595.99999999994,0.1219484375575149,0.2438968751150298,-0.25125102053076936,-0.5025020410615387,-5.86341090158524,-11.72682180317048,5.396258849069623e-05,False
0x3a6998b1ac408768bdcbd075789c03c610c2bbed,44,0.6363636363636364,0.0,445834.82665999996,-0.12817966834374,-0.25635933668748,-0.8813532091046433,-1.7627064182092866,-0.9299547635968273,-1.8599095271936545,5.3750259800968884e-05,False
0x888e000c78b8f1aada5b3c99f880794907b76d77,36,0.2222222222222222,0.0,444561.99999999994,-0.23915166528192283,-0.47830333056384566,-0.7447539549030897,-1.4895079098061794,0.8420844994414969,1.6841689988829938,5.359680663947153e-05,False
0x4b44d7fc0da147faf55c4db1448ba2537b5d868c,82,0.35365853658536583,0.034482758620689655,441140.0,-0.011709830252690956,-0.023419660505381912,-0.0038311281129758583,-0.007662256225951717,-0.940156792301021,-1.880313584602042,5.318424714873623e-05,False
0xaa2a33c424b92cdc042e40c522cb48e586e83026,307,0.9837133550488599,0.0,439231.39006999996,-0.32627995095639023,-0.6525599019127805,-1.1639140682955598,-2.3278281365911195,-0.7965876568047865,-1.593175313609573,5.2954143367107596e-05,False
0xd487e26c62ed8c28ce3cc70b5791e501c2934982,151,0.4966887417218543,0.0,437400.33596,-1.0416389854611419,-2.0832779709222837,-1.0441363407688915,-2.088272681537783,-0.7176234074089752,-1.4352468148179505,5.273338978699936e-05,False
0x5cf2cc2c71231c23cd5c5a008b9339da33f0fa57,54,0.25925925925925924,0.0,436792.5,-0.008166145471036652,-0.016332290942073304,-0.05713755993066805,-0.1142751198613361,1.627069386253058,3.254138772506116,5.266010852045693e-05,False
0x89bdfd6caab017d28d9296c2513e687db99b3df2,682,0.33724340175953077,0.408695652173913,434249.82920000004,0.5719401347297093,1.1438802694594186,-0.0385964220490571,-0.0771928440981142,0.2437734394482762,0.4875468788965524,5.235356177283696e-05,False
0xbe60007eb1467bd6eceb402c0796ea36ff1d6c6a,1234,0.21312803889789303,0.35361216730038025,431557.05507000006,0.6191665539264319,1.2383331078528639,-0.4915140336881238,-0.9830280673762476,0.22224262155865912,0.44448524311731824,5.2028918428670386e-05,False
0x27806ea2a3e6dd93c21b76a79e9fef28fc129219,91,0.5054945054945055,0.021739130434782608,429847.35306999995,-0.004723127332308959,-0.009446254664617917,-0.424071550033111,-0.848143100066222,-1.0515043578462582,-2.1030087156925164,5.182279517138541e-05,False
0xa567027c7a7a5f3b2e2e58de823cef0c3d5e1e1f,55,0.8727272727272727,0.5,429666.70000000007,-0.13022196229770241,-0.26044392459540483,-1.5183516553072651,-3.0367033106145302,0.08096320406138717,0.16192640812277434,5.1801015469877835e-05,True
0x9a3664a58b6a6579319c44bdd06a381ec8b47b6a,165,0.19393939393939394,0.40625,426709.95671,-0.22566519007178298,-0.45133038014356597,-0.9157883291973876,-1.8315766583947752,-4.875935330764299,-9.751870661528597,5.1444547759194764e-05,False
0x30a7a78ada9aaada13ef7290ce2d18554c9cbd80,211,0.18009478672985782,0.0,423571.93250000005,-0.34454737329131113,-0.6890947465826223,1.8424894996686798,3.6849789993373596,10.763723393362032,21.527446786724063,5.1066224652826366e-05,False
0x8c58d0919ad10db0fdbe1f8e0b715cfa0fc9728e,1658,0.1574185765983112,0.3984674329501916,421699.17588,0.5657554865211276,1.1315109730422552,-0.2658008476653872,-0.5316016953307744,0.8630391684176077,1.7260783368352155,5.084044337947207e-05,False
0xd9c1ef5e179d706c4296b3abccbba362eb24158b,601,0.37104825291181365,0.45739910313901344,417451.11367,0.6673649956706595,1.334729991341319,-0.10191269207823997,-0.20382538415647994,0.4604646113775751,0.9209292227551502,5.032829306329161e-05,False
0x6628f829994f1756257e6c2468dabd675a530a1d,471,0.4883227176220807,0.408695652173913,416932.77760000003,0.4105295095126394,0.8210590190252788,-0.2364968039972568,-0.4729936079945136,0.23789597599223378,0.47579195198446755,5.026580198641583e-05,False
0x34fd5c719d068e4015b8edcb77dd2f0d7eb8109a,571,0.0035026269702276708,0.0,410991.25548,-1.2515281564462393,-2.5030563128924785,-4.408586890967829,-8.817173781935658,-2.4317680265448516,-4.863536053089703,4.9549486574370296e-05,False
0x77435010f5e34e2fa04f5ce7d49e57a8bd8de4fe,158,0.9430379746835443,0.06040268456375839,409818.66658,-2.055615494249249,-4.111230988498498,-3.9687249815155714,-7.937449963031143,5.830139364580489,11.660278729160979,4.9408118170096225e-05,False
0xa9e59e6a0f3832f38ea3fdd4e9e761d2083c5c58,244,0.45491803278688525,0.0,407786.0,-1.729783274965562,-3.459566549931124,-0.7672200599147921,-1.5344401198295843,6.5417407007676704,13.083481401535341,4.916305800379596e-05,False
0xfa3c478b7eceeedb6c971657e61282553429a929,351,0.9458689458689459,0.43373493975903615,407755.04021000006,-0.6696263602785187,-1.3392527205570375,-0.44397107382344736,-0.8879421476468947,1.5437570245206707,3.0875140490413413,4.9159325462827046e-05,True
0x6963c63e091e545ea6c57b35ee8d8b2e5219bddb,132,0.022727272727272728,0.0,403895.18001,-1.2267338768136145,-2.453467753627229,-2.6765102766842497,-5.353020553368499,2.5649890151557395,5.129978030311479,4.869397714066997e-05,False
0x24a81ade94952eff40bdb081a230f8fdd4a4313c,564,0.40425531914893614,0.38596491228070173,402541.2824,0.4325308832533051,0.8650617665066102,-0.10416755264878019,-0.20833510529756039,0.06819962932490117,0.13639925864980235,4.853074999032241e-05,False
0x4268c9e3c4476f91baabd87cff42feb378dc03bd,539,0.39517625231910947,0.4460093896713615,402465.5528099999,0.6510771244438103,1.3021542488876205,-0.2809961633310943,-0.5619923266621886,0.37632350919221863,0.7526470183844373,4.8521619960782945e-05,False
0x298e21ddd7320c393afdbf0c59dc4e4034a4b68d,610,0.35737704918032787,0.44036697247706424,401789.76992,0.498350526396543,0.996701052793086,-0.4536972165536848,-0.9073944331073696,0.09522488068325737,0.19044976136651473,4.8440146949401876e-05,False
0x3c3a43c5661c9965791d7bc438c968555ee03fbd,100,0.66,0.3787878787878788,400930.62342,-0.321916576466383,-0.643833152932766,-0.9447683190970559,-1.8895366381941119,-2.628042889424436,-5.256085778848872,4.83365674512993e-05,False
0xc81627434af14d5b35d808f40227d18d41c35c64,639,0.3427230046948357,0.3881278538812786,400920.19055999996,0.537260174489397,1.074520348978794,-0.26565881121758234,-0.5313176224351647,-0.1045902520039224,-0.2091805040078448,4.833530965603088e-05,False
0x66701345620a1d2d81e37f9fd8c74491e8c7d525,548,0.4233576642335766,0.47844827586206895,399211.04500000004,0.4957230991076407,0.9914461982152813,0.14920152565550404,0.2984030513110081,0.18510311300599835,0.3702062260119967,4.8129253483667913e-05,False
0xf1489077fa6df778a411a59b393774e7d0cde5a1,526,0.39923954372623577,0.42380952380952386,399020.33084000007,0.7189298999514053,1.4378597999028107,-0.22578112221913013,-0.45156224443826026,0.06923529326333815,0.1384705865266763,4.810626080782758e-05,False
0xe4d933fb1e35c6e6a489ccc65561094e39efcb76,624,0.34615384615384615,0.4027777777777778,399013.39171,0.5690692909624298,1.1381385819248595,-0.4271026714025602,-0.8542053428051204,-0.7111744369056651,-1.4223488738113301,4.810542421988516e-05,False
0xe8ef95e07161df78552da11fd95d287dd6d65201,507,0.4280078895463511,0.4470046082949308,397312.54046000005,0.65853155843084,1.31706311686168,-0.2315717137746461,-0.4631434275492922,-0.7698162282849711,-1.5396324565699422,4.790036801722107e-05,False
0xabcaea50f029aca1204a5ff64150279871dec56c,489,0.4396728016359918,0.4372093023255814,395830.83587,0.46343600734785434,0.9268720146957087,-0.4454970591276342,-0.8909941182552684,-0.47797861496453975,-0.9559572299290795,4.772173233894212e-05,False
0x6d0ad2394d71097fff94c7eabe659929eb02db90,908,0.024229074889867842,0.0,395827.5247,-0.5095257433424357,-1.0190514866848714,-0.9376146263751927,-1.8752292527503853,-2.0386144846619665,-4.077228969323933,4.7721333141218875e-05,False
0x01783e91d31c69633153c2aadbf9b7901049d03a,537,0.3854748603351955,0.4444444444444444,393956.24024,0.4992989516718824,0.9985979033437647,-0.16915946925057768,-0.33831893850115535,-0.11841664001186679,-0.23683328002373358,4.749572935283825e-05,False
0x4f65e90a62eae8cc8c85afd6c856874c99970934,554,0.37184115523465705,0.4271844660194175,391798.63949999993,0.6100405319604202,1.2200810639208404,-0.0712911037695754,-0.1425822075391508,0.4876845028057927,0.9753690056115853,4.723560700844767e-05,False
0x7e73ccc793e2448c4510249e71de9aee4442d7dd,74,0.14864864864864866,0.0,391195.17432,-0.4451596675740324,-0.8903193351480648,-0.9265950668796186,-1.8531901337592371,6.021412984073368,12.042825968146737,4.716285268719189e-05,False
0x1032135aa1539330698b5b10da3dd0f62606f704,94,0.18085106382978725,0.23529411764705882,390171.26145,-0.6673210792273894,-1.3346421584547787,-2.382781679998171,-4.765563359996342,-1.053711579358319,-2.107423158716638,4.703940880285392e-05,False
0x00766a2dcb929ae18931b48ca130a2ebca3ea186,133,0.9473684210526315,0.10317460317460314,388904.55896000005,-6.542204950915953,-13.084409901831906,-4.464546834226407,-8.929093668452815,9.290930456220195,18.58186091244039,4.688669397696628e-05,False
0xba6de73b64eca3ff95c4ab7e5328912c360bd003,567,0.37566137566137564,0.45070422535211263,388504.79411,0.7115806989177991,1.4231613978355981,-0.04817807196452968,-0.09635614392905936,-0.43392887128139196,-0.8678577425627839,4.683849795623866e-05,False
0x667b8184fcb9e83bf3180bb42f5c67374cde679a,509,0.3968565815324165,0.43069306930693074,387330.84915,0.4690758878668159,0.9381517757336318,-0.4119306575840466,-0.8238613151680932,-0.24593292754485485,-0.4918658550897097,4.66969660641145e-05,False
0x95b5653dfd12b0bc13c08297869621c9650aa6bb,598,0.33277591973244147,0.4321608040201005,385416.3404,0.5636693164609151,1.1273386329218302,-0.15469741393535727,-0.30939482787071454,0.3722336978920519,0.7444673957841038,4.646615111528098e-05,False
0xfb3ec1b4a86717988540aaecfcb3f2115c50d2e6,1276,0.03761755485893417,0.16666666666666663,383891.49294,-0.1949738716700048,-0.3899477433400096,-0.7748403447539767,-1.5496806895079533,-0.1413993727370962,-0.2827987454741924,4.628231409261978e-05,False
0x42be8a7a39db60abe34d878f92ff22243cfde2b3,522,0.40229885057471265,0.43333333333333335,382041.0412,0.4928380206021643,0.9856760412043286,-0.1402798036200461,-0.2805596072400922,-0.3759573700454834,-0.7519147400909668,4.60592219162654e-05,False
0xf95d03aad477e1be3b2840dc7e19da99ebcb39e2,150,0.8533333333333334,0.484375,380234.77685,-0.849761211028377,-1.699522422056754,-2.2694790196609542,-4.5389580393219084,-2.2898550077683004,-4.579710015536601,4.5841457012592304e-05,True
0xc06103cbd0ba469640d4139621977f65ca8e7041,662,0.3066465256797583,0.41871921182266014,378406.71563999995,0.6210613985735287,1.2421227971470574,-0.27151988611407885,-0.5430397722281577,-0.3577664361132841,-0.7155328722265683,4.56210642592812e-05,False
0x4e7cfe8e3e20284ba246978abaf301c5fb0ccc9c,523,0.3881453154875717,0.43349753694581283,378019.3823899999,0.39861785110520187,0.7972357022104037,-0.6173210369690433,-1.2346420739380866,-0.5474228289450794,-1.0948456578901589,4.557436700376838e-05,False
0xde22e70994ffd3748b78c82af635d8c584044903,544,0.36764705882352944,0.41000000000000003,376216.78132,0.4385924512158034,0.8771849024316068,-0.40025811527996424,-0.8005162305599285,0.0488885796831882,0.0977771593663764,4.535704374852639e-05,False
0x53ac3da992efb3785a615f281380ed7e591fbe79,484,0.4049586776859504,0.40306122448979587,375556.22797,0.7252290309327549,1.4504580618655099,-0.2668636720185804,-0.5337273440371608,0.17460126828929817,0.34920253657859635,4.5277406824599006e-05,False
0x940587add074ff0c4dd973b46018af4a73a81f36,664,0.30873493975903615,0.3951219512195122,375501.82946000004,0.49713629314971525,0.9942725862994305,-0.05599778617722114,-0.11199557235444228,-0.03232272263726566,-0.06464544527453132,4.527084848982918e-05,False
0xf11d2b4a16e787fe4d3ac318f3aa2b7128b226fc,799,0.07759699624530664,0.0,374876.209,-2.359798173411136,-4.719596346822272,-1.9903245470992588,-3.9806490941985175,-2.555016916017639,-5.110033832035278,4.519542310748809e-05,False
0xe3c4e9953f3e37b9ca68b0b91baf4c5e80911a76,195,0.4512820512820513,0.4772727272727273,373375.32,-0.17699317448015467,-0.35398634896030934,-1.289393152425427,-2.578786304850854,-2.9044369535139345,-5.808873907027869,4.501447453896377e-05,False
0x9878b73eba4475a8ca8bb9be119c3f85df988e9d,521,0.4049904030710173,0.4454976303317536,371021.85164,0.5774458802025951,1.1548917604051903,-0.639620990753942,-1.279241981507884,-0.020135449891852734,-0.04027089978370547,4.4730738212820205e-05,False
0xd66ee7f1cd5d9cb82d45ef18a9889b6ab41caf93,227,0.2555066079295154,0.31034482758620685,370428.1949,-0.35162549122122144,-0.7032509824424429,-0.41851188944101797,-0.8370237788820359,3.2913720297619986,6.582744059523997,4.4659166406179066e-05,False
0x4b563051258ade30122940b80f575363baa4445b,41,0.0975609756097561,0.0,367927.13352,-1.8968133535660092,-3.7936267071320184,-1.2831384450593593,-2.5662768901187185,3.319423368740516,6.638846737481032,4.435763612878848e-05,False
0x73ff94a3809ad151162de2efc6ebf2552028bbc6,519,0.9961464354527938,0.4352030947775629,358908.70996999997,-0.44192411777915225,-0.8838482355583045,-0.9500690106213423,-1.9001380212426846,-1.3450528951661802,-2.6901057903323604,4.327036662936612e-05,True
0xe15ec2db7dcb1fced329e9b38865ce546e688764,440,0.42727272727272725,0.3563829787234043,358670.31922000006,0.6056875449172671,1.2113750898345341,-0.2588633577066524,-0.5177267154133048,-1.1080397026970132,-2.2160794053940265,4.324162601965952e-05,False
0x69906b0ed626ca01a4b7c001e5711e5714ccf207,285,0.0035087719298245615,0.0,358000.0,-5.921787709497207,-11.843575418994414,-3.575418994413408,-7.150837988826816,7.4860335195530725,14.972067039106145,4.316081171339613e-05,False
0xdbe452f1a0d0190e161b5fae8ee3a530f099d9a3,519,0.03468208092485549,0.0,357083.62450000003,-0.13193088515470386,-0.2638617703094077,0.031155796187283577,0.062311592374567154,-2.76132402856571,-5.52264805713142,4.305033263402667e-05,False
0xc8e006b05694165e5459d5ac297c6857f97d8f23,322,0.018633540372670808,0.16666666666666663,354605.0,-1.0525758162145356,-2.105151632429071,-0.5827604956322697,-1.1655209912645395,-0.6545507130169284,-1.3091014260338567,4.275150736767831e-05,False
0x8f315a041fbf4fdb75979e23b800dc2e6eace3a8,56,0.375,0.2857142857142857,350552.49999999994,-0.4945312488009273,-0.9890624976018546,-2.5760944026115036,-5.152188805223007,-2.321686263904136,-4.643372527808272,4.226293421273825e-05,False
0x929781596752e22382e604ab7d38e4f159334383,374,0.07219251336898395,0.0,349357.0,-0.47080358488293617,-0.9416071697658723,0.45423100207144484,0.9084620041428897,-1.4811013676669118,-2.9622027353338236,4.2118803625019366e-05,False
0x27c9fa86c91b84ddfa15de58c482ff662498d65d,49,0.9387755102040817,0.28260869565217395,348012.10945999995,-0.3299264827220652,-0.6598529654441304,-1.0450921741384538,-2.0901843482769076,-1.7692844330357216,-3.538568866071443,4.195666237537671e-05,False
0x6e832b6c21d043f19197779ceeb78e526f76a435,3953,0.018466987098406273,0.0821917808219178,347815.29186999996,-0.9124984910967878,-1.8249969821935756,-1.5532949636057523,-3.1065899272115045,-2.1297840695905426,-4.259568139181085,4.1932933864360304e-05,False
0xc4eb77b9e6b5de15ac8b6724dd183d669f4fccf4,339,0.0471976401179941,0.0,347360.13987,-0.14145552072606288,-0.28291104145212576,-0.7645507161948901,-1.5291014323897802,0.04134091509353621,0.08268183018707242,4.187806031750842e-05,False
0xf5dd745bcf393686ceffb6a43f7e7b4c172aefad,609,0.3054187192118227,0.3602150537634409,346628.73818,0.5958520075253406,1.1917040150506812,-0.04933748677166948,-0.09867497354333896,-0.6120957766679455,-1.224191553335891,4.1789881852064424e-05,False
0xeaa32b3bae86aefcc1c7577cc3e555d72ca75fdc,113,0.6991150442477876,0.4050632911392405,343363.53607,-0.11326184110049937,-0.22652368220099875,-0.6488251928484056,-1.2976503856968111,0.9372775082501256,1.8745550165002511,4.1396226060232316e-05,False
0x7af0b7a51c6bbf3970a5d0c79fc958f3d5ec58b7,895,0.20670391061452514,0.20540540540540542,341388.98589999997,0.8036545638949082,1.6073091277898164,-0.03230087890576873,-0.06460175781153746,0.06643615065927837,0.13287230131855673,4.11581724621708e-05,False
0x62d11e954cfb3de16379708eb961fdd52002fcd7,60,0.13333333333333333,0.0,340207.89179,-6.428151377796924,-12.856302755593848,-6.644890083510357,-13.289780167020714,-7.881087203619365,-15.76217440723873,4.101577866189843e-05,False
0x8e99660e082bf2dc605462261d2b53d37762234b,100,0.64,0.109375,339746.0087,-0.0892984738590317,-0.1785969477180634,-0.16962664864978202,-0.33925329729956405,1.4483032760566557,2.8966065521133113,4.096009360859929e-05,False
0xbf833cae0ff9db6e27a469ee79adf257e3f55a55,51,0.21568627450980393,0.0,338539.95873,-0.4667485248542789,-0.9334970497085578,-0.9127905570752031,-1.8255811141504061,-0.8003539966182035,-1.600707993236407,4.0814691106721865e-05,False
0x7213466fb8a382b977cc9086a12ecbc17e9d4df8,117,0.9401709401709402,0.009090909090909038,334181.8984,-1.1542463409670554,-2.3084926819341107,2.0925104051883285,4.185020810376657,11.832781237946659,23.665562475893317,4.028927931527284e-05,False
0xae78adaba70f18c15418001263504af373884520,167,0.041916167664670656,0.0,334159.34725000005,-0.23044395027019557,-0.46088790054039114,-1.6131076518913687,-3.2262153037827375,-2.1892175275668575,-4.378435055133715,4.028656052773354e-05,False
0x0e3f5bb797e3953fed2a319544d0e821b4a11e1c,123,0.7886178861788617,0.45360824742268047,333911.6319200001,-0.05407982950451917,-0.10815965900903834,-0.19596356789094962,-0.39192713578189925,0.3063768502094296,0.6127537004188592,4.025669573802223e-05,True
0x68d017f8c75d22af6a48aa6f2f697c658ec15599,746,0.23994638069705093,0.2067039106145251,333905.6718,0.8045990329707322,1.6091980659414644,0.08593626524892944,0.1718725304978589,1.2488212183249159,2.4976424366498318,4.0255977180432525e-05,False
0xe65bac8dd067e2bf78e78c6fb3b18903d55db802,874,0.2208237986270023,0.11917098445595853,331025.90408,0.3630526317486357,0.7261052634972714,-0.8564786718750189,-1.7129573437500378,0.216526766724872,0.433053533449744,3.99087897157922e-05,False
0x09230332aa55465fad91eb63e99715ce88086b9c,1956,0.9856850715746421,0.4797717842323651,330190.54904,-0.21912761787845206,-0.4382552357569041,-0.7435887951823149,-1.4871775903646298,-0.6592459677136434,-1.3184919354272868,3.980807853815177e-05,True
0x53e87a2531f11ecb58eb53281c93f9fba5cd5e68,4495,0.9995550611790879,0.47206766080569773,328729.75484,-0.6323722371484568,-1.2647444742969136,-1.2963510925939408,-2.5927021851878815,-1.452321647841713,-2.904643295683426,3.9631963835866236e-05,True
0xc2d1a78bd459aa9f2637e10305f5a12df8be4606,78,0.20512820512820512,0.125,324277.90294,-0.5359047563160815,-1.071809512632163,-2.90607334249073,-5.81214668498146,-4.055525556440844,-8.111051112881688,3.90952444458332e-05,False
0x3faf35a220e0d6a3bc3cce4ca54454aba68cfd6a,839,0.19785458879618595,0.17469879518072284,323402.43299999996,0.7862685724154188,1.5725371448308376,0.0883437960976631,0.1766875921953262,0.673383190764202,1.346766381528404,3.898969697867935e-05,False
0x7e8100f91ad3780cc71995194289bb8eb1b1ad7b,54,0.7407407407407407,0.05,321274.67344,-0.10103037469022418,-0.20206074938044835,0.15493929338117904,0.3098785867623581,0.8213655292445721,1.6427310584891441,3.873317231459963e-05,False
0xcaa470a5ab9394d82ca6ec4fc4688e8f8b6cc021,1513,0.9980171844018506,0.47152317880794703,320860.55659,-0.5481589536842726,-1.0963179073685452,-1.2012913812163075,-2.402582762432615,-1.381461645337865,-2.76292329067573,3.8683246003453836e-05,True
0x52c53c35f288489f4ae43e9630afa74ca576df4d,62,0.16129032258064516,0.0,319997.96416,-0.6842614244520946,-1.3685228489041892,-4.243556709795358,-8.487113419590717,-6.685940282074912,-13.371880564149825,3.857925106083755e-05,False
0x7d5c17cddaabc227c7d1a34ac7f6cdfda6985d48,87,0.4827586206896552,0.16666666666666663,318890.91933999996,-1.546085905134894,-3.092171810269788,0.10448585312233646,0.20897170624467293,1.1263076562234382,2.2526153124468764,3.84457847115797e-05,False
0xa80cc137d1d92a8ea6f67de3d6fc6f59da3cb152,35,0.45714285714285713,0.5,317350.2991,-0.1183939716209558,-0.2367879432419116,-0.9703292203928157,-1.9406584407856313,0.6774456911825619,1.3548913823651239,3.826004610794705e-05,False
0x699ee2ae1223008f599d896e77fc3b0299ed0952,51,0.7058823529411765,0.3333333333333333,316145.04339999997,-0.9635080781444118,-1.9270161562888235,-1.964495299303855,-3.92899059860771,3.291849168946993,6.583698337893986,3.811473936399678e-05,True
0x7f55a0b28ba031dc08c1fdf7336a74e399b840d1,299,0.0802675585284281,0.0,315132.75453000003,0.00474676934878122,0.00949353869756244,0.09493538697562438,0.18987077395124877,-0.13290954176587413,-0.26581908353174827,3.799269687986931e-05,False
0x2f55331b4fa24efa8fbfeafb896669c0733f827a,419,0.38902147971360385,0.36809815950920244,313605.08208,0.5869052057452245,1.173810411490449,-0.276123019775792,-0.552246039551584,0.18509494079477587,0.37018988158955174,3.7808519273796144e-05,False
0xeb6eda4756f831824cd28e568ef8adcff35016e3,844,0.22511848341232227,0.14210526315789473,312934.60447,0.2741279167462763,0.5482558334925526,-0.6593685745641183,-1.3187371491282367,0.6627045449461806,1.3254090898923612,3.7727685871887605e-05,False
0x8750cfcba2c3f45a5269251343eb056c3ed99321,47,0.5957446808510638,0.0357142857142857,312539.5,-2.1227038541558843,-4.2454077083117685,0.08251209265625667,0.16502418531251334,10.302903346949043,20.605806693898085,3.768005171089098e-05,False
0x4e5f9b35ce910d78c4c1aa534cfcdd4fdc2f04ea,152,0.09868421052631579,0.0,311805.0,-2.9106642016044977,-5.821328403208995,-3.828562846577438,-7.657125693154876,-9.51943347274888,-19.03886694549776,3.759149971032257e-05,False
0x13639fb4a6ba5de085420b998493cc1b6911e5aa,125,0.272,0.2647058823529411,311555.69817000005,-3.4385859937296583,-6.877171987459317,-2.045501333578576,-4.091002667157152,1.98768157652612,3.97536315305224,3.7561443650701254e-05,False
0xf02d7a41a5047e1f2e4ec0d786bea4e7dd13e8c5,52,0.9038461538461539,0.0851063829787234,310398.5,-0.8525794066379532,-1.7051588132759063,1.2769501255953744,2.5539002511907487,1.4539619203434324,2.907923840686865,3.7421930767096615e-05,False
0x68a68ea09f8664fac750090e6006de18e282d333,183,0.00546448087431694,0.0,307758.5,3.4117660438298207,6.8235320876596415,3.298040509035494,6.596081018070988,13.988240779702268,27.976481559404537,3.710364992094197e-05,False
0x534f89335cb490872247e18320b36e63cc42367c,50,1.0,0.0,307177.49999999994,0.03190337833988492,0.06380675667976984,0.04557625477126417,0.09115250954252833,-0.9297555973337892,-1.8595111946675784,3.703360402260262e-05,False
0xe383e214bd4b32a9ef9cf688ee98976b57f6c9c6,192,0.171875,0.18181818181818182,304836.87562,-0.10222475822182724,-0.20444951644365447,-1.648332099481116,-3.296664198962232,-0.7749119563458443,-1.5498239126916886,3.675141617858876e-05,False
0xe2e147a42768d53bc14bb8063e360df4cfac08cc,70,0.6571428571428571,0.04347826086956519,301212.56594,0.12091276925294739,0.24182553850589478,0.05716767498578203,0.11433534997156405,2.0175616077437835,4.035123215487567,3.631446604537781e-05,False
0x6ce8a609b7e76d22b3cf477c16453ef9ec9a188a,863,0.18076477404403243,0.14102564102564108,299089.83775000006,0.5870650331319452,1.1741300662638905,-0.3092077009697234,-0.6184154019394468,0.08847246301191994,0.17694492602383988,3.605854796792724e-05,False
0x554b1bd47b7d180844175ca4635880da8a3c70b9,41,0.3902439024390244,0.375,298355.22804,-0.005382222539444967,-0.010764445078889934,0.7838783283682131,1.5677566567364263,-0.7877795807327972,-1.5755591614655944,3.5969982740619575e-05,False
0x51c05f9a6274a26f43112d5bdad745ee3f89dfdb,483,0.3084886128364389,0.020134228187919434,298142.23572999996,-0.5506798850089383,-1.1013597700178765,-1.5834748323560492,-3.1669496647120985,-0.9788529539705783,-1.9577059079411565,3.594430419037288e-05,False
0xa59362891a6910c0d16171ac10ad43ba994bbcde,737,0.208955223880597,0.18181818181818177,296196.88259,0.6892419698867044,1.3784839397734088,-0.2175518985310073,-0.4351037970620146,0.2626057146215528,0.5252114292431056,3.570977061330137e-05,False
0xcd353d93f3f9fc70f248dccdc944da768b55d6b2,370,0.4189189189189189,0.34838709677419355,295969.79996,0.8598626065758349,1.7197252131516698,-0.6117579172065106,-1.2235158344130213,0.23136239462023714,0.4627247892404743,3.568239332101977e-05,False
0xc5d019e457d9a45fd10a5e8a3edeea2bdc2014cd,279,0.20430107526881722,0.29824561403508776,294603.31,-0.3802435854404582,-0.7604871708809164,-0.7448338854522631,-1.4896677709045263,-2.848826693799493,-5.697653387598986,3.551764802528847e-05,False
0xa6c9c1886ebfc76a4f409cb325e85916c0c4632c,111,0.10810810810810811,0.0,292186.56409999996,-0.7017134935362487,-1.4034269870724974,-0.6071881777927198,-1.2143763555854397,0.6364546438533966,1.2729092877067931,3.52262829002912e-05,False
0x6daec5ff434924e0839358e710e6ae5f158590de,96,0.8229166666666666,0.0,291701.88243,-0.8325456659778728,-1.6650913319557457,0.992270046717261,1.984540093434522,13.508724838286128,27.017449676572255,3.51678492290627e-05,False
0x9a5ac11119836246664b10044274758b2242f10f,952,0.0063025210084033615,0.0,291676.92065000004,0.0,0.0,0.30339230521265903,0.6067846104253181,2.4271384417012722,4.8542768834025445,3.516483981373697e-05,False
0xb0c66e86ee3136279998501239d64d00567599ac,37,0.1891891891891892,0.4285714285714286,290800.4,-1.1710493122078642,-2.3420986244157285,-2.4395372273065923,-4.879074454613185,-3.8069315472715806,-7.613863094543161,3.505916567201196e-05,False
0x8419d99bf0c7f6b2d1c10314032f0c224e5f4c73,30,1.0,0.19999999999999996,290527.88603000005,-0.11151334371243532,-0.22302668742487064,-1.099261065582922,-2.198522131165844,-3.6634077825122238,-7.3268155650244475,3.5026311135284474e-05,False
0x9ff2650389420617f6ddef53a4c038a65e3775b7,312,0.8301282051282052,0.15444015444015446,288076.53241,-0.44527698147584394,-0.8905539629516879,-1.783884109794592,-3.567768219589184,-0.2315056001276061,-0.4630112002552122,3.47307736714974e-05,False
0xc2f3a965e92aa4017d17f925f3df337127bb02ea,435,0.3425287356321839,0.32885906040268453,287898.40300000005,0.7275715959513835,1.455143191902767,-0.5465973530661627,-1.0931947061323255,-0.5944802245817522,-1.1889604491635044,3.4709298224777775e-05,False
0x36473510ef1062f7e632de21afe2e07628c66c46,41,0.8292682926829268,0.23529411764705888,287838.1285,-0.7950632973372365,-1.590126594674473,-1.844823984050575,-3.68964796810115,-1.3498974858879809,-2.6997949717759617,3.4702031475208996e-05,False
0x0b35427aa2f8193fe426b2332878acce6f34ae61,614,0.28501628664495116,0.1428571428571429,287809.04197,0.3276154604692629,0.6552309209385258,-0.028746762402313004,-0.05749352480462601,0.03153656256650379,0.06307312513300758,3.469852477620139e-05,False
0xafce8249317d554902292b5590b08ddd8c0df713,351,0.42450142450142453,0.36241610738255037,286679.301,0.9427170484042335,1.885434096808467,-0.1411731046679344,-0.2823462093358688,-0.7503261289990324,-1.5006522579980648,3.456232215806987e-05,False
0x85322a34f46e937ab91dd89e8a669ce79e16e4db,97,0.26804123711340205,0.15384615384615385,286249.44398,-1.200252665315489,-2.400505330630978,-1.9080817781870083,-3.8161635563740166,-7.800294677856028,-15.600589355712057,3.451049819744445e-05,False
0x0673b2fef79b903509b3d49258eb657615a9eb0d,89,0.3146067415730337,0.3214285714285714,285755.77589000005,-1.287978012090129,-2.575956024180258,-1.873358790744425,-3.74671758148885,-8.659698339270955,-17.31939667854191,3.4450981115094173e-05,False
0x7ef1c8219dec5cfd8ee71c7079bbe4c02ae5bb34,386,0.40414507772020725,0.3782051282051282,285163.255,0.7334106970299294,1.466821394059859,-0.016559653019764465,-0.03311930603952893,0.5988380341608066,1.1976760683216132,3.4379546247581474e-05,False
0xe074b3eda11782d4999e4307b8e00da2e7fbb4ea,434,0.34101382488479265,0.41216216216216217,284725.88677999994,0.8827371448984854,1.7654742897969709,-0.18149830078386672,-0.36299660156773345,0.019136890617437896,0.03827378123487579,3.432681672972436e-05,False
0xb1f431527a1c7ac13cf87075f1bd2e07af6b5892,431,0.33410672853828305,0.39583333333333337,283856.497,1.000678884869578,2.001357769739156,-0.30699084912904095,-0.6139816982580819,0.22287973288941057,0.44575946577882114,3.4222002292293835e-05,False
0x68e912af6176bb1639aca936eb58d71cc2558b66,123,1.0,0.0,283462.00176,-1.0940544129300276,-2.188108825860055,0.20926626918499477,0.41853253836998955,5.86600286165407,11.73200572330814,3.4174441580630516e-05,False
0xf52032aa3adc354ae3a155f4c7f923a580f55706,454,0.31938325991189426,0.3517241379310345,282794.533,0.8677390987247583,1.7354781974495166,0.13423951507837698,0.26847903015675395,0.05907127624546512,0.11814255249093024,3.409397092846589e-05,False
0x934eeff118be8939d2dab54c52b31c763bfe1c81,178,0.9606741573033708,0.45614035087719296,282015.05926999997,-0.8080186043796123,-1.6160372087592245,-1.17319536880545,-2.3463907376109,-1.8845212421349475,-3.769042484269895,3.3999996853337206e-05,True
0x046c5d20555f53c561e94be5cbffa85011ca3eb7,92,0.29347826086956524,0.14814814814814814,281454.49154,-0.6120569178376907,-1.2241138356753813,-2.616019386388171,-5.232038772776342,-7.526155716139619,-15.052311432279238,3.393241428840108e-05,False
0x8dbc2ef3943cdac4df2d18f31099121d5f250282,413,0.35108958837772397,0.3517241379310345,280439.505,0.7811010893396501,1.5622021786793001,-0.39169336376222613,-0.7833867275244523,0.2230765878812953,0.4461531757625906,3.381004657067881e-05,False
0xfe619e21b1f917c1b826c69fc1b168b53620b1b0,389,0.37275064267352187,0.3172413793103448,280284.493,0.7510412292608553,1.5020824585217105,-0.33606382065575385,-0.6721276413115077,-1.0993748504891927,-2.1987497009783854,3.379135818032876e-05,False
0x6f6ff0d9321af46b65a09e8072b6e6e9cede4484,385,0.37922077922077924,0.36986301369863017,279782.27395,0.6547851510463574,1.3095703020927147,-0.43482229972241376,-0.8696445994448275,-0.017944876911931595,-0.03588975382386319,3.373081018631778e-05,False
0xe918e62a7fd267f19ad9c547b132400aee4b584e,44,0.5909090909090909,0.15384615384615385,279495.94800000003,-0.5215535823942983,-1.0431071647885966,-1.0510797358907595,-2.102159471781519,1.449177990001472,2.898355980002944,3.369629046448368e-05,False
0x1f4b1d02552588088e16b9e3f4fbe728f7cb7f27,124,0.8709677419354839,0.2314814814814815,278956.81271,-0.32651648439338576,-0.6530329687867715,-1.93224881847338,-3.86449763694676,-1.9294734247643197,-3.8589468495286394,3.3631291814372685e-05,False
0x0efb38a5fa35325ed7524197c0c8ae942aa6d8dc,659,1.0,0.46889226100151743,278368.63654,-0.5595395668876176,-1.1190791337752353,-1.0621869908306363,-2.1243739816612726,-0.8307474228269687,-1.6614948456539373,3.3560380750328886e-05,True
0x60ab2f1bcedbc889cb515f12f13b91250721bca1,427,0.3325526932084309,0.3661971830985915,277224.79585,0.7392459383364407,1.4784918766728814,0.11327493967358879,0.22654987934717757,0.3845863035948423,0.7691726071896846,3.342247825688975e-05,False
0x89a4e7b411cebfcf66347935bb84f406eab4be29,377,0.38461538461538464,0.3793103448275862,276853.05568,0.6271650917476573,1.2543301834953147,-0.27681210390241157,-0.5536242078048231,0.1850139476109118,0.3700278952218236,3.337766091754988e-05,False
0xeab782f1391820ce27a71e7a5a26b4fd31567127,442,0.32805429864253394,0.38620689655172413,276799.172,0.9310608900842767,1.8621217801685535,-0.21653189677611914,-0.4330637935522383,-0.2946267959892857,-0.5892535919785714,3.3371164651161875e-05,False
0x4d3e7f2c578b5edc58eb352da6e73b1184db7a4a,448,0.3169642857142857,0.352112676056338,275919.47500000003,0.8971556222839712,1.7943112445679423,0.17066467909059377,0.34132935818118754,0.5824286620891451,1.1648573241782902,3.3265107565737744e-05,False
0x69d1652ae43f819e7518f732b2ea6b1a8ad00336,767,1.0,0.4889178617992177,275161.0764,-0.4512591020462562,-0.9025182040925124,-0.5833012480853289,-1.1666024961706578,-0.03863983059941742,-0.07727966119883484,3.317367432780952e-05,True
0x2a1d4a8adc73ed606a5376b525e58792c64f8ca0,388,0.3634020618556701,0.3049645390070922,275007.04321000003,0.8260280549587361,1.6520561099174722,-0.320730398213918,-0.641460796427836,-0.1148203094407029,-0.2296406188814058,3.315510394370002e-05,False
0x6b8d4f8f8afed3d4b023a954916192b29070a28b,83,0.39759036144578314,0.30303030303030304,274791.39973,-0.3184869470081133,-0.6369738940162266,-1.5454575300717182,-3.0909150601434363,0.12598254622984614,0.2519650924596923,3.3129105765941626e-05,False
0xf8eac6eb2efcea7b952f2e901988302d79c9192f,338,0.41420118343195267,0.35,273005.0129,0.8856920276955952,1.7713840553911904,-0.23129705489706442,-0.46259410979412885,-0.6603789361274293,-1.3207578722548585,3.291373731449771e-05,False
0x18ae3ec77652efd09597a577c100d97c1169fbb1,389,0.35989717223650386,0.3642857142857143,272582.03917,0.9151003606791077,1.8302007213582154,-0.5593501211125982,-1.1187002422251964,-0.4442453701671831,-0.8884907403343661,3.286274320969257e-05,False
0xd5efacf049100c0f7f5629cb4dd024df5aa07040,423,0.3262411347517731,0.3405797101449275,272556.76800000004,0.872572098632792,1.745144197265584,-0.30736738442340183,-0.6147347688468037,-0.07278965757721485,-0.1455793151544297,3.285969649402177e-05,False
0x3966b0b9cdc41eb44dba2fce775c1b5d2248b1eb,369,0.38482384823848237,0.3661971830985915,271576.12556,0.9467935684874226,1.8935871369748452,-0.5097588937537477,-1.0195177875074954,-0.16040506962477438,-0.32081013924954876,3.274146933281784e-05,False
0xf475bcf0573bd38d641852c559a079aaf9509c45,289,0.04152249134948097,0.41666666666666663,271363.74026,-1.1912569849674137,-2.3825139699348274,-1.3392599108703196,-2.678519821740639,-7.487425808500451,-14.974851617000901,3.27158639642592e-05,False
0xf8cd40e5eeb83954541bf8850179ae9834a106fd,413,0.34624697336561744,0.32867132867132864,271304.60199999996,0.7373272242500527,1.4746544485001054,-0.4858809963449436,-0.9717619926898872,-0.15047483378196097,-0.30094966756392194,3.270873420083764e-05,False
0x6eb4bbfc5c782e75135f700ccaab197563c2cc6d,376,0.3696808510638298,0.3237410071942446,271295.232,1.0538686225791167,2.1077372451582335,-0.21327858368738786,-0.4265571673747757,0.46946772753755533,0.9389354550751107,3.270760454495565e-05,False
0xf31eb7ad41eaf39ba6a9868c45422ae774ad887a,346,0.41329479768786126,0.32867132867132864,269968.449,0.8855378112709278,1.7710756225418556,0.1389447636946163,0.2778895273892326,0.2840303773902029,0.5680607547804059,3.254764635711337e-05,False
0xd606825fadd40f72d6e0e3b7b6a7ae360d491acd,364,0.3791208791208791,0.3840579710144928,269808.386,0.8938282720214568,1.7876565440429135,-0.21892336463741072,-0.43784672927482143,0.293682754373311,0.587365508746622,3.25283490135232e-05,False
0xe71092eeced04572afba4515895758277d0f8b88,395,0.3620253164556962,0.36363636363636365,269776.61199999996,0.7560794286351425,1.512158857270285,-0.30439890125496066,-0.6087978025099213,-0.21534349571620556,-0.4306869914324111,3.252451831064224e-05,False
0x020ca66c30bec2c4fe3861a94e4db4a498a35872,223,0.008968609865470852,0.0,269664.0,-1.44624421502314,-2.89248843004628,1.1124955500178,2.2249911000356,-2.00249199003204,-4.00498398006408,3.2510941703578925e-05,False
0x5d510582063ed6c342d27d7746f551631ef68432,381,0.3648293963254593,0.38129496402877694,268865.569,0.9164161585157335,1.832832317031467,-0.11132132987876574,-0.22264265975753147,-0.2841956089372584,-0.5683912178745169,3.2414682122413734e-05,False
0xb537ef40717b400ee2c38a200d859a37ab577e9a,375,0.37866666666666665,0.37323943661971826,268611.94691999996,0.836263966465824,1.672527932931648,-0.4643069302636132,-0.9286138605272264,-0.10054002366853279,-0.20108004733706558,3.238410520944937e-05,False
0x9a981e2cc445571aa5891294b1dda93aa1d10a2c,68,0.6911764705882353,0.3829787234042553,268331.78195000003,-0.4529507776340823,-0.9059015552681646,-0.528441767539586,-1.056883535079172,-0.24792497158911855,-0.4958499431782371,3.2350328261072675e-05,False
0xe66429b60c26143cdb25517f2b089e680b705ec9,364,0.38461538461538464,0.35,268154.08900000004,0.829724496152615,1.65944899230523,-0.14332348750810694,-0.2866469750162139,0.4580001036750998,0.9160002073501996,3.232890543437506e-05,False
0x31384c180b2934a2c4a56f85c7d6053fc4bbbb9d,55,0.2909090909090909,0.0,267687.0,-1.7090856111802215,-3.418171222360443,-2.9348642257562005,-5.869728451512401,-5.491488193300384,-10.982976386600768,3.2272592751742654e-05,False
0xdb951b52356ebf874676950a5045b469783bbb49,44,0.7727272727272727,0.02941176470588236,267477.0,0.19132626243732717,0.38265252487465434,2.434939441679754,4.869878883359508,-0.9138310253955995,-1.827662050791199,3.224727495716217e-05,False
0x8c7579a7da5e61278ea6a65b11b748c0cdf32811,467,0.291220556745182,0.3529411764705882,267469.01,0.9718013765091476,1.943602753018295,-0.31384203770398633,-0.6276840754079727,-0.31019487039694066,-0.6203897407938813,3.224631167535885e-05,False
0x6f0b45a68d3c32826bdb7140cb4c5ecf11385e2f,395,0.3518987341772152,0.3525179856115108,267463.668,0.7393715202898008,1.4787430405796016,-0.535368575507041,-1.070737151014082,0.383646058778051,0.767292117556102,3.224566763888909e-05,False
0x51447a58623311e3e6c6e767d67dc36d890ad464,417,0.328537170263789,0.3284671532846716,267440.945,0.855933153331428,1.711866306662856,0.15123379657863623,0.30246759315727245,0.016250725578176826,0.03250145115635365,3.224292813295455e-05,False
0x9a377ec81c1bd51d31170bf8d7a7b6c5fbaded9b,35,0.5428571428571428,0.0,267342.0,-0.40164895422580965,-0.8032979084516193,0.3248027782265513,0.6496055564531026,9.383792303507947,18.767584607015895,3.2230999232074716e-05,False
0x89ad489b12e8112e7cefc58b03c689976ad43e60,119,0.9495798319327731,0.47787610619469023,267155.5551,-1.1658098391948977,-2.3316196783897953,-0.0001368404484559591,-0.0002736808969119182,3.8119113945011223,7.6238227890022445,3.220852126217577e-05,True
0x17c5b01bc17593bd9647e98fe7f292b32f6ed4f0,453,0.304635761589404,0.3405797101449275,266582.24346,0.8383738512712207,1.6767477025424413,-0.30748282077736283,-0.6149656415547257,0.2903443690242439,0.5806887380484878,3.213940227964187e-05,False
0x6f19a8adda5a0b8d009a687d7aa2d36eb08b6688,153,0.2875816993464052,0.18181818181818182,266364.97897,-0.005323330675686499,-0.010646661351372998,-0.1744595893710105,-0.348919178742021,0.8392149016882869,1.6784298033765739,3.21132086714159e-05,False
0x7fdafde5cfb5465924316eced2d3715494c517d1,6620,0.004380664652567976,0.0,266029.09437999997,0.4833181274835672,0.9666362549671343,1.2430071806243894,2.486014361248779,-18.184959481618943,-36.369918963237886,3.207271411402365e-05,False
0x5b31a472f8156568bad291072dcce4faa43fb05b,361,0.3767313019390582,0.34558823529411764,265595.3489,0.9512301519550647,1.9024603039101293,-0.23098011039236768,-0.46196022078473536,-0.14938551395674501,-0.29877102791349003,3.2020421357057686e-05,False
0x81f45c07d40cfe3bc557b359e96edcc89fbba434,82,1.0,0.024390243902439046,265577.1034000001,-1.274675338546137,-2.549350677092274,-3.3265054151914093,-6.653010830382819,-0.27440917829397293,-0.5488183565879459,3.20182216626719e-05,False
0xeb95250759ce0cd60cb42e3dd8d40877bfc2c1c1,39,0.20512820512820512,0.0,265068.0,-0.28424610550119633,-0.5684922110023927,-1.1729662089885298,-2.3459324179770595,-5.9235001258664415,-11.847000251732883,3.195684368504605e-05,False
0xd7f858fbcc7138819c1e2ea875d29b6501ad04ad,138,0.028985507246376812,0.0,264950.00000000006,-0.8516222572212736,-1.7032445144425472,-7.3481532241836405,-14.696306448367281,-0.12719947763755757,-0.25439895527511514,3.194261749571036e-05,False
0xcb921a7687f8ae0534da8202f583a37f32d9cac5,53,0.1509433962264151,0.0,264717.0,-0.5791030941886561,-1.1582061883773123,-3.887035707062271,-7.774071414124542,-0.7598268978062526,-1.5196537956125051,3.191452679981867e-05,False
0x8c294aeb643f8099f3d15fb47e437edd72df4022,195,0.11794871794871795,0.0,264696.4962,0.029382166494046437,0.058764332988092874,0.16160191571725543,0.32320383143451087,4.250620086138717,8.501240172277434,3.191205484269239e-05,False
0x5042080398480b5ac17f988aab91163abbe8575b,411,0.3284671532846715,0.3407407407407408,264676.68916000007,0.9147389266167881,1.8294778532335763,-0.045456521293026554,-0.09091304258605311,0.026859979238021955,0.05371995847604391,3.190966688759731e-05,False
0x90466dd1e02f5ac3455b2b29a68f3d9914179b43,122,0.08196721311475409,0.4,263653.35944000003,-0.19333511845752813,-0.38667023691505625,-1.0804457454597842,-2.1608914909195684,-1.263370921779817,-2.526741843559634,3.178629330836367e-05,False
0xe40f4ef14ab12eb267f58d04049d7d051fcbe8f4,93,0.11827956989247312,0.0,263400.0,0.0724787740733071,0.1449575481466142,0.9008076206253883,1.8016152412507767,4.452267550217436,8.904535100434872,3.175574805952106e-05,False
0x6e4a1d7b0242196b18f0f88df279d9051faca981,131,0.5572519083969466,0.0821917808219178,262975.74459,-0.19016476497432652,-0.38032952994865304,-0.41383764226741226,-0.8276752845348245,0.843098901247012,1.686197802494024,3.170459943418755e-05,False
0x363f4a8869ce8ef9959367a2395c73fe30a91000,371,0.3638814016172507,0.32592592592592595,261531.70594999997,0.8480901088933099,1.6961802177866199,-0.16602374430772832,-0.33204748861545663,0.5390338847589468,1.0780677695178935,3.153050479774087e-05,False
0xa16991758e40c934e9e13d009a692851662ce00d,393,0.33587786259541985,0.3560606060606061,260805.093,0.8518469820954755,1.703693964190951,-0.27467955541883227,-0.5493591108376645,0.05987136564598992,0.11974273129197983,3.14429036672284e-05,False
0xf00aef8cd9a3f8a1380e9f54f96ed338ad074633,76,0.42105263157894735,0.1875,260777.17914,-0.43895972551821794,-0.8779194510364359,-0.6141804136288231,-1.2283608272576463,0.1314571178346745,0.262914235669349,3.1439538346402554e-05,False
0x1ab71cf3e39a36b5ada54f0575c6534ec04727ab,361,0.37119113573407203,0.31343283582089554,260755.889,0.9185892949373473,1.8371785898746946,-0.3964279081175328,-0.7928558162350656,0.005416189906054867,0.010832379812109733,3.143697158739727e-05,False
0x99845f85364255c6d96b17c0142fac64369d73e3,153,0.7581699346405228,0.18965517241379315,260428.96540000002,-0.48382549171638656,-0.9676509834327731,-0.7352610491191723,-1.4705220982383447,-3.276031344130847,-6.552062688261694,3.139755737526245e-05,False
0x736a4f9f34d81641ad50c6c50fb463765deaaee8,353,0.04815864022662889,0.0,260324.96494,-0.4198881382165941,-0.8397762764331882,-3.694532879402624,-7.389065758805248,-6.286639277845062,-12.573278555690123,3.1385018983440754e-05,False
0xba34d624f0f2a5fe3ba2822a97044e93a9e1ba4d,493,0.9330628803245437,0.4782608695652174,259221.80813999998,-0.2596613609692737,-0.5193227219385474,-0.600391500165349,-1.200783000330698,-0.5256765832302644,-1.051353166460529,3.125202137747664e-05,True
0x4ca3b77417ff7a534e951cf56e3fc353e4289b35,312,0.42948717948717946,0.34328358208955223,259053.75165,0.6730072212577649,1.3460144425155298,-0.5758520658762674,-1.1517041317525347,-0.7639000982828167,-1.5278001965656334,3.123176033132551e-05,False
0x0c684f333a7e120bce61383da670bbb0157e82d0,3173,0.003151591553734636,0.30000000000000004,258982.13941,-1.0787020930368516,-2.157404186073703,-1.2236280859909443,-2.4472561719818886,-1.5654088775602222,-3.1308177551204444,3.122312669331709e-05,False
0xa4f8bac9efe0cbbd7ec554655607dee7c73e6fde,3737,0.8943002408348943,0.2660083782166367,256895.75425,-0.6106423829381793,-1.2212847658763586,-1.0263216078410249,-2.0526432156820498,-1.2033791378049592,-2.4067582756099184,3.0971590165237804e-05,False
0xe6c650f79e5668859e6ec53f64a8daa4acaeab81,643,0.5816485225505443,0.13636363636363635,256044.67067000002,-0.9057588783145701,-1.8115177566291403,-1.6509237584685004,-3.3018475169370007,-2.5451890026819117,-5.0903780053638235,3.086898274024132e-05,False
0xeed00c28271a0b35d5c306c8b8c46379ec9c5904,478,0.2719665271966527,0.3307692307692308,253914.777,0.6836120935372882,1.3672241870745765,-0.25392238393602873,-0.5078447678720575,-0.07786197669267347,-0.15572395338534695,3.061220078588259e-05,False
0x7197804c5d879bbb565153b5a81f3f50fd86fca9,64,0.703125,0.24444444444444446,252115.70559,-0.05197069050344052,-0.10394138100688104,-0.13546336961832853,-0.27092673923665705,-3.189917785716391,-6.379835571432782,3.0395303069720676e-05,False
0x027717f112baa657c224eadadbb02602b463508b,415,0.3204819277108434,0.3533834586466166,251988.80168,0.810451861768266,1.620903723536532,0.0381900392132256,0.0763800784264512,0.2933504569531955,0.586700913906391,3.038000341674525e-05,False
0x09bf77ff40d9b8fb0fa2610b3da36705db58f05c,13322,0.9978231496772256,0.4925900850071466,251325.27648,-0.34370847028964946,-0.6874169405792989,-0.7096667235291876,-1.4193334470583752,-0.7357029074367952,-1.4714058148735905,3.0300008203828226e-05,True
0x329521ac5ea6024e8fc56f93ee8abf052addc3ee,106,0.7830188679245284,0.25301204819277107,250403.98144999996,-0.1871231900020826,-0.3742463800041652,-0.09773441911776537,-0.19546883823553074,-0.03928970709850304,-0.07857941419700608,3.0188936021363648e-05,False
0x3e680db1cdc9aed71193227a84e9b8c9dbbdb117,67,0.9850746268656716,0.0,249999.69915000003,0.03616318897332706,0.07232637794665411,0.015498509559997306,0.030997019119994612,1.6910595986574848,3.3821191973149696,3.0140195372678298e-05,False
0x9c34ab22378dab72fe9c33c4ca491e20161e0364,54,0.6481481481481481,0.0,249999.634,0.02274019329164298,0.04548038658328596,-0.23714773004141965,-0.4742954600828393,-0.3768374888329407,-0.7536749776658814,3.0140187518133927e-05,False
0x5b148e9bd91e20f71c59285b91c25b11ed07f2ad,42,0.3333333333333333,0.0,248256.57265000002,0.016029211635284132,0.032058423270568265,1.1701324493757423,2.3402648987514847,2.5486446500101785,5.097289300020357,2.9930042426703067e-05,False
0x9c786733e9af618b459250831833ede285f56301,60,0.1,0.0,246557.40126999997,-1.4130325130245491,-2.8260650260490983,-3.694570213762516,-7.389140427525032,-3.6184374334986775,-7.236874866997355,2.9725188750722697e-05,False
0xe3d05b446eae136924e694f287d3b44da35f00ec,149,0.06040268456375839,0.0,244317.16634,-1.3447709054163748,-2.6895418108327496,-6.471171114009935,-12.94234222801987,-8.448432262705243,-16.896864525410486,2.9455103951819058e-05,False
0xa886bc185eb8d0e4367932c83c59c213f623bd98,539,0.23191094619666047,0.31200000000000006,243730.77748000002,1.041526713401708,2.083053426803416,0.22409265794881036,0.44818531589762073,0.3411883993663306,0.6823767987326612,2.9384408367524948e-05,False
0x4b53ec7251039454d057757b6fde7e39e48b49a1,793,1.0,0.4728877679697352,242791.20669999998,-0.6606961308270105,-1.321392261654021,-1.1116269955667757,-2.2232539911335514,-0.44777799886116065,-0.8955559977223213,2.927113284370654e-05,True
0xa4ebccac2cbcf4359fc2d20825f423240789531e,37,0.21621621621621623,0.25,241329.72259999998,-5.326704545454546,-10.653409090909092,1.3903579909863564,2.7807159819727127,-19.028398243493093,-38.05679648698619,2.909493496643776e-05,False
0x904e8b48dbf490f3c3bafe6a0d2894d3eb392e67,343,0.358600583090379,0.2764227642276422,240766.326,0.8528146792906055,1.705629358581211,-0.3154449870719872,-0.6308899741439744,0.047624590811291785,0.09524918162258357,2.9027011350313273e-05,False
0xa7e8411985f98286b93ff8a553a655fdb6d101dc,59,0.3389830508474576,0.45,239601.56337999998,-0.9630719363718125,-1.926143872743625,-4.647720141945955,-9.29544028389191,-5.135801180731796,-10.271602361463591,2.8886586489607623e-05,False
0x3c43014aedbb496e173059f94bfe3b0ed1d55ba0,115,0.17391304347826086,0.05,239401.88880000002,-0.13050255666092392,-0.26100511332184784,-0.9373561284459309,-1.8747122568918617,-2.739163145168083,-5.478326290336166,2.8862513537229606e-05,False
0xa31f53e0735902bcd7dfcc0fe24b75a36f4d088e,310,0.1,0.16129032258064513,239314.66340999998,-0.5446400129563416,-1.0892800259126831,-0.5540867158343652,-1.1081734316687304,-0.4100959581012677,-0.8201919162025354,2.8851997563390446e-05,False
0x034fb27dd90457fb477d0eec043eb360a13e9631,625,0.1984,0.25806451612903225,239244.059,1.2122303880261618,2.4244607760523236,0.02790057690455298,0.05580115380910596,1.142770450157264,2.285540900314528,2.8843485430300657e-05,False
0x3e756f3349deeda25171e96275d121ba9da7700c,83,0.13253012048192772,0.0,238158.1362,0.01030014626207692,0.02060029252415384,0.04120058504830768,0.08240117009661536,0.896112724800692,1.792225449601384,2.8712565571345117e-05,False
0xb2a7131040bd752a98861dc8b2089a5ccf767836,638,0.19435736677115986,0.20967741935483875,236549.771,0.8051934082125886,1.6103868164251771,-0.0981235854816106,-0.1962471709632212,0.48549215113118827,0.9709843022623765,2.8518659572564172e-05,False
0xcfcd271d66f3232d2858f8270a15b498cb95a93e,54,0.037037037037037035,0.0,235908.79905,-0.7977298886596997,-1.5954597773193995,0.0,0.0,-5.584109220617898,-11.168218441235796,2.84413834003644e-05,False
0xdf36b093cbc06522b68105c3d9141db188e980b6,119,0.6134453781512605,0.28767123287671237,233712.59321,-0.4475234847474248,-0.8950469694948496,-1.0145499382179088,-2.0290998764358177,-1.6710987395545849,-3.3421974791091698,2.8176606789347354e-05,False
0xafbc4cee5a5af8b2c6b5bad6b25f309c9be02eaa,2650,0.07547169811320754,0.16500000000000004,233594.6435,0.6229341146706869,1.2458682293413739,-0.2761291094176688,-0.5522582188353377,1.0031898577006757,2.0063797154013514,2.8162386663020652e-05,False
0x846c43f705a109cb1deb19e62645af6867869c17,1125,0.992,0.4946236559139785,233243.5832,-0.5628328859685783,-1.1256657719371566,-1.236995591025074,-2.473991182050148,-1.1601416026261946,-2.320283205252389,2.81200625079694e-05,True
0xe7b52935686bc5e44f9886ebf2bd994aedc29415,42,0.47619047619047616,0.05,233007.04746,0.03359368614514623,0.06718737229029247,0.03403134717613413,0.06806269435226826,0.5593890274499624,1.1187780548999249,2.8091545539987197e-05,False
0x2a02646eaa011b5e1be874803370fc6aa6400435,597,0.20100502512562815,0.17500000000000004,232610.483,1.1336971717337634,2.2673943434675268,0.10645297278926792,0.21290594557853584,-0.2837238650391412,-0.5674477300782824,2.8043735361243387e-05,False
0x3a140f8456b03f25ace243a211dca7b6c4bdb994,678,0.5589970501474927,0.10554089709762533,231586.00323,-0.8459851616079197,-1.6919703232158394,-1.715143834301567,-3.430287668603134,-2.6785923788806154,-5.357184757761231,2.7920223130916142e-05,False
0x0762a621091357d600af930ad21ca493ab5b0282,628,0.18630573248407642,0.15384615384615385,230212.70554000002,0.9372604996331584,1.8745209992663168,-0.06222140905691475,-0.1244428181138295,0.043838073846667255,0.08767614769333451,2.775465708894818e-05,False
0xd50bd57fa6a3f9f9ab5984151b6682df88d8e762,343,0.043731778425655975,0.0,228978.98971999998,-1.0023822659058679,-2.0047645318117358,-2.4546544066094413,-4.909308813218883,-2.212801025843828,-4.425602051687656,2.7605919166560303e-05,False
0x98d9a4367fd873d08d176e8e87e8caa341f4d9b7,188,0.324468085106383,0.06557377049180324,228925.78751,-1.4210728149726326,-2.842145629945265,-0.7527445593555403,-1.5054891187110806,1.1715480378284682,2.3430960756569363,2.7599505058826932e-05,False
0x3cc6bb0e6401fba256e8d0efa380f5a55a86a266,673,0.29420505200594355,0.1515151515151515,227314.93873,0.9585670905913422,1.9171341811826843,-0.005576088030076008,-0.011152176060152017,0.486538322464702,0.973076644929404,2.7405299637339967e-05,False
0xf1d4d6e6990c4e848a607b9d5239da7f8780bc5a,604,0.19205298013245034,0.1724137931034483,227115.99796999997,1.1649574740558508,2.3299149481117016,-0.2667985665200016,-0.5335971330400032,0.015675019980553692,0.031350039961107384,2.738131515498108e-05,False
0xaf666c9cc98b588145c4858cc541ad9a0ef1363f,37,0.1891891891891892,0.0,224650.30200000003,-0.24262166998340742,-0.48524333996681485,0.8140059544141903,1.6280119088283806,0.8616008082103719,1.7232016164207438,2.708404856418877e-05,False
0x50e505a74bc525c0410c6df6d2c723a91289d440,129,0.15503875968992248,0.45,224604.321,-1.5834774571734676,-3.166954914346935,-2.048931450688362,-4.097862901376724,-0.21486599331133963,-0.42973198662267925,2.707850505222398e-05,False
0xd26ca9aeae8bf31937b8cc5d55c592e5a137f915,122,0.7295081967213115,0.4831460674157303,224300.08726000003,-0.17406938026126312,-0.34813876052252624,-0.30467219246728716,-0.6093443849345743,-0.9080299836016807,-1.8160599672033615,2.704182635063459e-05,True
0x97bff6e46d556ad271f2b1d048c9129cdcf03e2f,122,0.9836065573770492,0.0,223460.89283,-0.45642678944721493,-0.9128535788944299,0.40235308554921745,0.8047061710984349,-2.1169787706031875,-4.233957541206375,2.694065229257827e-05,False
0x2ea9f2d45f147b360d70ed3a3d442471e0a15ddd,48,0.20833333333333334,0.09999999999999998,223025.0,-0.45839955399274335,-0.9167991079854867,-1.2792879488675077,-2.5585758977350155,-9.133598229210325,-18.26719645842065,2.6888100649106627e-05,False
0xa5bcc69c889c5dc3ea5644c06bb86a691d4c8c68,51,1.0,0.0,222959.75,-3.4161424171596924,-6.832284834319385,-4.827318210178007,-9.654636420356015,-16.265343314588858,-32.530686629177715,2.688023404864769e-05,False
0xa0486eca4f156a5222cbab832af9cbacb2de2ffe,105,1.0,0.44761904761904764,221042.17401999998,-0.1873089116967192,-0.3746178233934384,-0.4322397865259442,-0.8644795730518884,-2.2075998266100236,-4.415199653220047,2.6649049311723357e-05,True
0xaa4b8ff2eaeb7df7944790d64fa301f7c7014126,51,0.3333333333333333,0.47058823529411764,220474.25309,-0.8817649939426832,-1.7635299878853663,-1.9806262524634686,-3.961252504926937,-2.6050347968091967,-5.210069593618393,2.6580580238181944e-05,False
0x549237f733b669f83e2ad3db9abfccbf3b18b3ac,493,0.22920892494929007,0.16814159292035402,219835.005,1.0966462232464356,2.193292446492871,-0.19776345362963124,-0.3955269072592625,-1.1047946991753577,-2.2095893983507153,2.6503511896141056e-05,False
0x622450a3048ae44a5c54e2b54c91b082313e1d23,795,0.13459119496855346,0.17757009345794394,215190.26699999996,1.379003309066539,2.758006618133078,0.2635897692795338,0.5271795385590676,0.6896809565236078,1.3793619130472157,2.5943537979168824e-05,False
0x2fb3950d572bedba593589e74b79b0a2e48c951c,480,0.2375,0.16666666666666663,212172.67796,0.7363217033866848,1.4726434067733696,0.1682784023824715,0.336556804764943,0.1735141505707065,0.347028301141413,2.557973464848769e-05,False
0xecc391e0de3f730693c5ee71aa40f451eab5a470,491,0.21792260692464357,0.22429906542056077,211788.08566,1.2935972088833747,2.5871944177667494,0.3869156339914664,0.7738312679829328,0.7599052502765609,1.5198105005531217,2.553336784444657e-05,False
0x13afb6f7ae11d3f1a0330380768d9d360f859907,78,0.6794871794871795,0.3584905660377359,211324.37941000005,-0.5435303263355385,-1.087060652671077,1.2092571925314297,2.4185143850628594,5.633136286502213,11.266272573004427,2.5477462989288543e-05,False
0xc412df12cf2d384fb38ba8af7ebd046a58f35d45,727,0.14718019257221457,0.1869158878504673,211149.94453999997,1.2073614578777163,2.4147229157554326,-0.05950611576142131,-0.11901223152284263,-0.7324025982380108,-1.4648051964760216,2.5456432959734564e-05,False
0x637ff75208d027cb1d1a4edd6159520626015d65,58,0.29310344827586204,0.47058823529411764,210877.36368,-0.19798428106475927,-0.39596856212951853,-1.6321441393926908,-3.2642882787853815,-5.525695843154554,-11.051391686309108,2.5423570358686706e-05,False
0x6802b4267f7f2bf7003dcf993c51542245b38329,4500,0.9986666666666667,0.49443702714730753,210359.26658,-0.42074679625846545,-0.8414935925169309,-0.7243618027181774,-1.4487236054363548,-0.40687449297526757,-0.8137489859505351,2.536110809225554e-05,True
0x404a68af7d1afe9a3fa37ffa9c515b266938f721,436,0.24770642201834864,0.2129629629629629,210082.249,1.4074546943642565,2.814909388728513,0.27306367537046167,0.5461273507409233,0.11766422740572625,0.2353284548114525,2.532771059613353e-05,False
0x9f72219c09c4a5b1d939eae7c9263a39a36829ed,170,1.0,0.19411764705882353,209621.43419000003,-0.8931143191994799,-1.7862286383989598,-0.32254915970097897,-0.6450983194019579,-1.0681583827630132,-2.1363167655260265,2.5272154335661033e-05,False
0x120da24d0d23b1ad4ef539913941a8c97f1ed7e5,536,0.20522388059701493,0.12727272727272732,209442.70164999997,0.947655999198707,1.895311998397414,-0.44747066953525894,-0.8949413390705179,0.231550591039554,0.463101182079108,2.5250606175029748e-05,False
0xb3e343f5bcecced6325928a2c199b9a161f3e238,379,0.287598944591029,0.2660550458715596,209146.37533,1.0699776468986455,2.139955293797291,-0.4716093503853376,-0.9432187007706752,-0.6349720228862413,-1.2699440457724827,2.521488079932237e-05,False
0x70770e5aa200d39bfd34b388fdd1d69a03f0a8f1,72,0.3888888888888889,0.0357142857142857,208269.27259,-0.3303962969355386,-0.6607925938710772,-0.9469556055780981,-1.8939112111561962,0.25153447441230653,0.5030689488246131,2.510913648028761e-05,False
0x1d2a3b568e82678f22df040485b8cc006f3d0ea6,488,0.21311475409836064,0.20192307692307687,206651.28399999999,1.385715330332867,2.771430660665734,0.27492388348798175,0.5498477669759635,-0.6341190411708794,-1.2682380823417587,2.491407027669148e-05,False
0x47649d96f78ea3a70db88c745913484cc558c7ae,613,0.17128874388254486,0.17142857142857137,206288.4638,0.8971328049852128,1.7942656099704255,0.3367256373495676,0.6734512746991352,-0.28493858315862863,-0.5698771663172573,2.4870328337199816e-05,False
0xed7c45acfd7d2d3b21f3039d86e1da540596d23a,1454,1.0,0.421595598349381,206172.10265999998,-0.9293899515013014,-1.8587799030026029,-0.9618154286617534,-1.9236308573235068,-0.11776075799540217,-0.23552151599080434,2.4856299730344237e-05,True
0x2e161982d86fffe2f7820c4f421217a82f923347,37,1.0,0.43243243243243246,205232.3073,-0.12147246115723456,-0.24294492231446913,-0.46231631593516964,-0.9246326318703393,-3.3113358004742337,-6.622671600948467,2.4742997130952946e-05,True
0x52fef6c616763f52c1acbe4e85ff9d994cc310b3,523,0.20076481835564053,0.1428571428571429,205178.28399999999,0.905975510007537,1.811951020015074,0.10343862943747342,0.20687725887494685,0.7895872930973903,1.5791745861947806,2.4736484031848373e-05,False
0x4334ff1dd9fa46667b718a6f8a489c3d0079b44b,333,0.3933933933933934,0.0,204913.15494,-0.3259636892951048,-0.6519273785902095,-0.9295011043282931,-1.8590022086565863,0.30855438792216555,0.6171087758443311,2.4704519826713154e-05,False
0x8f8ce8014e0e41aab563627beede5b6861869fa2,594,0.17676767676767677,0.1428571428571429,204887.292,1.0630792767723387,2.1261585535446774,0.6385031300137369,1.2770062600274739,0.5148581871889293,1.0297163743778586,2.470140176670283e-05,False
0x939f95036d2e7b6d7419ec072bf9d967352204d2,13361,0.0017962727340767907,0.0,204594.1098,-0.009781398331431712,-0.019562796662863424,-0.16355171638090346,-0.3271034327618069,-0.7877907259863378,-1.5755814519726756,2.4666055449015907e-05,False
0x5b88233dd52ac008d2a8ba0048f58fba36e0c667,55,0.6909090909090909,0.21052631578947367,204282.45424999998,-0.8650487555167606,-1.7300975110335213,-1.4041903085585694,-2.808380617117139,-1.946310794026005,-3.89262158805201,2.4628481967136057e-05,False
0xd138cdacdff56b61e08fcce7692f337d99464d41,39,0.41025641025641024,0.0,204257.43703,-0.17883675758009007,-0.35767351516018014,-0.08588506957743591,-0.17177013915487183,-5.892625619031538,-11.785251238063076,2.462546586791256e-05,False
0x957fec7e7db4cec37cca9fbdb2a98185a9e9ee60,67,0.23880597014925373,0.25,203593.63139999998,0.056991461914234584,0.11398292382846917,-0.03475710839985491,-0.06951421679970982,0.3222820244351523,0.6445640488703046,2.4545436846094898e-05,False
0x73056a719b44918853a64f6d8df99de7fe1e3552,158,0.13291139240506328,0.1428571428571429,203531.87315000003,-0.3609868961343534,-0.7219737922687068,-1.6094281806433055,-3.218856361286611,0.593949136226183,1.187898272452366,2.4537991214251333e-05,False
0xa716706dcad2e4460a53b304d703b9a2c4450b22,429,0.2400932400932401,0.16504854368932043,202626.83683000001,1.0522359865259137,2.1044719730518273,-0.019454966497564733,-0.038909932995129466,0.27346483800721305,0.5469296760144261,2.442887919692925e-05,False
0xddee7b0967d1c1a25fdfc490219bec6721ea01e1,81,0.41975308641975306,0.08823529411764706,201274.95380000002,-2.1502823444033945,-4.300564688806789,-5.6736950799672465,-11.347390159934493,-20.013589787628987,-40.027179575257975,2.4265894926213144e-05,False
0x80d2f7ed506098c5e151bff10a93d3e9880f3215,68,0.9558823529411765,0.4,200576.63471,-0.5541615998042946,-1.1083231996085892,1.9489868056341768,3.8979736112683536,-0.6569870332943949,-1.3139740665887898,2.418170492967862e-05,True
0xdb6b52208edb84c71788287dd68ecafa87bd190e,61,0.6065573770491803,0.43243243243243246,198573.26124000002,-0.5087334792940849,-1.0174669585881697,-2.4052692872982,-4.8105385745964,-1.6909255377378265,-3.381851075475653,2.3940176367862187e-05,False
0xace36ae0c318f8940debc224b7fcd828079c48d9,59,0.7627118644067796,0.0,197903.87136,0.027770519573798266,0.05554103914759653,-0.047967261082015177,-0.09593452216403035,-0.010098370754108429,-0.020196741508216858,2.3859474103690304e-05,False
0x193c6bcb33eab0b35989f2b6d1acc922b66409f2,518,0.21235521235521235,0.19999999999999996,196360.00435,1.037534757038623,2.075069514077246,0.4043444820645365,0.808688964129073,0.3053897002445534,0.6107794004891068,2.367334406645809e-05,False
0xb49dd0f80e827d59027dae0da689adea7890c2ca,607,0.1630971993410214,0.1515151515151515,196073.37099999998,1.0572919079768317,2.1145838159536634,-0.43234992375099957,-0.8646998475019991,-0.4395450255067017,-0.8790900510134034,2.3638787284195152e-05,False
0xeeaed5f5c6c269f06ca2cc6cb3d10b9600e6131a,46,0.6304347826086957,0.06896551724137931,194415.25,-0.07418992042430173,-0.14837984084860345,-0.6814777961859879,-1.3629555923719758,-2.1567735422591543,-4.313547084518309,2.343888268006379e-05,False
0x2937da97bcd51bb1d18dab3460c3920c48d7a472,72,0.6944444444444444,0.48,194143.57242,-0.2291911228675669,-0.4583822457351338,1.0042738291846536,2.008547658369307,2.8687232209300713,5.7374464418601425,2.3406128979289684e-05,False
0x83742faddde0b5b2b307ac46f24a1c118d332549,78,0.41025641025641024,0.09375,192440.04468,-0.36714209319508695,-0.7342841863901739,-0.11660272768333052,-0.23320545536666104,2.8638866376830348,5.7277732753660695,2.3200750096511225e-05,False
0xae4f3481529a21933d9067fbbe0598076ca00394,251,0.11553784860557768,0.0,191267.08837000004,0.0156973488355118,0.0313946976710236,0.07456240696868104,0.14912481393736207,5.721683650544049,11.443367301088099,2.3059337396947126e-05,False
0x7ab12f7a0925ef24927343d47199e75a91fc78aa,136,0.3897058823529412,0.32075471698113206,191215.47243999998,-0.6723419952386251,-1.3446839904772503,-0.9587098638663235,-1.917419727732647,-1.1059282049698862,-2.2118564099397724,2.3053114532600354e-05,False
0x7fad4c348250b9147db503f9aed91e2d935d96f7,597,0.17252931323283083,0.16504854368932043,189416.65022,1.021708411924492,2.043416823848984,-0.4461731015196517,-0.8923462030393035,-0.9041134812769395,-1.808226962553879,2.283624685901574e-05,False
0xa1e03bcb1a36da135ca61b86dd1d6da9a9357489,412,0.2354368932038835,0.20618556701030932,188761.107,1.047152673742565,2.09430534748513,0.35889502271996004,0.7177900454399201,-0.20554224940479887,-0.41108449880959774,2.2757213961003407e-05,False
0xfbe6bb269f1e3cb3b303e336040025fed23328d8,479,0.9123173277661796,0.4233409610983982,188760.50957,-0.23832426470501308,-0.47664852941002617,-0.4812333543143744,-0.9624667086287488,-0.3037872304318547,-0.6075744608637094,2.2757141934289045e-05,True
0xdc9dd1c77fd9897d33d67f78fae594faa0c6adb6,40,0.775,0.3870967741935484,188056.18814,-0.7387926909754506,-1.4775853819509013,-0.704723510941388,-1.409447021882776,-2.4330168815393844,-4.866033763078769,2.2672228290082512e-05,True
0xef3d048fc644f8cce5f1b46aee95c0f8987d02a7,380,0.2736842105263158,0.45192307692307687,187245.95923,-0.583014735923516,-1.166029471847032,-0.7305730251324959,-1.4611460502649918,-0.33345167606856047,-0.6669033521371209,2.2574546341956086e-05,False
0xf251555f98fe20b4c56a77f2879c23ef9f31e4ee,190,0.3473684210526316,0.0,187119.99300000002,-1.0174622669955222,-2.0349245339910444,-3.6383468447404335,-7.276693689480867,-11.364481915153819,-22.728963830307638,2.2559359736550287e-05,False
0xe889c8c3796172faee0b5d6e1eb816a8fcc296cf,62,0.16129032258064516,0.0,186377.43060999998,-0.057301547579255076,-0.11460309515851015,0.07615027480380929,0.15230054960761857,3.143154531459932,6.286309062919864,2.2469835726773078e-05,False
0x80f80b9cbad775b4fb9d699d34f5c5acc4615bdb,389,0.2416452442159383,0.23404255319148937,185194.82775,1.3763775249630295,2.752755049926059,0.23271071445491182,0.46542142890982363,0.11410662628868239,0.22821325257736477,2.2327260030202735e-05,False
0xf8955e43bd75ca547a207c423b23b7808dc481a6,79,1.0,0.4177215189873418,184495.07499999998,-1.2605028624230799,-2.5210057248461597,-0.9491721759091455,-1.898344351818291,1.2728912397846242,2.5457824795692483,2.2242897190290216e-05,True
0xd530e2127af9dfbf67faaf1f022e59270341250b,583,0.6620926243567753,0.46113989637305697,183482.24834,-0.9536176041887373,-1.9072352083774746,-1.3652881651241056,-2.730576330248211,-1.3239411622223662,-2.6478823244447325,2.212078986970204e-05,False
0x4157c2c78e5ea60fbd1cb4886a87376b74533364,52,1.0,0.0,182982.18509,-0.6463526325341161,-1.2927052650682322,-1.6098908744239222,-3.2197817488478444,1.320600513255246,2.641201026510492,2.206050178093657e-05,False
0x7cd00504bbfeb1fa1ba02f075cb1751bb5b285d7,32,0.84375,0.037037037037037035,181862.00632000001,-0.3525380584217992,-0.7050761168435984,-0.24797531722745061,-0.49595063445490123,-2.755868526807984,-5.511737053615968,2.1925451990497145e-05,False
0x202ed102cca91d1237971252eee1add2f303eb8b,30,0.7,0.0,179995.962,-2.2312607656550374,-4.462521531310075,-3.557499366053312,-7.114998732106624,-10.281969664065882,-20.563939328131763,2.1700479958250294e-05,False
0x5226e02e63e5822c27660b67f8da29ac84900571,125,0.12,0.0,179725.58189999996,-1.7441793155277134,-3.488358631055427,0.0006117992659675128,0.0012235985319350255,-0.9695407865996434,-1.9390815731992868,2.166788268286719e-05,False
0x7134db7e44a28f2c9947ccf5021e43d3911cc4e1,83,0.03614457831325301,0.0,178956.50355999998,-2.176521373085343,-4.353042746170686,-4.322804392443873,-8.645608784887745,-11.866763902560388,-23.733527805120776,2.1575161885589006e-05,False
0x348d4aab6a6c79215aa1b5e4da139c60d149082b,218,0.09174311926605505,0.0,178668.0,-0.02798486578458371,-0.05596973156916742,0.09514854366758456,0.19029708733516912,-1.393646316072268,-2.787292632144536,2.154037962907559e-05,False
0x35811174314e93b13d9a7998316c70a0385c6c42,125,0.36,0.0,178611.99999999994,0.079607637298177,0.159215274596354,0.11694887747674715,0.2338977549534943,0.7140982162213182,1.4281964324426364,2.153362821718745e-05,False
0x5fa5defeac027ac220c928d69ba0e19a342311b9,35,0.8285714285714286,0.41379310344827586,178062.80851,-0.6242067352427869,-1.2484134704855738,-0.5569195108072833,-1.1138390216145666,-3.7001396274414855,-7.400279254882971,2.146741718228665e-05,True
0x6a2ee2f8f0f11c548abc003a9b5b848b6c31d15b,57,0.07017543859649122,0.0,177608.03946,-0.7874663525830543,-1.5749327051661086,-2.252714287531382,-4.505428575062764,16.10056355727115,32.2011271145423,2.1412589804241594e-05,False
0x889af3d40da4a9ec680f26b6e55305aa44caf718,49,0.7755102040816326,0.4473684210526316,177382.85064,-3.642525807282522,-7.285051614565044,-12.328787420215118,-24.657574840430236,-9.348949863498541,-18.697899726997083,2.1385440831448347e-05,True
0x6e9989debf991affd8dfe4a73efcbfc8cb658473,30,0.16666666666666666,0.4,177137.5,-1.0890250367139462,-2.1780500734278925,-2.495913628329302,-4.991827256658604,-6.235649279423954,-12.471298558847908,2.135586113095449e-05,False
0xbbcb0c0aef0b28125af2f719f81d6a5b76f56f30,123,0.3089430894308943,0.0,176750.0,0.06551031042953918,0.13102062085907837,0.09528772426114791,0.19057544852229583,0.6789250353606789,1.3578500707213579,2.130914377190717e-05,False
0x29b7ddbc6fa8cd273a63cb17826225aeb46ed6a4,68,0.7058823529411765,0.0625,176549.50000000003,-4.9947818236401424,-9.989563647280285,-6.500556810337919,-13.001113620675838,-15.005983714815457,-30.011967429630914,2.128497130612914e-05,False
0xc1e42f862d202b4a0ed552c1145735ee088f6ccf,313,1.0,0.47603833865814693,176305.44,-1.0420325763834386,-2.084065152766877,-1.1913818098450724,-2.3827636196901447,-2.0216760894669337,-4.043352178933867,2.125554720638955e-05,True
0xec7c3257d80aa80d06d996517020744e40a70b05,166,0.1144578313253012,0.368421052631579,176226.31229,-0.2653811149447235,-0.530762229889447,-0.32849928580870386,-0.6569985716174077,-3.758338787568919,-7.516677575137838,2.1246007496354292e-05,False
0x98a3da6293e56674d250fa9ada4c684dc34e4e0b,38,0.02631578947368421,0.0,175868.0,-0.5686082743876089,-1.1372165487752177,-0.9097732390201743,-1.8195464780403485,-2.160711442672914,-4.321422885345828,2.1202809034669137e-05,False
0xd103fdac9ae59354ade450c8e90e8f6abe2456f1,455,0.004395604395604396,0.0,175497.0,0.4572571673640814,0.9145143347281628,-0.057597093504410835,-0.11519418700882167,2.7363278638085173,5.472655727617035,2.1158080930910282e-05,False
0xc703ee18fdbaa250c0f85ff2f5c1f2d098684c82,500,0.004,0.0,175486.0,-0.34190761656200497,-0.6838152331240099,-2.6212917269753713,-5.2425834539507425,-2.2793841104133663,-4.558768220826733,2.115675476071797e-05,False
0x13a0833e8201b37c161feb2df764159707f71409,60,0.11666666666666667,0.0,175348.0,-0.716941657243229,-1.433883314486458,-3.6172965433635644,-7.234593086727129,-12.30206707315086,-24.60413414630172,2.1140117352850796e-05,False
0xda87ecdd8ecd471ea8991e34ced0258a90efde98,85,0.09411764705882353,0.0,174542.0,0.8164224083601654,1.6328448167203309,7.047014472161428,14.094028944322856,-1.6185216165736613,-3.2370432331473227,2.104294524603237e-05,False
0x9753fca3efccc9012a8e71457768b99956f1f744,128,0.140625,0.0,174364.01953999998,-0.5331788145220389,-1.0663576290440777,-2.0606927158000463,-4.121385431600093,-1.0335480170801472,-2.0670960341602944,2.1021487756862746e-05,False
0x8b9af0a4a822d6d6ccc72540b2a44bcc9a5a66ef,99,0.18181818181818182,0.0,173292.20904000002,-0.1922071531814128,-0.3844143063628256,-1.1468466507922352,-2.2936933015844705,-1.8644873891316094,-3.7289747782632188,2.0892269289871295e-05,False
0xd393fc74c7d944b8bb3c8e922cc9fa7fbcfa8c5d,462,0.19480519480519481,0.19999999999999996,172224.43099999998,1.0638436659571258,2.1276873319142515,-0.2745476379095522,-0.5490952758191044,-0.3568425454451426,-0.7136850908902852,2.0763536979993807e-05,False
0xab21291b630b03e1e79bc087ae03d1855c8d86ba,524,0.16603053435114504,0.13793103448275867,171933.63799999998,0.7167585610438062,1.4335171220876124,-0.63463927503455,-1.2692785500691,-1.9869071610363105,-3.973814322072621,2.072847870647265e-05,False
0x3045613bbaf85d6e0b86777accf5e66cf1732c78,118,0.2796610169491525,0.12121212121212122,171025.0213,-0.006886121500922234,-0.013772243001844467,-1.6531253845978842,-3.3062507691957683,6.278830809066713,12.557661618133427,2.0618935035220286e-05,False
0x2a850538dafed61c4031ffc2b0ee36775da7c127,138,0.4420289855072464,0.4262295081967213,170287.79075,-0.36849627684115227,-0.7369925536823045,-0.5027521006136872,-1.0055042012273745,2.9826272803482183,5.965254560696437,2.0530053837013825e-05,False
0xd4252060f634fbb33d35821547bbb983363c43e1,816,0.9852941176470589,0.44651741293532343,169907.29361,-0.392777016515313,-0.785554033030626,-1.0616662013211218,-2.1233324026422435,-1.2165727731204936,-2.4331455462409872,2.048418074925677e-05,True
0xfb6c32c53bd347f9b5667a2dc822487047173e6c,40,0.1,0.25,169243.8,-0.5889802881248266,-1.1779605762496532,-1.7107542236539228,-3.4215084473078456,-11.691696114075434,-23.383392228150868,2.040418934485942e-05,False
0x332969b2951974fea82338ae410593ecaf98a4d0,426,0.20422535211267606,0.26436781609195403,168301.19599999997,1.3098207841647027,2.6196415683294054,0.07885701970844637,0.15771403941689274,-0.4266412691853332,-0.8532825383706664,2.0290548133227308e-05,False
0x5faed49291db46f90e9af7331e41046e65776e5f,393,0.002544529262086514,0.0,167809.72743,3.0222640115517647,6.044528023103529,3.9177496446041395,7.835499289208279,-5.820656614840435,-11.64131322968087,2.0231296227046246e-05,False
0x4887c30f1b1117b47a9cfb782f7eba2f6dd32f42,113,0.7787610619469026,0.40909090909090906,167348.52509999997,-2.2285115266551467,-4.4570230533102935,-1.9167914784737945,-3.833582956947589,1.7856089523338319,3.5712179046676638,2.0175693246803478e-05,True
0x92278b5455eb63cbb5a68eb7c7d589db75d789bb,3437,0.002909514111143439,0.0,167089.4,-0.7734752007187324,-1.5469504014374649,-1.3073451030854375,-2.614690206170875,-8.126739314385583,-16.253478628771166,2.014445288464897e-05,False
0x034d4f0b00827e4ac77d910071377f707ddd23d3,267,0.0749063670411985,0.3,166831.71688,-0.15523805644531252,-0.31047611289062504,-2.580610793305305,-5.16122158661061,-0.2186144457642351,-0.4372288915284702,2.011338636893936e-05,False
0xc368af9f95451f9b66349d795047ba6185794a77,58,1.0,0.0,165830.1534,-1.2323622046912421,-2.4647244093824843,-1.2626482063554163,-2.5252964127108326,8.066773329067246,16.13354665813449,1.999263694776815e-05,False
0x8190ff234a578aba075fbb6bbc3b8a77f42b44fe,40,0.175,0.4285714285714286,164784.29462,-0.6653422438805808,-1.3306844877611617,-1.9026690307174845,-3.805338061434969,0.8644983254402094,1.7289966508804189,1.9866547244186075e-05,False
0x07298580cb2e76180965ef147be67e71883aeac6,40,0.75,0.09999999999999998,163471.50017,-0.31095916677708607,-0.6219183335541721,-1.317083897715496,-2.634167795430992,1.655338305648364,3.310676611296728,1.9708275528893224e-05,False
0x098909cace047f74bc38aeb05c4b369d13d2d0a5,34,0.5294117647058824,0.1111111111111111,161593.50887999998,-0.6412432575157481,-1.2824865150314961,-0.38977531339192534,-0.7795506267838507,0.26942050645913435,0.5388410129182687,1.9481863158873422e-05,False
0x6dcade414ac7baeeae0ab8a0298728e521c7ddf5,428,0.20093457943925233,0.19767441860465118,161347.266,1.0912531588116752,2.1825063176233503,0.41131608467151204,0.8226321693430241,1.3301700203683149,2.6603400407366298,1.945217588909844e-05,False
0x34705cb69ac83cd65d4710259151665ab0ce6fa6,1333,1.0,0.0,160085.54957000003,-0.2736588136162358,-0.5473176272324716,-0.7697668977431371,-1.5395337954862742,-0.9654268808692845,-1.930853761738569,1.9300062187224342e-05,False
0x1bce9549c13f72fbc1b39a8971f7ba10734215b5,72,0.18055555555555555,0.3846153846153846,160068.69999999998,-1.5803080488704795,-3.160616097740959,-2.0041669682776595,-4.008333936555319,0.8162147601403995,1.632429520280799,1.9298030787452768e-05,False
0x15a9369c958452b9fc8232404f2887f53d717d83,65,0.6923076923076923,0.24444444444444446,159863.9,-0.11296513375383846,-0.22593026750767692,-1.3114760854388061,-2.6229521708776122,-2.0776603413880017,-4.155320682776003,1.927333990969047e-05,False
0x043e18204bf8d2a84574b71c5b2d622abbb13217,364,0.0521978021978022,0.2631578947368421,159005.00000000003,-1.022595586217647,-2.045191172435294,-0.6630341625487643,-1.3260683250975287,-0.5056480238068286,-1.0112960476136572,1.9169790129856293e-05,False
0x185ad166ca3057e1648f0c5519ebe2b3356bf611,104,0.125,0.23076923076923078,158713.94592000003,0.026813116898200703,0.053626233796401405,1.0107191622549174,2.021438324509835,0.14398499092488715,0.2879699818497743,1.913470038028843e-05,False
0xfc079a49e371976f559bea0cd1c1f87a5f5b9464,1177,0.008496176720475786,0.0,157851.90400000004,0.078125,0.15625,1.0379464285714286,2.075892857142857,2.96875,5.9375,1.903077180766783e-05,False
0xdf12dba344515c98f866af1436245438cd7d8566,231,0.6883116883116883,0.32704402515723274,157201.89402,-0.6754164955450017,-1.3508329910900034,-1.8063198629866126,-3.6126397259732252,-2.7627272091993897,-5.5254544183987795,1.8952406002196853e-05,False
0xb49d83ac6d58ecf528ca488f337c8c2da7709b72,48,0.041666666666666664,0.0,156436.07499999998,0.9614068592345031,1.9228137184690062,-5.464629585422137,-10.929259170844274,-5.963077902442906,-11.926155804885813,1.8860078151557863e-05,False
0xfd9ca6661a6169106530a3d9d31d9a7d132a7495,31,0.9354838709677419,0.27586206896551724,156222.81904000003,-0.27641734353360947,-0.5528346870672189,-4.108409750139452,-8.216819500278904,-7.441414581330039,-14.882829162660078,1.8834367815422898e-05,False
0xce397f90242c35486cf7f161e7a38e3321feb74f,1001,1.0,0.48051948051948057,155764.48376,-0.12066349297551172,-0.24132698595102345,-0.0502554348394396,-0.1005108696788792,-0.18798218300066122,-0.37596436600132244,1.8779110489384665e-05,True
0x9b4536fd71cc440e58d118d1eb36f0fedd9e16fb,197,0.09644670050761421,0.05263157894736842,155338.59675,-0.13795480583091072,-0.27590961166182143,-1.1829437470789306,-2.365887494157861,-6.3983239747151615,-12.796647949430323,1.8727765156843347e-05,False
0x257eed90f495abfcc4dcb19281bf18a4e301792f,251,0.9840637450199203,0.46963562753036436,154777.85045000003,-0.5384246079918579,-1.0768492159837157,-1.0340462115609965,-2.068092423121993,-1.054285635260758,-2.108571270521516,1.866016106334256e-05,True
0x8f1c6c1ad64d286da2f848df1426795a0d735d17,871,1.0,0.4902411021814007,154517.59275,-0.5965154009405079,-1.1930308018810158,-1.1211016786351506,-2.2422033572703013,-0.9363935579093258,-1.8727871158186515,1.862878415388261e-05,True
0x26f68941b957f1edf0b2702296dc8d7a5af70686,1128,0.2712765957446808,0.369281045751634,154256.31056,-0.027203147487894486,-0.05440629497578897,-0.03403749320633846,-0.06807498641267692,0.710514622021706,1.421029244043412,1.8597283730958994e-05,False
0x1ad050a36b9ecd9aee4f5aae6e94e97f8b945e1d,500,0.732,0.43715846994535523,154214.4974,-0.6343037437481279,-1.2686074874962558,-1.2150718335231558,-2.4301436670463117,-1.444514977508438,-2.889029955016876,1.8592242697646415e-05,True
0xfc7bfa362505b523c64852d9698c412d7c35311f,37,0.5405405405405406,0.1,152449.49899999998,-0.044937626592134745,-0.08987525318426949,0.3721987433254764,0.7443974866509528,0.021584733179914717,0.043169466359829434,1.837945285514126e-05,False
0xf032648dfd22c4d81588bd83e09ab89cfe816705,1480,0.5493243243243243,0.4870848708487085,151581.44812000002,-0.7037097484702795,-1.407419496940559,-1.3165314688536676,-2.633062937707335,-1.0828363146768036,-2.1656726293536073,1.827479983673532e-05,False
0xefc100ddf75f3c408a9f28bed26a9564e2f4a412,446,0.6345291479820628,0.43462897526501765,151138.90039999998,-0.8647168680565286,-1.7294337361130572,-1.5150253823179494,-3.0300507646358987,-1.8672203860065466,-3.734440772013093,1.8221445873559025e-05,False
0x2cdfe262b3354622b02614dfc28c8da3f12e5579,159,0.0880503144654088,0.3571428571428571,149267.15241,-1.2932876006672678,-2.5865752013345356,-1.3270435242559133,-2.6540870485118266,-0.05858158995473918,-0.11716317990947836,1.7995786201572106e-05,False
0x89f1cdbcdf0adbce1ce5132826cf0265aa668f11,73,0.0821917808219178,0.33333333333333337,148900.5148,-0.8651654094502076,-1.7303308189004152,-0.7099427959417924,-1.4198855918835849,-0.7560780496705443,-1.5121560993410885,1.7951584031593728e-05,False
0x4bdf1130109e9c1bc921d8979ea66284d9c92f37,628,0.9012738853503185,0.39752650176678445,147596.64127999998,-0.594700120056167,-1.189400240112334,-0.19519583686184647,-0.39039167372369293,0.08140319577483973,0.16280639154967946,1.779438783188757e-05,True
0x7585ca5118a3ec6abe5169af82cdf26d3da2aa00,235,0.9957446808510638,0.48717948717948717,146872.15416,1.8753625898504724,3.750725179700945,0.7995844173035398,1.5991688346070796,1.0310520905936194,2.0621041811872387,1.770704299340964e-05,True
0xa33202e558c0a3b637b9f50bad621bf5097a61fa,110,0.6909090909090909,0.4342105263157895,146099.50941,-0.63618775787979,-1.27237551575958,-0.010972299591756858,-0.021944599183513717,1.1268287294661616,2.2536574589323233,1.761389222643731e-05,False
0x69195f455728d68fb88f203d848b74428c9e1dd5,1689,0.14742451154529307,0.4979919678714859,144823.66210000002,-0.598474839474477,-1.196949678948954,-1.3694441658471261,-2.7388883316942523,-1.0801198219814105,-2.160239643962821,1.7460074892577107e-05,False
0xf90ca687b1da1b896e3f8e5ba6545a57d36962d5,46,0.9565217391304348,0.38636363636363635,143649.273,-0.45824855973176315,-0.9164971194635263,-1.3033510400500998,-2.6067020801001997,-0.9846127166171988,-1.9692254332343977,1.7318489454523013e-05,True
0x5a8e9552fe014b06dd6dda6d639131f393e9042a,63,0.30158730158730157,0.21052631578947367,141690.70296,-0.11441043585369297,-0.22882087170738594,-2.0958023397675696,-4.191604679535139,-1.1760399629288052,-2.3520799258576104,1.708236243574106e-05,False
0x430fddca061a5a41326df63405f6476f1179cc5c,107,0.2803738317757009,0.36666666666666664,141389.75048000002,-1.599702286565314,-3.199404573130628,-4.905011951171708,-9.810023902343415,-18.998650803580155,-37.99730160716031,1.7046079325897602e-05,False
0xdbaa43053b632cd47a54ebf2c8c8c75bc6dc8b11,46,0.8913043478260869,0.04878048780487805,139994.97828,-0.6580208572082568,-1.3160417144165135,0.9146957377026733,1.8293914754053466,-0.16988816728044778,-0.33977633456089557,1.6877924297106316e-05,False
0x6dcc70cb907d0f9a449586735a1e0fda5a43ab10,81,0.16049382716049382,0.38461538461538464,139947.78335,-0.6387375760272214,-1.2774751520544427,-0.8606839901545341,-1.7213679803090682,-3.547286196384467,-7.094572392768934,1.6872234432615936e-05,False
0x702f57eb0fecec3a29cde82e1de50d9635619ae9,1890,0.5079365079365079,0.19166666666666665,139665.39523,-1.3071349506885226,-2.614269901377045,-0.8227763112717118,-1.6455526225434236,-0.28883135220695627,-0.5776627044139125,1.6838189459215318e-05,False
0xa44f07b90727a8c7c69b6c820102137d9821e9d0,36,0.027777777777777776,0.0,139627.53568,-1.9351827609366286,-3.870365521873257,4.32570264209364,8.65140528418728,4.211868362038544,8.423736724077088,1.6833625076787656e-05,False
0x499882132a4f16905b3cb2e04e2ef0f7ad303e8f,255,0.2823529411764706,0.0,139138.08643,-1.339313954089881,-2.678627908179762,-2.642298492992818,-5.284596985985636,-2.092169993486167,-4.184339986972334,1.6774616621696837e-05,False
0x1774a021fef955785135cd9737cc421f5b71556e,53,0.5094339622641509,0.0,138889.83438,-0.6877498784013624,-1.3754997568027247,-2.2949486398396988,-4.5898972796793975,-0.2608254465904434,-0.5216508931808868,1.6744687124525007e-05,False
0x13b2e9091268f291f165196d4832ba1c5ac02938,3607,0.9991682838924314,0.49445061043285243,138380.58563,-0.3195159961995121,-0.6390319923990242,-0.427492736012821,-0.854985472025642,-0.5871192112096868,-1.1742384224193736,1.6683291623368492e-05,True
0x567bfad76ed798429547c4300bfaae032918c9ad,613,0.01631321370309951,0.0,138054.213,-1.1447811447811447,-2.2895622895622894,-1.5151515151515151,-3.0303030303030303,2.7497194163860827,5.4994388327721655,1.6643943836687384e-05,False
0x886354225a2479508d9534ccc774bcf1b1142eae,188,0.6861702127659575,0.22480620155038755,137245.03797,-0.6368869770597433,-1.2737739541194866,-0.6276280624323415,-1.255256124864683,0.10547955304202686,0.21095910608405372,1.654638894531026e-05,False
0x31b1ac74a39fa92604c3bccac20453f2e3eebfaa,45,0.8888888888888888,0.44999999999999996,136653.24238,-0.6215130263381855,-1.243026052676371,-1.358266389247044,-2.716532778494088,1.602235015268184,3.204470030536368,1.6475041520637613e-05,True
0x365e0c115f1ca1adcb42fd21142873493df7f880,38,1.0,0.26315789473684215,135827.6825,0.419527072189561,0.839054144379122,-0.36329685797962735,-0.7265937159592547,-1.9039134095473516,-3.807826819094703,1.637551125656271e-05,False
0x36dff97fd1a9c9c99019c7eb85da3756da6890db,114,0.9736842105263158,0.4504504504504504,135458.45679999999,-0.8504028334562541,-1.7008056669125082,-1.2867911078232395,-2.573582215646479,-1.2088600476985365,-2.417720095397073,1.6330997064055876e-05,True
0xfe72c242af1a4ca8114c6a170ba4a823785241ce,1457,0.05696636925188744,0.4457831325301205,134808.53237,-0.5830720178969092,-1.1661440357938184,-0.9631551716438514,-1.926310343287703,-0.3560332896650333,-0.7120665793300666,1.625264157257217e-05,False
0x5f9ca1f74ed7b56cb9c78ea5eb19dc27029bb5ce,47,0.06382978723404255,0.0,134410.11984000003,-1.8762248546925544,-3.752449709385109,1.7617951025538827,3.5235902051077654,3.48652501350322,6.97305002700644,1.6204608588796792e-05,False
0x337c8f57be536a4848a8b69d3d66199a404b9b4e,163,0.06134969325153374,0.2,134317.587,-0.8927128318289362,-1.7854256636578725,-3.2344882019758487,-6.4689764039516975,0.5318820976931777,1.0637641953863555,1.6193452743867887e-05,False
0x17364c7b7e6cb190719084169ae06b38b9d25e57,41,0.14634146341463414,0.0,133417.0,-0.3400988041160646,-0.6801976082321292,-2.599998170071161,-5.199996340142322,-1.585271253836968,-3.170542507673936,1.6084877140687632e-05,False
0x61bf199fabf0d2ec9dc98b9bcf8084aca32bc0de,1616,0.026608910891089108,0.0,131895.16269,-0.2923224561395459,-0.5846449122790918,-0.33967308958387404,-0.6793461791677481,0.6267594002729631,1.2535188005459261,1.5901403024499555e-05,False
0xd359905a8d17331078d4db35693bc85e813187ed,119,0.9495798319327731,0.053097345132743334,131745.34,-1.9128279722358286,-3.825655944471657,-0.888616705962056,-1.777233411924112,-7.511886210116094,-15.023772420232188,1.5883340262171385e-05,False
0x7326357e2b2feb661f9961bb897944045dc63ca6,34,0.2647058823529412,0.0,131551.60903,0.07599714378499568,0.15199428756999137,-4.170088317066894,-8.340176634133789,-7.549888546811748,-15.099777093623496,1.5859983876922156e-05,False
0xa9b2ae02cdb81465a1eebac6ce34172b9abb0ff9,77,0.37662337662337664,0.3448275862068966,131424.99214,-0.7828428606200959,-1.5656857212401918,-1.6590625383503044,-3.3181250767006087,-0.6251619616175136,-1.2503239232350272,1.5844718827343873e-05,False
0x6f46c54d556fc8e040ac9226196605eebdf334a1,338,0.020710059171597635,0.0,131288.92012,-0.8565836534747397,-1.7131673069494795,-1.4545760153344633,-2.9091520306689267,-9.37393432104432,-18.74786864208864,1.5828313858531912e-05,False
0x407afe1e87bf741293d47e562b107a633e678562,73,0.8356164383561644,0.0,131160.81888,-0.2918054356163254,-0.5836108712326508,-0.03586150817546093,-0.07172301635092186,1.5666083857892459,3.1332167715784918,1.581286985434227e-05,False
0xeaa123246b396028fc8fea0175f013c13e097157,43,0.9069767441860465,0.48717948717948717,130543.67316999998,0.47678874960022727,0.9535774992004545,-0.01908528864720875,-0.0381705772944175,-2.36535379007477,-4.73070758014954,1.5738466195713663e-05,True
0x45aebd64cd41812ec8c9d316dcb631a7e8dfce58,46,0.6086956521739131,0.35714285714285715,130130.18007,-0.7740530781340603,-1.5481061562681206,-0.9686181292222359,-1.9372362584444718,-2.6846252350517603,-5.369250470103521,1.5688615084445822e-05,False
0xcddd99847a2c94c0b7d0ac69b89bf852c70167f3,75,0.29333333333333333,0.0,130100.0,0.010232129368865845,0.02046425873773169,5.365702095414607,10.731404190829213,8.897307067650303,17.794614135300606,1.568497654724256e-05,False
0xa930cdefd5c41bbb92081faa33afdd5b3ba0c999,189,0.8624338624338624,0.27607361963190186,128073.09496,-0.5831039882038445,-1.166207976407689,-1.1844879346300692,-2.3689758692601384,-0.8114301370788785,-1.622860274157757,1.5440610997543194e-05,False
0x0facac3bd128fe6d799898a059d3634b877c7a0a,545,0.01651376146788991,0.0,127263.79925,-0.4494129543284085,-0.898825908656817,-1.3482388629852256,-2.696477725970451,2.1347115330599404,4.269423066119881,1.5343041556873447e-05,False
0x9a0825ca6c4c577a1202a8fae3b8f044c1d5711d,49,0.3673469387755102,0.3888888888888889,127088.14817999999,-0.3078324500590599,-0.6156649001181198,-1.3205971902665048,-2.6411943805330096,-1.9648555413138036,-3.929711082627607,1.5321864901120576e-05,False
0xf7be84e0bfe95e1f3936011784176c5c25c47e71,70,0.7571428571428571,0.39622641509433965,125410.43262999997,-0.5442814147113112,-1.0885628294226224,-0.5967314436594217,-1.1934628873188433,-3.165197764333883,-6.330395528667766,1.5119597959885417e-05,True
0x4b950f84d6f56ead87f2071eb0c9e09097c4372b,129,0.7364341085271318,0.0,125202.5,-0.8569506792025697,-1.7139013584051395,-2.1459671900857233,-4.291934380171447,-3.9924121795721152,-7.9848243591442305,1.5094529409347708e-05,False
0x9d0ce5ca0e5cab02b37c81fef7c3a4634dee4084,50,0.08,0.5,123078.08188,-2.072900927976555,-4.14580185595311,-3.7662602567535672,-7.5325205135071345,-0.15497705783033844,-0.3099541156606769,1.4838407592370482e-05,False
0x4c6988b39fc0904628c2959e7606ef5f8518c152,2884,1.0,0.4483356449375867,122589.47121,-0.5498501940637653,-1.0997003881275307,-1.1343521990335712,-2.2687043980671424,-1.1982473894737182,-2.3964947789474365,1.477950023726147e-05,True
0x9d117d5777650a06fb858effe1d3f5d9bd9fdc98,2229,0.9519964109466128,0.01979264844486328,121308.09490999999,-1.3277358911532144,-2.655471782306429,-2.252279477739934,-4.504558955479868,-0.25585047801924765,-0.5117009560384953,1.4625016323243846e-05,False
0xb11fe7f2e97bd02b2da909b32f4a5e7fcb0df099,51,0.9215686274509803,0.021276595744680882,119526.2,-0.7693086917617679,-1.5386173835235357,3.9685571164756412,7.9371142329512825,5.644501044370165,11.28900208874033,1.441018942183723e-05,False
0x7c7b412019186684b51bdd98d4cbc33ccf1eee7d,136,0.9632352941176471,0.0,119466.95000000001,-0.8660262173449356,-1.7320524346898711,-2.387727685451504,-4.775455370903008,-3.98044843687453,-7.96089687374906,1.4403046186937739e-05,False
0x75f3665323cce024368870bfd89db0c21e1ce76b,116,0.27586206896551724,0.25,119183.13076,-0.08610434247810284,-0.17220868495620567,-1.823782840743425,-3.64756568148685,-2.9569579522760696,-5.913915904552139,1.4368828676383884e-05,False
0x581bf7dcfd416450f3c26c7854253bd972ba0c2f,179,0.4692737430167598,0.15476190476190477,118593.61532999999,-0.6943483061146997,-1.3886966122293993,-0.6792503945203703,-1.3585007890407406,0.732028841041675,1.46405768208335,1.4297756149913571e-05,False
0x0e8245827225a007407849a29205080e48a68e28,47,0.3617021276595745,0.11764705882352944,118580.65764,0.019956710274628975,0.03991342054925795,0.7050745448172426,1.4101490896344853,-1.1422341752671956,-2.2844683505343912,1.4296193958800918e-05,False
0x019d877141e0d1c9b7b891f4899f474b8575a798,45,0.5333333333333333,0.0,118455.85611000001,-0.06134469134987422,-0.12268938269974844,0.12692357554958036,0.25384715109916073,1.7428477207996116,3.485695441599223,1.42811477707063e-05,False
0xa811c97b3006406f302dc0c2c2d50a22869ec80b,177,0.06779661016949153,0.5,117558.83157,0.8993007804354883,1.7986015608709767,1.4513960305876434,2.902792061175287,-1.080889835446038,-2.161779670892076,1.4173001661004521e-05,False
0xa36330415aadb085d5a3cdce06ff89601071d429,372,1.0,0.478494623655914,117222.78013,0.0774281563598363,0.1548563127196726,-0.02022876985581901,-0.04045753971163802,0.14182521901942058,0.28365043803884116,1.4132486988021685e-05,True
0x5aeb8e9fddb391940bd71f5429641ee64b5ae317,49,0.8979591836734694,0.38636363636363635,115801.38395999999,-0.01504891620388784,-0.03009783240777568,-0.18050641210781976,-0.3610128242156395,1.630192622665134,3.260385245330268,1.396112214873813e-05,True
0x6b701d0e13930f62ae31498d258d6821dd802205,141,0.5886524822695035,0.1566265060240964,115388.72227000001,-0.6594450101455336,-1.3188900202910672,-0.6032849455307296,-1.2065698910614593,0.11169711789245274,0.22339423578490547,1.391137127303025e-05,False
0xe1d39d2b30da977d470e0652239372b7ad4b7766,79,0.11392405063291139,0.0,115095.99239999999,0.037356643879113895,0.07471328775822779,-1.7308578330656106,-3.461715666131221,0.498088585054852,0.996177170109704,1.387607948866724e-05,False
0x8e80c4b533dd977cf716b5c24fd9223129272804,617,1.0,0.4813614262560778,114962.77610000002,0.5417839254936111,1.0835678509872222,-0.15017795125345218,-0.30035590250690436,-0.2992522607882238,-0.5985045215764476,1.3860018808104518e-05,True
0xd24dd878aba6120cef1f5142e9b14182d206d5c5,42,0.5476190476190477,0.391304347826087,114492.31867,-0.554966099512262,-1.109932199024524,-1.7221397587806668,-3.4442795175613337,-2.23503989742334,-4.47007979484668,1.380330002443022e-05,False
0x19705882fd661e0641c26f52e830f33f1874a882,61,0.16393442622950818,0.0,114275.90400000001,-0.4484304932735427,-0.8968609865470853,-0.11210762331838567,-0.22421524663677134,2.242152466367713,4.484304932735426,1.3777208871290872e-05,False
0x1f8c24902fbe49c235ad89f93d0c06cd699b0dfe,40,0.9,0.3055555555555556,113408.39120000001,-0.2448283035012516,-0.4896566070025032,0.07191067754422203,0.14382135508844407,1.0175525567833734,2.035105113566747,1.36726207243083e-05,True
0xb36147aa91470d1f63743d3c85a7de79148a0aa0,816,0.07475490196078431,0.0,111814.802,-2.491856670781932,-4.983713341563864,-2.3456511596083067,-4.6913023192166134,4.723722958038988,9.447445916077976,1.3480496133778405e-05,False
0xe0c4d5a57dac26ef346faf32e76ec297b8864dd5,94,0.40425531914893614,0.1578947368421053,110299.13890000002,-1.7277618085745476,-3.4555236171490953,1.4518999569005733,2.9037999138011465,5.211164324197367,10.422328648394734,1.3297766386068793e-05,False
0xaf266b453d153cedc00768bde667eeed537655a0,53,0.05660377358490566,0.0,110198.45619999999,0.0,0.0,4.986683288944296,9.973366577888592,-0.26444532592886416,-0.5288906518577283,1.3285627986466843e-05,False
0x7bfaf240b2913c6dc30766ab50bd7cb59de8826d,100,0.02,0.5,109895.75,-0.7863969830834516,-1.5727939661669033,-1.8687549770568346,-3.737509954113669,-8.61628029242697,-17.23256058485394,1.3249133446515231e-05,False
0x37c0fd0d2e7101ec3f8404ff949b88cc02bd67c0,668,0.7634730538922155,0.15294117647058825,109518.61284,0.20509401752207987,0.41018803504415974,0.5504029200012317,1.1008058400024634,4.2436316962706515,8.487263392541303,1.3203665441060247e-05,False
0x54b81f6ca0cbde8c819a2e1af5ab5c9ed3a3f83d,42,0.7142857142857143,0.4666666666666667,108940.25187000001,-0.01140874904493442,-0.02281749808986884,-0.13656062667133514,-0.2731212533426703,-3.1515469282599247,-6.303093856519849,1.3133937706622965e-05,True
0xe21d57a255e66e1912414be5378afdab3516d269,1633,1.0,0.4568279240661359,108883.96064,-0.6642819802054366,-1.3285639604108732,-1.3299520525367714,-2.659904105073543,-1.4734218796061815,-2.946843759212363,1.312715118377619e-05,True
0x4f62efb29bb38a975c1e54cb39ad3aa4e8777cf4,35,1.0,0.42857142857142855,108048.34911,-3.215351721664876,-6.430703443329752,-2.5349613304666923,-5.0699226609333845,-1.0787510792812005,-2.157502158562401,1.3026409083463693e-05,True
0xad0d614bed719fed42cf5bfeccb75e47256da754,573,1.0,0.47294938917975565,107338.19033,0.47925610764705845,0.9585122152941169,-0.4079062949000018,-0.8158125898000036,-0.13538869923492375,-0.2707773984698475,1.2940791682932423e-05,True
0xf0a30b4226b8d0ebc1bbc4d91cca51a653377426,60,0.16666666666666666,0.3,105642.83557,-0.6003891077760993,-1.2007782155521987,-2.490142520240046,-4.980285040480092,-1.783242716724709,-3.566485433449418,1.2736398142195636e-05,False
0x984e16e759ac515784f90dd88443260e482c63c1,46,0.3695652173913043,0.4117647058823529,105091.33972999999,0.4132125225242281,0.8264250450484562,-0.7329203453828147,-1.4658406907656294,-3.7939087975880996,-7.587817595176199,1.2669909292723675e-05,False
0x7267c24cfb47c3d9aad1c275896ea58f9ba09709,501,0.9840319361277445,0.49290060851926976,104014.73832,-0.6669839339128202,-1.3339678678256404,-1.2739098885670392,-2.5478197771340785,-1.1826258163715369,-2.3652516327430737,1.2540113229183491e-05,True
0xb542266afdb9032394b0e7c1a0c43bee22ad5a4e,112,0.14285714285714285,0.3125,103817.74448999998,-0.16891325136041208,-0.33782650272082415,0.02109127695096258,0.04218255390192516,-0.43975402178926304,-0.8795080435785261,1.251636347050938e-05,False
0xb16ef7a52dde9222b2d99ff5165a10b13bed912b,35,0.6857142857142857,0.0,103324.35080000001,-1.2177103876421775,-2.435420775284355,1.6758318974508175,3.351663794901635,-3.4507647178809813,-6.9015294357619625,1.2456879470077351e-05,False
0xd3ffc868b2e05dd82734828902342a52a153a64d,108,0.21296296296296297,0.0,102333.47944,-0.19463679957071367,-0.38927359914142734,-1.8883812595211658,-3.7767625190423315,-2.6584079974048516,-5.316815994809703,1.2337419100800375e-05,False
0x449d21dec2487cba7e480d5dc776038d5f2c2246,30,0.7,0.0,102106.22926000002,0.010790384903819903,0.021580769807639805,-5.147152621237303,-10.294305242474605,-17.65874293933169,-35.31748587866338,1.231002160853553e-05,False
0x41167b0dbc948a2b98a64d84e924ed4f533fd354,37,0.13513513513513514,0.0,101392.16003,0.2736945340920754,0.5473890681841508,0.022807877841006283,0.045615755682012565,5.7247773380925775,11.449554676185155,1.2223932760528936e-05,False
0xd472f83a2a30191376811c65f727f01e8851ffdd,46,0.06521739130434782,0.0,101142.89997,-4.042241336865271,-8.084482673730543,-0.36882528685568405,-0.7376505737113681,-1.0018591699274957,-2.0037183398549914,1.2193881736737513e-05,False
0x485b22c605e46454068e5ae22f57fa638eb960b5,98,0.6224489795918368,0.4590163934426229,100872.39656,-0.2273271564420915,-0.454654312884183,0.29396811963989095,0.5879362392797819,-0.05401598761870791,-0.10803197523741583,1.2161269594986557e-05,False
0x384863d6e4e39e293987fbcbdefe16521395d0ff,67,0.029850746268656716,0.0,100349.56499999999,-0.39233319420616136,-0.7846663884123227,-4.026303695727453,-8.052607391454906,-7.773500188736646,-15.547000377473292,1.2098236537670967e-05,False
0x041836d6c0617c694b70b57680f45905811076db,40,0.125,0.0,100027.648,0.11160714285714286,0.22321428571428573,0.4241071428571429,0.8482142857142858,1.1383928571428572,2.2767857142857144,1.2059425925871132e-05,False
0x536ef6ced9bf695e18fb1cf8f5bb2b33d46e6108,30,0.3333333333333333,0.0,99999.51504,-0.605299735461597,-1.210599470923194,-0.7958570595883961,-1.5917141191767923,2.7798950813791867,5.5597901627583735,1.205603419014627e-05,False
0xe3c764dbb56e1eabff1ba46eb22c6bd3713e9372,41,0.4146341463414634,0.0,97795.91252,-0.1585802860995108,-0.3171605721990216,0.4117655323419827,0.8235310646839654,-0.025492206185466354,-0.05098441237093271,1.1790365828534858e-05,False
0xf98529f5f72c24cab80ee05c3dfe1aac225c0c10,302,0.16887417218543047,0.0784313725490196,97727.38081,-0.09204675763694598,-0.18409351527389195,-0.3331471622953033,-0.6662943245906066,0.9774156743060876,1.9548313486121751,1.1782103582077577e-05,False
0x214a439a6c52259117ac3598bebe62d0c2efa813,57,0.7192982456140351,0.14634146341463414,97697.46579,-0.8253067578561851,-1.6506135157123702,2.514549651985543,5.029099303971086,9.419099324402342,18.838198648804685,1.1778496999547906e-05,False
0x9c691b145d3eeda833c2a26ad4803689a0d756d3,791,1.0,0.4804045512010114,97622.81377,-0.5841353738283345,-1.168270747656669,-1.1040076743228786,-2.208015348645757,-1.5005822672498288,-3.0011645344996576,1.1769496882846104e-05,True
0xb4e64c8bb8c9dc7be22247e7a6506d9c8a16362a,5665,1.0,0.4992056487202118,97541.17382,-0.6302936887494622,-1.2605873774989245,-1.2286454483590294,-2.457290896718059,-1.1540284560920457,-2.3080569121840915,1.175965429482867e-05,True
0xe006b02ec9f5caa7c5cbcb3804e10bf4f45036c8,179,0.055865921787709494,0.09999999999999998,97206.20912999999,-0.7850830927389811,-1.5701661854779623,-1.4820652708577875,-2.964130541715575,0.9976539862119775,1.995307972423955,1.1719270641432787e-05,False
0xd6d47a18ccbfd7b308f5eac1bf62670d078db8ac,33,0.8787878787878788,0.2068965517241379,96991.16705,-0.3775841110424492,-0.7551682220848984,-0.3574078150742364,-0.7148156301484728,1.305630933641106,2.611261867282212,1.1693344969015645e-05,False
0xb991119ece0a106304407175bcebf7e6584bde17,68,0.25,0.0,96714.94604000001,-0.16563537717270846,-0.3312707543454169,-0.5778533380093217,-1.1557066760186434,-2.7914978897100227,-5.582995779420045,1.1660043508110914e-05,False
0xcf751b8e5232a7925212b03d0ad5b7b077c002e9,272,0.9852941176470589,0.48880597014925375,96557.62453999999,-0.579772007647005,-1.15954401529401,-1.1852342207417772,-2.3704684414835544,-1.359903575979031,-2.719807151958062,1.1641076682300942e-05,True
0xf5978c36cd0d6df2442679f572b289574e4da8e6,76,0.32894736842105265,0.040000000000000036,96039.36296999999,-1.6207781549798614,-3.241556309959723,-4.659453443333108,-9.318906886666216,-4.680743230442144,-9.361486460884288,1.1578594587214184e-05,False
0x819d06c03a978a86d6884b11fbca4d228ea0d106,105,0.2,0.4285714285714286,95769.45768000002,-0.999184022135653,-1.998368044271306,-2.479740983184008,-4.959481966368016,-2.4375505479002237,-4.8751010958004475,1.1546054555364637e-05,False
0x54f9524155c82f1f3f2c5e086ba513df442a18ef,71,1.0,0.3661971830985915,94625.12274,-0.10570136597663891,-0.21140273195327783,-1.2496051222897062,-2.4992102445794124,-2.3243867426664084,-4.648773485332817,1.140809247468754e-05,True
0x20791c2b16c58c1bea496bd553afc300ed28eedf,70,0.3142857142857143,0.0,94587.94819000001,-0.08781636242085075,-0.1756327248417015,-1.2814789849908717,-2.5629579699817433,0.4359064611748234,0.8718129223496468,1.1403610676494577e-05,False
0xe8de5d2ae47fa0a00d1de7a36b2a2d75b63a80f7,262,0.1717557251908397,0.4,94119.70479999998,-0.35695155394580075,-0.7139031078916015,-1.53380320525067,-3.06760641050134,-3.558301089141015,-7.11660217828203,1.1347158819534148e-05,False
0x1c6b0efee2539999ef28bac36237122adfd0a089,58,0.25862068965517243,0.0,93878.15060000001,-0.3128491620111732,-0.6256983240223464,-4.655854960302269,-9.311709920604539,-26.018903123479458,-52.037806246958915,1.1318036821364375e-05,False
0x483e1d004247248d516865b9b9e893d48359ce10,147,0.08843537414965986,0.46153846153846156,92056.13087000001,0.9517889012659061,1.9035778025318122,-0.05110152755322379,-0.10220305510644757,-3.938409109073139,-7.876818218146278,1.1098372434479954e-05,False
0x07afd3d636929f5eb7b1b321eaeb56e73ff1e97e,42,0.8571428571428571,0.2222222222222222,91320.58640000003,-1.0458207317966641,-2.0916414635933283,-2.5480059991849915,-5.096011998369983,-2.4374848606513044,-4.874969721302609,1.1009694511640573e-05,False
0xb04ff708ed602b11f49a12c5b4314e0a4fc8e803,129,0.2713178294573643,0.08571428571428572,91320.37571000001,-1.6271312750284181,-3.2542625500568363,-3.3656741924380267,-6.731348384876053,1.0047033887275758,2.0094067774551516,1.100966911065895e-05,False
0xda3650ec26da6cc0e8e755da34554b8e2c471a68,5357,1.0,0.499533320888557,91247.89331,-0.5215781220122027,-1.0431562440244053,-1.0090432662854985,-2.018086532570997,-0.9964567908990055,-1.992913581798011,1.100093056535466e-05,True
0xb168655398e06718665eba3ef5997264505489c4,66,0.15151515151515152,0.0,91237.3194,0.0782114166322164,0.1564228332644328,-8.904928436553783,-17.809856873107567,-7.094892794493916,-14.189785588987831,1.0999655764967553e-05,False
0x68c0ebe0968ebbbc5e3701d98e38a9dea096bea7,281,0.09608540925266904,0.3333333333333333,90991.09186,-0.2772834458954431,-0.5545668917908863,-1.4333190424757267,-2.8666380849514534,-3.188830884230594,-6.377661768461188,1.0969970344597184e-05,False
0x493364de7f4a39ed24f9c68ece229973f324d369,933,0.16291532690246516,0.0,90630.29839000001,-0.5498914534605482,-1.0997829069210965,-1.7884051394993268,-3.5768102789986536,-5.782624314317948,-11.565248628635896,1.0926472749552233e-05,False
0xb7376454a288eb62dee9c06dc64c0044ee558395,71,0.14084507042253522,0.0,90490.0,-0.8840755884628135,-1.768151176925627,-9.614322024533097,-19.228644049066194,12.37705823847939,24.75411647695878,1.0909558245657027e-05,False
0xa180e7a0dd22d55e09a4c439e7bb2ae3c91dc0b7,92,0.6739130434782609,0.0,90013.6295,-0.7504909595444386,-1.5009819190888771,-1.124668163406231,-2.249336326812462,-3.291619126659432,-6.583238253318864,1.0852126576784636e-05,False
0x02bb80c8fa09995730a241742578f3e939f65786,39,0.02564102564102564,0.0,89990.0,-0.6667407489721081,-1.3334814979442162,0.888987665296144,1.777975330592288,-1.555728414268252,-3.111456828536504,1.0849277782370162e-05,False
0x9019ea7399c1b03cb9ac820f20b62a29993de68e,375,0.005333333333333333,0.0,89476.3857,0.0,0.0,-0.9036484807409918,-1.8072969614819836,-0.9601265107873038,-1.9202530215746076,1.0787355966460644e-05,False
0x6b00ea6fc7a9b699ce17bd7825bc16d45d2b3455,86,0.2441860465116279,0.0,89370.0,-2.2378874342620567,-4.475774868524113,-4.358552193396101,-8.717104386792203,-7.7207116482040945,-15.441423296408189,1.0774530007894447e-05,False
0x940c4a0a95615187f97bc69b01b86c6c1c3c2dd0,72,0.16666666666666666,0.0,89300.0,0.0,0.0,2.9488615154908544,5.897723030981709,1.9036954087346025,3.807390817469205,1.0766090743034287e-05,False
0x9727e451546e8d2103d432967796904164477d9a,64,1.0,0.0,88926.0,0.4498122034050783,0.8996244068101567,3.1486854238355484,6.297370847671097,0.4498122034050783,0.8996244068101567,1.072100095649571e-05,False
0x9529d59a4a4ab9c20739c1841e610bb16ed1f0f4,134,0.05970149253731343,0.125,88596.9,-2.0454055818956096,-4.090811163791219,-3.2272397016149066,-6.454479403229813,-4.707954434825071,-9.415908869650142,1.0681324355560295e-05,False
0xd70e1d0a6a93932db3ce60a8e3f110b16cc9d964,160,0.50625,0.45679012345679015,88522.09092,-0.49034307213915596,-0.9806861442783119,-1.5301994977901552,-3.0603989955803104,-2.580491458158742,-5.160982916317484,1.0672305303559368e-05,False
0xa0ca16526fad82e5760a7e81323c5814292a8b8c,565,0.42123893805309737,0.03361344537815126,88513.40768,-0.7513023376951317,-1.5026046753902633,-1.7519822573896464,-3.503964514779293,-1.8436440896579622,-3.6872881793159245,1.0671258444099306e-05,False
0x9ec4b23036d7a0bc1d4f8061947bfcc32c7c7450,62,0.46774193548387094,0.2413793103448276,88335.58248000001,-0.10596590020392557,-0.21193180040785115,-0.3351969218928209,-0.6703938437856418,-1.6226169547066414,-3.2452339094132827,1.0649819673219147e-05,False
0x940343d6a14f39cdb167dccf986ef33e7b93369e,37,0.7567567567567568,0.0,88147.5,-0.27225300528661733,-0.5445060105732347,-0.2766764148104581,-0.5533528296209163,-0.37421104255101845,-0.7484220851020369,1.062714427515806e-05,False
0x2fc81b8d1d22921acb412c7a054ff62ce880eece,60,0.03333333333333333,0.0,87780.0,-0.17088174982911825,-0.3417634996582365,-1.3100934153565733,-2.6201868307131466,5.069491911597175,10.13898382319435,1.0582838134642213e-05,False
0x98cfe73b64cbd4dc013a2d6e61e6a2488c40b3af,33,0.12121212121212122,0.0,87724.0,-0.7409602845287493,-1.4819205690574986,-5.44320824403812,-10.88641648807624,-8.464046327116867,-16.928092654233733,1.0576086722754085e-05,False
0x003473c4c08191261de6ec079f56ad405bc6db98,55,0.01818181818181818,0.0,87505.0,1.0285126564196332,2.0570253128392664,-3.1998171533055255,-6.399634306611051,-4.114050625678533,-8.228101251357065,1.0549683879834437e-05,False
0x17424ccccae665fa85c3d424540e9fa87a5af3a5,442,1.0,0.47737556561085975,87236.09047,-0.4619842669862532,-0.9239685339725064,-1.2456807304132929,-2.4913614608265857,-1.7864121376987938,-3.5728242753975876,1.051726389773313e-05,True
0x32b6fead6f5c17c1b2db66d557b4432bc7d86449,196,0.9336734693877551,0.0,87085.95168000001,-0.3689533651327471,-0.7379067302654942,-1.329263844592677,-2.658527689185354,-1.1360246808558452,-2.2720493617116904,1.0499163026096074e-05,False
0x20faffd0045455e86b36b827d68f8f99f9c929b4,79,0.6708860759493671,0.0,85885.97527000001,-0.3866543668510306,-0.7733087337020612,-0.6933754404051163,-1.3867508808102327,-0.924347063404082,-1.848694126808164,1.0354492758239853e-05,False
0xf08062d105b4729f4baa78572578a0231e5a6588,50,0.74,0.24324324324324326,85864.73348999998,-1.0406380923592473,-2.0812761847184946,-1.5398221882753866,-3.0796443765507733,0.22607143113627462,0.45214286227254924,1.0351931829560973e-05,False
0x2cc0c3a265ca4e5bc313a9ad249a03a5debdc5f4,42,0.3333333333333333,0.2857142857142857,85664.78876,-0.2511469563894648,-0.5022939127789297,-0.8423527885274021,-1.6847055770548043,-5.514401406088465,-11.02880281217693,1.032782630764864e-05,False
0xb00d14ffba1f3d754d90b1d4581a7f8d19890b98,40,0.275,0.0,84449.04655,-0.4610411188609121,-0.9220822377218242,-1.1626736477325588,-2.3253472954651175,0.8083299922689502,1.6166599845379004,1.0181255300336244e-05,False
0xa0e8da24446086061c21e092062a4bff35c936c5,66,0.9242424242424242,0.2786885245901639,84288.74642,-0.39012532046657195,-0.7802506409331439,0.9240826571965168,1.8481653143930337,3.2680126648421814,6.536025329684363,1.0161929368133554e-05,False
0xdc5accc63c9c57391debafff92976fc5867d3cad,41,0.17073170731707318,0.0,84275.53758,-0.5008893082965628,-1.0017786165931255,-7.9695301700685155,-15.939060340137031,-12.381609086039987,-24.763218172079974,1.0160336898144191e-05,False
0x4968b2d98e6829e776560644937e3c260fea112b,46,0.34782608695652173,0.25,84231.98483999999,-0.19214195332148898,-0.38428390664297796,-0.4914984347117246,-0.9829968694234492,1.8025326777440858,3.6050653554881715,1.0155086139454964e-05,False
0x83027df4f3f749a1f9dd8bbc976eee49653c1d72,242,0.4462809917355372,0.4537037037037037,83438.22577000002,-0.4943645288795216,-0.9887290577590432,-0.8720187091742014,-1.7440374183484029,-2.531568147621316,-5.063136295242632,1.0059389810499463e-05,False
0xad04c40bde723cfecb8524237e5239e327e92a2e,113,0.05309734513274336,0.0,83276.57443,-1.016616024127687,-2.033232048255374,-2.710976064340499,-5.421952128680998,-2.9180645136998424,-5.836129027399685,1.0039900975167174e-05,False
0x000d0312654b23c09838877aaa3b09a806f6d4d9,415,0.021686746987951807,0.0,81940.37221999999,-0.4974422859836939,-0.9948845719673878,-2.456983479895122,-4.913966959790244,-6.577970048890591,-13.155940097781182,9.878807198639706e-06,False
0xe958fa447b732ffe7210807b949a6745b79180a2,33,0.3333333333333333,0.0,81353.87519999998,0.0006460055536405627,0.0012920111072811254,-0.12502776908613447,-0.25005553817226894,0.12468875923595425,0.2493775184719085,9.808098574475771e-06,False
0xcdd518dcba1e68d0781d4bd998beda2089d45211,59,0.03389830508474576,0.0,81351.92911999999,-1.0819648592892877,-2.1639297185785753,-0.18680934604893507,-0.37361869209787013,-10.297697776328308,-20.595395552656615,9.807863953267786e-06,False
0xcc33d2eedf3d33ff28b5662330bd3171de259b6d,181,0.03314917127071823,0.0,81340.02609999999,-0.17044593885424542,-0.34089187770849083,-1.134837043995162,-2.269674087990324,-0.24659613143666212,-0.49319226287332424,9.80642891414756e-06,False
0x3aada2ebdb06b790e456c370b0f5b2e1934adbd5,31,0.16129032258064516,0.4,80550.0,0.11732023984995336,0.23464047969990673,0.749729335911485,1.49945867182297,4.98241050079871,9.96482100159742,9.71118263551413e-06,False
0xa89e0dbf7e63098c39f34f4bf48e776d8da5ad3f,87,0.4367816091954023,0.26315789473684215,80381.23751,-0.45924417350994484,-0.9184883470198897,-1.2267753848787453,-2.4535507697574905,-4.9197323497889895,-9.839464699577979,9.69083647334884e-06,False
0xeb16c56d880f487b29c31bd459642a72fb992211,63,0.3968253968253968,0.24,80080.57619,-1.1382511591278004,-2.276502318255601,-1.3247519250484177,-2.6495038500968353,0.9436941869566753,1.8873883739133506,9.654588466024759e-06,False
0x6de880729e2ce1d2d2c71513d864c3886f1519e7,761,0.9973718791064389,0.47035573122529645,79968.14188000001,-0.5288511073247067,-1.0577022146494135,-1.1616488584101772,-2.3232977168203544,-1.65881332470807,-3.31762664941614,9.641033281432482e-06,True
0x30eb151e9d519c70ead1b198c8415477eef46947,144,0.09027777777777778,0.15384615384615385,79820.86899,-1.6694031011478998,-3.3388062022957996,2.4377922493623596,4.875584498724719,7.218060844916645,14.43612168983329,9.623277925354889e-06,False
0xcc3938d6cf2d1dd16249686220278713973ab25b,51,0.7450980392156863,0.23684210526315788,79648.37548,-0.7371309422892873,-1.4742618845785747,-1.1686879843675826,-2.337375968735165,-1.1222201955429087,-2.2444403910858175,9.602481947961334e-06,False
0x2e120d1a09b5cbb4b3abd90427f17f559c695287,34,0.058823529411764705,0.0,79625.61249999999,-1.1267605633802817,-2.2535211267605635,1.2394366197183098,2.4788732394366195,5.859154929577465,11.71830985915493,9.599737622000952e-06,False
0xba46f50e7574c10e1383c5f0f9b6bda184ed4196,169,0.40236686390532544,0.0,79205.90631,-0.5246661234416989,-1.0493322468833979,-2.32318098840316,-4.64636197680632,-0.3076561908475538,-0.6153123816951076,9.549137454845823e-06,False
0x94b60c2a5db13689bb06a73657ac1216424de5b3,126,0.007936507936507936,0.0,79062.375,2.6561306816295365,5.312261363259073,-22.466438682116493,-44.932877364232986,-6.750998815808404,-13.501997631616808,9.53183318711988e-06,False
0xf8a1928731df860d931ae86ad81cb88fdc0feea5,43,0.9534883720930233,0.024390243902439046,78862.30794,-1.574931471450145,-3.14986294290029,3.1451229240718925,6.290245848143785,15.967947310232647,31.935894620465294,9.507712916989398e-06,False
0x09d30d8c452c191b36b054a1cb4ef603066674c0,32,1.0,0.0,78705.04432,-0.6778060591839896,-1.3556121183679792,-4.6606786684078445,-9.321357336815689,-6.867314600523784,-13.734629201047568,9.48875306924586e-06,False
0x7e98d97e0703a79299b65cb57a992a77a5079678,39,0.7435897435897436,0.0,78389.60663999998,-1.1847441454925913,-2.3694882909851827,-2.0500309102848115,-4.100061820569623,-2.780331640345856,-5.560663280691712,9.450723610268789e-06,False
0xfdd5ebf504abb43a63fdebef80db551514df962a,61,0.9836065573770492,0.35,77983.25288,-0.33263637017821124,-0.6652727403564225,0.7926459620276209,1.5852919240552419,5.2051932600822735,10.410386520164547,9.40173322444647e-06,True
0xc57eee13a99715c4381f675a39aa545ecd80c8f5,46,0.21739130434782608,0.0,77947.56018,-0.2627729334990524,-0.5255458669981048,0.6561246260859166,1.3122492521718332,-0.09441204511404763,-0.18882409022809526,9.397430079462552e-06,False
0x9c063a0d0ecd247dedf3988b8f6c1e543e171ce9,31,0.8709677419354839,0.37037037037037035,77892.63235,-0.0959258268907967,-0.1918516537815934,-0.16751396408024288,-0.33502792816048577,0.7314352590467612,1.4628705180935224,9.390807929383068e-06,True
0x62016b340492521827fc3837571553227d54481d,30,0.9666666666666667,0.0,77850.0,-0.10214523109305089,-0.20429046218610178,0.06065618616756777,0.12131237233513555,-1.8427576712808516,-3.685515342561703,9.385668133765052e-06,False
0xa4fdcca30d7194f81344d9d496d8f63f72a899a8,145,0.08275862068965517,0.16666666666666666,77803.81789,-0.2461268752392621,-0.4922537504785242,0.24821832243540978,0.49643664487081957,-2.834473265290607,-5.668946530581214,9.380100375792323e-06,False
0x69535569c56909c70dd86e80f3ec8a432fdcef49,57,0.6140350877192983,0.1428571428571429,77256.98550000001,-1.1224427081037032,-2.2448854162074063,-0.7857300882330285,-1.571460176466057,0.3444097021096242,0.6888194042192484,9.314173756173396e-06,False
0x4a1de12a877e9cb7f69c0d110d0d72366a767247,43,0.20930232558139536,0.2222222222222222,76733.96172,-1.38665459904875,-2.7733091980975,-2.2734546166792295,-4.546909233358459,3.1442276282867265,6.288455256573453,9.251117524636499e-06,False
0xf21cd17b9db49fdb21bfdf714558cf8bde3221bd,116,0.13793103448275862,0.25,76531.84842,0.033180683312605264,0.06636136662521053,0.17371967672056005,0.3474393534411201,-1.8775014386352755,-3.755002877270551,9.226750557915623e-06,False
0x880863861aff5a38d36dc5fe7bbf0a685289f19a,90,0.3888888888888889,0.2571428571428571,76460.38629000002,-1.4689199365256882,-2.9378398730513764,-3.035760482958567,-6.071520965917134,-8.410769882693245,-16.82153976538649,9.218135017307893e-06,False
0x62e9e1c8aee0db1515b56d41f6a30b3055a942d7,31,0.3225806451612903,0.0,76011.674,0.010732100569355547,0.021464201138711093,2.275583211568499,4.551166423136998,2.2186980400060468,4.4373960800120935,9.16403784786047e-06,False
0x80401362dc41308f34195f85fa508695cab4f5eb,36,0.6944444444444444,0.28,75989.11583,-0.30967426107491713,-0.6193485221498343,-0.6659869976065173,-1.3319739952130345,-2.2964910945731636,-4.592982189146327,9.161318213983461e-06,False
0xfe348be771e68b900b7c5e718d161ae72e063c0c,57,0.40350877192982454,0.0,75850.86936000001,-0.06800460876948575,-0.1360092175389715,-0.5488943422108492,-1.0977886844216984,-7.320210386829646,-14.640420773659292,9.144651091464717e-06,False
0x9d097697e5b82a52f6b82c16c148a753bbf5c8ae,164,0.06707317073170732,0.18181818181818177,75490.61256,-0.3664906178388796,-0.7329812356777592,-0.9675320892663231,-1.9350641785326461,-7.350843759697179,-14.701687519394358,9.101218197852225e-06,False
0x191779545ef487a2197f8efbacf028d555aecef0,130,0.11538461538461539,0.0,75021.33106,0.03780746924362377,0.07561493848724754,-0.1285453954283208,-0.2570907908566416,0.7334649033263012,1.4669298066526024,9.044641185388316e-06,False
0xd6ab2fa07261dee9562245f58eaaf90bf58b9396,78,0.02564102564102564,0.0,74999.40699999999,-2.8152571383807885,-5.630514276761577,1.7751611989042166,3.5503223978084333,10.259531029765,20.51906205953,9.041998000400457e-06,False
0x4319e4cefc33fc8c9a1e2e864319af1a0f43432e,50,0.06,0.0,74961.66376,-0.5596722559269293,-1.1193445118538585,0.5981774396389072,1.1963548792778145,-1.230738955903844,-2.461477911807688,9.037447640414162e-06,False
0x7256ee5924f2ba659a431ad6a971c0d9ff766240,37,0.05405405405405406,0.0,74935.39304,-0.2204526488099522,-0.4409052976199044,1.505188385571641,3.010376771143282,11.673676862909245,23.34735372581849,9.034280418069203e-06,False
0xc2fd1b02ec663e31ecac1f01841223d44db44518,92,0.25,0.0,74537.53987,-0.059100893171451396,-0.11820178634290279,0.9069264394336802,1.8138528788673605,0.4787474302030675,0.957494860406135,8.986314871253706e-06,False
0x600330449a73755fb4d7f82250938ab0bd7c5596,378,0.16137566137566137,0.3770491803278688,74232.23167000001,-0.7451858399915473,-1.4903716799830946,-2.093906883296994,-4.187813766593988,-2.443341247177076,-4.886682494354152,8.94950663177115e-06,False
0xb701c7b999f9bbe0e5bdf459fc90a544fde3925a,137,0.0072992700729927005,0.0,73975.3589,0.3348588012054917,0.6697176024109834,2.2323920080366113,4.464784016073223,10.380622837370243,20.761245674740486,8.918537812608389e-06,False
0xbfa317b7468a97e4e6a7a3c138b86ca0b7395477,131,0.0916030534351145,0.4166666666666667,73501.5049,0.421660058777335,0.84332011755467,1.4274533125958984,2.8549066251917967,1.001418225721248,2.002836451442496,8.861409535307719e-06,False
0x9acc9ebc12e38ecb6845565fa9f5bdc0df4e2385,881,1.0,0.46083995459704885,73273.71330999999,-0.5039816542576169,-1.0079633085152337,-1.2195883229561089,-2.4391766459122177,-1.104921853749478,-2.209843707498956,8.833946770151613e-06,True
0x78b1a0f58bc09c02c9b331ef3d21b9bd71720f8b,211,0.04265402843601896,0.4444444444444444,72556.91717999999,-0.3725579245157059,-0.7451158490314118,0.3011885080833944,0.6023770161667888,1.0156725565226568,2.0313451130453135,8.747529164554348e-06,False
0x0c08ddee2af9ca6c1f89669d48f35648e196e36f,33,1.0,0.06060606060606061,72232.87811000002,-1.2335268706750742,-2.4670537413501483,-2.1216091777878234,-4.243218355575647,-1.8875877180792902,-3.7751754361585803,8.708462714029061e-06,False
0x598945346525e8cdcf6a8d441eb2c88bb36199b8,113,0.672566371681416,0.0,72201.56205,-0.6217686156206597,-1.2435372312413193,-1.450462179888054,-2.900924359776108,-1.832668567742023,-3.665337135484046,8.704687220818819e-06,False
0xb49feca32fa3c6271f5c93bc7e5bcfd537d0923d,71,0.014084507042253521,0.0,71860.18000000001,-4.006043402618808,-8.012086805237615,-4.006043402618808,-8.012086805237615,3.6626682538229103,7.325336507645821,8.66352988455518e-06,False
0x4aba5d67672f8e918ea825c14cd6f819bef05125,32,0.3125,0.0,71817.95864,-0.20503555863199238,-0.41007111726398476,-0.721600415506706,-1.443200831013412,-2.448524953366597,-4.897049906733194,8.658439638272377e-06,False
0xe93ae973068ffb05368269722e8c1e4fc1c5c193,96,0.34375,0.0,71798.89116,-0.2161650874594526,-0.4323301749189052,-0.6550048715717618,-1.3100097431435236,-7.52876139790372,-15.05752279580744,8.65614084521615e-06,False
0xc5afffbb7ec43da92bad958d6c43d8b3bc0b268a,30,0.6333333333333333,0.10526315789473684,71553.82316,-0.15533167097312098,-0.31066334194624196,-0.12764423779466597,-0.25528847558933193,3.0143239870973835,6.028647974194767,8.62659522006258e-06,False
0xc1fd39727cd10fe97ccac228888f025309560a93,60,0.65,0.0,71294.62405000001,-0.3815746541995837,-0.7631493083991674,-0.47942142562205503,-0.9588428512441101,-0.48975448036159536,-0.9795089607231907,8.595345935193895e-06,False
0x851b9d3f0d4ac6259dafdc3fdd31dd2c37c9b2ef,49,0.16326530612244897,0.0,70843.93253,-0.4256023878009405,-0.851204775601881,-2.5409298874663215,-5.081859774932643,-4.025991619224556,-8.051983238449113,8.54101014794377e-06,False
0xf5fcd3a63abc766ac5ada296b4a4e860dbf9ebb0,239,0.0041841004184100415,0.0,70232.5081,-0.11319259720414285,-0.2263851944082857,-2.7166223328994286,-5.433244665798857,-10.75329673439357,-21.50659346878714,8.467296252133153e-06,False
0x9c885e1cdf22aef647c736b7c9b95f9cb628a83a,47,0.5531914893617021,0.038461538461538436,70036.62460000001,-5.050489212078996,-10.100978424157992,-0.43334597945355563,-0.8666919589071113,-2.1058324607123278,-4.2116649214246555,8.443680355872648e-06,False
0x50e8db5da4198e49197743f8006b318cb6a08b49,94,0.20212765957446807,0.15789473684210525,70003.6069,0.29374402592613735,0.5874880518522747,-2.0699319119077697,-4.139863823815539,2.376688580409268,4.753377160818536,8.439699711367314e-06,False
0x1dd4af3383fce2ee4a40d9fb6766cbfcce2ddbce,3507,1.0,0.4984317080125463,69924.50234,-0.9081961766494957,-1.8163923532989914,-1.3242258624537557,-2.6484517249075115,-1.225094580900077,-2.450189161800154,8.430162792317508e-06,True
0x29935f0bbb656a6f9ce352568ad2bff7503fb7da,406,0.9359605911330049,0.4789473684210527,68610.55141,-0.8754514154856134,-1.750902830971227,-1.5540790184127822,-3.1081580368255644,-1.4442954369532575,-2.888590873906515,8.271751650724288e-06,True
0xa9d73990e93ea217d941a079c16c9531b18563aa,31,1.0,0.45161290322580644,67957.8359,-0.10989146269083412,-0.21978292538166824,-1.733897665229238,-3.467795330458476,-0.5975567669685402,-1.1951135339370804,8.193059664049644e-06,True
0xc34260e90c4664928bf1570b7b890b4ce5aefc28,33,0.8181818181818182,0.0,67806.24844,-0.03352450662368304,-0.06704901324736608,-0.32765835067287624,-0.6553167013457525,0.8811157502472016,1.7622315004944031,8.174784139415084e-06,False
0xe8c8c9c5e0d0db7a49c9747f4d53537818614755,55,0.7454545454545455,0.2682926829268293,66861.55,-0.23287686090529655,-0.4657537218105931,-0.9980711668789173,-1.9961423337578346,-0.6021638343531387,-1.2043276687062774,8.060890420155925e-06,False
0x6af7dd75a49d3183e596b05f2d920cc31a6d74ce,49,0.04081632653061224,0.0,66727.5,-2.6975384961222884,-5.395076992244577,-2.9223333707991457,-5.844666741598291,-2.5851410587838597,-5.170282117567719,8.044729227948716e-06,False
0x4061eada41227256d5c7d501b562824a1b717a36,78,0.7307692307692307,0.10526315789473684,66669.6694,-0.43831028629732005,-0.8766205725946401,-1.7891655303022467,-3.5783310606044934,-1.6782450972625869,-3.3564901945251737,8.037757117228401e-06,False
0x973162c7c96d8141b658e6effb5f610e92d322d7,155,0.9161290322580645,0.38732394366197187,66194.66604000001,-0.45709577481950503,-0.9141915496390101,-1.172285083084688,-2.344570166169376,-2.7247391431787467,-5.449478286357493,7.980490272021167e-06,True
0x68cc804e3c446a48f9fa3cdf8d7c14318673f321,34,0.7058823529411765,0.0,66193.25,-0.31702237245421677,-0.6340447449084335,-1.395143600941583,-2.790287201883166,-0.47283094607176374,-0.9456618921435275,7.9803195529267e-06,False
0xf106b9c81a2f49b52852d51ec6117e8eaa842c3f,39,0.9743589743589743,0.368421052631579,66046.13914,-0.12189008836508525,-0.2437801767301705,-0.17495595991842144,-0.3499119198368429,0.4614642398074409,0.9229284796148818,7.962583731336042e-06,True
0x231d221f9c1a1e610d3e27fc092c8c5941e19e5e,37,0.16216216216216217,0.0,65631.47276,0.03796247788685663,0.07592495577371326,-0.6453621240765628,-1.2907242481531256,2.5245047794759663,5.049009558951933,7.912591168344266e-06,False
0x23ef40c6c2630c844ece2808b36d462a98efd53a,104,0.1346153846153846,0.1428571428571429,65075.214009999996,-1.1764569897892965,-2.352913979578593,-1.2854909203593639,-2.5709818407187277,-2.8470679946214505,-5.694135989242901,7.84552809802952e-06,False
0x22b6df9a67cffda687d556a1f36954741b5a9370,68,0.3235294117647059,0.0,65047.80280000001,-0.5031382624974179,-1.0062765249948358,-0.8969947548327654,-1.7939895096655307,-6.066925896172413,-12.133851792344826,7.842223377153414e-06,False
0x1201992ebd8e2016a787c20d3a1240dd95a86145,30,0.5,0.0,65001.94272000001,-0.6210894368789106,-1.2421788737578212,2.484357747515642,4.968715495031284,-4.094589620905411,-8.189179241810821,7.836694443415869e-06,False
0x331fcd79878b84865a210bb25b207146acae60ed,644,0.9984472049689441,0.48055987558320373,64865.757920000004,-0.525753124141612,-1.051506248283224,-1.0332037796914055,-2.066407559382811,-1.1707729549241979,-2.3415459098483957,7.82027587774261e-06,True
0x7fe6df3bbc6c9e3ec61f2cd8765d3036b7fe063c,34,0.8529411764705882,0.3793103448275862,64602.75513999999,-0.216862856334209,-0.433725712668418,0.19924622195697878,0.39849244391395755,0.9437550111339629,1.8875100222679257,7.78856801889434e-06,True
0x186b7610ff3f2e3fd7985b95f525ee0e37a79a74,50,1.0,0.5,63951.97698,-1.6534157414221624,-3.306831482844325,-1.3671578208485837,-2.7343156416971675,-1.9518005087196635,-3.903601017439327,7.710109600930793e-06,True
0xfc38838114f8a23970fa47bf6fb0982f199d2d09,105,0.2571428571428571,0.3333333333333333,63824.04216,-0.3082231566463406,-0.6164463132926812,-3.267189041401253,-6.534378082802506,-0.19020698607457331,-0.38041397214914663,7.69468566049055e-06,False
0xdeb7ba12e32f8a7ac164186c9ab95d8b63a11485,81,0.18518518518518517,0.06666666666666665,63563.106629999995,-0.3453156622805375,-0.690631324561075,-1.133526713044651,-2.267053426089302,-5.637518429671172,-11.275036859342343,7.66322703121774e-06,False
0xa55c14cd3b2b11bf854a4191c028cc1ad6e9de6e,300,0.9833333333333333,0.43728813559322033,63354.22872,-0.6856898538574391,-1.3713797077148782,-1.476680784897367,-2.953361569794734,-1.8239525677455215,-3.647905135491043,7.638044516847357e-06,True
0x3e4ca2a9f6614732f00072dcac194932a1bdb6c6,182,0.005494505494505495,0.0,63218.32574,-2.5552432480474607,-5.1104864960949214,-4.554998833475909,-9.109997666951818,-3.77731610580929,-7.55463221161858,7.6216599276544255e-06,False
0xa3cc46a7f4e85c5bac3231d9957138d2a1dfde26,64,0.890625,0.0,63168.120019999995,-0.20286385396218465,-0.4057277079243693,-0.6212750579476386,-1.2425501158952772,-0.36803730845364885,-0.7360746169072977,7.6156070795319235e-06,False
0x16be0743c09f9d3a8075b386034c067b322e50af,860,1.0,0.49767441860465117,62918.88117,-0.741355785187177,-1.482711570374354,-1.4126926150031929,-2.8253852300063858,-1.5549972321487364,-3.109994464297473,7.585558612837752e-06,True
0x8aed145c9206808766ad816112f9ae6d9ba31849,178,0.8202247191011236,0.4863013698630137,62686.3289,-0.8415095100975333,-1.6830190201950666,-1.5046033624657924,-3.009206724931585,-1.7683092202921418,-3.5366184405842835,7.5575218956897275e-06,True
0x3f3af283f6d153d549f4c9482f177605f8a0c98e,55,0.21818181818181817,0.0,62533.53834,-0.14955798529230976,-0.29911597058461953,0.13136230467323232,0.26272460934646463,1.2718474596646432,2.5436949193292864,7.539101324204408e-06,False
0xb6210eb2662589db1eb6796c81d3f017645414d3,78,0.32051282051282054,0.12,62169.10948000001,-0.7482823135841581,-1.4965646271683162,0.2516377509521378,0.5032755019042756,-0.25618831050279683,-0.5123766210055937,7.4951654431726e-06,False
0x23181e703991e776d7ad6f42b205e74c2652d8c1,1060,0.37830188679245286,0.3566084788029925,61106.138479999994,-0.7390986527750913,-1.4781973055501827,-1.340649192621758,-2.681298385243516,-1.7228717540364638,-3.4457435080729275,7.367012674491592e-06,False
0xc1a43f6326865d672af92d620dd2885a87039db5,114,0.008771929824561403,0.0,61073.174320000006,-0.8918219923303308,-1.7836439846606615,-4.347632212610363,-8.695264425220726,-2.0065994827432445,-4.013198965486489,7.3630384848182685e-06,False
0x900036deeab142720c698c9ab845f1a459912b6f,396,1.0,0.452020202020202,60619.900680000006,-0.7235643050451761,-1.4471286100903522,-1.3118680665376172,-2.6237361330752345,-1.9840043144859019,-3.9680086289718037,7.30839139478842e-06,True
0xd4ddc6316f5704d43518aa574325eeefc33bd3c9,136,0.9926470588235294,0.4740740740740741,60337.44581,-0.2825602783070738,-0.5651205566141476,-0.6011354329726877,-1.2022708659453754,-0.22735491620117176,-0.45470983240234353,7.274338373945956e-06,True
0x705693f0cf979125667d50702f3a5a3a3cdee9f3,64,0.125,0.0,60245.8663,-0.49783144925667333,-0.9956628985133467,-2.445272274790417,-4.890544549580834,-6.33350524668032,-12.66701049336064,7.263297463365188e-06,False
0x01b002ac8c15de40eaee07fcbaa585400f7916fd,37,1.0,0.45945945945945943,60034.61414999999,-0.5877178652720201,-1.1754357305440402,-1.810172312193297,-3.620344624386594,-3.2885722049857966,-6.577144409971593,7.237828708420493e-06,True
0xf0d69d179ca94eb9b16d9ddf9d5ebf2f23a34cef,49,0.02040816326530612,0.0,60025.81954,1.215765158381043,2.431530316762086,1.5473374743031456,3.094674948606291,8.289307898052565,16.57861579610513,7.2367684220900395e-06,False
0xf4827b61bd5879d12c4d0aaa078a96c3a9c3f953,339,1.0,0.46607669616519176,60015.97601,-0.8225457862037973,-1.6450915724075945,-1.2964841040165593,-2.5929682080331187,-1.0056840835212837,-2.0113681670425674,7.235581676992484e-06,True
0xb0609ebefd3282f74bc87e2a53eefbc5bc915216,164,0.10365853658536585,0.11764705882352944,59870.955740000005,-0.36828009145409835,-0.7365601829081967,-0.6322921214735028,-1.2645842429470056,-7.661495414965647,-15.322990829931294,7.218097898869312e-06,False
0x6f24a7a3fef7593f0988e683acad36827001a143,51,0.6078431372549019,0.09677419354838712,59355.12950000001,-0.05943122101566796,-0.11886244203133592,-0.2333941978852277,-0.4667883957704554,-0.9511344271667894,-1.9022688543335788,7.155909409423868e-06,False
0x0765ac1a050d9ef9702c6847b0cc317387086fac,135,0.8888888888888888,0.19166666666666665,58048.52792,-1.0506522304599821,-2.1013044609199643,0.05104592838446441,0.10209185676892882,1.0083122423352648,2.0166244846705297,6.9983843122763644e-06,False
0xb67575c2fe17f9c1dc102c67a748e163e04c1c63,299,0.862876254180602,0.45348837209302323,57537.68528,-0.8555304094913782,-1.7110608189827563,-1.683899670260838,-3.367799340521676,-2.533333211223819,-5.066666422447638,6.9367966502645925e-06,True
0x3e068dbed9067092a767c6eaace402aab0896d02,35,0.45714285714285713,0.0,57254.74433,-0.1721292906379165,-0.344258581275833,-1.071819724387107,-2.143639448774214,-2.612599221597041,-5.225198443194082,6.902685027166941e-06,False
0x1e6715fafccffbc0acc6ef0707a664806524ed24,59,0.23728813559322035,0.0714285714285714,57225.200000000004,-0.9877107721315083,-1.9754215442630165,-4.263566817564495,-8.52713363512899,0.8608844002506294,1.7217688005012588,6.899123135367141e-06,False
0x7042c002876d90370cddefa7bb51d419740381b7,73,0.4383561643835616,0.25,56899.70962,-0.02761194500670071,-0.05522389001340142,0.2304819067560218,0.4609638135120436,2.960367570813978,5.920735141627956,6.859881713563505e-06,False
0xa920db7180ec7ef20c42963137271e3f9739142a,90,0.8555555555555555,0.42857142857142855,56480.82230000001,-0.6517241227305828,-1.3034482454611656,-1.8272420509021283,-3.6544841018042566,-1.9834595601483105,-3.966919120296621,6.809380270134318e-06,True
0xd89226af46668c95b37361fdca47687a201b2e77,88,0.045454545454545456,0.0,56100.47197,-0.8860744241876084,-1.7721488483752168,-3.9142441283637877,-7.828488256727575,-7.826908947721451,-15.653817895442902,6.763524881926892e-06,False
0xe390f96eb45c5fc31d64fba73efa7c8e95b67145,1551,0.048355899419729204,0.13333333333333333,56049.83763000001,-1.0339053932534947,-2.0678107865069895,-1.604804696873768,-3.209609393747536,-1.7211562054151257,-3.4423124108302514,6.757420358980044e-06,False
0x24e3d573d6c7e25b98679f473875b2072ef43ca0,79,0.02531645569620253,0.0,55999.89423,-8.046400911925437,-16.092801823850873,-5.699533979280517,-11.399067958561034,5.364267274616958,10.728534549233917,6.7513991363998e-06,False
0x17ce36805f5a3fe362dfdf29fff9513847b7266d,504,0.8611111111111112,0.10599078341013823,55902.41584,-0.6173195960913976,-1.2346391921827953,-1.5487703050140114,-3.0975406100280227,-1.530032125122526,-3.060064250245052,6.739647051380485e-06,False
0x460907c7a6db9595fdf7f1440c84cfcec3564f8e,32,0.6875,0.0,55554.06472000001,0.023983080345507404,0.04796616069101481,0.4855322606753882,0.9710645213507764,-0.2156468895184248,-0.4312937790368496,6.697649517580289e-06,False
0x056209448100afd034b1e3ddb4b7fd304b401c13,32,0.3125,0.19999999999999996,55432.32000000001,-0.029618205084552974,-0.05923641016910595,0.13612903533002765,0.2722580706600553,-0.21984514431083874,-0.43969028862167747,6.682971861331628e-06,False
0x3618407da614184860907d06a4505beafb0bf5a6,203,0.45320197044334976,0.4565217391304348,55107.86594,-0.5717285882151572,-1.1434571764303143,-1.6199970676632598,-3.2399941353265196,-2.0613892361947355,-4.122778472389471,6.643855379227419e-06,False
0x1401119ae23eaec2108e64f22e0937a713d1ba3e,227,0.9911894273127754,0.49777777777777776,55029.094150000004,-0.027351280475916062,-0.054702560951832124,-0.2961970281500219,-0.5923940563000438,-0.016888125167624033,-0.033776250335248066,6.634358579237147e-06,True
0xba404c2d23830349a7dc5caa1bbab467945d7f55,52,0.36538461538461536,0.3157894736842105,54648.26746,-0.5296834768029798,-1.0593669536059596,1.4343118675012654,2.8686237350025308,3.657448811845511,7.314897623691022,6.5884457606267394e-06,False
0xa3190e667fd99376ecb66f57ce0298d571271e2b,36,0.19444444444444445,0.0,54623.28302999999,-0.2554408775018179,-0.5108817550036358,-0.8300205363963659,-1.6600410727927317,-3.340785434259023,-6.681570868518046,6.585433614596022e-06,False
0xefe2d6138eb14ac9758b1030a670b28d39d44a4f,160,0.83125,0.14285714285714285,54588.34289,-0.6203957868911427,-1.2407915737822854,-0.7759776574296059,-1.5519553148592118,1.3393733804726378,2.6787467609452755,6.581221198943007e-06,False
0x5c01b7e0147d969e8917a4f7408403df6f9c94ac,54,0.3888888888888889,0.4285714285714286,54460.66285,-1.111398393228639,-2.222796786457278,-1.479068302048927,-2.958136604097854,-0.3865264557813103,-0.7730529115626206,6.565827975015636e-06,False
0xa0741ae494310368cb7150f7178fcc9463239d30,38,0.7368421052631579,0.0,53960.0,-1.033045895464331,-2.066091790928662,0.9980029761667785,1.996005952333557,8.371591480562694,16.743182961125388,6.50546759791859e-06,False
0xd4caf0db1335108fa346242ea1cfc4c2694726aa,36,0.16666666666666666,0.3333333333333333,53700.0,-0.5124248833813055,-1.024849766762611,-0.7698247779398436,-1.5396495558796872,7.962858084731757,15.925716169463515,6.4741217570094195e-06,False
0xfd4452a7e7d5e435331bdb9ceef674872714d1f6,142,0.014084507042253521,0.0,53604.342000000004,-0.8978675645342312,-1.7957351290684624,-1.0101010101010102,-2.0202020202020203,11.784511784511784,23.569023569023567,6.46258913989523e-06,False
0x1673dc95ed44e994c1a9bbcaab2ad51665365947,50,0.3,0.2666666666666667,53421.42756,-0.40094621061090374,-0.8018924212218075,1.7338014175060288,3.4676028350120576,8.869790404524101,17.739580809048203,6.440536805525114e-06,False
0xe2ebe2fc9379ecc7d104147d0ac391bed860f6e1,42,0.2619047619047619,0.18181818181818182,53395.2,-0.5332835086978277,-1.0665670173956554,-1.4441292934289383,-2.8882585868578765,-5.995017740078447,-11.990035480156894,6.437374786589746e-06,False
0xc923834c6cf84907b84299afe6f1fefa43ccd25b,70,0.14285714285714285,0.30000000000000004,53378.2,-1.0547263032363563,-2.1094526064727126,3.75879010070908,7.51758020141816,11.459358693505063,22.918717387010126,6.4353252508379925e-06,False
0x79b547a19cd8dc091447da3ce9951b03e11f730c,45,0.15555555555555556,0.1428571428571429,53182.6376,-0.8363872745673976,-1.6727745491347952,-1.7370359939435478,-3.4740719878870956,3.450135752084848,6.900271504169696,6.41174806669101e-06,False
0xe8dea182eadd797e978268249a5a77e575284c9c,30,0.6666666666666666,0.1,53050.094999999994,-0.15100011253815415,-0.3020002250763083,-1.3917202640851236,-2.7834405281702472,-0.5213338262135816,-1.0426676524271632,6.395768608024518e-06,False
0x562e68a7eb3d74262413030f9f8052306a3cad97,38,1.0,0.0,52929.28999999999,-0.726176218792416,-1.452352437584832,0.17985532787208441,0.35971065574416883,-4.906677371696916,-9.813354743393832,6.381204245289778e-06,False
0x31f4eb2a0372a6448ea345ade43f521be5dfcaab,49,0.10204081632653061,0.2,52907.399999999994,-0.5442107759232073,-1.0884215518464146,-0.7946977767462781,-1.5893955534925561,7.801446982668651,15.602893965337302,6.378565166607079e-06,False
0x237d90fd4e7953b3542987f26f1feb4d2e6e0a9e,31,0.9032258064516129,0.0,52901.8,-0.11848945131955792,-0.23697890263911583,-0.4608897805808235,-0.921779561161647,-3.6712956425692327,-7.342591285138465,6.3778900254182675e-06,False
0x56eba1945e165db7371add702f7c32eb342845fc,47,0.9574468085106383,0.4888888888888889,52688.78884000001,-1.2014110894747954,-2.4028221789495907,-2.4027864807358164,-4.805572961471633,-5.092252606180698,-10.184505212361396,6.352209202598122e-06,True
0xb8cb2852cd1db7ebd16c25a76b648edca3f521b7,90,0.06666666666666667,0.16666666666666666,52661.4,-0.15189878170296126,-0.3037975634059225,-0.8545324960818187,-1.7090649921636374,-2.165000625635652,-4.330001251271304,6.348907178669942e-06,False
0x76be4d69d7d7fe66d9891092a01450b48141bc0a,113,0.1504424778761062,0.0,52449.8,-1.7389274150564833,-3.4778548301129666,1.2951921541347964,2.5903843082695928,3.4058189792404088,6.8116379584808175,6.32339648660694e-06,False
0x0062107ede62c95b0d764a169d0027a6e1f22ed6,61,0.4098360655737705,0.0,52241.185150000005,-2.030983785979442,-4.061967571958884,-0.4513297302176538,-0.9026594604353076,-1.4668216232073745,-2.933643246414749,6.2982456869939e-06,False
0xc6944a7736de1925b7efd3d0903bd7a851043503,134,0.15671641791044777,0.09523809523809523,52237.169989999995,0.04719975292188107,0.09439950584376214,0.13664162853277187,0.27328325706554374,0.8379381401352533,1.6758762802705065,6.2977616155839575e-06,False
0xf573ada34e15d34fe32066754da10c5edd685f03,111,0.04504504504504504,0.0,51740.49328,-0.6690156549663262,-1.3380313099326524,-0.9143213951206457,-1.8286427902412914,-2.7652647071941483,-5.530529414388297,6.237881811218765e-06,False
0x02ad50e528ad12aa6b81d01131fe731164b6eb8d,53,0.03773584905660377,0.0,51598.33764,0.0,0.0,-4.906491402229601,-9.812982804459201,-1.939775670648912,-3.879551341297824,6.2207433955426826e-06,False
0x716f7761a55247058dedc124cade635cbee2109f,245,0.9673469387755103,0.48945147679324896,51593.43327000001,-0.5781260477406551,-1.1562520954813102,-1.1712301385265562,-2.3424602770531124,-0.7515492684632895,-1.503098536926579,6.2201521201512235e-06,True
0xd62d276dc907174a3c67558ffd2d06c7d06af002,45,0.3111111111111111,0.3571428571428571,51563.34026,-0.8501465769587142,-1.7002931539174284,-0.0006094761039078403,-0.0012189522078156806,-3.6477055786495467,-7.295411157299093,6.2165240789822296e-06,False
0x9e0070b8bbe792f7c0d4483361c4cb91aa8fd0f3,503,0.9821073558648111,0.4939271255060729,51226.16646,-0.5464553326939308,-1.0929106653878615,-1.0862433890475454,-2.1724867780950907,-1.1527256152876237,-2.3054512305752475,6.175874093237844e-06,True
0x4f8050b8d970b88850b0e7be2765c69dca004cdd,40,0.025,0.0,50792.72,-3.2954545454545454,-6.590909090909091,-1.1363636363636365,-2.272727272727273,-18.522727272727273,-37.04545454545455,6.1236173864001395e-06,False
0xb4387fd9abb7a01d0d09f2b74119d242d8bedcbf,63,0.015873015873015872,0.0,50615.82246,3.0174003419720385,6.034800683944077,4.693733865289838,9.387467730579676,13.745934891205955,27.49186978241191,6.102290455069126e-06,False
0xad551ace690b8522150a30014d622ba9d259d23f,75,0.5333333333333333,0.2,50516.70955,-0.7293358420461599,-1.4586716840923197,-3.165411387206612,-6.330822774413224,-11.456815457760257,-22.913630915520514,6.090341310804107e-06,False
0xff932a8c1e8f9ede4fb7c4e18ab05821fe094e42,251,0.01195219123505976,0.3333333333333333,50422.709950000004,-0.14685082550901093,-0.29370165101802187,-0.2199763037214182,-0.4399526074428364,-2.072746935120976,-4.145493870241952,6.079008631930547e-06,False
0xa6e2dc44418f5ad213c86db4dbb203a59d13c49f,268,0.007462686567164179,0.0,50416.81900000001,-2.6696329254727478,-5.3392658509454956,-3.7819799777530587,-7.563959955506117,-2.6696329254727478,-5.3392658509454956,6.078298413540149e-06,False
0x3acd346976efb980b25cbae17f652f4900b629dc,57,0.49122807017543857,0.0,50196.3237,-0.6431251673398225,-1.286250334679645,0.5719494095608502,1.1438988191217003,4.221620114176444,8.443240228352888,6.051715295866994e-06,False
0xfe60c1a5a51d2e002c330e8f793743152e71ef2c,53,0.37735849056603776,0.25,50089.84597000001,-0.3422601950553946,-0.6845203901107892,0.3028254700154377,0.6056509400308754,0.6763891130851152,1.3527782261702304,6.038878242078728e-06,False
0x83b00972aafcc3d06d45b1b823079f9a414da46e,57,0.03508771929824561,0.0,49999.866500000004,-1.2297372833985467,-2.4594745667970934,-0.6707657909446618,-1.3415315818893236,0.4471771939631079,0.8943543879262158,6.028030233802913e-06,False
0x005110f17139e63b2d624e4c040c861af4c12519,1511,0.004632693580410324,0.0,49999.33284,-0.1469925327793348,-0.2939850655586696,-5.52038623104613,-11.04077246209226,12.75568534451783,25.51137068903566,6.027965895258838e-06,False
0x13214d05525155dceb194bd12568ca7cc242aec2,30,1.0,0.0,49997.03612,-0.12637082629513866,-0.2527416525902773,0.4645877396320381,0.9291754792640762,-0.472041428840872,-0.944082857681744,6.027689000567557e-06,False
0xf8e4f62d564527e5541540abc9fffc2908f31d7c,30,0.26666666666666666,0.25,49913.80696,-0.1673898374209006,-0.3347796748418012,-4.217529808900473,-8.435059617800945,10.865418249999196,21.730836499998393,6.017654815920004e-06,False
0x801fc73d9e0a882044cb03acb5e7d996d206229b,54,0.6851851851851852,0.4594594594594595,49803.011320000005,-1.17527345887842,-2.35054691775684,-3.1594963146016255,-6.318992629203251,-9.130618051205323,-18.261236102410646,6.004297190901275e-06,False
0x4746623b95a3bb2dcd404f54dfd41172f39847dd,50,0.46,0.30434782608695654,49802.39943000001,-0.6673640379977828,-1.3347280759955655,1.2034086218499986,2.4068172436999973,2.8440247675158643,5.688049535031729,6.004223420875914e-06,False
0xc0e8486542c1ee231b25915693c67235ec0f34a0,141,0.03546099290780142,0.0,49477.07096,-0.06795632673401894,-0.13591265346803788,-0.317129524758755,-0.63425904951751,-3.782902188193721,-7.565804376387442,5.965001519091898e-06,False
0x3d1cabbd37c55b904d96b74b22bec1edce63a7ae,199,0.9949748743718593,0.46464646464646464,49345.417,-0.8048874810431014,-1.6097749620862027,-2.2295062019956613,-4.459012403991323,-2.405532738232695,-4.81106547646539,5.9491291956871975e-06,True
0x996a189d8111a11e33ce2d37af415da0d608cdae,103,0.2524271844660194,0.0,49171.700000000004,-0.7186317070425469,-1.4372634140850937,0.08619939063445693,0.17239878126891386,-3.1038422784458257,-6.207684556891651,5.928185713205589e-06,False
0x9deb25f15f177cbe00f8467e7f67d3e36129f54f,71,0.22535211267605634,0.0625,49090.95,-2.2142400371639726,-4.428480074327945,-0.12709261261836946,-0.2541852252367389,5.407742635425931,10.815485270851863,5.918450418384759e-06,False
0x067c14b41eacc18eea90099006f47dacf0a69746,31,0.0967741935483871,0.0,49032.2805,-0.11303777722514864,-0.22607555445029728,-3.165057762304162,-6.330115524608324,-4.446152570855847,-8.892305141711693,5.911377169103142e-06,False
0x2ce658f54c44a49ff16e5a088ffc4850d6fc5c38,1104,0.0018115942028985507,0.5,48705.0,-2.033505709976298,-4.067011419952596,-1.3606981254040078,-2.7213962508080156,2.600732600732601,5.201465201465202,5.871919928773627e-06,False
0x0fb36ed8ce01d01bf018fb844346cd33857d5ec0,33,0.3333333333333333,0.36363636363636365,48343.42,-2.133828451595827,-4.267656903191654,-3.1038772728621016,-6.207754545724203,0.9910775566264586,1.9821551132529172,5.8283275089430975e-06,False
0x74577c58fab25e4016047ef956e5e311a209be77,76,0.17105263157894737,0.15384615384615385,48285.00000000001,-2.6476388476388477,-5.295277695277695,-4.591641660607178,-9.183283321214356,-14.768613213440801,-29.537226426881602,5.821284339612661e-06,False
0xcfea17596c15e0f4fe3ba9cab1fcbe804bbbdbbf,124,0.12903225806451613,0.125,47588.78057,0.18237803056963764,0.3647560611392753,-0.8765465534430281,-1.7530931068860562,-2.458419152922696,-4.916838305845392,5.737347480033224e-06,False
0x42384dbcfaeb4a90ce49c61ba9f37da35fa1f683,491,0.9877800407331976,0.47010309278350515,47371.58705999999,-0.981254785691302,-1.962509571382604,-1.4660066237684917,-2.9320132475369833,-1.5266587828620102,-3.0533175657240204,5.711162429221822e-06,True
0xf2d83a0514f2fd492d1effb15bbbffb1f02d831b,383,0.0391644908616188,0.0,46652.28493000001,-0.7931052408910862,-1.5862104817821725,-1.2753875434084312,-2.5507750868168624,0.6580159033278955,1.316031806655791,5.624442697942565e-06,False
0x25e15106ce9de886fc75ee872c2a1c874e99740f,631,0.9984152139461173,0.4857142857142857,46575.28813,-0.5586132269749293,-1.1172264539498586,-1.4259980322575525,-2.851996064515105,-1.4558317775484093,-2.9116635550968186,5.615159892391352e-06,True
0x161e9e73dcf6612bb7b0243f770bfe3fc06d959c,33,0.12121212121212122,0.0,46542.0245,-7.599812985219679,-15.199625970439358,-8.787947623911732,-17.575895247823464,-0.03319108672360449,-0.06638217344720898,5.611149598337345e-06,False
0x0483061d30577ad8c6c9a580a1fa9410df56f616,45,0.13333333333333333,0.0,46518.429149999996,-0.018527782409723376,-0.03705556481944675,1.6489726344653803,3.2979452689307607,3.872306523632186,7.744613047264372,5.608304921078514e-06,False
0xe6a8fce2ac5bc33cf88386e67f7d7dac2c655244,64,0.15625,0.0,46265.1461,-1.4119638098611103,-2.8239276197222205,4.350350183234586,8.700700366469173,14.082801703612784,28.165603407225568,5.577768881885093e-06,False
0x13b3b488ee04ad4218edec28232365f1ca34235a,192,0.09895833333333333,0.10526315789473684,45934.8837,-0.21783043238493624,-0.4356608647698725,-3.7438967387694593,-7.4877934775389186,-5.474427341140794,-10.948854682281588,5.537952140928628e-06,False
0x9c4518528d595598bb6da51a72d512aef729b78e,40,0.85,0.0,45857.158599999995,-1.1327975038104507,-2.2655950076209015,-1.010762208738662,-2.021524417477324,0.07139854179676253,0.14279708359352505,5.528581530854592e-06,False
0x94142a0d64e5cd68ac70eb4e0122438c86ffa8d2,93,0.03225806451612903,0.0,45753.9,-4.355300859598854,-8.710601719197708,-2.2922636103151866,-4.584527220630373,-0.6876790830945559,-1.3753581661891119,5.516132578361886e-06,False
0xe056eebc2c7acfc782d47ebe18ad71735480f72a,274,1.0,0.5,45535.02252,1.056472515462516,2.112945030925032,-0.004944315984156959,-0.009888631968313919,0.9566504358918116,1.9133008717836233,5.489744506566963e-06,True
0x62865f2674b51a03386256a96ed0971e6e606c3e,55,0.14545454545454545,0.0,45246.32484,-1.7174165586881731,-3.4348331173763462,0.8936151199678298,1.7872302399356597,-7.372324739734596,-14.744649479469192,5.4549388467664765e-06,False
0xc7a84ea31537e9de6676f3a505b91ad9e3a0a28e,107,0.009345794392523364,0.0,44969.5,1.2230511791325231,2.4461023582650463,-1.445424120792982,-2.890848241585964,-16.45559768287395,-32.9111953657479,5.4215645875574505e-06,False
0x4369cbf57ef3bfd3cd7092c461a57290617bc54b,36,0.05555555555555555,0.0,44949.99999999999,-0.5561735261401558,-1.1123470522803116,3.559510567296997,7.119021134593994,-0.7786429365962181,-1.5572858731924362,5.419213649489262e-06,False
0x203d4aa5bc7037e634699770c9daa617d33377c6,153,0.17647058823529413,0.03703703703703709,44505.25542,-2.3676498199132587,-4.7352996398265175,-1.898528984823479,-3.797057969646958,1.9053997489699175,3.810799497939835,5.365594830835817e-06,False
0x901a211eaf0143bf14aea5f9f435c0f917a1bcff,119,0.19327731092436976,0.0,44300.0,-14.672686230248305,-29.34537246049661,-12.866817155756209,-25.733634311512418,16.027088036117384,32.05417607223477,5.340849047216337e-06,False
0x5c634c614529120cb5ffd33724e25ebf2fa21fe0,1676,0.0005966587112171838,0.0,44266.5,-1.0165700925078784,-2.033140185015757,-0.33885669750262615,-0.6777133950052523,-2.597901347520134,-5.195802695040268,5.336810256176117e-06,False
0x3f3192097db8fc6043e459db7926a4d8a26c155b,52,0.15384615384615385,0.125,44153.899999999994,-0.1638792153925436,-0.3277584307850872,0.7432432993422636,1.4864865986845273,6.358151269033785,12.71630253806757,5.323235095843914e-06,False
0x4e4cdfeb4105c7a458f381373e21a3bc3ad78ece,101,0.9108910891089109,0.3695652173913043,44078.24713000001,-0.7728570843545278,-1.5457141687090556,-0.9781782166603429,-1.9563564333206858,-1.12963623828957,-2.25927247657914,5.314114315738754e-06,True
0x727984c84d9f159db3a51975d04a50947b5a3d01,42,0.5476190476190477,0.13043478260869568,43711.50532,-1.1980609269632918,-2.3961218539265836,-4.5093568105800355,-9.018713621160071,-4.929729726054119,-9.859459452108238,5.269899583311824e-06,False
0x230486f69700647c51a37912faa4b270764ef6e9,61,0.5901639344262295,0.4444444444444444,43686.594330000014,-0.8341164738734232,-1.6682329477468465,-2.038256865213728,-4.076513730427456,-4.48239201081617,-8.96478402163234,5.266896291275558e-06,False
0xa71b7c868de1f1898559dae13ee71bef1ea43962,67,0.582089552238806,0.41025641025641024,43638.48485,-1.4313508285782446,-2.862701657156489,-0.05376312486186262,-0.10752624972372524,2.3553659304673595,4.710731860934719,5.261096167789776e-06,False
0x3c932ec36a04d092823bc18b2148150f53f9e29b,82,0.36585365853658536,0.1,43559.48631,-0.03029530702761667,-0.06059061405523334,-0.7014905533835051,-1.4029811067670102,-0.11232125180923987,-0.22464250361847973,5.251572030609403e-06,False
0x06bdd7921be4d9d7941ba2e3415cdcfa32c7a45c,34,0.14705882352941177,0.0,42779.8865,-2.3726916620033576,-4.745383324006715,-2.1264689423615,-4.252937884723,1.8130945719082259,3.6261891438164517,5.157582755159098e-06,False
0x9d1ec16155179467545ae6db84f0dc2296c24bb2,39,0.10256410256410256,0.0,42733.96302,-1.2203650909455532,-2.4407301818911065,-1.9459138629840589,-3.8918277259681178,3.1077365473603398,6.2154730947206795,5.152046177858808e-06,False
0xe8a741b166656bd8d90bddc7ffef92a312be773a,30,0.8666666666666667,0.46153846153846156,42007.99852,-0.9419725139614445,-1.883945027922889,-0.8085253762206153,-1.6170507524412305,-4.404601496272928,-8.809202992545856,5.0645232250791716e-06,True
0x62dfd3d5087d6c28d1095bd1cd8d2307e9101c09,198,1.0,0.36868686868686873,41685.47872,-0.6216304420165162,-1.2432608840330324,-1.100653053464342,-2.201306106928684,-1.9968263066486491,-3.9936526132972983,5.025639939152796e-06,True
0xb0bd92cb72e27a3f3b83e03091fcac234ccf473f,125,0.312,0.33333333333333337,41298.49296,-1.8797363601505817,-3.7594727203011633,-2.6259221820899543,-5.251844364179909,-2.2175377031897234,-4.435075406379447,4.978984577356357e-06,False
0x4b1d33556b6b21f11242c905d187f951e76241f4,6759,0.02382009172954579,0.0,40855.60733,-1.0307026821216523,-2.0614053642433046,-0.2368951125037615,-0.473790225007523,4.693856935558326,9.387713871116652,4.925589875437365e-06,False
0xb1d6eff4130a7272966e3c45a757d20907c11f52,73,0.2054794520547945,0.0,40816.40179,-2.983268339587733,-5.966536679175466,-4.535419159200213,-9.070838318400426,-3.6700275840294556,-7.340055168058911,4.9208632192081425e-06,False
0x186843f9a64d3a9be514b124f6b24256afab9a75,42,0.047619047619047616,0.0,40663.67409,-0.8399527561689011,-1.6799055123378022,5.044359003224728,10.088718006449456,6.446075350441273,12.892150700882546,4.9024502261826675e-06,False
0x38c3c472a1fabcfdf48f57d79e5260b93b50d95e,171,0.005847953216374269,0.0,40488.352,-5.641592920353982,-11.283185840707963,-17.146017699115045,-34.29203539823009,-0.6637168141592921,-1.3274336283185841,4.881313232563423e-06,False
0x6c8031a9eb4415284f3f89c0420f697c87168263,556,0.05755395683453238,0.09375,40426.16876,-0.7581906253403792,-1.5163812506807584,-1.2761229965046859,-2.5522459930093717,2.836767878436609,5.673535756873218,4.873816363531667e-06,False
0xd158ab29974537b266d37ef88ae71ff4334bab69,74,0.1891891891891892,0.4285714285714286,40293.80345000001,-0.9635213447407261,-1.9270426894814523,-2.3798094711609017,-4.759618942321803,-3.5825729469307137,-7.165145893861427,4.857858279111849e-06,False
0x8b3588992c787ae97b34c26321d683a9f0551ea6,38,0.9736842105263158,0.4594594594594595,40240.442729999995,-0.45254076055622877,-0.9050815211124575,-1.0579424339106671,-2.1158848678213342,-1.7606748017316627,-3.5213496034633254,4.851425061266006e-06,True
0x5582b5494351a0fb2209fa6499592baf47ea1204,905,0.0066298342541436465,0.0,40238.53131,-0.7119547396885785,-1.423909479377157,-0.8250489575366279,-1.6500979150732558,-0.10742455099993246,-0.21484910199986493,4.851194618699735e-06,False
0xe1713a7f27f4a4006c6c63d4d7d5e99c4726936b,79,0.0759493670886076,0.0,40122.2,-0.2428915012632502,-0.4857830025265004,-0.9528595909977495,-1.905719181995499,-1.2514811591533985,-2.502962318306797,4.837169608176599e-06,False
0xc078ab571a5c58a5d3adb560fb94abc9da3dfd60,397,0.0025188916876574307,0.0,40095.62216,-0.22933675809558754,-0.4586735161911751,4.4720667828639575,8.944133565727915,5.389413815246308,10.778827630492616,4.83396535915987e-06,False
0x70695e765f8e3809a14a5e85271205a95dd2d9b8,226,1.0,0.44690265486725667,40009.02272,-0.5074093961623151,-1.0148187923246301,-1.1560062096305252,-2.3120124192610505,-1.3219867431293766,-2.643973486258753,4.823524850432704e-06,True
0xda16d5c6509f8ab3fd8b493ef2dbe6d4f3522132,41,0.17073170731707318,0.0,39999.9,-0.3397508493771234,-0.6795016987542468,-1.4560750687591004,-2.912150137518201,-11.664779161947905,-23.32955832389581,4.822425006856632e-06,False
0xcac2edcd082628ba3ba31b3b74537792550319e6,148,1.0,0.43918918918918914,39900.73216,-0.5570022193941561,-1.1140044387883121,-1.4416806528425645,-2.883361305685129,-1.3087798134473123,-2.6175596268946246,4.810469240179915e-06,True
0xb30e039d73dc7fa1aa918ffbd582ae1a17f30230,231,0.974025974025974,0.4622222222222222,39610.17,-0.7950596830481719,-1.5901193660963437,-1.5422811317271503,-3.0845622634543006,-1.0779309549553031,-2.1558619099106062,4.775438796943051e-06,True
0xf1fb3c47ff5345c4b75763c22ed537dd62ded57b,36,0.8888888888888888,0.0,39344.248640000005,-0.3350121162715385,-0.670024232543077,2.010072697629231,4.020145395258462,12.953801829166155,25.90760365833231,4.743379071385704e-06,False
0x8215c41a5d7cc0552807b37585bf6e91fdc307d8,370,0.04054054054054054,0.4666666666666667,39199.236500000006,-0.2138917963726898,-0.4277835927453796,-0.6268639919438334,-1.2537279838876667,-0.7202119245308075,-1.440423849061615,4.7258962734228645e-06,False
0x46aad1828139a81a95fe219cb07341e04efe503e,80,0.1,0.375,39134.40012,-1.8666538788100449,-3.7333077576200897,-2.652813343717673,-5.305626687435346,0.23179319303571855,0.4635863860714371,4.718079539374377e-06,False
0xbe8947395fb34cec6b15d262528ae21072ba66ae,162,0.9814814814814815,0.49056603773584906,39057.8843,-0.46005180301695864,-0.9201036060339173,-1.5473390752433225,-3.094678150486645,-1.5318049083168452,-3.0636098166336905,4.708854721217628e-06,True
0x5dc26505b5118adc172fd8ef764a1c5af60667cb,224,0.017857142857142856,0.0,39035.86414,0.19663584165758397,0.39327168331516793,-0.25281751070260794,-0.5056350214052159,-4.410261020034383,-8.820522040068767,4.706199950324726e-06,False
0xf25484a6485e05fe4b8fcdf17a3c8cb8e9425626,215,0.004651162790697674,0.0,38766.16926,3.888932099245547,7.777864198491094,-0.11111234569272993,-0.22222469138545986,3.4444827164746274,6.888965432949255,4.673685285699735e-06,False
0xf17075f4eb4e96214ff36f999dd9eb8f2ca32413,137,0.9927007299270073,0.47058823529411764,38716.51878,-1.0555010138025787,-2.1110020276051573,-1.4466486487676384,-2.893297297535277,-0.040524165428459616,-0.08104833085691923,4.6676993778261044e-06,True
0x60e61b734cf08650975e10f4e354d110432cbabe,248,0.016129032258064516,0.0,38420.0792,-1.3804346114386787,-2.7608692228773575,-0.6495642609697716,-1.2991285219395432,2.141122248787383,4.282244497574766,4.631960347388177e-06,False
0x67cb2a595c76cefaf66a64392bbc8cf88dd3f46d,52,1.0,0.13461538461538458,37670.430770000006,-0.099903963520643,-0.199807927041286,0.09459063683861542,0.18918127367723084,2.1403060611873856,4.280612122374771,4.541582038062833e-06,False
0x318595aa8614e4f6eb711cc60472b93a4b2b04d4,238,0.8823529411764706,0.49523809523809526,37449.54426,-0.6958437088146757,-1.3916874176293514,-1.5976311753054286,-3.1952623506108573,-2.55758183199259,-5.11516366398518,4.514951755749595e-06,True
0x737e13e23d08ef369216aded9f9fa7f28266023a,393,1.0,0.21628498727735368,37448.97982,-1.0619540023592071,-2.1239080047184142,-1.2344665154496348,-2.4689330308992696,-0.18004825435107139,-0.36009650870214277,4.5148837063401995e-06,False
0xe93ab0b25dcf001f1ad3b785e4cb94394ed60432,33,0.06060606060606061,0.0,37410.05824,-1.73575070086698,-3.47150140173396,-4.519729031356938,-9.039458062713877,-1.5180379715263435,-3.036075943052687,4.510191284591685e-06,False
0x023ab8e20a4682d315daef4c91db96bd77934d66,97,0.20618556701030927,0.0,37341.6116,-0.10173514072484366,-0.20347028144968732,-0.41826564551090806,-0.8365312910218161,1.9238526102022147,3.8477052204044293,4.5019392942524265e-06,False
0x3c16fc881bbbde5771e9026fc888bf5493e3b4b1,71,0.9436619718309859,0.4626865671641791,37112.7493,-1.1253089831744252,-2.2506179663488504,-1.5688427826618965,-3.137685565323793,0.5647098714340963,1.1294197428681927,4.474347443306632e-06,True
0x9815aec32ff0db5b81241c9d17f187a3b44a0f16,5116,0.18471462079749804,0.4846560846560847,36862.03481,-0.4077899036826987,-0.8155798073653974,-0.6617923477728609,-1.3235846955457218,-0.503388648841325,-1.00677729768265,4.444121072086771e-06,False
0x3e051c89cd06e6867ce98c758fcc665d2148e1bb,166,0.1566265060240964,0.0,36743.75,-0.6607558546602038,-1.3215117093204076,-1.186315685909064,-2.372631371818128,-1.3344349068280938,-2.6688698136561877,4.429860545793573e-06,False
0xbd6a66365001e379ce9fbdc5281a6e44a8a8984a,102,0.9509803921568627,0.38144329896907214,36703.484410000005,-0.8909195820957782,-1.7818391641915563,-1.3236216765919226,-2.6472433531838453,-2.0033573689932154,-4.006714737986431,4.425006088954135e-06,True
0x51d744b91c23681f93a04a16fd1ba0f8b58a145a,63,0.5555555555555556,0.3142857142857143,36326.46620999999,-0.9329889002827514,-1.8659778005655028,-2.501576215989242,-5.003152431978484,-3.044645227556927,-6.089290455113854,4.379552425426973e-06,False
0x3f51628f919c63a03b0f7d97f9716df7633d972c,67,0.6417910447761194,0.11627906976744184,36307.79,-1.1892653891575669,-2.3785307783151337,-0.6871110671322858,-1.3742221342645715,1.012033227841477,2.024066455682954,4.377300804244489e-06,False
0x954b6de2e9c58b0ca7b21e9a048fd0a6cea6f92c,51,0.0196078431372549,0.0,36267.52514,-1.9400634514870017,-3.8801269029740033,-0.45648551799694154,-0.9129710359938831,1.8259420719877661,3.6518841439755323,4.372446435414527e-06,False
0x8153721e2ee5e8067926b305134d5d58d3c21e56,45,0.06666666666666667,0.0,36237.998250000004,-0.07446709485246207,-0.14893418970492414,-1.9366143230440418,-3.8732286460880836,-6.889302606572806,-13.778605213145612,4.3688866461972865e-06,False
0x41983ebb6730f4352657b2ab831b40f613c5dec6,42,0.30952380952380953,0.0,36017.43,-1.1108769096933813,-2.2217538193867625,0.18819279899960842,0.37638559799921684,0.33753988914391403,0.6750797782878281,4.3422947336045395e-06,False
0x0a1063816e0941b8fbeae88489ee972395cf3bba,40,0.175,0.0,35807.18232,-1.1307228711315143,-2.2614457422630285,-8.480421533486357,-16.960843066972714,-7.010481801015389,-14.020963602030777,4.316947078493763e-06,False
0xa7c90a057351fcfb4ea52c504c778ff69a4bac75,194,0.015463917525773196,0.33333333333333337,35607.600000000006,-1.3550637405103452,-2.7101274810206903,-5.425831771019946,-10.851663542039892,0.601416400176066,1.202832800352132,4.292885249066828e-06,False
0x6e652bb0144933dfce725074a9f6f4774c72dca9,50,0.12,0.0,35550.0,-1.073446327683616,-2.146892655367232,3.2388575015693655,6.477715003138731,1.7542372881355934,3.508474576271187,4.28594093969618e-06,False
0x8f42407b0c3aed926eb66321630c7b1a0042b75a,85,0.08235294117647059,0.0,35533.46916,-3.335136541128297,-6.670273082256594,-7.579855775291585,-15.15971155058317,-5.696860024798098,-11.393720049596196,4.283947966308738e-06,False
0x644b5eccdb246961d246298122a2bafa9a8d9fb2,72,0.2361111111111111,0.17647058823529416,35386.25,-1.5407058046611206,-3.0814116093222412,-1.7625855835934279,-3.5251711671868557,-0.057329737202575407,-0.11465947440515081,4.266199087969731e-06,False
0x5647249079e257329ecb6f46ed41821d3c69e7de,44,0.38636363636363635,0.0,35231.93985,-0.20431107073177254,-0.4086221414635451,-1.4320690170429096,-2.864138034085819,-0.41873235588588453,-0.8374647117717691,4.247595313306e-06,False
0xe62bf4de81e7b3d0c676926931ccf383427f5614,202,0.0049504950495049506,0.0,35051.200000000004,-0.7988314237458347,-1.5976628474916694,3.195325694983339,6.390651389966678,5.135344866937509,10.270689733875018,4.225805149521203e-06,False
0x610cfde5bda84f9b8d3e283d0f0a41b1bfa3494f,134,0.029850746268656716,0.0,35038.96,-1.875,-3.75,-5.909090909090909,-11.818181818181818,-1.9886363636363638,-3.9772727272727275,4.22432948377994e-06,False
0x5ac19d0606db1fb34c01a602ccdcb7af20abb8f0,65,0.26153846153846155,0.05882352941176472,34728.34254,-0.02684318685079776,-0.05368637370159552,-0.44949893162329246,-0.8989978632465849,-7.232076702527536,-14.464153405055072,4.186881154992361e-06,False
0x3597d2c67ab286eb1b425c970016557b1490407e,538,0.9814126394052045,0.3939393939393939,34648.888100000004,-0.6207617957659958,-1.2415235915319915,-1.2559837993078655,-2.511967598615731,-1.1672364265426323,-2.3344728530852645,4.1773020540855646e-06,True
0xc3b426745a1b7ca09666a94ac2e6346bf7da34a8,1438,0.9888734353268428,0.49226441631504925,34464.074609999996,-0.5772287977061487,-1.1544575954122973,-1.101599652827999,-2.203199305655998,-0.947654664184257,-1.895309328368514,4.1550207684878384e-06,True
0x98267d307ac89f24e62de9827dcfc214fa88427c,75,0.04,0.0,34445.764,0.18812284581280328,0.37624569162560656,0.31339923394943386,0.6267984678988677,3.1238936376174653,6.247787275234931,4.1528132243801086e-06,False
0x8e2c81960e7e472b146b373b69e45847ce90ac5c,104,0.04807692307692308,0.0,34032.4541,-0.5596915582239564,-1.1193831164479129,-2.7304152412859963,-5.460830482571993,9.772358271067947,19.544716542135895,4.102984199874012e-06,False
0x4ff968d649ab491bd177097b18c2dadd1e8f195d,171,0.9122807017543859,0.40384615384615385,33597.66672,-0.7832970258891303,-1.5665940517782606,-1.3579826118727176,-2.7159652237454353,-2.7094004833464442,-5.4188009666928885,4.050565830478646e-06,True
0x86d2161a18a6eb5be550d5253496e5a161cdf731,120,0.2833333333333333,0.4411764705882353,33180.30695,-0.7019380205268768,-1.4038760410537536,-0.2211784773311458,-0.4423569546622916,2.657595320645683,5.315190641291366,4.0002485498928465e-06,False
0x5072b4761b86fa753c90151c64a6bedde3e64ecd,207,1.0,0.4251207729468599,33048.4495,-0.9847896272708504,-1.9695792545417008,-1.2912412650658909,-2.5824825301317818,-0.9028355531487483,-1.8056711062974966,3.984351693545197e-06,True
0x51f0536e21886bfa46f3f202f23f0f7c65294bad,70,0.11428571428571428,0.0,32503.356719999996,-1.1393284797940093,-2.2786569595880186,0.8260131478506569,1.6520262957013139,1.7802007496781396,3.560401499356279,3.918634802919745e-06,False
0x9aea43cd515235f9053ac5f97edb3767c12c2d22,39,0.10256410256410256,0.0,32208.1,-0.8481871551065279,-1.6963743102130557,0.34803248521534047,0.6960649704306809,2.688334187122086,5.376668374244172,3.883038379179424e-06,False
0xea23991c20c911221e963bad1d6c10e85d52083e,103,0.019417475728155338,0.0,32176.31391,-1.7896891533651749,-3.5793783067303497,0.0,0.0,0.4474222883412937,0.8948445766825874,3.879206218716869e-06,False
0xc3846f9bcd23e55e3db3f224e3b44d49c35ff5e3,50,0.84,0.2857142857142857,31989.890000000003,-1.060735969329817,-2.121471938659634,0.7316558584246011,1.4633117168492022,2.5295738314142766,5.059147662828553,3.85673077939177e-06,False
0x93368d9c570fe74c183bf3a01123514f331b96b8,129,0.015503875968992248,0.0,31871.053999999996,0.0,0.0,-1.3647995450668184,-2.729599090133637,-0.2274665908444697,-0.4549331816889394,3.842403801121454e-06,False
0x177f5212462f1869eeef3e42494e37845dc40f7a,79,0.25316455696202533,0.0,31527.47617,-0.0055133855653773075,-0.011026771130754615,-1.0566171717231179,-2.1132343434462357,3.5413961998662975,7.082792399732595,3.8009817395864624e-06,False
0x0db673c640589fd14d142c0daa0417b66696116d,32,0.1875,0.0,31262.52387,-1.1735582064842358,-2.3471164129684716,-1.344367958582349,-2.688735917164698,0.6715662730509672,1.3431325461019343,3.7690388448006208e-06,False
0x301c4dd57afd71d6ad1eb13f743982589c164daf,32,0.09375,0.3333333333333333,31107.5,-2.2101257264745473,-4.420251452949095,-4.421163839340715,-8.84232767868143,-7.235132545078417,-14.470265090156834,3.750349023392375e-06,False
0xc0a3c54d9157476c1b10f0c6064fc0b35063e910,70,0.32857142857142857,0.17391304347826086,31000.713639999998,-0.4922429834299555,-0.984485966859911,-1.7958579092683542,-3.5917158185367084,0.753204123428052,1.506408246856104,3.7374747608853385e-06,False
0x213b9bacbd0c75d94a70cae76c31d71c7354eb71,3277,0.23954836740921576,0.4496815286624204,30922.1289,-0.6286889504068758,-1.2573779008137516,-1.3954264396921956,-2.790852879384391,-1.902949257299116,-3.805898514598232,3.7280005118163826e-06,False
0x4fd7db2645d506dbd6809aa997a57fb9ad223b3a,351,0.019943019943019943,0.0,30713.231989999997,-0.27790754501013015,-0.5558150900202603,-0.4817577634485512,-0.9635155268971024,2.7901583141339867,5.5803166282679735,3.702815706788393e-06,False
0xd5182bb4fc545a1c310d48fb34f630c90a7a66c6,147,0.42857142857142855,0.12698412698412698,30435.772849999994,-1.3180254958696047,-2.6360509917392094,-1.247925701801898,-2.495851403603796,-2.5492654555720438,-5.0985309111440875,3.6693649757836415e-06,False
0xb01a7bbff16ec563daa0effa0c4b67bb840292bd,64,0.109375,0.0,30423.308820000002,-0.6402524657306138,-1.2805049314612276,-0.36976192571137206,-0.7395238514227441,4.819469611236012,9.638939222472024,3.667862300778e-06,False
0xed9b723adedd2c82f16d4bcb1c23e4bf91d53403,43,0.09302325581395349,0.0,30282.303999999996,-0.4242081447963801,-0.8484162895927602,-2.3755656108597285,-4.751131221719457,-0.5656108597285068,-1.1312217194570136,3.650862629027437e-06,False
0x5de9ed0c3b6b428c9fde75edccdcb569c93b5ebd,86,0.38372093023255816,0.18181818181818182,30171.9028,-0.0593167003078008,-0.1186334006156016,-0.9698916847276859,-1.9397833694553719,-1.7296448062780165,-3.459289612556033,3.6375525580605855e-06,False
0x69347ff8c9e6187876665f0db924744fa421e624,38,0.13157894736842105,0.0,30168.564000000002,-0.867579908675799,-1.735159817351598,-3.036529680365297,-6.073059360730594,-1.9178082191780823,-3.8356164383561646,3.637150029238941e-06,False
0xcf09174a19a299ea62469aae0a71454473cabd9c,82,0.08536585365853659,0.0,30164.188520000003,-1.7979207707447071,-3.5958415414894143,-6.534896747386525,-13.06979349477305,0.44562021252403744,0.8912404250480749,3.6366225173159364e-06,False
0x72358ece04efcf447dbed03968809160635a5843,2193,0.9990880072959416,0.49840255591054317,30148.744680000003,-0.6889572917839393,-1.3779145835678785,-1.319769844730722,-2.639539689461444,-1.3908459070676114,-2.7816918141352227,3.63476059365568e-06,True
0x5a134084f6bd1e115854d43a7f263429fbb49015,88,0.10227272727272728,0.0,29871.522530000002,-2.195234715050526,-4.390469430101052,1.4122913190382336,2.824582638076467,15.448372750101335,30.89674550020267,3.6013384343849176e-06,False
0x2445f6dc89c82cd5c9f440bd6116864b6f260e17,103,0.14563106796116504,0.4666666666666667,29709.805000000004,-0.892500902526578,-1.785001805053156,-0.666651361140581,-1.333302722281162,-2.978732628497936,-5.957465256995872,3.5818416191249027e-06,False
0xf8a5bb47ec55163688af9b1947736b1a5fcb366b,45,0.044444444444444446,0.0,29618.341829999998,0.0,0.0,1.4770880912613196,2.954176182522639,2.954176182522639,5.908352365045278,3.570814734602331e-06,False
0x3b8de4db0cbf0db84e76796808b7a80fa8420c9c,122,0.00819672131147541,0.0,29436.0,-1.4573991031390134,-2.914798206278027,-5.2690582959641254,-10.538116591928251,-5.381165919282512,-10.762331838565023,3.5488314346243816e-06,False
0x6dca8e0d5324fc7d5a885e699a9ab25b164edfb2,92,0.06521739130434782,0.0,29259.105400000004,-0.018813684321428034,-0.03762736864285607,-0.564410529642841,-1.128821059285682,0.3201173316990779,0.6402346633981558,3.527504857742492e-06,False
0x7716109f44dc7d2abc6c022de6d1f8256795f7aa,72,0.05555555555555555,0.0,28976.97,-0.597322340545492,-1.194644681090984,-3.641516919655701,-7.283033839311402,-2.982967722242037,-5.965935444484074,3.4934903524992415e-06,False
0x1e52a9e8d772511575b0ff16cc19b1f06cb930c7,75,0.96,0.5,28963.316440000002,-0.5347229848042367,-1.0694459696084735,-0.5381366253512808,-1.0762732507025616,-0.3594896157305696,-0.7189792314611392,3.4918442666546112e-06,True
0xe32cc99211ac0de56010d126a1b61ed7195ec852,500,0.99,0.4606060606060606,28821.53945,-1.0520168506843501,-2.1040337013687003,-1.4548467698780487,-2.9096935397560975,-1.5357112861148092,-3.0714225722296185,3.4747515013733763e-06,True
0xb5c32ecaed4fe62f7abf26f83451ca3fa7265023,320,0.890625,0.45964912280701753,28553.628450000004,-0.5049122477588766,-1.009824495517753,-0.932512231779625,-1.86502446355925,-0.6531948912412341,-1.3063897824824682,3.4424519029740814e-06,True
0xd9bb7b9152a5b73a0817a5d59809b6e1521821f1,146,0.0684931506849315,0.0,28413.936769999997,-1.2826966123850139,-2.5653932247700277,1.2673668738803354,2.534733747760671,7.7468382746849285,15.493676549369857,3.4256105445986393e-06,False
0xb0060bc88738b915a37246ca650463ef9b9eddf3,1174,0.5536626916524702,0.006153846153846154,28315.657949999997,-0.810398025033375,-1.62079605006675,-0.7167537438790126,-1.4335074877580252,-0.3284057606219223,-0.6568115212438446,3.4137619589968664e-06,False
0x77a0f8bae276f489f0f7cc2752322805317dcbb1,53,0.32075471698113206,0.0,28284.45708,0.02677265066643821,0.05354530133287642,-0.3949249121751695,-0.789849824350339,0.4016143223868951,0.8032286447737902,3.4100003531997603e-06,False
0xc99ce538a514dd520996e06ed7a85acd2ff4f13c,492,0.34552845528455284,0.37058823529411766,28272.20079,-1.1078044047312896,-2.215608809462579,-1.3319773506760288,-2.6639547013520577,-0.7870234070348698,-1.5740468140697397,3.4085227235210036e-06,False
0x2cef0a7f84e722c77b271862da5fe2387028fa20,118,0.06779661016949153,0.0,28255.544589999998,0.05597662416175005,0.1119532483235001,1.1615149513563137,2.3230299027126273,3.358597449705003,6.717194899410006,3.406514636615806e-06,False
0xa9b0d8e94915dcca01ea539c61c695c4d45b45e9,38,0.8157894736842105,0.0,28071.0,-0.4649051002718171,-0.9298102005436342,0.12534703938719052,0.25069407877438105,-6.303654658718139,-12.607309317436277,3.384265769851237e-06,False
0x1cbc86ba22aeab39f303880048118bc2e4ad9961,42,0.5476190476190477,0.391304347826087,27965.581779999997,-0.3526004549056313,-0.7052009098112626,-1.226486305274636,-2.452972610549272,-1.6251316256817048,-3.2502632513634095,3.371556451570283e-06,False
0x7a38b2dda9a0c481425f42924db3769c783fbd35,58,0.41379310344827586,0.29166666666666663,27829.27233,-0.32167041429638327,-0.6433408285927665,0.10866997459662724,0.21733994919325447,2.23904278556727,4.47808557113454,3.3551228579775273e-06,False
0x847ae9472a5a66b671627c9be059bb7c78017c72,37,0.6216216216216216,0.391304347826087,27711.95927,-0.81763616005764,-1.63527232011528,-0.8981587697260534,-1.7963175394521067,-1.972339455653581,-3.944678911307162,3.340979486764728e-06,False
0x7ff4d42bfb46d25b7d8b241652271a12d614ea60,264,1.0,0.4053030303030303,27711.68515,-0.5510057518516476,-1.1020115037032951,-1.6405387624825907,-3.2810775249651813,-3.3013866175046664,-6.602773235009333,3.3409464386035353e-06,True
0xeeeb6a35ad670d981a8b4e14252df7b95f7543eb,124,0.04032258064516129,0.0,27687.35011,-1.483363794784453,-2.966727589568906,-7.137832777962577,-14.275665555925155,-6.381553509417159,-12.763107018834319,3.3380125836329264e-06,False
0x19009a7f9f171dd2e1015c418303e18354df4d23,633,0.15639810426540285,0.0,27685.371529999997,-0.37402070896164563,-0.7480414179232913,0.023377459601118263,0.046754919202236525,2.408575892137882,4.817151784275764,3.337774044194826e-06,False
0x7119770138810363491ba29a31d6ffe508d05089,384,0.6692708333333334,0.48638132295719844,27495.5587,-0.7208419936561123,-1.4416839873122247,-1.349707425145578,-2.699414850291156,-1.3113194217746391,-2.6226388435492782,3.3148900335344443e-06,False
0xcf381755e2bc3ba1f9d4659defedfbafc31f81cf,35,0.22857142857142856,0.25,27422.875,-0.9614898871002775,-1.922979774200555,-1.6379549694716133,-3.2759099389432267,-0.2736313054567613,-0.5472626109135226,3.306127219315637e-06,False
0x1c768f9c263f85cac55846011cc4a194fea5ff11,67,0.014925373134328358,0.0,27276.363999999998,0.11093854004881297,0.22187708009762594,0.11093854004881297,0.22187708009762594,6.1016197026847125,12.203239405369425,3.2884637174023922e-06,False
0xaaa3c93538ac273bfd2770673d77ae560148fd50,60,0.016666666666666666,0.0,27189.149260000002,-1.4706381438284104,-2.941276287656821,1.6968901659558582,3.3937803319117164,1.6968901659558582,3.3937803319117164,3.2779490275371058e-06,False
0x2c81862fde84cc9ff95c20ff203b0a11954195bf,102,0.9901960784313726,0.37623762376237624,27058.54768,-0.9688108498670185,-1.937621699734037,1.9097759256516,3.8195518513032,4.634258312886945,9.26851662577389,3.262203580040312e-06,True
0xd17783f9c71796b8932541aff4eb69287e2c5b6a,41,0.4878048780487805,0.0,27044.100000000002,0.01663948883490299,0.03327897766980598,-1.5585654542025804,-3.117130908405161,-0.4714521836555847,-0.9429043673111694,3.2604617543526714e-06,False
0x3571eb1bb918114f1a7a6a1d50e2f27be03002cf,37,0.40540540540540543,0.06666666666666665,26496.400000000005,-1.1088481780606387,-2.2176963561212775,-3.615243551301336,-7.230487102602672,-13.568473298565525,-27.13694659713105,3.1944305348682387e-06,False
0xefc5cc5fd323efcaf41370caaf090156bb49b69d,83,0.10843373493975904,0.0,26476.199999999997,-0.28862426165324906,-0.5772485233064981,-1.6028179962755957,-3.2056359925511915,-1.4269305094694498,-2.8538610189388995,3.1919952041514483e-06,False
0x23cd398a0e46629334a99a4f4f9355099a77166b,56,0.9642857142857143,0.42592592592592593,26428.090090000005,-0.29731265934820783,-0.5946253186964157,1.8305947723240277,3.6611895446480553,1.4693504282394172,2.9387008564788344,3.1861950288244704e-06,True
0x61036f942323b1dcb76bab854b3825f69f2193b5,74,0.02702702702702703,0.0,26346.300000000003,-0.05693399073114631,-0.11386798146229261,-1.0248118331606335,-2.049623666321267,-5.465663110190046,-10.931326220380091,3.1763343397895212e-06,False
0x7e590f587aafabd2251666574c97b4680e0ad189,53,0.9622641509433962,0.4901960784313726,26336.00926,-0.8090953022560164,-1.618190604512033,-0.4322770954926445,-0.864554190985289,-1.6869603040663128,-3.3739206081326256,3.1750936786399915e-06,True
0xe8223430f988755980714e784402e14e1f1beaa9,110,0.00909090909090909,0.0,26300.392,-1.0321100917431194,-2.064220183486239,-7.454128440366973,-14.908256880733946,-5.848623853211008,-11.697247706422017,3.170799628772374e-06,False
0x7f6b5f58b4333d24b562b9f2b1a48c87b792cf7e,284,0.0035211267605633804,0.0,25999.08348,-0.1107615967391786,-0.2215231934783572,-2.1044703380443934,-4.208940676088787,-5.981126223915644,-11.962252447831288,3.1344735944166144e-06,False
0x065e248a73a69bc7786d11eda32c35f20b80918a,208,0.9951923076923077,0.4685990338164251,25869.47496,-0.6749315474214624,-1.3498630948429249,-1.0822192567369568,-2.1644385134739137,-0.9779375287082872,-1.9558750574165744,3.118847871153564e-06,True
0x26abec9dc548938b1d3391490f57352c0e207116,118,0.0423728813559322,0.0,25723.28404,-0.7297855114770175,-1.459571022954035,-1.7560463869915732,-3.5120927739831465,-0.9806492810472422,-1.9612985620944845,3.1012229583816977e-06,False
0x9a4c59a02d0bc9237868b1f7217a322ca8126cbb,90,0.05555555555555555,0.2,25568.072149999996,-0.5403161099501259,-1.0806322199002518,-0.992574661090193,-1.985149322180386,0.2525405185353976,0.5050810370707952,3.0825104691080372e-06,False
0x704ac34cf5cc6ca418de1442e8e47f223b3bbe53,202,1.0,0.3910891089108911,25446.84394,-1.1433048484798618,-2.2866096969597236,-1.2739599999637576,-2.5479199999275153,-1.6672610168483282,-3.3345220336966563,3.0678950837835626e-06,True
0x52cc89b8771de74322775d9519897ed3a11cc552,52,0.09615384615384616,0.0,25318.740579999998,-0.09108193958990356,-0.18216387917980711,-0.20493436407728302,-0.40986872815456604,-6.489588195780629,-12.979176391561259,3.052450824004754e-06,False
0x0f74bbe94b257259ee6a8741897d4fdf89de4f1f,235,0.02553191489361702,0.0,25142.67896,0.0,0.0,0.24817495952839122,0.49634991905678244,2.348116924768625,4.69623384953725,3.031224671963482e-06,False
0xd9a5ae508abffe8231b8d6ab90c2738052f3424a,163,0.147239263803681,0.20833333333333334,25048.74859,-0.8897043783838798,-1.7794087567677597,-1.5373141722638952,-3.0746283445277904,-4.565616823593478,-9.131233647186956,3.019900339522868e-06,False
0x9c2c5632c10603d9ad85a89f4c16b58d27f48091,37,0.10810810810810811,0.25,25006.78512,-1.6755654090430485,-3.351130818086097,-1.0376105201948929,-2.0752210403897857,3.8349087047238624,7.669817409447725,3.014841184697419e-06,False
0xac3d21f560b9029fdcb4f198228879b9ee67c0d5,43,0.06976744186046512,0.3333333333333333,24826.6145,-0.3806996471985861,-0.7613992943971722,0.4544730974668867,0.9089461949337734,-1.230163238197534,-2.460326476395068,2.9931196478088555e-06,False
0xef8c41b482b0b3114218434fcec8e97d3a67d91a,35,0.8857142857142857,0.4838709677419355,24695.229,-1.7612533000731472,-3.5225066001462944,-0.4909386028100696,-0.9818772056201392,1.6335089630557287,3.2670179261114574,2.9772796901905025e-06,True
0x4bd123fb1dc2b1eb210c59017737e3e708aebe17,41,0.12195121951219512,0.0,24516.1,-0.21330829449296348,-0.42661658898592697,0.09006164180380187,0.18012328360760374,1.981978822571157,3.963957645142314,2.9556837319742762e-06,False
0xbd9cdecfe24164ad1b2dbef409d884acc610ba4b,41,0.24390243902439024,0.0,24479.2675,0.022774374274066818,0.045548748548133636,-0.7060056024960715,-1.412011204992143,-0.7401671639071716,-1.4803343278143433,2.9512431716462495e-06,False
0x89a67424f5d91e0c62c5388bb49c708d3162af60,149,1.0,0.4899328859060403,24389.02652,-0.60598198653944,-1.21196397307888,-0.5780994734072192,-1.1561989468144385,-0.34913810114243243,-0.6982762022848649,2.9403636354825277e-06,True
0xfe4a7cb9c11f090b74811e8620f15cdf806b647b,194,0.9587628865979382,0.4086021505376344,23991.05875,-0.6479771331910149,-1.2959542663820298,-1.1610489812831335,-2.322097962566267,-0.9088901329494581,-1.8177802658989162,2.8923842723848458e-06,True
0xdfea963cbbe5ea8a5c016ad75931cc254bace1b5,56,0.16071428571428573,0.2222222222222222,23970.18304,-0.3946749092715479,-0.7893498185430958,0.4006812393706094,0.8013624787412188,-6.3895555325087985,-12.779111065017597,2.8898674774443612e-06,False
0x71c2ab97751d42cf7634f5b419bd62d57177f00f,307,0.6482084690553745,0.4824120603015075,23683.093969999998,-0.7183562847347938,-1.4367125694695877,-1.2481788941429588,-2.4963577882859176,-1.1516715731802998,-2.3033431463605996,2.85525575315597e-06,False
0x3e77b431ae8e77b8e2606790b6a477649f29e791,61,0.03278688524590164,0.0,23503.31906,-1.3314545030900842,-2.6629090061801683,-1.3314545030900842,-2.6629090061801683,4.660090760815294,9.320181521630587,2.833581923431661e-06,False
0x5ed4a0b9df8fbf96c8442c808ed080e2f304ce2b,312,1.0,0.4967948717948718,23339.81537,-0.7087640088232998,-1.4175280176465996,-1.0859872026192747,-2.1719744052385495,-0.9271397515565255,-1.854279503113051,2.8138697670670367e-06,True
0x7e34d886e2d2283ddc1274ddb5b0583fc423a6ae,730,0.8767123287671232,0.4125,23099.35159,-0.683394148901634,-1.366788297803268,-1.3222507993410093,-2.6445015986820186,-1.616656361448308,-3.233312722896616,2.7848792309428142e-06,True
0x492322b1fca1ab301a103b716a243b20cb3001aa,138,0.9637681159420289,0.46616541353383456,22823.66416,-0.39019313554757284,-0.7803862710951457,-0.7692747590511204,-1.5385495181022408,-1.6753217530772515,-3.350643506154503,2.7516420989372835e-06,True
0xfa28600bda130aba5202de9646d7b809823139a8,43,0.4418604651162791,0.3157894736842105,22793.564859999995,-0.8221636003718612,-1.6443272007437224,-0.8992023070525635,-1.798404614105127,0.02400694421371056,0.04801388842742112,2.7480132994400623e-06,False
0xb2844fb4ff2ca856acbf052b5c4b6a2cdf9b305f,54,0.9259259259259259,0.0,22663.41863,-0.022437699931233922,-0.044875399862467844,-0.37723582004790673,-0.7544716400958135,-5.022776441197379,-10.045552882394759,2.732322749361185e-06,False
0xe5b0e73879afa26f420d077fbf262f2d19dc5ce4,35,0.14285714285714285,0.19999999999999996,22400.0,-0.6917477483100948,-1.3834954966201896,-1.8946737097810338,-3.7893474195620676,-4.080925592149581,-8.161851184299161,2.7005647552516016e-06,False
0x16b8a86c7d9d7a68f654a86f7c58daac519568a7,33,0.7878787878787878,0.38461538461538464,22395.164890000004,-0.4194481131071906,-0.8388962262143812,-0.916137657330914,-1.832275314661828,-1.130416187208017,-2.260832374416034,2.6999818299099163e-06,True
0x5b91d8975cd743a4e345ca99776a33c5432ea163,34,0.23529411764705882,0.0,22212.61275,-0.3760724275026883,-0.7521448550053766,-1.1428960851906886,-2.2857921703813773,-0.2959255768136142,-0.5918511536272284,2.677973174763498e-06,False
0xb80af21d4846dc636d191fe501f50a707c4b3586,1878,0.0026624068157614484,0.0,22086.100000000002,-0.950809632892596,-1.901619265785192,-1.5626927578004957,-3.1253855156009913,5.3186852822787,10.6373705645574,2.6627206804001074e-06,False
0x9b883651182137f33efda174f831d9918182afe0,57,0.12280701754385964,0.0,22032.622200000005,0.16115170146656235,0.3223034029331247,-2.354373906419845,-4.70874781283969,-3.138915834039065,-6.27783166807813,2.6562733472809827e-06,False
0x95b05f935655c37ada2088c5767e5006f230b068,106,0.018867924528301886,0.0,21921.68,-3.522727272727273,-7.045454545454546,2.0454545454545454,4.090909090909091,1.3636363636363638,2.7272727272727275,2.642898052852854e-06,False
0x81a2644ca6ba3fcd58462a25e0153c5a3ee36247,73,0.1232876712328767,0.0,21852.06115,-0.2279178470416343,-0.4558356940832686,-1.9895317237520562,-3.9790634475041124,6.385477599516529,12.770955199033057,2.6345047397898564e-06,False
0xdddcd66893097ba4fb6086aeea5c199245477c45,73,0.0136986301369863,0.0,21783.0,-3.328283523848873,-6.656567047697746,-4.246430702841666,-8.492861405683332,-9.296240187302026,-18.59248037460405,2.626178663555609e-06,False
0x5aadb7a698bba2ac19b52877bb60a436a9965fa5,98,0.01020408163265306,0.0,21761.122880000003,-0.9068649678062937,-1.8137299356125873,-0.45343248390314683,-0.9068649678062937,-2.1538042985399475,-4.307608597079895,2.6235411376976443e-06,False
0x7df6378d01ebad5d41f76ced301d913d443f2c7f,37,0.10810810810810811,0.0,21512.96843,-0.5643278560633501,-1.1286557121267002,-1.6933463804266424,-3.386692760853285,-0.9322399753211521,-1.8644799506423042,2.5936234072722494e-06,False
0x56693faa9b9da9871091ae811f3b882f01c14cf2,53,0.1320754716981132,0.42857142857142855,21504.7008,-3.1548716747815173,-6.309743349563035,-3.967982931168506,-7.935965862337012,-2.7157915963325427,-5.4315831926650855,2.5926266541388802e-06,False
0x21dc204a56732756fa9304384045113856c6690d,103,0.9611650485436893,0.4040404040404041,21313.28755,-1.3229696134635303,-2.6459392269270605,-2.136926032564774,-4.273852065129548,-3.237902385756014,-6.475804771512028,2.569549695360391e-06,True
0x106943709714fb0e5e62b82f5013ebc762591ae1,59,0.8135593220338984,0.4375,21071.00839,-0.5290836766934962,-1.0581673533869924,-1.4215391636279584,-2.843078327255917,-0.4159540832380606,-0.8319081664761212,2.5403402953412855e-06,True
0xd9ff7edc3bb2e6b2f3cc398763246f1696822bb0,31,0.16129032258064516,0.19999999999999996,20966.912389999998,-0.2047921317426462,-0.4095842634852924,-0.2957865288319341,-0.5915730576638683,-0.7280641438746146,-1.4561282877492292,2.527790385128666e-06,False
0xe974afef3b3e49615926e5d14a100e3317906d79,44,0.022727272727272728,0.0,20825.48832,0.33409060537217694,0.6681812107443539,4.1204507995901825,8.240901599180365,21.82725288431556,43.65450576863112,2.5107401682096377e-06,False
0xfe0e37885aeb877368cfee719d52cd11e2715bb1,92,0.010869565217391304,0.0,20821.86498,-0.34028652125089326,-0.6805730425017865,-0.22685768083392882,-0.45371536166785764,0.34028652125089326,0.6805730425017865,2.5103033349819458e-06,False
0x0b7f372701bf2dfd61c0bd93d0726622b93ef5bb,66,0.2878787878787879,0.0,20775.20882,-0.04750196094032507,-0.09500392188065014,-0.9500392188065013,-1.9000784376130027,-1.9178916729656248,-3.8357833459312496,2.5046784251019738e-06,False
0xb63bc61f7371c8ef088d48fd2b8e675d9b553937,112,0.0625,0.0,20754.691360000004,-0.20802962571494663,-0.41605925142989325,-1.6958748898074811,-3.3917497796149623,-7.951242971816415,-15.90248594363283,2.502204821113435e-06,False
0xdcf6804e08322cab48c4663388f85cf1c1d40351,31,0.7741935483870968,0.33333333333333337,20690.558080000003,-0.39418638611593604,-0.7883727722318721,-0.9154274193200865,-1.830854838640173,0.0622674592704883,0.1245349185409766,2.494472853452422e-06,True
0xd5e17c7015e3dbd4dd2eed3a462df6679a757b3a,189,0.783068783068783,0.3581081081081081,20506.5448,-0.45676806047370017,-0.9135361209474003,-0.7161551063525958,-1.4323102127051917,-0.9082059384832988,-1.8164118769665976,2.47228804191375e-06,True
0x10e3ee54e59e8cc19e7d997b2ce8f90d72f878fc,72,0.2777777777777778,0.5,20327.870000000003,-0.7574128542195414,-1.5148257084390828,0.009665227302061897,0.019330454604123793,-5.882526958941682,-11.765053917883364,2.4507468424703743e-06,False
0x1d24457a9ca21283c314cb940e1a5ea1a75ca337,128,0.9921875,0.40944881889763785,20139.651080000003,-0.7043372750491903,-1.4086745500983806,-1.4512127616170802,-2.9024255232341605,-0.8571066378899417,-1.7142132757798834,2.428054995076467e-06,True
0xba905c925beb8bf9d6852ddcffbebcbb38dd2bfe,56,0.17857142857142858,0.3,20110.435,-1.8445693282061957,-3.6891386564123914,-0.7190658653945621,-1.4381317307891242,-3.6417208498227795,-7.283441699645559,2.4245326774008144e-06,False
0x779fb101ff6cc32d034cddff1f0db61059dc59d0,50,0.02,0.0,19999.512,-3.232998885172798,-6.465997770345596,-2.229654403567447,-4.459308807134894,-1.1148272017837235,-2.229654403567447,2.411159697742476e-06,False
0x220691d4e569bc65b20b640bb24eed1ae17c8e82,53,0.18867924528301888,0.0,19999.382999999998,-2.6801038326462057,-5.360207665292411,-4.143838754008246,-8.287677508016492,-13.171781951442966,-26.343563902885933,2.411144145382948e-06,False
0x641d098604b7f0913e180b01da4d5d96722c97c4,33,0.5151515151515151,0.0,19999.17889,-1.6991799302352382,-3.3983598604704763,0.4309385136338631,0.8618770272677262,2.191012999530505,4.38202599906101,2.411119537692225e-06,False
0x06507b2d9898689519846f1b8f0e936c6c2ffa30,87,0.08045977011494253,0.0,19805.600000000002,-2.8591871262925617,-5.718374252585123,-0.4314264724571058,-0.8628529449142116,9.636553459976856,19.27310691995371,2.387781487348711e-06,False
0xaa689d624bcd03be571faa2e7980676498c7bbe8,82,0.024390243902439025,0.5,19805.354,-4.2738106911785,-8.547621382357,0.7339122353265958,1.4678244706531915,-13.311508440880733,-26.623016881761465,2.3877518293607737e-06,False
0x5be64bc505d9ebe4cfbd936fafcec6c0519aa980,31,0.12903225806451613,0.0,19658.697079999998,-1.5778121369531353,-3.1556242739062705,-0.8258395829085958,-1.6516791658171917,1.1819570101219528,2.3639140202439055,2.3700707351971234e-06,False
0xbd2026cf67250ed44e0aaf684107b715798b5877,64,0.078125,0.2,19658.606140000004,-0.3871016970544853,-0.7742033941089707,1.0056450078805055,2.011290015761011,9.405897660620921,18.811795321241842,2.3700597713864616e-06,False
0xfcbc68c151a83b777992e1b3f246dd3629e3e003,33,0.12121212121212122,0.0,19541.0908,0.02803067677266,0.05606135354532,-0.78485894963448,-1.56971789926896,-2.2424541418128,-4.4849082836256,2.3558920131094344e-06,False
0x214d879175b3f121534ab206418924414231f6d4,36,0.2777777777777778,0.3,19498.26378,-0.215292243510617,-0.430584487021234,0.644334387560796,1.288668775121592,4.066652147078221,8.133304294156442,2.3507287478958424e-06,False
0x906e18d0a818934263e3c99f331c2af8e7f9e75d,41,0.7317073170731707,0.4,19478.036560000004,-1.1662552644011697,-2.3325105288023393,-3.636083621380737,-7.272167242761474,-4.370015736094127,-8.740031472188255,2.348290135510632e-06,True
0x33ed38c177023533e3d1a867d509af429bb31e21,34,0.4117647058823529,0.4285714285714286,19428.792,-0.6971335377123097,-1.3942670754246194,-1.077036830020895,-2.15407366004179,-4.295499421623157,-8.590998843246314,2.342353165728316e-06,False
0x4257b18d7085c2d24c8ca962219c1e3006c31068,70,0.6142857142857143,0.46511627906976744,19090.98589,-1.075319163375836,-2.150638326751672,-3.2137046533135534,-6.427409306627107,-2.233915475265275,-4.46783095053055,2.3016269481044477e-06,False
0x3dfbd4050ffeb94836d2ec50ef7426766a467db8,83,0.1566265060240964,0.0,18834.086499999998,0.06887348801170849,0.13774697602341698,-2.651629288450777,-5.303258576901554,-1.5324351082605143,-3.0648702165210286,2.2706549196098207e-06,False
0x263cf6e65a519f8e433525e10deeb20bcc6d7375,38,0.4473684210526316,0.0,18827.64,-2.118612782990573,-4.237225565981146,0.3018245475516687,0.6036490951033374,-23.738877933461275,-47.47775586692255,2.2698777235966634e-06,False
0x39a94149e514ea5c3d0643242eb20092a6cbc418,173,0.7687861271676301,0.18796992481203006,18511.43243,-0.8144639854622333,-1.6289279709244666,-0.16361866755342813,-0.32723733510685626,0.9247961101207502,1.8495922202415005,2.2317554459678355e-06,False
0x2e4311ffd500b3790ae0fc3fd6acc8e58eb2af24,46,0.2391304347826087,0.36363636363636365,18390.53343,-0.9362172096277933,-1.8724344192555866,-0.6104748598153046,-1.2209497196306092,3.1973740161526805,6.394748032305361,2.2171797505059977e-06,False
0x8a68e8dcd2097a52b6279bfc68abaf18afccc626,249,0.8714859437751004,0.33640552995391704,18356.12584,-0.7019713437897452,-1.4039426875794905,-1.61149002373782,-3.22298004747564,-2.460677765698408,-4.921355531396816,2.2130315395744285e-06,True
0x5ade8fc6abec1e673ca8abaa95ee09bdfbe44dd5,188,0.7287234042553191,0.18248175182481752,18215.04877,-0.8041657798098859,-1.6083315596197718,-0.28988057420056323,-0.5797611484011265,0.8955773743279869,1.7911547486559738,2.1960231572969213e-06,False
0x5280172565587fa7a741702a72d7f748ed57e812,74,0.04054054054054054,0.33333333333333337,17965.75408,-0.9282313983943752,-1.8564627967887504,-0.24078868528713407,-0.48157737057426814,2.3404538171437363,4.680907634287473,2.1659679584806096e-06,False
0xc4bc3947bc042661669a856c8a797e757bd1a829,289,0.010380622837370242,0.0,17920.0,0.11164880244307011,0.22329760488614023,-0.03732698899082188,-0.07465397798164376,-7.219513005279339,-14.439026010558678,2.1604518042012813e-06,False
0xc5ed4501500fcbfb2b88fb7f0aa52f834ed44346,34,0.8235294117647058,0.39285714285714285,17876.85525,-1.683651611071946,-3.367303222143892,-0.46452069123708156,-0.9290413824741631,-3.2369303657653057,-6.473860731530611,2.1552502331644893e-06,True
0x10d9dc2812ccb0ea9a9b89864def70a57a944890,35,0.2571428571428571,0.0,17823.5,-0.27432883587405754,-0.5486576717481151,1.7583729471024856,3.516745894204971,11.77190429531344,23.54380859062688,2.148817674786916e-06,False
0xa3d147358272f3cc38b6e6a8771a0c92d72b1497,231,0.004329004329004329,0.0,17759.875,-0.2285714285714286,-0.4571428571428572,0.2285714285714286,0.4571428571428572,2.4,4.8,2.1411469858336623e-06,False
0x66e1cbb8943c62927aa627f55a4f76317c94efde,31,0.03225806451612903,0.0,17662.847,-0.11351510886098941,-0.22703021772197882,-0.45406043544395763,-0.9081208708879153,-1.0216359797489045,-2.043271959497809,2.1294492002500666e-06,False
0x20717220daa3fa24cd9ed4c8d8fabe79921ba513,48,0.25,0.0,17511.5573,-3.4560254239912465,-6.912050847982493,-3.569924912422357,-7.139849824844714,-5.549631950250775,-11.09926390050155,2.111209573837004e-06,False
0xe2ae91626710b42efea46982a30321d83d37b773,203,0.9704433497536946,0.4974619289340102,17498.254760000003,-0.4120528581915971,-0.8241057163831942,-0.7730315723905239,-1.5460631447810478,-0.4468593765597442,-0.8937187531194885,2.1096058072888205e-06,True
0x78af6a7209e4c92b82812063961d91f50fde2580,183,0.546448087431694,0.13,17447.354000000003,-0.9542671608833421,-1.9085343217666841,-1.484877953397453,-2.969755906794906,0.971978735584667,1.943957471169334,2.1034691644999136e-06,False
0x39bf8d511a182930e15ed7dfe646b5598774ab52,57,0.42105263157894735,0.4166666666666667,17441.56336,-1.075350150919138,-2.150700301838276,-1.207924447448015,-2.41584889489603,-2.0941047472192427,-4.188209494438485,2.1027710395760583e-06,False
0x0c3dbbbbe26d16f54bd8c2150646f6a6172ea883,111,1.0,0.45045045045045046,17307.12854,-0.48289248813725444,-0.9657849762745089,-1.3011559020009642,-2.6023118040019284,-1.7374537374375634,-3.4749074748751267,2.086563453113085e-06,True
0xecec43e7bacfe4898024b5f9e0a4601249cd99d0,336,0.023809523809523808,0.25,17135.1218,-0.19926504339797563,-0.39853008679595125,-0.9821808209873182,-1.9643616419746364,-1.3520333535140683,-2.7040667070281366,2.0658261611617584e-06,False
0x2d278b4cdd2dc6974a178c9811e49f21dd66b438,92,0.45652173913043476,0.47619047619047616,17100.85853,-0.5474534636568664,-1.0949069273137328,-1.978437764362423,-3.956875528724846,-3.6631103750720393,-7.326220750144079,2.0616953495831124e-06,False
0x153c64a5fb0271864090bf13bb5f5d04316f5c5a,75,0.17333333333333334,0.15384615384615385,17090.30944,-0.3652211430241265,-0.730442286048253,-0.697832732149429,-1.395665464298858,-4.1980189548187985,-8.396037909637597,2.0604235415182024e-06,False
0x9808a818b1654cc95794431cdcd8c175cf13ffd1,942,0.09129511677282377,0.05813953488372093,17047.23243,-0.719392555885182,-1.438785111770364,-0.6608275032379174,-1.3216550064758348,1.0998192042068942,2.1996384084137883,2.0552301372785766e-06,False
0x34a5793ef5afc4728ebe070b1fd195bf491d4044,84,0.17857142857142858,0.0,17029.20453,-0.24883486852276804,-0.4976697370455361,-0.6491177598762822,-1.2982355197525643,-1.1880497292768766,-2.376099458553753,2.053056676950398e-06,False
0x47930c76790c865217472f2ddb4d14c640ee450a,2215,0.011738148984198645,0.0,16572.984999999997,-2.224669365744479,-4.449338731488958,-0.17773919792061188,-0.35547839584122376,-2.116012207119618,-4.232024414239236,1.998054427692565e-06,False
0x177019594ba3913d416ab1a8f3e5527d4c2b2837,2069,0.2706621556307395,0.4821428571428571,16513.839010000003,-0.465648796888927,-0.931297593777854,-0.726159299355112,-1.452318598710224,-0.37604506829738055,-0.7520901365947611,1.990923732335045e-06,False
0xbbeccd5312e421d5e94244e4c31cb3d08fba2639,50,0.94,0.0,16414.574250000005,-1.123651053758278,-2.247302107516556,1.1530827217348751,2.3061654434697503,2.108500332411035,4.21700066482207,1.978956280893326e-06,False
0x5661a070eb13c7c55ac3210b2447d4bea426cbf5,32,0.40625,0.0,16312.295520000001,0.12155436779573309,0.24310873559146617,-0.0434122742127618,-0.0868245484255236,-0.21706137106380904,-0.4341227421276181,1.966625462435741e-06,False
0x4b128473ba2e81dce030b9c82eee062ccc9616c2,454,1.0,0.45594713656387664,16142.52916,-0.9333788487545457,-1.8667576975090914,-1.3216247315940344,-2.6432494631880687,-1.1855915051857533,-2.3711830103715066,1.946158272773091e-06,True
0x7128e89d7c8dd3b0bcc9530d552e2c92533f3f63,91,0.054945054945054944,0.0,16019.166799999999,-1.0643916942335316,-2.1287833884670633,2.6833515125502627,5.366703025100525,3.833285431103242,7.666570862206484,1.9312855923471686e-06,False
0xa2700fee12748e84c0989161a4d8902034276172,46,0.34782608695652173,0.0625,15868.400709999998,-0.20595632029342764,-0.4119126405868553,2.1185723560960965,4.237144712192193,-6.870502224076841,-13.741004448153681,1.91310909284087e-06,False
0xc038918bb4fc857f1e41e2b564d9a0f371d2ffb3,245,0.06938775510204082,0.23529411764705888,15734.658000000001,0.11986451649462516,0.23972903298925033,1.3962967380896358,2.7925934761792717,2.9646529225027685,5.929305845005537,1.8969849478007883e-06,False
0x5dcc53b91048e04c5752fa2f020d977f4f702905,63,1.0,0.38095238095238093,15529.57823,-0.6392288551859169,-1.2784577103718338,-0.1576480919913803,-0.3152961839827606,-0.12118378795873229,-0.24236757591746458,1.8722603407080602e-06,True
0x8ff5410b7c5d51a08d9e80a9c05b595625673c7c,44,0.5681818181818182,0.28,15277.340250000001,-0.034944564856117424,-0.06988912971223485,-1.19762527876185,-2.3952505575237,-2.8392426887669915,-5.678485377533983,1.841850296122174e-06,False
0x7d91d4ce1f5c42e5ae45a88c506826ddb6d8c0a2,55,0.6,0.45454545454545453,15110.518520000001,-0.40929585567802795,-0.8185917113560559,-0.8065328115784767,-1.6130656231569533,-0.05157909781839518,-0.10315819563679036,1.821738113780741e-06,False
0x6e330ff83788e514559cdffe4d454a1ebecfb2b4,101,1.0,0.49504950495049505,15086.458260000001,-1.2058416271383263,-2.4116832542766526,-1.3704475408096095,-2.740895081619219,-2.1917121414129492,-4.3834242828258985,1.818837386541536e-06,True
0x35817a9b3bd164f846359fdf543a3578770a7e15,543,0.6316758747697975,0.0,15030.606319999999,-0.947801758114111,-1.895603516228222,-1.221553909708173,-2.443107819416346,-1.3306266524569357,-2.6612533049138714,1.8121038249041953e-06,False
0x0f8a4807559cad2bd519c5b8a3c854f0a6b3e26f,33,0.3939393939393939,0.15384615384615385,15016.16424,-0.07830131738281289,-0.15660263476562578,0.08020683661777056,0.16041367323554112,1.4981211524152607,2.9962423048305213,1.8103626743577433e-06,False
0x54515e238a6c4a70fa6341fcc3e4314f9d62add8,113,0.13274336283185842,0.06666666666666665,15006.83515,-1.0022809302529923,-2.0045618605059845,-0.3792355808356406,-0.7584711616712811,-3.1211866688808545,-6.242373337761709,1.8092379506232538e-06,False
0x10a0a14196469a8849af7a6dba3419b371010bc9,32,0.15625,0.0,14999.32653,-0.4913620780148972,-0.9827241560297943,-0.6510864394026736,-1.3021728788053473,-0.2285499413458849,-0.4570998826917698,1.8083327044387637e-06,False
0xbb6553f0fbcca91f123339979a3a01b6d986c2b4,41,0.07317073170731707,0.0,14999.322,0.15181702349507967,0.30363404699015933,-1.3667858618504025,-2.733571723700805,-0.3793911310995594,-0.7587822621991188,1.8083321582977663e-06,False
0xcfeb0092b618621aaba725e545c8c8678dabe2f9,30,0.7,0.47619047619047616,14983.04723,-0.6535411581381998,-1.3070823162763996,-1.626267349805536,-3.252534699611072,-4.772879411152368,-9.545758822304736,1.8063700569467918e-06,True
0x5d3b45dbbe95c75a58cf93d2b3804d2fdef5c3bf,33,0.8484848484848485,0.4285714285714286,14963.97007,-0.9807779900045993,-1.9615559800091986,-1.3545337546447587,-2.7090675092895173,-1.5334784859800876,-3.0669569719601752,1.8040700968607963e-06,True
0xa4b04cfcb732f21db7209a2af3577080c4426314,83,0.4457831325301205,0.3783783783783784,14631.317040000002,-1.0198615852027522,-2.0397231704055043,-1.7511972922169725,-3.502394584433945,-2.871258530833288,-5.742517061666576,1.763965139336437e-06,False
0x595d43cc77c6ff876deefd184e112a2d47a7716b,64,0.09375,0.16666666666666666,14477.3151,0.7652849402856724,1.5305698805713448,4.915842463314261,9.831684926628522,-0.8391774867749318,-1.6783549735498635,1.7453985227558846e-06,False
0x3ee4446e94c18ff1cae5c8d567fcd27cea36338d,585,0.28717948717948716,0.47619047619047616,14390.844309999999,-0.4647637252823479,-0.9295274505646958,-1.184542304721832,-2.369084609443664,-0.12594936956910172,-0.25189873913820343,1.7349735241919218e-06,False
0x253c1469957e633b80466bae6ceeb6dad1d6de7d,43,0.9069767441860465,0.46153846153846156,14355.64537,-1.4305377503033974,-2.8610755006067947,-1.6574161462408559,-3.3148322924817117,-0.3578050852981974,-0.7156101705963948,1.7307299073711088e-06,True
0x63b22f8c2fed98941f9f6f30b302c13b24ac990d,49,0.1836734693877551,0.1111111111111111,14268.23,-1.596292228722378,-3.192584457444756,-3.5596256281517316,-7.119251256303463,-4.224238827433887,-8.448477654867775,1.7201910293671232e-06,False
0x770216868e063669d894dcdfec072f4540886e74,170,0.7529411764705882,0.46875,14261.77017,-0.5842761749868973,-1.1685523499737946,-1.0332070384194234,-2.066414076838847,0.2574376497097538,0.5148752994195076,1.7194122262768143e-06,True
0xc41e088c0482c05130fa37d794141a585f1fe204,40,0.225,0.3333333333333333,14246.876240000001,-0.9184522413235112,-1.8369044826470224,-3.774129192122423,-7.548258384244846,-1.5154544247247048,-3.0309088494494096,1.7176166002756903e-06,False
0x3eddc878b6d8192aa87c01b63928ad5d8c2eae90,37,1.0,0.0,14113.943229999997,-1.6096135873305848,-3.2192271746611696,-0.30319306348020925,-0.6063861269604185,6.915186299332814,13.830372598665628,1.7015900734178545e-06,False
0xbeec10e5c0795c2bc4a9bbd5f22bea88e933e9ac,114,0.10526315789473684,0.3333333333333333,14111.901450000001,-1.566052708683161,-3.132105417366322,0.03590130678251976,0.07180261356503952,-1.0448499346613187,-2.0896998693226374,1.7013439145291952e-06,False
0x95ccc7165b6b64d4707783086c267ff412d4ff92,45,0.13333333333333333,0.0,14058.783309999999,-1.0145062553853337,-2.0290125107706674,2.1947180883446684,4.389436176689337,3.169477685920014,6.338955371840028,1.6949399423529217e-06,False
0x53b5eadb3f5e379c3e4b90e0c143ec2ec549c07e,173,0.05202312138728324,0.0,14027.48532,0.0,0.0,-1.1729828707459307,-2.3459657414918613,-4.506723661286997,-9.013447322573994,1.6911666276786265e-06,False
0x6c23f58d2c4956f885d5c80917224a7f2b5f526f,43,0.13953488372093023,0.5,13997.51725,-0.8205134702238048,-1.6410269404476097,-1.8805394138293154,-3.761078827658631,-3.8100157481702497,-7.620031496340499,1.6875536493918002e-06,False
0xd7e803594bd09d153fcbca3711c882efb3387f6b,116,0.034482758620689655,0.25,13828.6368,-1.8145043261064104,-3.629008652212821,-5.915178716987356,-11.830357433974712,-6.217836137984596,-12.435672275969193,1.6671932658596113e-06,False
0xf2df76bd7cc3ea9d3302cd10cbe8ea42ff196c9c,59,0.03389830508474576,0.0,13749.251199999999,-0.6699419383653417,-1.3398838767306833,-1.898168825368468,-3.796337650736936,-1.0049129075480125,-2.009825815096025,1.6576224643669995e-06,False
0x9cd6fa6835059514b267aa2313e8bd779d0cc6ce,94,0.6382978723404256,0.48333333333333334,13580.57423,-1.076111761911343,-2.152223523822686,-1.7953416308908925,-3.590683261781785,-0.23332051953750543,-0.46664103907501087,1.63728661257215e-06,False
0xbb69052b6450c3dce272d5183b3a27256a3302a6,46,0.21739130434782608,0.1,13530.99304,-0.7906073227785446,-1.5812146455570892,-1.056485882957387,-2.112971765914774,0.5897042275745829,1.1794084551491657,1.6313090583651216e-06,False
0xfb302b8ccdccc0aee0887b30351d15a92501065a,114,0.03508771929824561,0.0,13522.14112,-0.02781734021719779,-0.05563468043439558,-1.3630496706426918,-2.7260993412853836,-1.6412230728146695,-3.282446145629339,1.6302418626879651e-06,False
0x914e175924379010635f6f7072d99925ad6aba26,135,0.9851851851851852,0.47368421052631576,13520.301019999999,-0.7994888726138744,-1.5989777452277487,-0.9419346684390587,-1.8838693368781174,-0.21179505959087855,-0.4235901191817571,1.6300200185269767e-06,True
0x6563540d8a8b2c0a2e8f31e6254b990d7c9d0192,144,0.8402777777777778,0.18181818181818182,13368.743659999998,-1.0881666972574484,-2.176333394514897,-1.4524295856239877,-2.9048591712479754,-6.459869692892847,-12.919739385785695,1.6117481227763078e-06,False
0xd83f67db941a38f38f75db3e6246d6c75b3fca54,35,0.5142857142857142,0.3888888888888889,13219.62866,-1.3287839073516183,-2.6575678147032367,-0.8170683640216674,-1.6341367280433348,-1.4337490670535322,-2.8674981341070644,1.593770680210266e-06,False
0x7fd4acf8b9a1b36bb6170e3de35cb83fa663c521,94,0.2872340425531915,0.14814814814814814,13137.80392,-0.16367422564107928,-0.32734845128215856,-0.5156134970592409,-1.0312269941184817,0.24074067531374746,0.4814813506274949,1.5839058137392114e-06,False
0xe5c4fcc72c670430ba7639f9b193f1d564dd5a59,570,0.9438596491228071,0.47026022304832715,13061.82846,-0.6937282840225948,-1.3874565680451896,-1.1612655630960507,-2.3225311261921013,-1.5820533456735943,-3.1641066913471887,1.5747461418847457e-06,True
0x1017b4fa577cc91e5d45e06017d48b0fab747d22,38,0.631578947368421,0.41666666666666663,13035.930660000002,-0.17860499685535638,-0.35720999371071277,-1.254817741917951,-2.509635483835902,-1.0886006158838726,-2.177201231767745,1.5716238791205248e-06,False
0xa07cd6d443b101c7ea67207cc42d3923f3191861,70,0.07142857142857142,0.0,12992.1758,-0.044780797993820246,-0.08956159598764049,6.493215709103936,12.986431418207872,13.232725807173884,26.465451614347767,1.5663487526568207e-06,False
0x69f37e426bde3a41cc12bdabb8bb43a916816d4f,72,0.7916666666666666,0.42105263157894735,12991.9858,-1.0829104538262635,-2.165820907652527,-1.961229975105627,-3.922459950211254,-0.3652674842147694,-0.7305349684295388,1.5663258460807717e-06,True
0x2d3a74063063936c2230282df73f96b10ad4b4ce,606,0.83003300330033,0.441351888667992,12954.19904,-0.8253674173883164,-1.6507348347766329,-1.6145201726209064,-3.229040345241813,-0.13975892872951637,-0.27951785745903274,1.5617702392829522e-06,True
0x06d0d61fa638e436d9078c2aa665efb759fb5eba,30,0.06666666666666667,0.5,12883.91622,-0.9675224694653863,-1.9350449389307727,-4.6088305444601545,-9.217661088920309,-0.3395629593759154,-0.6791259187518308,1.5532968773815373e-06,False
0x103b738fee8c25e125088d8c6f718dd07f914a54,35,0.6285714285714286,0.0,12866.528800000002,-0.47895199216485945,-0.9579039843297189,0.6995689045279063,1.3991378090558126,5.185817583675388,10.371635167350776,1.551200633915611e-06,False
0xea438317c4850c830a2835011f36aca194363830,202,0.7970297029702971,0.45962732919254656,12816.38174,-0.514047997127085,-1.02809599425417,-1.0487968239794825,-2.097593647958965,-1.3907842181114773,-2.7815684362229547,1.5451548578970624e-06,True
0xb55d510f7737be7a31696ce4bf3fb71f358476c2,53,0.5660377358490566,0.1333333333333333,12788.568870000001,-0.503818848583047,-1.007637697166094,-1.249149826214279,-2.498299652428558,0.7657201165871166,1.5314402331742332,1.5418017125191876e-06,False
0xd92d6c6f6fb6bc920dee34df5375b3ab34713ab1,62,0.8548387096774194,0.41509433962264153,12787.02745,-1.673063739852464,-3.346127479704928,-2.376884380499503,-4.753768760999006,-3.6868254837219028,-7.3736509674438055,1.5416158774957481e-06,True
0xc7d5a958f7627dbf7b97485ec728bb4fde991578,40,0.525,0.0,12778.748350000002,-0.47354841857805097,-0.9470968371561019,-1.3463621607935412,-2.6927243215870824,0.26180692853838167,0.5236138570767633,1.540617741528552e-06,False
0xa9524faacc91b3a8d0766d9c8c5de653dd2d16dc,88,0.09090909090909091,0.5,12676.46243,-0.8081616927817269,-1.6163233855634538,0.4916189961720252,0.9832379923440504,2.643238684214614,5.286477368429228,1.528286056237905e-06,False
0x2e41d64f71b6bb53197094bae78c5918f1b57ca4,32,0.1875,0.0,12615.83004,0.03801573090945033,0.07603146181890066,-0.09503932727362584,-0.19007865454725167,-10.017145094640162,-20.034290189280323,1.5209761591191252e-06,False
0x30023e2e1d7d774eca34ac5b6bd4ca9225f61dbb,68,0.6029411764705882,0.04878048780487805,12575.05826,-1.5105495105907605,-3.021099021181521,-3.850767756277794,-7.701535512555588,-5.291097458468686,-10.582194916937372,1.5160606755442648e-06,False
0xa6a1140c06c35619038823f58a54f25eb33c29eb,75,0.7066666666666667,0.49056603773584906,12474.580429999998,-0.49176606536499556,-0.9835321307299911,-0.9564097660942157,-1.9128195321884314,-1.621049720547021,-3.242099441094042,1.5039469752593466e-06,True
0x947db9d96aea1650d4879eba95e0d6aa0dd93e90,313,0.8466453674121406,0.06415094339622641,12317.16665,-0.9764625220238483,-1.9529250440476966,-2.0690789707765886,-4.138157941553177,-3.155293808485519,-6.310587616971038,1.4849690240870731e-06,False
0xea681c3d8d4b415b9d3d6abd891ab0d0e147d48c,33,0.5454545454545454,0.5,12252.763500000001,-2.5455605480328214,-5.091121096065643,-3.1919343412470726,-6.383868682494145,-3.0265007705146347,-6.0530015410292695,1.4772045206488062e-06,False
0xf5996cfefd48a664904d5e1f4729227b600e7a8e,241,0.0912863070539419,0.0,12250.045540000003,1.5781891454478585,3.156378290895717,2.1392309031356436,4.278461806271287,6.401898323925343,12.803796647850685,1.476876840872816e-06,False
0x9d003d4ea17b01542128f8aa4df8dbfb9afa764d,665,0.0962406015037594,0.46875,12167.02873,-0.5474641120119069,-1.0949282240238138,-1.345394899299693,-2.690789798599386,-0.6257658753511639,-1.2515317507023278,1.4668682573380204e-06,False
0xec8b5e8fb14f3d89c015cffbeebd4ed1146a5b8d,37,0.02702702702702703,0.0,12135.437600000001,1.3270226036183483,2.6540452072366967,1.437607820586544,2.875215641173088,3.9810678108550452,7.9621356217100905,1.4630596014337091e-06,False
0x11057165a115a5ef406cd385010e7fe7fc635e89,802,0.9089775561097256,0.17695473251028807,12043.73841,-0.6909577671314565,-1.381915534262913,-1.369848707257608,-2.739697414515216,-1.43142361697229,-2.86284723394458,1.4520042621212484e-06,False
0x4217e0c332b8e5bacdc3249b510c38a7204fbdb4,64,0.34375,0.4090909090909091,12039.325,-0.2614232548130339,-0.5228465096260678,0.9021526692383527,1.8043053384767054,3.84775705895685,7.6955141179137,1.4514721773222988e-06,False
0xd342f8313e23d9846b44d3ea66c1e9cc54c0afe3,32,0.125,0.5,11906.395419999999,-1.4996734986853657,-2.9993469973707314,0.5696503280289684,1.1393006560579368,-4.1334128744777425,-8.266825748955485,1.4354460639884415e-06,False
0x92e85ef2a78c3830e279f4b84fc1f115970dfbb5,142,0.9859154929577465,0.0,11716.719999999998,-0.9927521128750436,-1.9855042257500872,0.10625482554881245,0.2125096510976249,4.927374462770888,9.854748925541776,1.4125786196049794e-06,False
0x7d8e3601ed36410f1c220038bfdefb56097805be,308,0.935064935064935,0.5,11615.95867,-1.0870262880399317,-2.1740525760798635,-1.9215661517448244,-3.8431323034896487,1.4945670508632456,2.989134101726491,1.4004307402973781e-06,True
0xcfbb55fcb05534e21f3a87a095c2dbd3df6bfcd7,95,0.010526315789473684,0.0,11583.44,-0.45454545454545453,-0.9090909090909091,1.7045454545454546,3.409090909090909,0.5681818181818182,1.1363636363636365,1.3965102593112327e-06,False
0x0a72e7edb27f2f6bef0acf98ffc0bad6c7a1ecc6,205,0.5951219512195122,0.4672131147540984,11473.276149999998,-0.4249146100341766,-0.8498292200683532,-1.1088800595407813,-2.2177601190815626,-1.6566599839909055,-3.313319967981811,1.3832288034803028e-06,False
0x412a111c430ae3bf764d149ce8a1b4b019751424,67,0.014925373134328358,0.0,11464.689999999999,0.11217049915872125,0.2243409983174425,1.682557487380819,3.365114974761638,2.131239484015704,4.262478968031408,1.3821936492806017e-06,False
0x2de3dae3c7aea58edcbbe92fe322dd4eeccef815,30,0.36666666666666664,0.0,11316.30324,0.010286044614689911,0.020572089229379822,0.051430223073449556,0.10286044614689911,-0.9360300599367821,-1.8720601198735642,1.364304004003728e-06,False
0xac8c0b455e7183656c235862b184ae7debf24b0a,94,1.0,0.3085106382978723,11300.399010000001,-0.9652168228906766,-1.9304336457813531,-2.3406294659986346,-4.681258931997269,-1.4342417632398174,-2.868483526479635,1.3623865752984863e-06,True
0xd79d7b08c2b372386cd724a2458e943336f8b7c2,33,0.36363636363636365,0.25,11281.64712,-0.19736043497080372,-0.39472086994160743,-0.3248071213268983,-0.6496142426537966,0.9030377901345613,1.8060755802691226,1.3601258300650775e-06,False
0x3519ee8f62169cb9a5fd1f33a30e1cd9652f5ec1,90,0.8555555555555555,0.19480519480519476,11238.59209,-1.3382306182794195,-2.676461236558839,0.008495326496067181,0.016990652992134363,3.9986929564412588,7.9973859128825175,1.3549350757546176e-06,False
0xa2b2ddf9dccd566e5a46ee299ce870510e701022,51,0.3137254901960784,0.4375,11206.66572,-0.4506634070693424,-0.9013268141386848,-0.6497000981381099,-1.2994001962762198,0.06149448517540742,0.12298897035081484,1.351086003005282e-06,False
0x3cb2da36296006a387cab0882d62dba88cc27ada,249,0.004016064257028112,0.0,10774.40929,-0.7995705164083292,-1.5991410328166584,-0.7995705164083292,-1.5991410328166584,-1.0280192353821376,-2.056038470764275,1.298972767287028e-06,False
0x8e3c2ca39fcb12d19981d6b73007b32557abce95,93,0.9354838709677419,0.3563218390804598,10719.61601,-0.5192555274958521,-1.0385110549917043,-0.902503030291427,-1.805006060582854,0.6712673035553869,1.3425346071107738,1.2923668386802141e-06,True
0x4f7fc070c7603a9f28f57ec1e856e2e1f6678616,35,0.02857142857142857,0.0,10663.9328,-0.33308536978027464,-0.6661707395605493,-1.8874837620882232,-3.7749675241764464,-7.2168496785726175,-14.433699357145235,1.2856536192880145e-06,False
0xb9b86a95286818161e5284571a39f029a8353fcd,41,0.12195121951219512,0.4,10659.369999999999,-0.9693319739735842,-1.9386639479471683,-1.321254484394931,-2.642508968789862,-0.8715102712420603,-1.7430205424841205,1.2851035238922437e-06,False
0x702d5cbdd54d16a25b8db4c4ddcd096720944c4b,40,0.4,0.375,10630.975579999998,-0.11916511738881934,-0.23833023477763868,-0.9320060449329399,-1.8640120898658799,-1.4431997669030392,-2.8863995338060784,1.2816802663075201e-06,False
0x3a943ee8a8926566833b4333eeaa432b60f6d983,31,0.3548387096774194,0.18181818181818177,10542.64588,-0.3616546093607168,-0.7233092187214336,-0.5687204842890595,-1.137440968578119,-0.34278561600020896,-0.6855712320004179,1.2710311558315405e-06,False
0xda14a2da1d0658dd48f306203e9269cd0619a5f8,30,0.13333333333333333,0.0,10540.858079999998,0.0,0.0,-2.6244922178100323,-5.248984435620065,-4.849605185083756,-9.699210370167512,1.2708156170070117e-06,False
0x2b353c08166a8ff5f343cdce230ca69cecac23d8,150,0.15333333333333332,0.30434782608695654,10499.827740000002,-0.7332729945558769,-1.4665459891117538,-0.30580846700118913,-0.6116169340023783,-1.1645505236087244,-2.3291010472174487,1.265868961198977e-06,False
0x55606dc59ba87c8c45c9b4a89e92dafeae37108a,30,0.3333333333333333,0.1,10273.58003,-1.1304875727697297,-2.2609751455394593,-1.8941341811918662,-3.7882683623837323,-8.209597390503692,-16.419194781007384,1.2385923276461916e-06,False
0x41ade4a140f707406f15444878ed4701f4e18b56,164,0.036585365853658534,0.16666666666666663,10139.98406,-0.3295153404219006,-0.6590306808438012,-0.6917978746810546,-1.3835957493621092,-1.432097531188429,-2.864195062376858,1.2224858737164751e-06,False
0x5989babb0b91393f4ec49d66b9f5e07ae82db6f1,74,0.013513513513513514,0.0,10139.94069,-1.346635095554982,-2.693270191109964,1.9077330520362246,3.815466104072449,0.224439182592497,0.448878365184994,1.2224806449890895e-06,False
0xee0461fbc01662f8755c955124d3cf6601f9405b,77,0.012987012987012988,0.0,10109.2676,-1.4712539610683568,-2.9425079221367136,-6.224535989135355,-12.44907197827071,-39.27116342236306,-78.54232684472612,1.21878266883781e-06,False
0x6ee75f1da817dccc144498b8a958d1199ae040d3,47,0.9361702127659575,0.38636363636363635,10055.03671,-0.48614475321513967,-0.9722895064302793,-0.30539105615752515,-0.6107821123150503,-1.0196242021658994,-2.039248404331799,1.212244542490492e-06,True
0x9994357202d721b7f68e4bc21a9b089fd65e3649,68,0.014705882352941176,0.0,9999.8652,0.2275830678197542,0.4551661356395084,-2.7309968138370504,-5.461993627674101,-6.030951297223487,-12.061902594446973,1.20559301412442e-06,False
0x47c62c375e5f4a0ba1fa485d8cce67a23773b1ae,40,0.05,0.0,9998.59791,0.03773379312398095,0.0754675862479619,-2.66917483441879,-5.33834966883758,4.890887339572425,9.78177467914485,1.2054402284677824e-06,False
0x3eeac11009af5667b8e803413668e18402ba8cba,32,0.34375,0.45454545454545453,9995.56094,-2.123264184148256,-4.246528368296512,-0.35144580172421835,-0.7028916034484367,5.275337265345881,10.550674530691762,1.2050740885506057e-06,False
0x644c57be5792de80ef9dfb82e7734e582b25e815,33,0.30303030303030304,0.4,9993.86024,-0.5271210110233455,-1.054242022046691,-1.4020021300423373,-2.8040042600846746,-2.8034556600194787,-5.606911320038957,1.2048690505827818e-06,False
0x65e9d8a7738898420174dfade5a29d11436c33b9,63,0.07936507936507936,0.0,9885.279999999999,0.42230199037595983,0.8446039807519197,-2.9857888768989373,-5.971577753797875,10.40851388838012,20.81702777676024,1.1917785162407835e-06,False
0xd8f57e0adb7a172291ac3507b9b5137bdc3d709c,37,0.6216216216216216,0.0,9881.609400000001,-1.0190097188873657,-2.0380194377747314,-1.0290749842940954,-2.0581499685881908,-2.9195486224202103,-5.839097244840421,1.191335985303702e-06,False
0x017751ad8809feb674061add1001008bcc884139,190,0.9526315789473684,0.47513812154696133,9861.88819,-0.7935514687491511,-1.5871029374983021,-1.8683433985739188,-3.7366867971478377,-1.8131820575565945,-3.626364115113189,1.1889583779529469e-06,True
0xe66f9d17bee4f70a22f9a606b809b730a3b3954a,35,0.17142857142857143,0.16666666666666663,9813.237450000002,-0.20723651520573472,-0.41447303041146943,-1.0900588801371547,-2.1801177602743094,-1.9697748579700047,-3.9395497159400095,1.1830929996600494e-06,False
0xf8757e589035187019db148ae1ab6456f82aaf4c,33,1.0,0.15151515151515152,9624.14458,-0.24478318893231263,-0.48956637786462526,-0.11180680800894702,-0.22361361601789403,-1.2803756576554701,-2.5607513153109402,1.1602957880443628e-06,False
0x1e20b84f998b53317fc64de043728b5e5a9599a0,82,0.012195121951219513,0.0,9573.1032,-2.37352502373525,-4.7470500474705,-28.59532528595325,-57.1906505719065,-2.14747502147475,-4.2949500429495,1.1541421919779609e-06,False
0xd1a428cd82c488a80337fd3415e08aa3986d6465,75,0.21333333333333335,0.5,9440.55025,5.2232508871991365,10.446501774398273,3.615753476111258,7.231506952222516,5.5660322442202546,11.132064488440509,1.1381614855058793e-06,False
0x7ca5d6b6cd7197033502e4ab1b0ffa7006fffdb7,232,0.9956896551724138,0.45454545454545453,9421.80719,-0.9203581645984287,-1.8407163291968573,-1.4339491330266012,-2.8678982660532024,-2.029584464435015,-4.05916892887003,1.1359018048254522e-06,True
0x0fd6f6a16fe601a38765613821ad115deaad42a2,125,1.0,0.12,9400.80038,-0.5768564263808678,-1.1537128527617355,-1.0762310493352598,-2.1524620986705196,-0.8211523464703341,-1.6423046929406682,1.133369204347494e-06,False
0x02808c252480c20b7f4cbee5501f1e92a9d0c1b6,108,0.1111111111111111,0.16666666666666666,9372.02838,-0.553147890421947,-1.106295780843894,-0.42946338226180697,-0.8589267645236139,0.7684987195867855,1.536997439173571,1.1299004253681145e-06,False
0xc2837366221b6341e8b0c41e3fc59de034f66612,39,0.02564102564102564,0.0,9366.253200000001,0.1141865351237782,0.2283730702475564,2.740476842970677,5.480953685941354,19.640084041289853,39.280168082579706,1.1292041643161845e-06,False
0x6e400e4c5419e889388141e89c8761338f841ed8,56,0.05357142857142857,0.0,9364.85367,-0.8594952621598684,-1.7189905243197368,3.9190893444714825,7.838178688942965,-1.6054744344213787,-3.2109488688427574,1.1290354356826167e-06,False
0x351730aacf804927caf18fdc9a5fe5a424ffac47,33,0.18181818181818182,0.0,9259.863849999998,-0.381035120007011,-0.762070240014022,-0.22862107200420664,-0.4572421440084133,-11.431053600210332,-22.862107200420663,1.116377765702607e-06,False
0xbaf570ed1b390caf00265b4f5f652bbd6c840036,266,0.7481203007518797,0.4723618090452261,9257.06536,-0.4555061818237731,-0.9110123636475462,-1.0079714012644245,-2.015942802528849,-1.2721467852338932,-2.5442935704677865,1.1160403771552e-06,True
0x8e5ca70951327178c2ece5e78e606983ac1278dc,69,0.43478260869565216,0.13333333333333333,9193.04144,-0.648900724793622,-1.297801449587244,-0.7013655829455353,-1.4027311658910706,-1.7251587377400404,-3.4503174754800807,1.1083215940371176e-06,False
0x557d206ae2e09ce5bc8c8f4cad1bf66c2858d77f,57,0.03508771929824561,0.0,9181.3735,-0.22876751501286818,-0.45753503002573637,-0.7434944237918215,-1.486988847583643,2.802402058907635,5.60480411781527,1.1069148963795108e-06,False
0x78cd70a6c31118a643b5e0daa7cfdc7108dee466,34,0.058823529411764705,0.0,9147.50083,1.0118880607996712,2.0237761215993424,1.511696561232996,3.023393122465992,-3.0888574404054316,-6.177714880810863,1.1028311758987845e-06,False
0x82d88871b5b7e9b1e78fbdea26ec916a384a8384,46,0.45652173913043476,0.0,9139.127770000001,-0.016055871525098558,-0.032111743050197115,-0.1926325962075949,-0.3852651924151898,2.091611729662086,4.183223459324172,1.1018217120269271e-06,False
0xc8e3d5d27d15dba115b9d3e6906343299c2e5d64,61,0.03278688524590164,0.5,9025.81004,1.0733032386416046,2.146606477283209,1.9786173868005978,3.9572347736011957,1.2417573685107524,2.4835147370215047,1.088160021500895e-06,False
0x10e27e82ebb9dbbedc84e721f7df2d8d537b462b,65,0.3076923076923077,0.25,9002.723109999999,-0.12866147371914485,-0.2573229474382897,-3.6035109785348753,-7.207021957069751,-3.7571331080865518,-7.5142662161731035,1.085376639828352e-06,False
0x993d50b5f5c1259496b6cd419ef209bb9ff2b75c,44,0.3181818181818182,0.0714285714285714,8978.096950000001,-0.4913150740608862,-0.9826301481217724,-3.645039287380661,-7.290078574761322,1.3153275895091856,2.630655179018371,1.0824076871607993e-06,False
0xcda60060fd93495efb8daed47a5abbb7e32ce80c,44,0.06818181818181818,0.3333333333333333,8972.909380000001,0.8094421452587749,1.6188842905175498,-1.6593955508199716,-3.318791101639943,-5.125196952535923,-10.250393905071846,1.0817822689149332e-06,False
0x321b3a3131fcf1baf8a82d837fb7a547b8eafa1c,57,0.07017543859649122,0.25,8970.29134,-1.5600698057171762,-3.1201396114343525,-0.5449677476796806,-1.0899354953593612,-6.003259752101996,-12.006519504203991,1.0814666355867259e-06,False
0x993f3ac0b90f7bc0c638fa31082a8994704b4f01,49,0.2653061224489796,0.07692307692307693,8955.122659999999,-0.04394659898908989,-0.08789319797817978,-0.7201110824624583,-1.4402221649249165,-0.8002950844997181,-1.6005901689994362,1.0796378854710254e-06,False
0x2dd506b91052313cbd720a6b549d48dc8d0778e6,152,1.0,0.0,8931.55368,-1.658306805000199,-3.316613610000398,0.16136790300824116,0.32273580601648233,7.148428481612401,14.296856963224801,1.0767963874038278e-06,False
0xaa763af915302533ccc57570821eff05f0f7555f,158,1.0,0.45569620253164556,8908.08895,-0.7848622190207281,-1.5697244380414561,-1.3100952383382525,-2.620190476676505,-1.0580597970696748,-2.1161195941393496,1.0739674578132251e-06,True
0xebf1a7ae9519429989e3d504327a0d441d50b51f,35,0.34285714285714286,0.5,8907.47574,-2.0063807044227886,-4.012761408845577,-4.025129738682259,-8.050259477364518,5.470485614020476,10.940971228040953,1.0738935286474409e-06,False
0xddd796c02a3f8c5b286f2b19638f58173f723821,123,0.10569105691056911,0.3846153846153846,8857.18776,-0.005188365833031381,-0.010376731666062762,-1.3881391787255026,-2.7762783574510053,1.9249661677322374,3.8499323354644748,1.0678307631831197e-06,False
0x041867c358c1d2c51d16188d1db479424b0ea1db,111,0.27927927927927926,0.3548387096774194,8835.93777,-0.34812331670307245,-0.6962466334061449,-1.4788159447072307,-2.9576318894144613,-0.9049116891478711,-1.8098233782957422,1.0652688446990373e-06,False
0x7a8862d9cfab25a31f6754199bde7945ec23de62,75,0.013333333333333334,0.0,8782.300000000001,-0.22773077667581385,-0.4554615533516277,0.6831923300274415,1.366384660054883,3.5298270384751147,7.059654076950229,1.0588022254484885e-06,False
0xdd7ac275f3cbd710f112db75d91003bd3b1dc2e7,40,0.025,0.0,8773.0,-0.5699304684828451,-1.1398609369656902,-1.8237774991451043,-3.6475549982902087,-4.103499373076485,-8.20699874615297,1.0576810088313527e-06,False
0x321c3fffc976d5855af498dedac3a32107558deb,30,0.3,0.1111111111111111,8760.0,-2.14011544011544,-4.28023088023088,-0.5758546051649502,-1.1517092103299005,-1.1853684629546706,-2.370736925909341,1.0561137167858942e-06,False
0x8b7e4c94d0dfe450246651f6286d8e6845bda5cd,45,0.4222222222222222,0.26315789473684215,8753.80116,-0.6778880286141059,-1.3557760572282118,-1.347257409428286,-2.694514818856572,0.7592543936794617,1.5185087873589234,1.055366378891812e-06,False
0xdc7bf4d19f98e3082251a75938ce4775224b19bb,49,0.08163265306122448,0.0,8739.4,-0.02883506343713956,-0.05767012687427912,0.10443577603061716,0.2088715520612343,1.9019619365640126,3.803923873128025,1.0536301616984752e-06,False
0xaf39702bf04244d220e49b93a97f20528f2276d5,32,0.21875,0.0,8729.42657,0.0,0.0,0.09690376325764613,0.19380752651529226,-1.065941395834107,-2.131882791668214,1.052427755736557e-06,False
0xe4cd4a9d697b61cfbec412af8ce6f374d8abe9f1,71,0.07042253521126761,0.4,8697.98588,-1.6229361607844055,-3.245872321568811,0.18768203201642902,0.37536406403285805,4.177392370057615,8.35478474011523,1.0486372370180396e-06,False
0x55b4c3ecfa0df2e0c38ec1ea77ec5bdf20c52def,67,0.16417910447761194,0.18181818181818182,8669.356670000001,-0.4735967365142655,-0.947193473028531,-1.2871331031234983,-2.5742662062469965,0.034650961246003996,0.06930192249200799,1.0451856729333658e-06,False
0x13cf159898b037f73029b23a9ec78dab16337453,113,0.39823008849557523,0.3555555555555555,8646.842649999999,-1.3884643168113058,-2.7769286336226116,-0.9448021406072047,-1.8896042812144094,1.4619662969027174,2.923932593805435,1.042471361821266e-06,False
0x77e6d6da382a69b3c10ef9327e311dde430e72c5,32,0.25,0.0,8598.201659999999,-1.267554956316859,-2.535109912633718,-3.693052549200936,-7.386105098401872,4.5627797767036915,9.125559553407383,1.0366071589974023e-06,False
0xb786074078d2cd10146521b500cfd8a154c13b2d,65,0.06153846153846154,0.25,8578.39572,-0.3981940171384467,-0.7963880342768934,4.490993380077488,8.981986760154976,19.72668689631615,39.4533737926323,1.0342193365193388e-06,False
0x5bc87ab5cbca5f566186076ba45b20fd3c1fd419,114,0.008771929824561403,0.0,8523.470640000001,-1.2572578064280162,-2.5145156128560324,6.743473689022996,13.486947378045992,2.0573309559731174,4.114661911946235,1.0275975179824025e-06,False
0x1d2a22e6f9aaf3d6e9e773c586f63ef2b89d4075,64,0.109375,0.1428571428571429,8522.692000000001,-5.355970378308661,-10.711940756617322,-0.16272620862531334,-0.3254524172506267,-3.5398432099441983,-7.079686419888397,1.027503644422535e-06,False
0x7fe316a3f7d6ab7e256225ec0df02b4ca1d1d09e,36,0.08333333333333333,0.0,8522.182499999999,-0.6864438774926493,-1.3728877549852987,4.576292516617662,9.152585033235324,-3.2034047616323633,-6.406809523264727,1.0274422186304455e-06,False
0xef08ff4b601863c1da1ed53d24d597193385fc5a,42,0.09523809523809523,0.0,8492.076000000001,-0.5285376444578302,-1.0570752889156605,-1.7787497619018389,-3.5574995238036777,1.0329282565730216,2.065856513146043,1.0238125510945536e-06,False
0x0fd3c3f312c6cf9f5c4da31b428b5a0a1611fda6,49,0.30612244897959184,0.4666666666666667,8478.80084,-1.4964415161178575,-2.992883032235715,-0.41643045193891104,-0.8328609038778221,3.2215899972650606,6.443179994530121,1.022212085504539e-06,False
0xcf95f5c59a031d5122a5f8b25f33373a14c9fcd5,96,0.9375,0.5,8470.257540000002,-0.7291957836369622,-1.4583915672739245,-0.9960212787410611,-1.9920425574821221,0.060695385088998154,0.12139077017799631,1.021182097340542e-06,True
0x58b7438c6198d4292133ec2243487bb1dda892c8,61,0.5245901639344263,0.40625,8454.34688,-0.16870019632463096,-0.3374003926492619,-0.7527780458134778,-1.5055560916269557,-1.6935765108867642,-3.3871530217735284,1.0192638934285418e-06,False
0x117d3f8edb104e2ea0fa681eca4655fabfdd0282,32,0.21875,0.0,8392.13416,-0.08157512024450422,-0.16315024048900845,-0.08371357399794828,-0.16742714799589656,-5.794534742100993,-11.589069484201985,1.0117634702606698e-06,False
0x05099cb39151e87357d6cb8eae3622c6bd2f3365,31,0.8064516129032258,0.24,8249.93167,-1.2566016134306994,-2.513203226861399,-3.419675777442716,-6.839351554885432,-4.109371029485928,-8.218742058971856,9.94619406305178e-07,False
0x79ff6ee1d6520d6bcd6960a604a04c1206d1f2fc,220,0.004545454545454545,0.0,8246.664,-1.9406392694063928,-3.8812785388127855,-2.968036529680365,-5.93607305936073,-1.8264840182648403,-3.6529680365296806,9.94225452982241e-07,False
0x576a66c20494aa3b10da033b0d0d064d1ab4718f,31,0.22580645161290322,0.0,8203.50032,0.01616563394501466,0.03233126789002932,-1.1526715642089924,-2.305343128417985,-5.38810595452106,-10.77621190904212,9.890215997271086e-07,False
0xbf5191ccef1d81c1c3468585d18ab4a1ac1387e5,36,0.16666666666666666,0.0,8181.665999999999,-0.11198208286674131,-0.22396416573348263,-3.658081373646883,-7.316162747293766,0.7278835386338186,1.4557670772676372,9.863892338768013e-07,False
0xae169d9e51184132f8992ee58d67b058a3c3e502,38,0.9736842105263158,0.16216216216216217,8089.100599999999,-0.4951920051415073,-0.9903840102830146,-5.456302040447402,-10.912604080894804,-0.635149991888214,-1.270299983776428,9.75229463484133e-07,False
0x2f19224117b6ec59f9d85e2792871cecbecd7a97,62,0.5161290322580645,0.40625,8088.8035,-0.5502189046437365,-1.100437809287473,-0.6162762696510298,-1.2325525393020595,1.2566524411429858,2.5133048822859716,9.751936448328481e-07,False
0x5382ac6c3b698ec59dc6e42a2d37ec77c47d9b38,100,0.11,0.4545454545454546,8055.855200000002,-0.9944603961763274,-1.9889207923526548,-3.1569719721710574,-6.313943944342115,-2.8573116810518964,-5.714623362103793,9.71221367255819e-07,False
0xc694dda5fdfdc764878eb1593c42812cc0a95dde,98,1.0,0.41836734693877553,8005.751450000001,-0.6164035017789875,-1.232807003557975,-1.1134639317614183,-2.2269278635228367,-0.9928132347022317,-1.9856264694044634,9.651808127310002e-07,True
0x99122bad813135cb2a97e486be014c7e30c7bab8,68,0.04411764705882353,0.0,7999.2,-1.4393939393939394,-2.878787878787879,-4.015151515151515,-8.03030303030303,-1.7803030303030303,-3.5606060606060606,9.643909638485987e-07,False
0x355d005af8a0a57c9c666ebdfb0bf781c878d713,157,0.07006369426751592,0.0,7698.881580000001,-0.27092045258276004,-0.5418409051655201,-6.871106353208289,-13.742212706416579,-9.220972508464586,-18.44194501692917,9.281842968662396e-07,False
0xfcd55643938e3d74763d1a7c1a3d34f351fca2bf,36,0.1388888888888889,0.4,7636.27235,-0.740697826074607,-1.481395652149214,-0.005907822716871536,-0.011815645433743072,5.014096819654037,10.028193639308075,9.206360700853716e-07,False
0x254b67efc690f987f7dc7a604c65e009dfe2c883,71,0.28169014084507044,0.45,7595.29368,-0.3017511632891694,-0.6035023265783388,0.09825247769914236,0.19650495539828472,0.2375713596904941,0.4751427193809882,9.156956436604123e-07,False
0xcc0ec416d3094225f63b1d743e39569ae04d71e3,155,0.632258064516129,0.4489795918367347,7572.49856,-0.9596359378584675,-1.919271875716935,-0.9520513078454977,-1.9041026156909955,0.3000934988039746,0.6001869976079492,9.129474428718529e-07,False
0xf4126540577ec3809de28fdef512b4f4c7a0eedf,97,0.041237113402061855,0.25,7548.643010000001,-0.3924395208958086,-0.7848790417916172,-1.4018666596841176,-2.803733319368235,-1.038863377502996,-2.077726755005992,9.10071395659927e-07,False
0x2721405b7af4f5abb119cb1a9cc3ef8f8bd1f123,40,0.975,0.4871794871794872,7504.927500000001,-0.7617835988451578,-1.5235671976903156,-0.23524504122997675,-0.4704900824599535,-2.014131307343215,-4.02826261468643,9.048010132686837e-07,True
0x5e350297f93effc7a5d70b40beb8abf4f0d0e8b2,42,0.047619047619047616,0.0,7500.103999999999,-2.8506271379703536,-5.701254275940707,3.990877993158495,7.98175598631699,17.10376282782212,34.20752565564424,9.042194876393552e-07,False
0x38a7e0b77d430f3a13c83ad20d02ff4eebe0948c,130,0.16923076923076924,0.13636363636363635,7470.620040000001,-1.0230512110163206,-2.046102422032641,-0.6518149075674174,-1.303629815134835,1.2129252609665306,2.4258505219330613,9.006648741026924e-07,False
0xd137aff06ec624be6ac9ebb2003be6c7e5a92a16,41,0.04878048780487805,0.0,7333.82244,-0.9172944400490752,-1.8345888800981505,0.2895921064233816,0.5791842128467632,-0.9172944400490752,-1.8345888800981505,8.841724286936296e-07,False
0x35bc5ad3098cf26787273589427d2432046a646f,34,0.029411764705882353,0.0,7289.1579,6.416173259190886,12.832346518381772,10.918750984938876,21.837501969877753,27.803417456493843,55.606834912987686,8.787876303662401e-07,False
0x30a808922b1dab487df96cc33da7cfd5ee3bfd09,55,0.12727272727272726,0.0,7265.1597,-0.8630395232302577,-1.7260790464605154,-1.4267400142306206,-2.853480028461241,-0.2804777056279981,-0.5609554112559962,8.758943851381384e-07,False
0xa47ade5c63ed8351d0169161dc2b7366db66c2da,76,0.013157894736842105,0.0,7263.253500000001,-2.829654782116582,-5.659309564233164,-8.828522920203735,-17.65704584040747,4.980192416525184,9.960384833050368,8.756645718999036e-07,False
0xa11120be070e9cb5fc0235a099c0ddea7ab69c12,34,1.0,0.0,7249.699860000001,-0.8042399815876331,-1.6084799631752662,0.2728369877737548,0.5456739755475096,0.007649458743592019,0.015298917487184038,8.740305325030568e-07,False
0x5ee42f2ac49015a02e9c2676f27b20b77feea218,70,0.014285714285714285,0.0,7241.88223,-1.234748055271813,-2.469496110543626,3.3674946961958536,6.734989392391707,7.2962385084243495,14.592477016848699,8.730880317866461e-07,False
0xb897a0695be21e5bbf1e7b05dd87d97985ab94a5,131,0.030534351145038167,0.0,7236.85588,-1.6283702525226378,-3.2567405050452756,-0.5645004899932311,-1.1290009799864622,-0.16645642417872525,-0.3329128483574505,8.724820503733622e-07,False
0xbf040bd7634accae408957652d5e8fbaf93f7051,312,1.0,0.33653846153846156,7234.98099,-0.8391629089418734,-1.6783258178837468,-1.5164834135676324,-3.0329668271352648,-1.3283208059408964,-2.656641611881793,8.722560118977384e-07,True
0x3af4571daff33892eb7c9eecf800adff603790b1,118,0.15254237288135594,0.0,7232.68622,-0.04212424072239151,-0.08424848144478302,0.8631819288528253,1.7263638577056506,-1.6163016616402508,-3.2326033232805016,8.719793523002647e-07,False
0xebd03be4405611cca70f0aa307625851a3802bfd,33,0.06060606060606061,0.0,7202.8697,-0.3351580828957658,-0.6703161657915316,1.1171936096525528,2.2343872193051055,-7.708635906602614,-15.417271813205229,8.683846450218606e-07,False
0xffd162c3bb7997934b808eef2cdf127312420e77,72,0.16666666666666666,0.08333333333333333,7132.23754,-0.6743767591520577,-1.3487535183041155,-3.4671776197791946,-6.934355239558389,-19.1727716924409,-38.3455433848818,8.598691663663564e-07,False
0xf43193341433e08fa42dbff517b203a18e2ce26a,30,0.1,0.0,7130.704320000001,-0.7561665381183552,-1.5123330762367104,-0.7183582112124375,-1.436716422424875,-7.032348804500703,-14.064697609001406,8.596843199425151e-07,False
0xc5866fc7da8de447646c241a2de083a35ca66b34,294,0.9795918367346939,0.4965277777777778,7037.65453,-0.5780758289387313,-1.1561516578774627,-1.0602552525649693,-2.1205105051299387,-0.9729674161192913,-1.9459348322385825,8.484661510426239e-07,True
0xa4097d0e26419609c3040cfc1ee48cec9a5d4224,35,0.2571428571428571,0.11111111111111116,7021.90715,-2.1350577541008997,-4.270115508201799,-2.3571146717347378,-4.7142293434694755,-1.3066322614996508,-2.6132645229993017,8.465676323187152e-07,False
0xa12820a1ec8ee8ca50c523606a3ab6849e164d95,266,0.6052631578947368,0.43478260869565216,6969.888080000001,-0.7578835058032622,-1.5157670116065245,-1.5022170191320416,-3.0044340382640833,-3.3305484106392313,-6.661096821278463,8.402961650400115e-07,False
0x2c0150d1e7feac8f76e8a697b03b9ad7dbe36861,322,1.0,0.41304347826086957,6824.7777399999995,-0.6521284095160812,-1.3042568190321624,-1.4692771823932291,-2.9385543647864583,-1.5016758689556042,-3.0033517379112085,8.228015279941821e-07,True
0x04704ecaab8f063b76a6f2ff45d2f414f0acaa68,48,0.08333333333333333,0.0,6798.97592,0.05664823710686123,0.11329647421372246,0.08497235566029185,0.1699447113205837,6.599519622949334,13.199039245898668,8.196908366676934e-07,False
0xa9881f6f5493fed3ce3346c5cb1a1e9ba80f7060,124,1.0,0.46774193548387094,6755.42208,-0.6775146871973221,-1.3550293743946442,-1.3798788966049973,-2.7597577932099946,-0.34864628142115694,-0.6972925628423139,8.144399453614493e-07,True
0x44b281d6ef76063fce4fdf28ef78000a9c87a685,82,0.04878048780487805,0.5,6734.51549,-0.1129968881048096,-0.2259937762096192,-1.8169946833092887,-3.6339893666185774,0.820988433501181,1.641976867002362,8.119194274995522e-07,False
0xd28aec1f84668999fef0d884bd21aeff5fdea225,35,0.9714285714285714,0.0,6726.819870000001,-1.1756593165621525,-2.351318633124305,-2.556625340245405,-5.11325068049081,-0.09957093307452793,-0.19914186614905585,8.10991636421793e-07,False
0x29a3e83ff367037e501171158576495e918de87e,37,0.13513513513513514,0.0,6676.5301899999995,-0.8355869389580871,-1.6711738779161742,-3.1515703248482128,-6.3031406496964255,-0.8897136240017144,-1.7794272480034288,8.049286660038963e-07,False
0x8914ab85963bed3cdb01f55e96e11f98d0841686,46,0.4782608695652174,0.0,6651.780499999999,-2.2559744869292877,-4.511948973858575,-2.528433273971659,-5.056866547943318,-0.39478013827620356,-0.7895602765524071,8.019448204450836e-07,False
0x65581ce22a38c72d74e9eb63aa3b7d13d24c3746,344,0.023255813953488372,0.25,6583.01929,-0.614534727583099,-1.229069455166198,-1.35680826517698,-2.71361653035396,-0.8614554714771314,-1.7229109429542628,7.936549052551528e-07,False
0x7d6885662f179fe54066ca7a88246d433faee6ee,59,0.1016949152542373,0.0,6527.84,0.0,0.0,0.0,0.0,5.795454545454546,11.590909090909092,7.870024389250721e-07,False
0x81326a2cd357657a1a257febc45f38dced5be97e,226,0.3230088495575221,0.1095890410958904,6485.55915,-0.5036341329005413,-1.0072682658010825,-0.5122477972511433,-1.0244955945022867,1.0666692240862656,2.1333384481725313,7.819050204727471e-07,False
0xe0a31380a17cb5b499d5ef69e1415f31ef7e64a6,56,0.19642857142857142,0.0,6470.66805,-0.051736965130320244,-0.10347393026064049,-0.7450122978766117,-1.4900245957532234,5.794540094595868,11.589080189191735,7.80109735659045e-07,False
0x66ac8dc363666228750dd62748f07c19c9b92a80,110,0.02727272727272727,0.0,6460.7023,-1.139531211584268,-2.279062423168536,-6.031097838837122,-12.062195677674245,-11.82987680855455,-23.6597536171091,7.789082556050428e-07,False
0xb340c4277ebdeeefe7902e6f27194ed3aefe6bd0,71,0.028169014084507043,0.5,6446.078519999999,-2.8117076219965282,-5.6234152439930565,-2.2543918648042576,-4.508783729608515,-12.52331458565381,-25.04662917130762,7.771451991382323e-07,False
0x2dd3f39eea118502c157de589ba7cb0647e02922,63,0.2857142857142857,0.05555555555555558,6429.995350000001,-0.08813341160895534,-0.17626682321791068,0.4598842722014328,0.9197685444028656,-0.622733877868038,-1.245467755736076,7.752061972607897e-07,False
0xbdb0f45d9da67eab151508b15abc988f07ba5065,135,1.0,0.4,6388.02441,-0.69393294423871,-1.38786588847742,-1.104082551265865,-2.20816510253173,-0.76310307447288,-1.52620614894576,7.701461418452191e-07,True
0x458435be4d0e3613bdd9d73fe7b9897cb248541c,235,0.03404255319148936,0.0,6353.715550000001,-1.1033360737072062,-2.2066721474144124,2.611046457570813,5.222092915141626,11.359125015652602,22.718250031305203,7.660098338939307e-07,False
0x2f591eb916a2fee2f1eb801706e3ef6650ba66e0,422,0.009478672985781991,0.25,6307.219729999999,-0.6604677877589779,-1.3209355755179557,-1.4561032065567694,-2.912206413113539,-0.7188627458461643,-1.4377254916923285,7.60404254752925e-07,False
0xbeeceb916fa749883de0c81a8362a16ff284ef8f,32,0.21875,0.42857142857142855,6269.10346,-0.6032750383693309,-1.2065500767386619,-1.1771504390819783,-2.3543008781639565,4.128082994360681,8.256165988721362,7.558089219241905e-07,False
0x648fc67496fa67f0d186e4959d67025c555b7063,41,0.04878048780487805,0.0,6238.4,1.0098743267504489,2.0197486535008977,0.44883303411131065,0.8976660682226213,8.976660682226212,17.953321364452425,7.52107284337571e-07,False
0xc2c006c07c0d3562ad587a7ee44af2b8d074500d,696,0.33189655172413796,0.4329004329004329,6215.21839,-0.43270714242649133,-0.8654142848529827,-0.7841707840411594,-1.5683415680823187,-1.304785812181713,-2.609571624363426,7.493124879565001e-07,False
0x897794d583b0d9c048e43f9d0acfcb1deecd426f,64,0.15625,0.0,6196.889579999999,0.17045648246002795,0.3409129649200559,0.8181911158081341,1.6363822316162682,1.568199638632257,3.136399277264514,7.471027496399061e-07,False
0x2eecda1050eb33eb9045f6010cc5fb3473b8114f,297,0.9932659932659933,0.4542372881355933,6196.500070000001,-0.9986295167011788,-1.9972590334023577,-1.2986587288509281,-2.5973174577018563,-1.308415374679906,-2.616830749359812,7.470557899533966e-07,True
0xb4916022b5f6597bb9916fa74a1960ea8e7372d3,53,0.11320754716981132,0.0,6117.9775199999995,-0.18903305810120072,-0.37806611620240144,-0.8317454556452833,-1.6634909112905667,3.1946586819102922,6.3893173638205845,7.375890385684642e-07,False
0xc3c9a9e0455823fb156fe7e1060d1599cb551769,54,0.2037037037037037,0.0,6117.598780000001,-0.45485346999155374,-0.9097069399831075,-0.693926319404008,-1.387852638808016,-0.47689507198146575,-0.9537901439629315,7.375433773231339e-07,False
0xb1c9f695ff402ca8fdc29629da08dce6640d5e51,50,0.12,0.0,6114.95196,-1.11660730037853,-2.23321460075706,-1.674910950567795,-3.34982190113559,-0.558303650189265,-1.11660730037853,7.372242742514599e-07,False
0xfdaa64799d3e1d063bfdd92ff0359c6c14c30328,44,0.06818181818181818,0.0,6054.154269999999,-8.78005340044876,-17.56010680089752,-10.22114017744935,-20.4422803548987,-8.876762844484107,-17.753525688968214,7.298944484115173e-07,False
0x3c879c214c2364e21a91bb6bc300d419013e8bf0,70,0.21428571428571427,0.0,6012.9207400000005,-1.1820191785270173,-2.3640383570540346,1.252841032399295,2.50568206479859,5.598115943866924,11.196231887733848,7.249232958288116e-07,False
0x8d60000cd6dd9faded3702cac720d41582342a40,41,0.04878048780487805,0.0,6000.28755,0.05717226001943857,0.11434452003887714,0.0,0.0,1.4293065004859642,2.8586130009719284,7.234002267368295e-07,False
0x95c8fbe44dcbebf829ec097f4ac8b94325f174f0,31,0.16129032258064516,0.19999999999999996,5978.6388799999995,-0.022670082292398717,-0.045340164584797435,-0.2718284171198329,-0.5436568342396658,1.1779080446318957,2.3558160892637914,7.207902430225405e-07,False
0x45ce71ce739a60d43f953c78d08665b6d4bf3dac,73,1.0,0.4794520547945206,5961.80274,-0.7914923319444034,-1.5829846638888068,-1.229470776294399,-2.458941552588798,-1.3667283606959841,-2.7334567213919683,7.187604623842156e-07,True
0x1a610cbc13cc84b956d5a6a8f63f383b3911be10,63,0.19047619047619047,0.41666666666666663,5925.5525,-0.8092919943902923,-1.6185839887805846,0.35769078233485346,0.7153815646697069,2.6918679713083677,5.3837359426167355,7.143900998612954e-07,False
0x78fedc1f93616f4419335e00435acefd0563cab4,70,0.05714285714285714,0.25,5908.375,-1.3542026300535064,-2.7084052601070128,-3.0313575406365594,-6.062715081273119,2.6355214042998036,5.271042808599607,7.12319164545075e-07,False
0x5306cb5adfbaf940ce3dba0ac41d903dc70a766e,1906,0.09181532004197272,0.4285714285714286,5883.178830000001,-0.5485232147677348,-1.0970464295354696,-0.9259960644143923,-1.8519921288287846,-1.6385105389010495,-3.277021077802099,7.092814909437659e-07,False
0x36d64dc1cda7287f8994d8ac06d44930e16d6d2d,143,0.17482517482517482,0.040000000000000036,5798.281349999999,-0.7172887979136564,-1.4345775958273128,-1.9470437009480848,-3.8940874018961695,-3.1164751244752766,-6.232950248950553,6.990461720911908e-07,False
0xeb26dc6c001c17f27b7f266a247324a70176547c,85,0.9882352941176471,0.4642857142857143,5738.01966,-0.5340083659829519,-1.0680167319659037,-1.3857552098160855,-2.771510419632171,-1.0404640971955372,-2.0809281943910745,6.917809669078918e-07,True
0x00febe8795ad5ffe487196ad2920cf0d7c25d409,47,0.2978723404255319,0.0,5720.25755,-0.5092118301123005,-1.018423660224601,-1.7858896186940858,-3.5717792373881716,-2.610476115123228,-5.220952230246456,6.896395504683873e-07,False
0xfb1c2817e1fe40b0814e26996541c0837913ac01,59,0.1694915254237288,0.4,5700.61858,-0.40909071936678904,-0.8181814387335781,0.40544396910749575,0.8108879382149915,6.790487810287,13.580975620574,6.872718580482336e-07,False
0x3b64d21b14992ac76495d63c095493ec1531b8ad,126,0.09523809523809523,0.08333333333333337,5633.39988,-0.862415897597181,-1.724831795194362,-1.4160179772921992,-2.8320359545843985,-1.7145364848957676,-3.429072969791535,6.791679092931518e-07,False
0x75820bc73f476dc08ae8ff69bd8830570f55a834,55,0.10909090909090909,0.0,5593.040800000001,-0.2076828384289129,-0.4153656768578258,-0.9903616668583762,-1.9807233337167525,-1.7546479823740249,-3.5092959647480497,6.743021812126885e-07,False
0x67489e058595f77b32883cfabfd260d9764ca744,61,0.29508196721311475,0.0,5527.85652,0.820107928478112,1.640215856956224,0.8171003011506159,1.6342006023012319,3.1999919090695186,6.399983818139037,6.664435040178469e-07,False
0x3409eb6a0d7d0f4816b6cf9bb29ce2771d614bfd,148,0.14864864864864866,0.45454545454545453,5514.37517,-1.0892410704481668,-2.1784821408963335,-1.9238572760256945,-3.847714552051389,0.8728626701377377,1.7457253402754753,6.648181799703821e-07,False
0xc75688361386b54c83869d9786918c831b070ad5,63,0.031746031746031744,0.5,5498.84743,-2.0902528041272914,-4.180505608254583,-6.155014271878031,-12.310028543756061,12.118928731830575,24.23785746366115,6.629461412483861e-07,False
0xf2ec851953b5400c484b7d7be95a0eb9ba687bcd,101,0.9504950495049505,0.48958333333333337,5460.201300000001,-0.6304813090594017,-1.2609626181188034,-1.587938817707262,-3.175877635414524,-3.140611736163119,-6.281223472326238,6.582869280070972e-07,True
0xd6cdb4e8e49b3ee15b61d51da8e5c77bd144a283,139,0.02158273381294964,0.0,5407.428,-0.6787330316742081,-1.3574660633484161,-0.45248868778280543,-0.9049773755656109,1.4705882352941175,2.941176470588235,6.519245300607436e-07,False
0x6af3ba6f73b214588f2baadd54523addc7b4a317,62,0.6290322580645161,0.4871794871794872,5405.575999999999,-0.6544364692634825,-1.308872938526965,-0.14224689274917784,-0.2844937854983557,-0.041504126835333534,-0.08300825367066707,6.51701251224729e-07,False
0xca09d245a82ff9a44cb57d9c2c5cd6b202448d60,63,0.7619047619047619,0.4791666666666667,5379.513580000001,-0.43289147835287284,-0.8657829567057457,-1.7215595678895772,-3.4431191357791544,-1.2246177167839065,-2.449235433567813,6.485591417207754e-07,True
0xa482c57158cf56129c636b3d04b0638616482c44,40,0.175,0.0,5342.639999999999,-1.1026977707126735,-2.205395541425347,-1.473644926698144,-2.947289853396288,-3.178970035468758,-6.357940070937516,6.441136287498846e-07,False
0x10cbdd394c92c2664c4584e7d9754fb9bcc3aa28,102,0.9803921568627451,0.0,5318.579999999998,-2.7345112315613944,-5.469022463122789,-0.835321325259427,-1.670642650518854,3.737379431651709,7.474758863303418,6.412129328565205e-07,False
0xb40ebc034789b556c476592ef5a9d7cb2816ce29,564,0.5514184397163121,0.4951768488745981,5287.11298,-0.5747495635998763,-1.1494991271997526,-1.0004466046563134,-2.000893209312627,-0.9134019074761384,-1.8268038149522767,6.374192397688065e-07,False
0xaddec7c7eb777b4579d2f90d2be63ae8a4c540de,47,0.02127659574468085,0.0,5252.2104,-2.7950136955671083,-5.590027391134217,-0.8944043825814746,-1.7888087651629492,-0.8944043825814746,-1.7888087651629492,6.332113523841927e-07,False
0x899933777a961175247b87cb8ffead2cb7537113,107,1.0,0.44859813084112155,5121.042,-1.0982633724903705,-2.196526744980741,-1.3075286154541108,-2.6150572309082216,-1.746548267879396,-3.493096535758792,6.173975685429988e-07,True
0x8d869fb7760a8afe8265872df4495b1f1bb62ff7,71,0.6197183098591549,0.0,5119.725000000001,-0.2742969753246125,-0.548593950649225,1.810533145615947,3.621066291231894,2.3032360856027814,4.606472171205563,6.172387898027013e-07,False
0xd0a1b20234e6859072394f6dd7f946ef2f405872,30,0.1,0.33333333333333337,5108.6049,-0.6603279072183096,-1.3206558144366192,1.952285776713449,3.904571553426898,9.812711750818087,19.625423501636174,6.158981402431087e-07,False
0x48ad33fcce3a184c83f2d2314542203e78895dcd,270,0.5481481481481482,0.4797297297297297,5096.07951,-0.6797216300866085,-1.359443260173217,-1.4592126369438871,-2.9184252738877743,-1.209440179841351,-2.418880359682702,6.143880676190112e-07,False
0x509d131d69d3720217c75abc30545d4deadd5a3f,49,0.7142857142857143,0.22857142857142856,5094.45445,-0.48925794271436446,-0.9785158854287289,-1.2330700416436708,-2.4661400832873417,-1.0433845732860634,-2.0867691465721268,6.141921488796733e-07,False
0xda0a78e5da27d871092fe7dcd40bb6befc68af56,39,0.20512820512820512,0.0,5050.54263,0.08443903758788865,0.1688780751757773,-0.5924108265241108,-1.1848216530482216,-2.087224445035226,-4.174448890070452,6.088980991729344e-07,False
0xc3b52c8beceae1552e50fa407bdcfcc5d6c1382a,74,0.7297297297297297,0.4629629629629629,5033.203999999999,-0.8584838844954027,-1.7169677689908054,-1.0387726493054672,-2.0775452986109344,0.0870290464513823,0.1740580929027646,6.068077378746152e-07,True
0x8edf7b57e48d703fc55eb60d5e93e74a43252e52,48,0.020833333333333332,0.0,5015.474819999999,-0.33992793527772114,-0.6798558705554423,0.6798558705554423,1.3597117411108846,-23.455027534162756,-46.91005506832551,6.046702915064227e-07,False
0x73cdb908d35a926124391cc12becc064fad48532,38,0.02631578947368421,0.0,5000.4235,3.028603477285474,6.057206954570948,6.28154795288839,12.56309590577678,4.598990465507572,9.197980931015143,6.02855690421065e-07,False
0xf4e7e6b600286ffba8154f5125420a0f78db835d,60,1.0,0.48333333333333334,4968.387570000001,-0.7757422872723965,-1.551484574544793,-1.3535220414058466,-2.7070440828116933,-0.42560538878505605,-0.8512107775701121,5.989934090166139e-07,True
0x8bca9d21825f245126132f02c6e3947d52463d86,213,0.9342723004694836,0.4623115577889447,4964.85916,-0.7590425205600981,-1.5180850411201963,-1.3177794870126467,-2.6355589740252934,-1.5116091996633316,-3.0232183993266633,5.985680206376818e-07,True
0x1b4b15b6a204316ecbe4b386e53f05ebdeb8aa88,74,0.6621621621621622,0.4693877551020408,4957.400000000001,-1.220328634856317,-2.440657269712634,-1.5545169052990226,-3.1090338105980453,0.5150393787777495,1.030078757555499,5.976687373966201e-07,False
0x128c3b41196840d75636cfba50670c15385aab7f,31,0.03225806451612903,0.0,4955.3655,-0.8013737836290784,-1.6027475672581568,-2.976531196336577,-5.953062392673154,1.3737836290784202,2.7475672581568404,5.974234561915058e-07,False
0xa656e107318fbf397b14555d4ac1ed2a2a054333,76,0.013157894736842105,0.0,4946.0965,0.11344299489506524,0.22688598979013047,-4.197390811117414,-8.394781622234827,-4.424276800907544,-8.848553601815087,5.963059769630938e-07,False
0xab27d7e32cf554e927e339c9e2075cce14801b29,33,0.24242424242424243,0.125,4930.13668,-0.3560829928671938,-0.7121659857343876,-1.5953521114132583,-3.1907042228265166,-2.0223164498031396,-4.044632899606279,5.943818462759438e-07,False
0xfcff3bd46d1f45821bb303b8a57cba04a8027478,81,0.037037037037037035,0.0,4926.78132,-0.07481557959629513,-0.14963115919259026,-0.6733402163666562,-1.3466804327333124,4.3018958267869705,8.603791653573941,5.939773209653555e-07,False
0xee772e29e31b9972e1b683b04944bd9937ac0304,137,0.3722627737226277,0.4117647058823529,4912.253570000001,-0.04185829946190813,-0.08371659892381626,0.33878509973232074,0.6775701994646415,-2.884668339940091,-5.769336679880182,5.92225841964324e-07,False
0xd5de6c8017ab7d3c86618fa73e9477fffa3809a1,78,0.05128205128205128,0.0,4903.167,-2.1876017783407957,-4.375203556681591,-1.0855704050231227,-2.1711408100462455,-1.6797269372474135,-3.359453874494827,5.911303566657469e-07,False
0xd2ce67ee07131a2b25fc22aea301cc70f331373e,59,0.1694915254237288,0.0,4885.81224,-0.0339431791181562,-0.0678863582363124,-0.21497346774832266,-0.4299469354966453,-3.0322573345552875,-6.064514669110575,5.890380507196821e-07,False
0xeee5a7348a914d44c0ea1539ef285d343bfeb865,44,0.1590909090909091,0.2857142857142857,4843.916090000001,-1.2791280537919634,-2.5582561075839267,-1.0635980019811695,-2.127196003962339,-4.651092420546677,-9.302184841093354,5.839870120558101e-07,False
0xa86b498be4246ceb4cca0ae33a4583afd3a9d2b9,32,1.0,0.0,4792.6865099999995,-0.3411493945070627,-0.6822987890141254,-0.12474564816536615,-0.2494912963307323,3.0422993627156822,6.0845987254313645,5.778107264230268e-07,False
0xab12f690378c1abe54269e8dfdeadd8a04b48b2a,277,1.0,0.3646209386281588,4739.2300000000005,-0.8249224293923346,-1.6498448587846692,-1.7106209326051247,-3.4212418652102494,0.49971992870906723,0.9994398574181345,5.71365960046029e-07,True
0xb8a429df6d3ce63702fdb662fcc4101645aab77e,52,1.0,0.46153846153846156,4649.736999999999,-0.690369501060926,-1.380739002121852,-0.7516630966779979,-1.5033261933559958,-0.6264617889967798,-1.2529235779935597,5.605766010441658e-07,True
0xeb1702c18138bdb7e861b79228b01f69b61f987b,33,0.9696969696969697,0.0,4649.30972,-1.1042395686047826,-2.208479137209565,0.07545989247969614,0.1509197849593923,4.397669073849309,8.795338147698619,5.605250877714595e-07,False
0x0f411c9af4c5b4a4feef7d17855edf75e615779f,36,0.08333333333333333,0.3333333333333333,4630.28768,-0.9118442862876849,-1.8236885725753698,-2.432054504861957,-4.864109009723914,9.462178028414867,18.924356056829733,5.58231773003737e-07,False
0x40b9d20b782635c1257efdb47fb830e677f4bdd6,82,0.15853658536585366,0.46153846153846156,4584.53662,0.28351151615822673,0.5670230323164535,-0.3950017061716547,-0.7900034123433094,-1.2257709531305614,-2.451541906261123,5.527159828184065e-07,False
0x239712b9590dd9c39f8b4e191ce9ec4a2bdb8a34,36,0.16666666666666666,0.0,4558.32075,-0.26674418233660313,-0.5334883646732063,-0.11488938824100219,-0.22977877648200437,-2.297250360890802,-4.594500721781604,5.495553732402699e-07,False
0xb4b1f10d6c4ca730f2df9a2313ea30a0d07664da,80,0.1,0.0,4530.9333400000005,-0.11276245461311202,-0.22552490922622404,-0.366428329321173,-0.732856658642346,0.7357031538049701,1.4714063076099402,5.462535217142153e-07,False
0x30a666ae20a7c8457bde62156a32a7cde29b2d08,58,0.1206896551724138,0.0,4524.03276,-1.4021249410535417,-2.8042498821070834,-2.642968747017264,-5.285937494034528,4.393499538343195,8.78699907668639,5.454215813955191e-07,False
0x3b8373f6826cb2ad6cfcf0faf9311a9ee02761d2,53,0.07547169811320754,0.0,4510.65,-6.37380421890415,-12.7476084378083,-2.7712192256104995,-5.542438451220999,-6.318379834391939,-12.636759668783878,5.438081434498052e-07,False
0x957ce2f44ef52d43f43ded8fbc8541ad24832009,30,0.3,0.3333333333333333,4500.364820000001,-0.9451594624636486,-1.8903189249272971,-0.4961000288007338,-0.9922000576014676,-4.683521425392879,-9.367042850785758,5.425681526190277e-07,False
0x4cbceaaf7a4de746799d42189af779fc3d58bb9d,49,0.10204081632653061,0.2,4497.39575,0.5885643996348408,1.1771287992696815,-4.866686974680183,-9.733373949360367,0.310112055021934,0.620224110043868,5.422101987887652e-07,False
0xe507a8d84d6edb624e9ffbfdad60fcbc074fb428,265,0.690566037735849,0.20765027322404372,4464.677059999999,-0.9457249625819758,-1.8914499251639516,-1.5809952178172504,-3.1619904356345008,-2.556093364496948,-5.112186728993896,5.382656032060865e-07,False
0xd84360ef4b759f47ae9015bc2f9d8c670c90071e,121,0.2066115702479339,0.04,4460.64779,-1.8014566308874103,-3.6029132617748205,-2.852230864821683,-5.704461729643366,-1.7606172204719899,-3.5212344409439797,5.377798306814709e-07,False
0xf4353cdb684b1f65cbf35e34ff79ac54a1e34ad8,87,0.04597701149425287,0.25,4458.6,-1.009278094927713,-2.018556189855426,-0.8969617970717396,-1.7939235941434792,0.2514609267449261,0.5029218534898522,5.375329472216425e-07,False
0x5122c3b4de32d93efae914382c08d02fb8348353,131,0.030534351145038167,0.0,4451.450000000001,0.7300991811656875,1.460198362331375,1.1232295094856732,2.2464590189713465,-4.380595086994125,-8.76119017398825,5.366709365966404e-07,False
0x37d3b8ead03e73ce8795d089bbef682cd065b521,255,0.9921568627450981,0.40711462450592883,4403.769039999999,-0.9571321037507083,-1.9142642075014167,-1.8032204179137863,-3.6064408358275726,-1.4988837741496104,-2.9977675482992208,5.309224758791151e-07,True
0x72d989203ec157ed3e4f3139d8bdc32168fa2116,58,0.06896551724137931,0.0,4368.87,-1.4729209154769995,-2.945841830953999,-3.823929299796057,-7.647858599592114,-2.2660321776569226,-4.532064355313845,5.267150152801815e-07,False
0xbe2127d9d4ab7670e9256b5d9c8b337cfff1b7e7,41,0.024390243902439025,0.0,4349.05,-0.4598705464411768,-0.9197410928823536,8.047734562720594,16.095469125441188,10.691990204757362,21.383980409514724,5.243254977154901e-07,False
0x9745b6c8f11872b476bbfbbdf4ce37806467127f,68,0.36764705882352944,0.0,4330.37964,-1.1626654836954302,-2.3253309673908604,-2.2430484123300563,-4.4860968246601125,-4.1613163439544785,-8.322632687908957,5.22074581814425e-07,False
0xeadb3f882b7dfff677bfca9384fa86ae4c31652f,31,0.12903225806451613,0.0,4285.35713,-0.16987544515451428,-0.33975089030902855,-0.4465497242831806,-0.8930994485663613,-4.684600069447192,-9.369200138894383,5.166466262921498e-07,False
0xb96fea8da2edfed1be957ad7154327a7e2c59de2,141,0.02127659574468085,0.0,4281.99915,-3.6581044160179244,-7.316208832035849,1.3717891560067217,2.7435783120134434,13.031996982063854,26.063993964127707,5.162417851119337e-07,False
0xc94c7152f483b568971a397a00b6657c09facf73,93,0.043010752688172046,0.0,4136.76232,-3.0734905746289045,-6.146981149257809,-1.3659958109461798,-2.7319916218923597,5.463983243784719,10.927966487569439,4.987318983145021e-07,False
0x6eee7781b0f478d83664d28ff7253bb6a1001b1f,42,0.09523809523809523,0.0,4126.14323,-1.3681450233724775,-2.736290046744955,-7.9791478427577935,-15.958295685515587,-9.550210269202074,-19.100420538404148,4.974516509847322e-07,False
0xba046d7c12a41f7362b7a8b637e8b5b6009dffb0,466,0.8326180257510729,0.43556701030927836,4073.2101600000005,-0.6649648091391016,-1.3299296182782032,-0.8851639643466521,-1.7703279286933042,0.2847345038550757,0.5694690077101514,4.910699910191401e-07,True
0xbf20755c14cadd1274d0130127eac790f40a821c,200,1.0,0.5,4070.69249,-0.5113051358039908,-1.0226102716079817,-1.277966863487052,-2.555933726974104,-0.9597636685936268,-1.9195273371872537,4.907664583911331e-07,True
0x7a98881b9d0069aff2d39658b965744bf4ad6786,39,0.02564102564102564,0.0,4030.0674000000004,7.397444519166107,14.794889038332213,-3.8108047522976913,-7.621609504595383,-10.53575431517597,-21.07150863035194,4.85868659898592e-07,False
0x5c1d4ab7876247571ab2015b8371f0a98b4e2a9e,299,0.033444816053511704,0.4,4026.5611000000004,-2.848611422207651,-5.697222844415302,-3.435322212078577,-6.870644424157154,0.10982927372738897,0.21965854745477795,4.854459371217464e-07,False
0xaf995737818494b39643f7ca0f227bd8254c327d,53,0.018867924528301886,0.0,4000.43218,4.72658931565739,9.45317863131478,-0.4501513633959419,-0.9003027267918838,1.0128405676408692,2.0256811352817383,4.822958103161754e-07,False
0x319051dcd1aa430c35c1ad47250c46835aa6f56e,139,1.0,0.49640287769784175,3990.9885000000004,-1.3893023117077528,-2.7786046234155055,-1.6128231559402852,-3.2256463118805705,-1.3681641247786143,-2.7363282495572285,4.811572715051097e-07,True
0x270c68bb29c7e1dd152f31e0a682e38d5e9814c6,414,0.7560386473429952,0.0,3980.7870000000003,-0.9787166947638898,-1.9574333895277796,-1.541734944025628,-3.083469888051256,-1.2690647969297928,-2.5381295938595856,4.799273692126678e-07,False
0xd82014eb89f7b1a8adcd063e0f1828d43e05fa35,52,0.7692307692307693,0.35,3978.116,-0.9533535834614671,-1.9067071669229343,-0.34229167375222247,-0.6845833475044449,-1.1930183736948718,-2.3860367473897437,4.796053509777893e-07,True
0xc72d8a8b6bcd0d3530365e6eaccd6ea722cecd7f,53,0.018867924528301886,0.0,3955.31448,-3.667369579169341,-7.334739158338682,-1.6044741908865867,-3.2089483817731734,0.0,0.0,4.768563785992998e-07,False
0x0fbf295e8f7b670f047a5452088d726db4fb045c,156,0.01282051282051282,0.5,3906.60836,-0.2237136465324385,-0.447427293064877,0.5031969793550903,1.0063939587101807,2.3477234858474336,4.695446971694867,4.709843236422884e-07,False
0x39cc43b3068a208ae87042f927fb53b85586c654,57,0.9298245614035088,0.37735849056603776,3904.83378,-0.5650136591814318,-1.1300273183628635,-2.150417454731372,-4.300834909462744,-4.200352714644358,-8.400705429288717,4.707703786332092e-07,True
0xbbb0c5f2e2ccf64563a8752f921dd541661e8cad,30,0.4666666666666667,0.0,3843.34,0.0,0.0,-0.1278649745868363,-0.2557299491736726,-13.146117699709107,-26.292235399418214,4.63356631537888e-07,False
0x2ca736dea4994bb66c9d60903271ae4b6c181c41,66,0.9848484848484849,0.4769230769230769,3834.3463999999994,-0.4161053477156913,-0.8322106954313826,-1.425460019048683,-2.850920038097366,0.008278903711952538,0.016557807423905075,4.6227235478865436e-07,True
0x2e10967f2d78071c9036ae718104d2704754c106,75,0.9333333333333333,0.4714285714285714,3783.2288399999993,-1.0138124008980025,-2.027624801796005,-0.8814981021260904,-1.7629962042521807,-0.7691515227486059,-1.5383030454972118,4.56109574390866e-07,True
0xdb0530383a41f97137fdcc57d777dde450f887b8,54,0.2222222222222222,0.0,3737.9323999999992,0.028458246061378745,0.05691649212275749,0.18023555838873206,0.36047111677746413,4.477430713656922,8.954861427313844,4.5064859361397454e-07,False
0xfc7a05bb7c8122c81b778d4bdaa000a333011a96,36,0.05555555555555555,0.0,3724.2577,-0.9057079316587862,-1.8114158633175723,-6.623241640591674,-13.246483281183348,-9.23405061331653,-18.46810122663306,4.4899995911135685e-07,False
0x1b36394753dd7a7a17154fe58fc48fb2a95133b5,360,1.0,0.49722222222222223,3723.7036000000003,-0.6553410976517152,-1.3106821953034304,-1.4695196223021412,-2.9390392446042823,-1.4962708683568002,-2.9925417367136005,4.4893315630194236e-07,True
0x9251c839c14757571d5ca06e460875d08e432167,33,0.06060606060606061,0.0,3713.17192,-0.7379216988259065,-1.475843397651813,-1.0741051205007723,-2.1482102410015447,-6.873826714843727,-13.747653429687453,4.476634472027642e-07,False
0xa856e445f64d4b4f5921b8065da18a0e1c974788,36,0.027777777777777776,0.0,3710.6514700000002,-0.2279384110413366,-0.4558768220826732,-3.191137754578713,-6.382275509157426,10.827074524463491,21.654149048926982,4.4735957941538153e-07,False
0xc0e1f37dd07c817e5738cf59e96d2ab02ec8d87d,52,0.07692307692307693,0.25,3581.8035,-4.292535407547894,-8.585070815095788,-2.9383445353911695,-5.876689070782339,3.3722083228456565,6.744416645691313,4.3182554876503705e-07,False
0x28585d97f7d77b7a269c9513a98ca316421d8749,35,0.2,0.1428571428571429,3570.3685899999996,-0.1624189221107876,-0.3248378442215752,-0.8769955215147911,-1.7539910430295822,-2.111701023648085,-4.22340204729617,4.3044694542014976e-07,False
0x55ec822176389ad75903f3efac89e18884a60226,102,0.049019607843137254,0.4,3569.8,-2.9712647475824348,-5.9425294951648695,-0.5091985281376872,-1.0183970562753744,-0.9548405939674538,-1.9096811879349076,4.3037839568290927e-07,False
0x07af88b4a3533da37d5d4fe3c48df654ecb32354,37,0.08108108108108109,0.0,3553.98,6.155666503753174,12.311333007506349,9.195831323468783,18.391662646937565,21.130823729434393,42.26164745886879,4.284711218245128e-07,False
0x9cf90dc67a44fff3f7e1fea4967cf759295d35a8,35,0.2857142857142857,0.4,3538.2760500000004,-0.3068061657333916,-0.6136123314667832,-0.3979458274584828,-0.7958916549169656,1.8735190524221106,3.747038104844221,4.265778390616453e-07,False
0xb67ca19df4d2f7e31ebf4dc0ff66fce80280914c,39,0.07692307692307693,0.0,3518.93078,-2.0013842151000243,-4.002768430200049,-2.038026105588442,-4.076052211176884,-4.568104953273049,-9.136209906546098,4.2424555538562623e-07,False
0x515debda7fe8ce1f3d7e04b9f95e2e8f3ac90b89,45,0.2,0.0,3504.1215000000007,0.26681913474366303,0.5336382694873261,1.1689219236389048,2.3378438472778096,6.352836541515787,12.705673083031574,4.2246013486693647e-07,False
0x6c47de7a53a4a76bc7dfba6283373dad496dc911,256,0.02734375,0.1428571428571429,3498.86564,-0.5716848918364523,-1.1433697836729046,-2.5424670428639238,-5.0849340857278476,3.1886428279514143,6.377285655902829,4.218264835153946e-07,False
0x8c84d3c8ba8529df7a507089f2f8f030185609e0,234,0.9829059829059829,0.4652173913043478,3473.92356,-0.6765767014906746,-1.3531534029813492,-1.156320625214764,-2.312641250429528,-0.8986016259289638,-1.7972032518579275,4.188194432399184e-07,True
0x980174dba518e1359e5f4d13cde7f98b49aba019,165,0.08484848484848485,0.0,3462.5574899999997,0.16185393976767484,0.3237078795353497,0.8901966687222116,1.7803933374444232,4.9608232538792345,9.921646507758469,4.174491393092165e-07,False
0xe3dff0777ae861aa9c5f9f8ef005df2f2be5223c,207,1.0,0.3526570048309179,3394.30123,-0.6118565644219648,-1.2237131288439296,-1.2158949683749163,-2.4317899367498326,-1.1129877320828288,-2.2259754641656575,4.092201013591589e-07,True
0x8a011f399f8e4ff57f710ab0df776c39e362b6bd,74,0.25675675675675674,0.3157894736842105,3378.7916499999997,-2.1174936225981824,-4.234987245196365,-3.8794411242153997,-7.758882248430799,-11.452364324672883,-22.904728649345767,4.0735025202358946e-07,False
0x949260f5a27812051b9b5072e6c75dd230fdc52f,40,0.35,0.1428571428571429,3355.15379,-0.6626569973975754,-1.3253139947951509,-0.43117073607426415,-0.8623414721485283,2.205327314584191,4.410654629168382,4.045004497197693e-07,False
0xfe2b5ffa31ed8f02588d4c69e51ceedeb56aa79b,165,0.012121212121212121,0.0,3338.9609600000003,-0.5038446745046509,-1.0076893490093017,-1.3414678692735675,-2.682935738547135,-4.906007944236738,-9.812015888473477,4.0254822713111847e-07,False
0x420f0306d9809054eac5136a2c378aabc1cd24ef,144,0.09027777777777778,0.0,3338.5780799999998,-1.0017190265866622,-2.0034380531733245,0.046054790646136684,0.09210958129227337,4.32393995737535,8.6478799147507,4.0250206676355186e-07,False
0x4dc4bbcc17719741525806d27de831d868f538ee,90,0.011111111111111112,0.0,3335.86944,-2.4902653264511456,-4.980530652902291,-4.8673367744272396,-9.734673548854479,3.169428597301458,6.338857194602916,4.021755106153972e-07,False
0x078ecd982ef1148ac893b4db67d432a48d48864a,56,1.0,0.0,3292.37022,-0.24086035371464382,-0.48172070742928763,0.8564297515080995,1.712859503016199,9.08189499811537,18.16378999623074,3.9693120434696256e-07,False
0xeafdea910b03eb484d860a51f836117b23b6fdc3,49,0.02040816326530612,0.0,3289.03965,1.0138217701328107,2.0276435402656214,-4.393227670575513,-8.786455341151026,-8.561161614454846,-17.122323228909693,3.965296677417439e-07,False
0x2554f43d714a728c310b2450224bc2f072fdb423,33,0.5454545454545454,0.16666666666666666,3288.3153600000005,-0.9234960676010873,-1.8469921352021745,-2.0934209550340217,-4.186841910068043,1.146409356412135,2.29281871282427,3.964423466682359e-07,False
0x3b059eba71278cee408a3542cc3a658528dafef3,44,0.7954545454545454,0.37142857142857144,3256.0448499999998,-0.5645372992780543,-1.1290745985561086,-0.8404478147739523,-1.6808956295479045,-0.6602138915639381,-1.3204277831278761,3.925517840816289e-07,True
0xf60421f08bc2657518d517ecb2d1fd1e202622ee,291,0.4054982817869416,0.4661016949152542,3227.6504,-1.2535697235228758,-2.5071394470457515,-1.0388262225298341,-2.0776524450596683,-0.034135534788890004,-0.06827106957778001,3.891285228800774e-07,False
0xa51297ac3ba6b7a195f19635a261afe8d7b7825a,32,0.0625,0.5,3211.11898,0.057080231974062735,0.11416046394812547,0.9140900751423163,1.8281801502846327,-2.969784789765888,-5.939569579531776,3.871354795672979e-07,False
0x69990330d132e49e4415e45df5d29ef3b03c4f3b,30,0.06666666666666667,0.0,3194.4635,-0.44754744002864305,-0.8950948800572861,-0.6713211600429645,-1.342642320085929,-0.8271094861125892,-1.6542189722251783,3.851274794659676e-07,False
0xbeec40cd2711645a363fcd75c898fcaf70bce7b4,184,1.0,0.46739130434782605,3186.2048000000004,-0.784084946147024,-1.568169892294048,-0.6532657516721556,-1.3065315033443112,-1.372326950970224,-2.744653901940448,3.8413180294167317e-07,True
0x3b4d0ef125ed9a1c50f9294136847ef2dca70cb4,34,0.058823529411764705,0.5,3175.0547699999997,-0.7394124285873226,-1.4788248571746452,2.0445519373902363,4.089103874780473,-5.355646567517712,-10.711293135035424,3.827875449935482e-07,False
0xc2bcecb8cd9bc2a216f861ea4e3a2f311b702062,105,0.9142857142857143,0.01041666666666663,3172.2948399999996,-0.6893708455120336,-1.3787416910240673,-2.206892406618461,-4.413784813236922,-3.6575488941023226,-7.315097788204645,3.824548052754695e-07,False
0x69443708e5135532d435b7d1a3b7e6bdc481a800,41,0.9512195121951219,0.23076923076923073,3170.8049700000006,-0.6339129828382416,-1.2678259656764832,-0.6815128610083883,-1.3630257220167765,-1.6326364978610204,-3.2652729957220408,3.822751851677952e-07,False
0xa32d85969003349662e6ce78f698af68107cffc2,33,0.7272727272727273,0.375,3170.2668,-0.9363456140120654,-1.8726912280241308,-1.3499963908431416,-2.699992781686283,-2.39042465905878,-4.78084931811756,3.8221030289394096e-07,True
0xeea048359dcc800128c5c01520e38a94b8c22e43,125,0.768,0.0625,3164.74196,-0.591101983330914,-1.182203966661828,-1.012695238523775,-2.02539047704755,-0.7689307713630548,-1.5378615427261095,3.8154422306436935e-07,False
0x529576b141b23e9f684cae3eca028f163612ff47,60,0.25,0.1333333333333333,3137.6500499999997,-0.8072524494637442,-1.6145048989274884,-1.7224740036126494,-3.4449480072252987,-2.9624633616450073,-5.924926723290015,3.7827799729211716e-07,False
0x9cc1b338cb4931baf71135520a6228d0e2ca52ec,94,0.776595744680851,0.4931506849315068,3135.7748899999997,-0.5142178220979018,-1.0284356441958036,-0.9126666722493778,-1.8253333444987556,-1.2410018280213515,-2.482003656042703,3.7805192626504315e-07,True
0x4b55b4fb1f565931f16af88280208b097b0f343a,34,0.23529411764705882,0.125,3113.0780999999997,-1.1311569301260023,-2.2623138602520045,-2.2559152309591277,-4.511830461918255,-1.890539442224878,-3.781078884449756,3.7531558023239377e-07,False
0x4578d0e0aa87cd4cca710767acd40d999baf42f0,176,0.20454545454545456,0.0,3104.8000000000006,-0.7237507572412796,-1.4475015144825591,-0.7654472522108201,-1.5308945044216402,-0.18556639947357254,-0.37113279894714507,3.7431756482612387e-07,False
0x08a85b7ea23f6f183aa0209dc1a58f1cd3d1453c,50,0.22,0.0,3063.9473000000003,-0.9813908728449899,-1.9627817456899799,-1.0660059978249734,-2.132011995649947,1.3628286237299758,2.7256572474599516,3.693923254610851e-07,False
0x9c414f3fc7b5fe3fb45f8fca5eeae99d0cd7b698,114,0.02631578947368421,0.0,3018.31972,-2.839328101398085,-5.67865620279617,-9.653715544753489,-19.307431089506977,19.610292753656108,39.220585507312215,3.6389142213896797e-07,False
0x386c73f7d656f15524d7525107af2474bd655d16,50,0.06,0.0,3003.28094,-0.3059613934758949,-0.6119227869517898,-0.3454806838927265,-0.690961367785453,4.5285985583888815,9.057197116777763,3.620783328876295e-07,False
0x25b891ca7ef93652d1f3d638877d4453c6c0359b,45,0.044444444444444446,0.0,3000.117,-0.7432296932796182,-1.4864593865592364,3.7960098946800347,7.592019789360069,7.001714559899877,14.003429119799755,3.616968853496058e-07,False
0xf8113b7532ef4f53dfcb65126df75a1f98144a8d,70,0.014285714285714285,0.0,2999.1479999999997,0.11376564277588169,0.22753128555176338,2.04778156996587,4.09556313993174,6.143344709897611,12.286689419795222,3.6158006181175577e-07,False
0x3b9b01abeee7e1f584309666d62a081d6c827ca2,61,1.0,0.09836065573770492,2990.0381800000005,-1.187198405612472,-2.374396811224944,-0.23642167439520204,-0.47284334879040407,4.780542545020418,9.561085090040836,3.60481773471636e-07,False
0x4f6092a5157003bea7640349d6fadccad915980b,54,0.1111111111111111,0.0,2987.30139,-1.165273702723368,-2.330547405446736,-0.16894033099835182,-0.33788066199670364,2.7502448167295412,5.5004896334590825,3.601518235333982e-07,False
0xa09da1d479ed04d69b61ccb6377aa9c5c901d0e7,328,0.5762195121951219,0.0,2979.5689200000006,-1.0566276680410112,-2.1132553360820223,-0.3627805902468382,-0.7255611804936763,1.1227767726575653,2.2455535453151305,3.592195897854947e-07,False
0xe49e9673d579d300c0f305beffa52ca1bc17388b,45,0.022222222222222223,0.0,2953.5812800000003,-0.9179364787956673,-1.8358729575913346,1.7211308977418762,3.4422617954837524,-1.9506150174407932,-3.9012300348815865,3.5608649582763007e-07,False
0xcbb96ca7841f7677f9b6159c39849dd3d431324b,102,0.0392156862745098,0.0,2900.64225,-1.7388414055080719,-3.4776828110161437,-3.1414141414141414,-6.282828282828283,-3.1392558059224727,-6.278511611844945,3.497041173189154e-07,False
0x6e452199f0eebaf5f54b342db7e86f4962d46442,37,0.02702702702702703,0.0,2899.2535000000003,-1.0209869540555871,-2.0419739081111743,-1.8150879183210438,-3.6301758366420875,1.0209869540555871,2.0419739081111743,3.4953668833213617e-07,False
0x180b29c5465fb3216babb6227184d5c5df2f16c0,73,0.726027397260274,0.49056603773584906,2886.6184399999997,-0.5066151254800257,-1.0132302509600515,-1.556269984566065,-3.11253996913213,-2.6318582411594056,-5.263716482318811,3.480133937912214e-07,True
0xf1548bc4fab5c651b20c740989d93e1029d376e4,69,0.028985507246376812,0.0,2876.20045,-0.8568186110356124,-1.7136372220712248,3.0348610044630306,6.069722008926061,5.330543017378574,10.661086034757147,3.467573912637855e-07,False
0x8f4dc0efd58d139493856a4853fff057dcdf4b1e,331,0.2054380664652568,0.05882352941176472,2872.19616,-0.5368816635749999,-1.0737633271499998,-0.47679121152484477,-0.9535824230496895,-0.44280805351218,-0.88561610702436,3.462746303511156e-07,False
0xc7b0e4ca0cbc6d94ac6cba5563e83b48730fbc45,205,1.0,0.4439024390243902,2850.73007,-0.8814270332338199,-1.7628540664676398,-1.3797946301844826,-2.759589260368965,-1.0423114676485976,-2.0846229352971952,3.436866586508005e-07,True
0x9ae08b7fd5daa06407228639db5cd6f218945229,39,0.10256410256410256,0.25,2817.9369,-1.196232986579828,-2.392465973159656,-2.109416326999031,-4.218832653998062,-4.842031021796378,-9.684062043592755,3.3973308369031057e-07,False
0x0632231ac55d5f7bf7c0eee329eb1c97d9929f24,134,0.09701492537313433,0.46153846153846156,2796.7004899999997,-0.21918970928186973,-0.43837941856373946,-0.022254989709723692,-0.044509979419447385,2.0619014668111455,4.123802933622291,3.3717280242361086e-07,False
0xe402e4b1f617c3e84d66457e288eeed7098c983a,42,0.42857142857142855,0.5,2778.14836,-0.6179754338098824,-1.2359508676197648,1.1465402419783346,2.293080483956669,-1.660929913283353,-3.321859826566706,3.349361404408946e-07,False
0x2d1a5d588e4b7ef191c39c8e986c5a7ad5e179e3,88,0.022727272727272728,0.0,2667.81238,-0.9641232716672526,-1.9282465433345053,-9.471093315790071,-18.942186631580142,-1.8148202760795344,-3.629640552159069,3.2163393245767374e-07,False
0xc6ab9ee8ad3647a12242a2afa43152be796f3391,87,0.05747126436781609,0.0,2647.61,-10.646898225686947,-21.293796451373893,-11.66701985761161,-23.33403971522322,3.789657415478088,7.579314830956176,3.1919831480587913e-07,False
0x2fbe02c3983e4c06d38574186fae3a77f3655ae4,72,0.9305555555555556,0.4626865671641791,2647.05946,-0.4161266227195841,-0.8322532454391682,-1.1197750422603243,-2.2395500845206486,-2.4456546174753147,-4.891309234950629,3.1913194119336325e-07,True
0x8af79dbf8881104c5097c001cf3c2a2205076969,135,0.9925925925925926,0.4626865671641791,2623.9052999999994,-0.5731527797454323,-1.1463055594908647,-0.9157359859431529,-1.8314719718863057,-0.7316673565076119,-1.4633347130152239,3.163404542097267e-07,True
0x967cd27736db5106ec9d8320a16732f9eafe1247,62,0.532258064516129,0.3939393939393939,2578.7344200000002,-1.0255674845294138,-2.0511349690588276,-1.1179746582240082,-2.2359493164480164,-0.46734846632142957,-0.9346969326428591,3.1089461106277594e-07,False
0x7b4aef94a56b8a65ca7603b03ae33ef4033c331d,154,0.09740259740259741,0.4,2556.24134,-0.977594823880007,-1.955189647760014,-1.6140447700491372,-3.2280895400982743,-4.323609227344141,-8.647218454688282,3.0818282449647886e-07,False
0x7f1a4acf65765b06c450ef639f6e89ea8e529e41,43,0.5116279069767442,0.2272727272727273,2538.8761999999997,-0.5331245472182521,-1.0662490944365042,-1.1007423589667678,-2.2014847179335355,-3.29885365325412,-6.59770730650824,3.060892671279962e-07,False
0xdfc66c93a88b73687764c9d021f3e3167b10d137,31,0.8387096774193549,0.3846153846153846,2514.1997,-1.3098261277439494,-2.6196522554878987,-3.422345876260583,-6.844691752521166,-2.730204553446536,-5.460409106893072,3.031142454233996e-07,True
0x2e79a7e102897e8e14c41c6bb683a4a53b440460,153,0.026143790849673203,0.0,2498.0806,-0.7142441680102559,-1.4284883360205118,-2.342952996608348,-4.685905993216696,-9.192876055390816,-18.38575211078163,3.011709117918649e-07,False
0x2fabf586269a0f6fa88cf3a48598d9b70f88e1c3,126,1.0,0.49206349206349204,2493.7376,-0.7816025861545057,-1.5632051723090115,-1.0529507369452564,-2.105901473890513,-1.318563093558621,-2.637126187117242,3.0064731568775516e-07,True
0xdb77afc8497c266846399e1248a61445f3b58d78,43,0.023255813953488372,0.0,2485.25436,0.0,0.0,0.44711721177706737,0.8942344235541347,2.3473653618296035,4.694730723659207,2.9962456841300784e-07,False
0x98479d50f8cedd8988e1aed3f43187b2e381fdb0,32,0.90625,0.4137931034482759,2478.515,-2.246343667592649,-4.492687335185298,-3.1193771373483874,-6.238754274696775,-0.9571234444970017,-1.9142468889940034,2.988120649268939e-07,True
0x084d5d4e3148afd4365710bb0923582a35611c95,237,0.9873417721518988,0.4700854700854701,2475.24252,-1.0817384966198984,-2.163476993239797,-1.102356547705473,-2.204713095410946,-0.9247512143174439,-1.8495024286348878,2.984175317058999e-07,True
0x430da63ea3b2806a227184e481fcbfb8af749324,78,0.717948717948718,0.375,2464.3271999999997,-1.037368951798002,-2.074737903596004,-1.5821019190451031,-3.1642038380902062,-3.1858422780144244,-6.371684556028849,2.9710157061285106e-07,True
0xf66b6133ccea6309533a2b4dbe4231c920759218,411,0.021897810218978103,0.0,2450.06752,0.03765882609907284,0.07531765219814568,0.05021176813209712,0.10042353626419424,2.3097413340764676,4.619482668152935,2.9538241037940617e-07,False
0x3990fd9f2e73a84234970cc96c66fcb55e48e295,84,0.011904761904761904,0.0,2438.38985,0.22498453231340343,0.44996906462680686,-5.0621519770515775,-10.124303954103155,-2.2498453231340347,-4.4996906462680695,2.939745396639839e-07,False
0x87ea863db834f43e7de585da6e7e7cb66feaf6c8,79,0.02531645569620253,0.5,2436.75958,-0.11655788771414238,-0.23311577542828477,0.5690130968571847,1.1380261937143694,2.448685004325788,4.897370008651576,2.9377799280221855e-07,False
0x766454bb569623f84a44e42d8fcadee35c4f1096,271,0.5129151291512916,0.17266187050359713,2393.32293,-1.0273636758780151,-2.0547273517560303,-2.0875369577939065,-4.175073915587813,-2.4263781762440617,-4.852756352488123,2.885412300309596e-07,False
0xf1920a0544f2dd46bc82313e19ea16097b968246,88,0.07954545454545454,0.2857142857142857,2298.33858,-0.04877977067285693,-0.09755954134571386,-0.4555404707662502,-0.9110809415325004,5.313576789783105,10.62715357956621,2.77089828784956e-07,False
0x5fcf971f137b94bba0162df0762b9aa58e78f77c,105,0.2571428571428571,0.2222222222222222,2288.623,-1.02010827207992,-2.04021654415984,0.3876182549412192,0.7752365098824384,4.1360374776284,8.2720749552568,2.7591850945795476e-07,False
0xa246e4d1834ff53cf3918d8453db63f4b6327cd1,36,0.05555555555555555,0.5,2282.80537,-1.5280135823429541,-3.0560271646859083,-9.001856918357856,-18.00371383671571,-36.61324400136667,-73.22648800273333,2.752171305946916e-07,False
0x77e816d71131670b63607751bb2468c875a57961,53,0.018867924528301886,0.0,2202.22236,0.0,0.0,0.22549948135119288,0.45099896270238576,0.0,0.0,2.655019682429913e-07,False
0x30f9f9e777e4441efdd5fc8964c167a5432f4f3e,93,0.010752688172043012,0.0,2184.77512,0.11429093901435494,0.22858187802870988,0.6857456340861297,1.3714912681722593,11.886257657492914,23.772515314985828,2.6339851282243696e-07,False
0x51ac314f7da108bd0599fce4efb0f93b43f60271,31,0.3225806451612903,0.0,2168.25264,-0.13554687101316742,-0.27109374202633485,-0.3392691984798296,-0.6785383969596592,0.15745363664813217,0.31490727329626433,2.6140654732434107e-07,False
0x50fe50c21112457edb2409bf4861ac9bfca2b546,33,0.030303030303030304,0.0,2153.5624000000003,2.362736273627363,4.725472547254726,-2.812781278127813,-5.625562556255626,-1.3501350135013501,-2.7002700270027002,2.5963547837835053e-07,False
0x1bd1083575545589b172536714a40f304f8cef23,64,0.015625,0.0,2145.248,4.663330300272976,9.326660600545951,4.549590536851683,9.099181073703367,15.24112829845314,30.48225659690628,2.586330866104459e-07,False
0xdf0ac4977091a5de1d32b280c45f7a09c97f381c,90,1.0,0.3888888888888889,2088.6229900000003,-0.625139607133447,-1.250279214266894,-1.2754898023540846,-2.550979604708169,-2.095123022925061,-4.190246045850122,2.5180632293759906e-07,True
0x4dbcc546210267f3ef8f1ce7302cc12c9cd5013c,44,0.13636363636363635,0.0,2080.8679899999997,-0.2092073023087516,-0.4184146046175032,-0.4542483644281648,-0.9084967288563296,-0.6845610963659373,-1.3691221927318746,2.508713729520197e-07,False
0x8c3d2b07fb58b89e5e6b6dde16d7cc8a45bfaf0a,39,0.23076923076923078,0.1111111111111111,2066.3444200000004,-0.7715853122554648,-1.5431706245109296,-0.8521651933348025,-1.704330386669605,0.0049398622337566605,0.009879724467513321,2.4912039789566133e-07,False
0x25d29b5dce22ce38cbcf43eb428332f30546afdd,49,0.04081632653061224,0.0,2050.41008,0.0,0.0,0.11305055620873654,0.22610111241747308,0.05652527810436827,0.11305055620873654,2.471993391009204e-07,False
0x8c193faeb3dd78711bdb5a849c9573432fad1cdd,216,0.5416666666666666,0.0,2028.68902,-0.7737644055787394,-1.5475288111574788,-1.718662543430945,-3.43732508686189,-3.1967168544008535,-6.393433708801707,2.445806279811568e-07,False
0x23bb035e58b9efa09ac48fe333b623f7737a9a58,89,0.14606741573033707,0.15384615384615385,2024.2382099999995,-0.6271008632710366,-1.2542017265420733,-0.09755618850501925,-0.1951123770100385,3.793813408924165,7.58762681784833,2.4404403420355306e-07,False
0x2796c5aee379fc450fca37376c1a7de48ef6a421,32,0.0625,0.0,2011.96,-1.0112359550561798,-2.0224719101123596,-3.1466916354556806,-6.293383270911361,-3.290262172284644,-6.580524344569288,2.425637618292863e-07,False
0xa2836b8b93ffdf2e17587b23646501ca104ddde1,31,0.3870967741935484,0.0,2003.41246,0.0,0.0,-1.9540409566984522,-3.9080819133969045,-0.04652478468329649,-0.09304956936659298,2.4153326248696024e-07,False
0x19a48c29f89f1e892b60ecce5366e055eedc08d7,87,1.0,0.49425287356321834,2001.8165199999996,-0.5458839921457893,-1.0917679842915786,-1.0047146105719083,-2.0094292211438165,-2.7815010436635967,-5.5630020873271935,2.413408544818041e-07,True
0x402740cbb6e7fe74287705fbbd25724878fcd1a3,51,0.058823529411764705,0.33333333333333337,2000.2122499999998,-0.5183612149219423,-1.0367224298438846,-2.899427420411014,-5.798854840822028,-10.708525511644636,-21.41705102328927,2.411474422041297e-07,False
0x89fa9dfdeddb3b3bb5627bb9e71a79f936fc8286,64,0.015625,0.0,1999.28925,-0.5739539688916949,-1.1479079377833898,-0.5739539688916949,-1.1479079377833898,-5.854330482695288,-11.708660965390576,2.4103616446890214e-07,False
0xe0e567069232ad205250d109ca6f1d4cda0066fe,106,0.009433962264150943,0.0,1999.1353100000001,-0.11439946003454864,-0.22879892006909727,-0.22879892006909727,-0.45759784013819454,-7.893562742383857,-15.787125484767714,2.410176053198654e-07,False
0xce349bab5698f889e516c9dbf7bfe83a740fcbab,214,0.7102803738317757,0.4736842105263158,1997.50563,-0.8373229028127148,-1.6746458056254296,-1.4429042240468009,-2.8858084480936017,-1.936765247858339,-3.873530495716678,2.408211295890467e-07,True
0x6f88069af4e009650f30e0a2197fd9466604aa6c,33,0.09090909090909091,0.3333333333333333,1983.5909299999998,0.03927324874818439,0.07854649749636879,-0.9312612212607946,-1.8625224425215892,-4.676520448495499,-9.353040896990999,2.391435604640512e-07,False
0xab1ee11e8192ff2e62ea6f10d0cc337d2c5fd615,75,0.02666666666666667,0.0,1977.15761,-1.2533219351074054,-2.506643870214811,-1.0231105470037025,-2.046221094007405,2.1374797747708993,4.274959549541799,2.3836795344390588e-07,False
0xc000bd9187a9b1d40ada57b551c810a2c9862268,36,0.027777777777777776,0.0,1961.70944,0.227148827912048,0.454297655824096,2.044339451208432,4.088678902416864,-7.041613665273488,-14.083227330546976,2.3650550775483735e-07,False
0x7576b4a396400797cca2790356fff07da1b75dbf,45,0.022222222222222223,0.0,1943.6864,-1.6607617360496014,-3.321523472099203,0.8857395925597875,1.771479185119575,0.44286979627989376,0.8857395925597875,2.343326333527619e-07,False
0x292d093195ba73d38fd5cabef4893c10d818e514,58,0.43103448275862066,0.0,1929.96,-1.0591508851454747,-2.1183017702909495,-0.5998626773092577,-1.1997253546185154,2.0771525204335375,4.154305040867075,2.3267776585024022e-07,False
0xd3ed540eee47135bc04a67fb2f94d12e7b1ae6f8,42,0.023809523809523808,0.0,1929.3688,1.568803227252353,3.137606454504706,-0.11205737337516808,-0.22411474675033616,-18.825638727028238,-37.651277454056476,2.3260649023044983e-07,False
0x423afcbe7fe14b562cf7c0295b223f8ec09fad21,49,0.12244897959183673,0.3333333333333333,1924.65298,0.19088063453732773,0.38176126907465546,2.5021810952024626,5.004362190404925,2.074258504439396,4.148517008878792,2.320379466016949e-07,False
0xa80c6b78751e69cd33393df1882e31420d428963,111,0.009009009009009009,0.0,1880.6250000000002,2.598870056497175,5.19774011299435,0.11299435028248588,0.22598870056497175,6.214689265536723,12.429378531073446,2.2672989253772518e-07,False
0xf8c7ae193b744deeacc9e3b52d5e9fc93c13392b,47,0.10638297872340426,0.0,1863.6599999999999,0.0,0.0,-1.0112359550561798,-2.0224719101123596,0.0,0.0,2.2468457641840177e-07,False
0xd22c20dbe28b9b91f9b2dbcaa1a772c409a35a72,233,0.017167381974248927,0.5,1850.18696,-0.030747872338809212,-0.061495744677618425,0.5137539052456847,1.0275078104913693,-1.437992263382255,-2.87598452676451,2.2306025423223683e-07,False
0x03449eade411f84543752ba4352f48243bd743ce,112,0.07142857142857142,0.25,1850.0796999999998,-0.3390593738285248,-0.6781187476570496,-1.6553152676499592,-3.3106305352999184,-1.4286909718239214,-2.8573819436478427,2.230473228672525e-07,False
0x9f318fd18cccb46fc7f433f81072439a825854b6,45,0.8666666666666667,0.41025641025641024,1833.73146,-1.068037068170599,-2.136074136341198,-1.294251699533175,-2.58850339906635,2.080826314141464,4.161652628282928,2.2107636390500278e-07,True
0x48647b587cc597cc6978d83f8ba0bb803e9b9b0a,64,0.09375,0.5,1805.6696,-0.6424684664752228,-1.2849369329504456,0.16838107938724597,0.33676215877449195,-2.151898343598157,-4.303796687196314,2.1769320006202041e-07,False
0x3bb1a2120eb8c1886d102b14cc67d2d0cf40a646,836,0.0011961722488038277,0.0,1793.56,-0.11151006935926314,-0.22302013871852627,-3.1222819420593684,-6.244563884118737,-3.1222819420593684,-6.244563884118737,2.1623325546558315e-07,False
0xf3dcb641c08e8f18d3e1f0bfd1e00c55b621858d,38,0.05263157894736842,0.0,1766.7945,0.0,0.0,-0.22560631697687533,-0.45121263395375066,7.896221094190638,15.792442188381276,2.1300638198537392e-07,False
0xbf98d0a399cec496a44152765cd783dfc7bc63f5,38,0.15789473684210525,0.0,1759.8055799999997,0.0748218918735829,0.1496437837471658,-0.3178520679081594,-0.6357041358163188,1.6640490614015404,3.328098122803081,2.121637913144242e-07,False
0x0188d105ca2b038d6d1e888a7b4f50fb46bd843b,55,0.01818181818181818,0.0,1758.0,0.11376564277588169,0.22753128555176338,2.1615472127417523,4.323094425483505,4.09556313993174,8.19112627986348,2.1194610891662124e-07,False
0x13d0a9def6357d08241bc10163807d6e037bc3ca,130,0.14615384615384616,0.05263157894736842,1732.85374,-0.3401244724554742,-0.6802489449109484,-1.1001273459022152,-2.2002546918044303,-2.2106466699575162,-4.4212933399150325,2.0891445251115726e-07,False
0x529047b34659f75a868342557bfb7ab8d19cfe7a,41,0.0975609756097561,0.5,1731.06771,-1.5504005363880742,-3.1008010727761484,-5.089541958347807,-10.179083916695614,-4.337656252640419,-8.675312505280838,2.0869912707946878e-07,False
0xc3df44081006df17a076ce825a36eb9b1af6f820,240,0.004166666666666667,0.0,1705.24648,0.0,0.0,0.9073175157646418,1.8146350315292836,-4.53658757882321,-9.07317515764642,2.055860956653953e-07,False
0xdecafe541728c9007797c094f8bc807a462bcb73,98,0.7857142857142857,0.4675324675324675,1694.91844,-0.6591875938266161,-1.3183751876532321,-1.8000541223308646,-3.600108244661729,-3.0316873612029607,-6.063374722405921,2.0434093759330473e-07,True
0x0d690baf2c02ceac048ecf551e1d0ba98ecdf62f,97,0.979381443298969,0.4736842105263158,1682.0639999999999,-0.9736638053941861,-1.9473276107883721,-0.9420596407741515,-1.884119281548303,-1.8116206862306887,-3.6232413724613775,2.027911943963183e-07,True
0xb04b289d93e7f420214997908a2a80f2a013a355,32,0.0625,0.0,1606.9607400000002,-0.5057373088032008,-1.0114746176064016,0.056193034311466744,0.11238606862293349,7.586059632048011,15.172119264096022,1.937366757820104e-07,False
0x6609588a0972f687aedf31627bdc81f9dd91f8aa,258,0.03488372093023256,0.0,1584.3,-1.0084945999965667,-2.0169891999931333,-0.28143230587225654,-0.5628646117445131,2.151725497596884,4.303450995193768,1.9100467597076394e-07,False
0xdcdd05c5dd5ecb3bc9c308cd497ec4aac04097b9,108,0.009259259259259259,0.0,1577.4375,-0.2269503546099291,-0.4539007092198582,6.01418439716312,12.02836879432624,15.319148936170212,30.638297872340424,1.901773266121517e-07,False
0xbdc39f3a73782692ff7c6a4504583c3d856d22f5,166,0.6566265060240963,0.2018348623853211,1560.10841,-1.0381483608756243,-2.0762967217512487,-0.32316528081886087,-0.6463305616377217,0.5528965930482036,1.1057931860964072,1.8808811546507213e-07,False
0xcacbf4a81df376ebb078820af641a99f81c5a64d,44,0.29545454545454547,0.15384615384615385,1514.5374000000002,-1.0565076266413662,-2.1130152532827324,3.2987438984216855,6.597487796843371,4.678180637243656,9.356361274487313,1.8259403227457133e-07,False
0xc5b4bf2f3adc6e11be42bb6be4d3577ce77b1ebb,38,0.05263157894736842,0.0,1514.122,2.007229928329844,4.014459856659688,2.7873474995973586,5.574694999194717,6.443771138669673,12.887542277339346,1.8254395126567258e-07,False
0x602e44fdbe7d91e0e1c6c0129aebaacff89d4926,112,0.017857142857142856,0.0,1513.6933,-1.472887539371417,-2.945775078742834,-2.4359293920373437,-4.871858784074687,1.472887539371417,2.945775078742834,1.824922667964504e-07,False
0x1a7fef6e8f798926543a4fadfd211580b826851d,39,0.05128205128205128,0.0,1505.2426400000002,-2.524008839969436,-5.048017679938872,-1.198015064505663,-2.396030129011326,9.778293869566491,19.556587739132983,1.8147344739669084e-07,False
0x5fc8068da0588e519f7f6aa72250eb2e09e8d9cb,48,0.020833333333333332,0.0,1503.4918,-2.5776662034338997,-5.1553324068677995,-4.034607970592191,-8.069215941184382,-3.138028421571704,-6.276056843143408,1.8126236450400848e-07,False
0x884cf8b95627cebc8c38dab3d880425e42e98888,91,0.01098901098901099,0.0,1501.5839999999998,-3.4683374356679346,-6.936674871335869,-4.139628552248825,-8.27925710449765,5.146565227120161,10.293130454240321,1.810323583682911e-07,False
0x01421d88e4b34d65ac1dacce64d07da301a54afe,34,0.058823529411764705,0.0,1498.80715,-0.34246966289569514,-0.6849393257913903,-1.5961956768729646,-3.192391353745929,-3.9819060339625447,-7.963812067925089,1.8069757875933486e-07,False
0xd9e32d1857502a86edf8b1257438c953cd4a9685,32,0.78125,0.0,1487.21526,-0.4185681852467299,-0.8371363704934598,-0.5977299265496433,-1.1954598530992866,0.8411269432545904,1.6822538865091807,1.7930004976019406e-07,False
0xcd78c868b4a046362a8c42f8aa8bf9a6b6567c24,43,0.3953488372093023,0.05882352941176472,1407.29,-0.46064943198058006,-0.9212988639611601,-0.4059332847790106,-0.8118665695580212,-1.779120784236444,-3.558241568472888,1.696641863579476e-07,False
0x6d104aa91bf166f1330be2457286470a5ddc6635,36,0.08333333333333333,0.3333333333333333,1403.8344799999998,-0.6704444609918889,-1.3408889219837778,1.2721339246664003,2.5442678493328006,-2.8774321244557104,-5.754864248911421,1.692475856649535e-07,False
0x46cdb805c2358d682317d0365e2563f196e5f58f,37,1.0,0.45945945945945943,1401.3251,-1.3671729121345688,-2.7343458242691376,-0.7323107357561653,-1.4646214715123307,2.807234506299004,5.614469012598008,1.6894505248702794e-07,True
0x02469e7afb9e193f40790c25811c5970050ebffe,39,0.6410256410256411,0.0,1378.03051,-1.2512510790599238,-2.5025021581198477,-0.6777088269533107,-1.3554176539066214,-2.5804972517171465,-5.160994503434293,1.6613663513247275e-07,False
0x93865da09f33275664d5efef897d0ad68eb99428,37,0.32432432432432434,0.0,1350.04359,-0.10181344749260578,-0.20362689498521155,1.5033271387747928,3.0066542775495857,-4.501523620596331,-9.003047241192663,1.6276250612532784e-07,False
0xed022833ba724919f9c8ce5a6a8abc9db4021e4d,35,0.08571428571428572,0.3333333333333333,1335.0,-3.358093227979627,-6.716186455959254,-1.5920978808060564,-3.184195761612113,7.620659258799429,15.241318517598858,1.609488369759325e-07,False
0xd99bcaafc4872a78d80e2ee94fb6659853d8c2ee,157,0.6305732484076433,0.3232323232323232,1329.3250599999997,-0.5478769881583192,-1.0957539763166384,-1.1151898681416603,-2.2303797362833206,-0.8465721008749654,-1.6931442017499307,1.6026466095128213e-07,False
0x960f2e3da72ada14d27b6a184ce2c4ceca950031,33,0.030303030303030304,0.0,1302.4984,-0.2287910679967054,-0.4575821359934108,-3.7750526219456395,-7.550105243891279,1.6015374759769379,3.2030749519538757,1.5703041396480368e-07,False
0xaa61791a676e3f1ef2944596fee5d5926a86c26c,892,0.006726457399103139,0.0,1294.52065,1.480315348074335,2.96063069614867,1.384625637153375,2.76925127430675,3.6520020695937787,7.304004139187557,1.560686090328301e-07,False
0xc9da0543894635368e035eefb589a66bf4a82f8e,30,0.1,0.33333333333333337,1275.0500000000002,-1.2125332236878064,-2.4250664473756127,-3.6486567161669132,-7.2973134323338265,-5.575903881905713,-11.151807763811426,1.537212094278373e-07,False
0x3949d228a3f691469a7e006c38d9a660c581337e,38,0.2631578947368421,0.4,1264.9485,-1.7898320405389903,-3.5796640810779805,-0.5517843435525813,-1.1035686871051626,-2.1889871370829557,-4.377974274165911,1.525033632280527e-07,False
0xbd57c30ea93bbda24db644cfae3d68b7db0f8406,95,0.7473684210526316,0.4084507042253521,1221.9426999999998,-0.5691739025042145,-1.138347805008429,-1.4985669887840887,-2.9971339775681773,-1.8285716650180637,-3.6571433300361273,1.4731854413200806e-07,True
0x2de8b615a1b3e7676ac08d384e23418601c4e329,100,0.16,0.25,1197.87696,-1.1939229651124021,-2.3878459302248043,-1.312181023152295,-2.62436204630459,-5.567391669600683,-11.134783339201366,1.4441715621892556e-07,False
0x213f3839391efeae168838834fd3ae6f555d23d7,143,0.02097902097902098,0.3333333333333333,1193.4044999999999,-0.04700898753119801,-0.09401797506239602,-0.19387280350427685,-0.3877456070085537,2.463245250675907,4.926490501351814,1.4387795229726158e-07,False
0x77782cb99086962725c934f7a8c7818d159e4f71,114,0.9824561403508771,0.0,1190.15664,-0.38598265848860797,-0.7719653169772159,-0.40186081718447664,-0.8037216343689533,2.1658662200656003,4.3317324401312005,1.4348638728627984e-07,False
0x57f3c4b0b5d088ddc8f45735bf872bb07f29b848,39,0.15384615384615385,0.3333333333333333,1183.24917,-0.9146291992978789,-1.8292583985957578,-2.8575027833902613,-5.715005566780523,-2.233894036801985,-4.46778807360397,1.426536163027996e-07,False
0x679663bb6e3437c2749054ddc460637cf1126980,72,0.6111111111111112,0.0,1183.14252,-1.3134275852760775,-2.626855170552155,-0.8147230554809461,-1.6294461109618923,-0.18621776292331604,-0.3724355258466321,1.4264075847998052e-07,False
0x203786e903b8670c0943b549b2b71e923d0dea38,163,0.43558282208588955,0.36619718309859156,1173.2995999999996,-0.21444410197467137,-0.42888820394934274,-0.6537868133356467,-1.3075736266712934,-1.1408115715547877,-2.2816231431095755,1.4145408692458933e-07,False
0x10fdc78c704c7cbafe954543e4c234a3bf65d855,44,0.2727272727272727,0.0,1165.00518,-3.4659676369312056,-6.931935273862411,-4.764318784843019,-9.528637569686039,-3.4032348265799803,-6.806469653159961,1.404541039639977e-07,False
0x93fbcdec800e3bc3cca646d5b416d5dcefefde82,105,0.9714285714285714,0.0,1161.2968899999996,-0.3350509445650164,-0.6701018891300328,0.4240554744427866,0.8481109488855731,3.740798688340703,7.481597376681406,1.4000702908559352e-07,False
0x0d04f8b58e743f24c6f3485da92d84d1a72f9ec8,53,0.018867924528301886,0.0,1148.21542,-1.3471339724735625,-2.694267944947125,-3.0310514380655156,-6.062102876131031,-10.664810615415702,-21.329621230831403,1.3842991494144709e-07,False
0x993237aa6bf3f8dfd422420b9be54f1548df9228,42,0.047619047619047616,0.0,1122.09651,1.1249225638975515,2.249845127795103,-1.414859419568072,-2.829718839136144,2.037714153803337,4.075428307606674,1.352809949507512e-07,False
0x8b3fdc7ff783ea742b9abffd79ec716bb24312d7,35,0.02857142857142857,0.0,1120.1294400000002,-0.3382644777196464,-0.6765289554392928,-0.9020386072523904,-1.8040772145047808,4.622947862168501,9.245895724337002,1.350438431689158e-07,False
0x8bd8a7d57ca75e67e1d5257b89260402f28cabd7,39,0.41025641025641024,0.375,1118.89215,-0.9127573826293625,-1.825514765258725,-0.13216722941453068,-0.26433445882906137,-10.45626303833352,-20.91252607666704,1.3489467434007536e-07,False
0xc6bda2dc1821f26979e5f4d6b51a66c88065a820,103,0.019417475728155338,0.0,1099.41632,-1.25,-2.5,-3.8729467313958903,-7.745893462791781,3.2393013899049015,6.478602779809803,1.3254665022948288e-07,False
0xaba7fbac25bff6812304d46d3e042d3cb2f791e7,46,0.06521739130434782,0.33333333333333337,1096.85797,1.457410331561429,2.914820663122858,0.12855578388929842,0.25711156777859684,-9.090215906018816,-18.180431812037632,1.3223821318298297e-07,False
0x2ed3e62b614c833a3b1a4ce73d22daf5107f290a,150,0.04666666666666667,0.4285714285714286,1089.4685900000002,-0.5487312478668509,-1.0974624957337018,-0.3367333047436268,-0.6734666094872536,1.554139254148034,3.108278508296068,1.313473426833776e-07,False
0x01f6fef6fdb5cd6e696587bd8f8e6451891c706d,143,0.013986013986013986,0.5,1085.76449,-0.7387660856033874,-1.4775321712067748,-2.492104356556605,-4.98420871311321,-7.580382835587473,-15.160765671174946,1.3090077295525581e-07,False
0x34ecd46673e34bf338d0cb675f4e2f14706df2c7,92,0.3804347826086957,0.19999999999999996,1055.5261400000002,-0.5913060080668322,-1.1826120161336644,-1.8386560901740636,-3.6773121803481272,-3.557307136863006,-7.114614273726012,1.2725520946119501e-07,False
0x2452cc5b162c955e8ab85e5b1f5adb8e492fc9f3,34,0.058823529411764705,0.0,1048.07472,0.0561028702228406,0.1122057404456812,-1.402571755571015,-2.80514351114203,-13.352483113036062,-26.704966226072123,1.2635685936170495e-07,False
0xe8083d54ed166e2396ae70f9eea2f23ba79970b4,44,0.09090909090909091,0.25,1030.91198,-0.4319306065940914,-0.8638612131881828,1.3300842671086746,2.660168534217349,-1.8470168659253727,-3.6940337318507455,1.242877035247609e-07,False
0x29790f82a41b1ff2a294289ddfaa1e3b0b748d50,33,0.18181818181818182,0.0,1024.31553,-0.47103696264324335,-0.9420739252864867,-1.1503242267550358,-2.3006484535100715,-4.169658791377539,-8.339317582755077,1.234924294006636e-07,False
0x08f82efe1bd58af75559daeef7c0ce428b71817c,81,0.012345679012345678,0.0,1021.33812,-3.1417607324790735,-6.283521464958147,4.3760238773815665,8.752047754763133,0.7854401831197684,1.5708803662395368,1.231334700922737e-07,False
0xf68cc7ad14c43e3a710498f0b7b399f506779a7a,30,1.0,0.4666666666666667,1007.05061,-1.012717811904187,-2.025435623808374,-2.74566449715391,-5.49132899430782,-4.95463465308694,-9.90926930617388,1.2141095464824225e-07,True
0xdb555b51ca19713eb89dc91a1cace1b48ce860cf,36,0.6666666666666666,0.45833333333333337,1004.98704,-0.5937129669404927,-1.1874259338809854,-1.154976614753675,-2.30995322950735,-1.4266838187929884,-2.853367637585977,1.2116216873699247e-07,False
0xdca77278f09711e4708629aef93881b1ff02107e,34,0.8823529411764706,0.5,1001.0524600000001,-0.8257402675791334,-1.6514805351582669,-1.0670140508370831,-2.1340281016741662,-1.9348105858399767,-3.8696211716799533,1.2068781212651401e-07,True
0xa3ae5ac141aafd7abb0185f951f2493712346374,40,0.05,0.0,999.83925,-1.486138896827665,-2.97227779365533,-1.371820520148614,-2.743641040297228,2.172049156901972,4.344098313803944,1.205415464047855e-07,False
0x7ac98895d094126796fcbc6ef7820810bd00278f,63,0.031746031746031744,0.0,999.652,-0.5774339531965451,-1.1548679063930902,-1.3872164893403995,-2.774432978680799,0.6944425903429494,1.3888851806858988,1.2051897137128455e-07,False
0x911b34dcbb82c769657dc18f7d549df4fdb078b2,182,0.005494505494505495,0.0,999.621,-2.3255813953488373,-4.651162790697675,-3.875968992248062,-7.751937984496124,0.7751937984496124,1.550387596899225,1.2051523398256078e-07,False
0xeda92c6960276916d0232e56917b0e1a8ba065fe,32,0.03125,0.0,999.621,-0.6644518272425249,-1.3289036544850499,-0.6644518272425249,-1.3289036544850499,-1.550387596899225,-3.10077519379845,1.2051523398256078e-07,False
0x0c6b0ec06dcfa560f942b52a382e9e6ab4181d02,110,0.00909090909090909,0.0,999.29122,-0.11267986523488117,-0.22535973046976235,0.5633993261744059,1.1267986523488118,0.5633993261744059,1.1267986523488118,1.2047547540019528e-07,False
0x34a30c6d8f92ce1ad2e9f9a01646f11bf3aab849,38,0.3684210526315789,0.0,997.8832199999998,-0.4858371371555746,-0.9716742743111492,0.9686670132305439,1.9373340264610879,6.426916799050787,12.853833598101573,1.2030572561557945e-07,False
0xad2879fef02116f17349ccdad53661df11e28d8f,43,0.046511627906976744,0.5,990.4825599999999,0.11181054820711786,0.22362109641423572,0.22504159616046665,0.4500831923209333,11.074216021616477,22.148432043232955,1.194134951887223e-07,False
0x296e3a7278df98dbb8f5a5621ab65ab1742ec654,46,0.32608695652173914,0.3333333333333333,955.273,-0.871352477923151,-1.742704955846302,-1.9225959063153004,-3.845191812630601,-2.967911466987237,-5.935822933974474,1.1516859801086889e-07,False
0x7b38de53a6ee5c6523c52e269b077a8cdde29b95,89,0.7752808988764045,0.463768115942029,951.7717600000001,-0.7273229669944228,-1.4546459339888456,-1.2572354235564034,-2.5144708471128068,-0.025949091994344815,-0.05189818398868963,1.147464852723119e-07,True
0xdb551b874e6bb77e2f7a31dab14c5fa939d38acb,32,0.28125,0.0,929.1132,-0.07509936181002382,-0.15019872362004763,-1.1525176747012205,-2.305035349402441,-1.7519934092442684,-3.5039868184885368,1.1201474828388537e-07,False
0xdf6a908c2b726b4b6f20360e90ea9af7ac71d795,106,0.7547169811320755,0.48750000000000004,920.43649,-0.8626774085052716,-1.7253548170105433,-1.1654149459552599,-2.3308298919105197,-0.2329771502226107,-0.4659543004452214,1.109686760866738e-07,True
0x5448829a80d56294d106ca434d15ba7b67a169f5,40,0.15,0.0,915.75682,1.508874404907017,3.017748809814034,12.180872794885467,24.361745589770933,25.02423163670298,50.04846327340596,1.104044907354145e-07,False
0xc11c077649bd74b590e1f7a3002d0377d5afa343,123,0.04065040650406504,0.0,881.7501,-0.9084258887775324,-1.8168517775550648,-3.6261726239402075,-7.252345247880415,-3.5399138740684153,-7.079827748136831,1.0630460906248104e-07,False
0x77495a643ef895ab79f48971a13e3a3a1b987049,80,0.0875,0.0,880.0762,0.6194540436553775,1.238908087310755,0.03550914664235608,0.07101829328471217,5.362315982458099,10.724631964916197,1.0610280212748926e-07,False
0x8dddd2456e36d605545afabee31258f8af7b608c,96,0.010416666666666666,0.0,877.84,-0.45566390230565934,-0.9113278046113187,-0.6834958534584891,-1.3669917069169781,-1.7087396336462224,-3.4174792672924448,1.058332037834851e-07,False
0x60c284c19137a1bc6253ee8b7665c781a767a0fa,120,0.008333333333333333,0.0,855.4383600000001,7.487623070819504,14.975246141639008,3.9114448877415318,7.8228897754830635,-1.5645779550966128,-3.1291559101932256,1.0313244130831392e-07,False
0x6d93764ee097f7de686bbbe83d90a1afea21f148,30,0.13333333333333333,0.25,854.63292,-4.954469110843265,-9.90893822168653,-4.421906799826642,-8.843813599653284,5.16283571514761,10.32567143029522,1.0303533671561435e-07,False
0xc749fbb09dc22adad3a093109f8ec0c7ddd53527,30,0.03333333333333333,0.0,833.13274,-9.310881240845246,-18.621762481690492,-12.376659210391852,-24.753318420783703,-16.350815837581894,-32.70163167516379,1.0044325509331233e-07,False
0xe2a7d643f88f17f2eddf904f9ed1705526ddc57c,127,0.5196850393700787,0.40909090909090906,826.31303,-0.8536722605553069,-1.7073445211106137,-1.8361884134141955,-3.672376826828391,-2.883622032940469,-5.767244065880938,9.962106453674819e-08,False
0x79600b5eb18115d0eacf321387b632af420d78f9,83,0.07228915662650602,0.0,817.73568,0.03807261208576998,0.07614522417153996,-0.09518153021442495,-0.1903630604288499,0.7043433235867447,1.4086866471734893,9.858697127320098e-08,False
0x79780f469d81612e541e8cb5037789fc97d0ec4c,37,0.8648648648648649,0.0,817.17833,-1.0167708227591383,-2.0335416455182767,-0.012767759168628767,-0.025535518337257535,2.199233196843897,4.398466393687794,9.851977664077511e-08,False
0x61a585854f78b4547a9b2493abd3be4f71d2dfad,32,0.34375,0.0,804.8230000000001,-0.5690533728326876,-1.1381067456653753,-1.2692350735162068,-2.5384701470324136,-1.9931100831302286,-3.9862201662604573,9.703020660785089e-08,False
0xce707e29e9d8c2f3ee1ecb3a21f809fe5436d7df,49,0.32653061224489793,0.125,798.22252,-0.3386923628988495,-0.677384725797699,-0.7678337202376181,-1.5356674404752362,3.723085371073945,7.44617074214789,9.62344466232195e-08,False
0x6847567a529624455a8f9ab5ef13b5d844a23a83,59,0.22033898305084745,0.38461538461538464,788.7082800000001,0.4058969963329353,0.8117939926658706,-1.1197248655647998,-2.2394497311295996,-1.0598612799017408,-2.1197225598034817,9.508740103317464e-08,False
0x5aa4069a9e781c2520bfb2458c88758543c2a685,33,0.24242424242424243,0.25,764.3984800000001,-0.9353908808363841,-1.8707817616727682,-1.0733787315731371,-2.1467574631462742,-2.584949938645071,-5.169899877290142,9.215658902035252e-08,False
0x7a99f6eb6074e455266eaa734f6acfc162d0e69e,51,0.0196078431372549,0.0,755.1,0.0,0.0,0.11111111111111112,0.22222222222222224,5.666666666666667,11.333333333333334,9.10355556558252e-08,False
0xb39dfac9356468d3ccc31e65e2c4056bb5b0f0f8,51,0.8235294117647058,0.42857142857142855,744.8426100000001,-0.6525880846189884,-1.3051761692379769,-0.9221372934391885,-1.844274586878377,-0.8484381280523504,-1.6968762561047008,8.979891521319707e-08,True
0x4e5349d202d108166e7e8488d868b2c931034574,63,0.12698412698412698,0.5,726.67673,-1.0277374947127944,-2.055474989425589,1.5016986931942695,3.003397386388539,7.794351039278258,15.588702078556516,8.760881988836983e-08,False
0x2a53b398ed8d969ccb31a9c19c63f4fb9e0016b0,72,0.027777777777777776,0.0,714.42167,-2.1149330659929735,-4.229866131985947,-1.195520009014413,-2.391040018028826,3.5320351572275985,7.064070314455197,8.613133849955314e-08,False
0x7dcc49ca9266a32d53b3b37d9c71861f3214070f,63,0.47619047619047616,0.0,709.3097700000001,-0.4455498253765721,-0.8910996507531442,-1.3177474163921101,-2.6354948327842203,-0.49089636964355515,-0.9817927392871103,8.55150430990009e-08,False
0x84b3494125e4fee16796098e253e68dd92cc19cb,43,0.6511627906976745,0.4285714285714286,704.6222,-0.8809738259307123,-1.7619476518614245,-2.5530211443648745,-5.106042288729749,-1.7720202259471383,-3.5440404518942765,8.494990531642165e-08,False
0xf4b1c25e921c003ded31fcd0ceb48bfd18ed409f,45,0.13333333333333333,0.33333333333333337,693.7854,-0.3194552284927425,-0.638910456985485,0.9303171533429241,1.8606343066858482,-1.3521595566191313,-2.7043191132382627,8.364341066732742e-08,False
0xbd52975b44d821898f15abff495b7ba49f831707,37,0.02702702702702703,0.0,693.69006,-0.3360290329084433,-0.6720580658168867,-0.3360290329084433,-0.6720580658168867,0.5600483881807388,1.1200967763614775,8.36319163885879e-08,False
0x3d0862d30e3b36d23663eeb62adc335655e65383,54,0.2222222222222222,0.0,686.25985,0.16710926031108012,0.33421852062216023,0.5796596442458971,1.1593192884917942,3.9124985092704514,7.824997018540903,8.273612338635048e-08,False
0xcf125e2d36d1b53b519c50357b63494463246f50,182,0.016483516483516484,0.0,673.0714,-0.040426448726088506,-0.08085289745217701,1.0905547790263213,2.1811095580526425,-0.17136098128623986,-0.3427219625724797,8.114611163427915e-08,False
0xb1871843e16d700c0fe39a55e4d7c3c874576f98,42,0.11904761904761904,0.4,671.85059,-0.5006059084222848,-1.0012118168445696,0.9057538841283925,1.811507768256785,8.24228160501991,16.48456321003982,8.099892964950867e-08,False
0x22b8c26b1eeb48f1549f6333e678744f5adbacfe,39,0.02564102564102564,0.0,669.87633,-0.5620440417711132,-1.1240880835422264,0.0,0.0,1.6861321253133394,3.372264250626679,8.076091103461122e-08,False
0xba15f01097ec800d722b0de4ec1259d878c7fe45,44,0.11363636363636363,0.0,658.038,-0.3170605438094005,-0.634121087618801,0.5073746525589025,1.014749305117805,4.599744838412031,9.199489676824061,7.93336710007256e-08,False
0x4017205f4731f85fc870449e244375e7e8288c06,42,0.07142857142857142,0.0,631.52264,0.0,0.0,-0.1879056413031632,-0.3758112826063264,-3.156814773893142,-6.313629547786284,7.613695463068953e-08,False
0x95f774d99ff7de82ad12e25aed6d082d35b3a2c8,35,0.05714285714285714,0.0,620.14359,-1.4091499708568402,-2.8182999417136805,-8.74431143339477,-17.48862286678954,-7.884385226806034,-15.768770453612069,7.476508581916069e-08,False
0x24e87a7a377aa065cd40646033da50a507a33039,68,0.20588235294117646,0.0,593.8477399999999,-0.3704486158457632,-0.7408972316915264,-1.1611501882015614,-2.3223003764031227,0.14892763990720587,0.29785527981441173,7.159483377811681e-08,False
0x3a896fa9f5919f7ab0d5312b154c0af606a082df,118,0.00847457627118644,0.0,590.57376,0.3413629484655735,0.682725896931147,2.389540639259015,4.77908127851803,-4.5515059795409805,-9.103011959081961,7.120011971573295e-08,False
0xeb45b4e5959a039d1864a3255746e5a602d3280c,40,1.0,0.5,585.913,-1.0571872648396405,-2.114374529679281,-1.4501710244759918,-2.9003420489519836,-0.047773602463116106,-0.09554720492623221,7.063821417159516e-08,True
0xa8b9006cce23fba3db5b4d775a31207a14e732c4,48,0.020833333333333332,0.0,554.73,-2.106430155210643,-4.212860310421286,-0.11086474501108648,-0.22172949002217296,7.871396895787139,15.742793791574279,6.687876279824647e-08,False
0x4f009721490265ce1a653438f4b3be0f389a693b,48,0.020833333333333332,0.0,554.3335,-2.5042686397268072,-5.0085372794536145,-5.463858850313033,-10.927717700626067,-13.318155947638019,-26.636311895276037,6.683096039085998e-08,False
0x715e68ee8ba322dc161b730d0241ef91df48be33,187,0.24598930481283424,0.06521739130434778,550.50239,-0.762750879231356,-1.525501758462712,-0.8334218919938866,-1.6668437839877732,-1.5305184608276854,-3.061036921655371,6.63690782194541e-08,False
0x86562d6b2fc550432a6f6c091d3a3d578541da7e,66,0.09090909090909091,0.0,529.251,-0.39900590528739827,-0.7980118105747965,0.79738138827484,1.59476277654968,-2.9646742901492007,-5.929348580298401,6.380699095007435e-08,False
0x52017956dfbc7faaa49439fa8c841d5aac258a2d,45,0.28888888888888886,0.3076923076923077,526.17303,-0.33237795993841524,-0.6647559198768305,-1.197581089207589,-2.395162178415178,-1.0756908387806647,-2.1513816775613295,6.34359080349082e-08,False
0xfeb15d7ee396667a30492261c4915660752a1dfc,123,0.008130081300813009,0.0,518.23456,-3.08952764555108,-6.17905529110216,-2.8606737458806295,-5.721347491761259,-0.8009886488465763,-1.6019772976931526,6.247883873613042e-08,False
0x1084f35737b747936fee53106589cc7139be727e,38,0.3684210526315789,0.0,512.57502,-0.19891882002110325,-0.3978376400422065,3.6932810145364803,7.3865620290729606,-0.27557196216717916,-0.5511439243343583,6.179651934974932e-08,False
0x4f9213cffdbde8c8793962545f11acffe7bc17e8,45,0.3333333333333333,0.4666666666666667,507.91104,0.10000707500202743,0.20001415000405487,0.8423049344256294,1.6846098688512587,-0.9773636798329721,-1.9547273596659442,6.123422559942797e-08,False
0x27933004c13d21d6698904dd2aac07da435c9c32,69,0.014492753623188406,0.0,499.85404,0.0,0.0,-0.33729846416765985,-0.6745969283353197,-0.22486564277843987,-0.44973128555687975,6.026286621402341e-08,False
0x0a17d25790974eb001235703517ab9a97d4afd81,38,0.3157894736842105,0.0,497.6308999999999,-0.41354766324014514,-0.8270953264802903,-1.4322240310331313,-2.8644480620662627,-4.845341755210483,-9.690683510420966,5.999484239572027e-08,False
0x645c43c894e8d244417468162905100e47e77ce3,35,0.02857142857142857,0.0,495.49629999999996,0.0,0.0,-0.7953641631632768,-1.5907283263265537,-0.908987615043745,-1.81797523008749,5.973749304185599e-08,False
0xd9f12707e2d23fa84bc8358b230f8882ea1d1b00,30,0.03333333333333333,0.0,487.59437999999994,-0.33593496299116493,-0.6718699259823299,0.7838482469793848,1.5676964939587696,5.151002765864528,10.302005531729057,5.878483024494448e-08,False
0xd708cf4c0b96a17c4acf3874235499f963df14b0,147,0.29931972789115646,0.0,486.18856,-0.05981435701822404,-0.11962871403644808,0.7742068925760234,1.5484137851520468,5.335303935568571,10.670607871137141,5.8615343283148595e-08,False
0x579e2909f906b0fa63f9996248463e778002fe3c,140,0.007142857142857143,0.0,478.4062,-1.2577178138577636,-2.515435627715527,3.5444774754173336,7.088954950834667,0.0,0.0,5.767709475061825e-08,False
0xede4e5581c59637a34b31276448ba13f03d456a0,36,1.0,0.4722222222222222,476.25255,-1.0656684887621977,-2.1313369775243953,-0.711938205932134,-1.423876411864268,-2.692003228429275,-5.38400645685855,5.741744871110273e-08,True
0x9a599eeeb3a49f5097974e89e3de4d3738364237,30,0.03333333333333333,0.0,458.055,-0.4558404558404558,-0.9116809116809116,-1.8233618233618232,-3.6467236467236464,-0.6837606837606838,-1.3675213675213675,5.522353522173091e-08,False
0xd7081d46c335e105edd751954ff3d40e42138fc1,36,0.6944444444444444,0.0,447.17896,-0.23546468438416784,-0.4709293687683357,0.7562378313800212,1.5124756627600424,1.347505443090197,2.695010886180394,5.3912309761877935e-08,False
0x558f9eeb1d7255052c6f21ebf776f573c651eca4,109,0.05504587155963303,0.0,445.79197999999997,-0.3412202829104782,-0.6824405658209564,0.6278587285949593,1.2557174571899186,1.0881280210668844,2.176256042133769,5.3745094167938694e-08,False
0x592b6f28aac241b845a64f4765f7790b69423a99,54,0.018518518518518517,0.0,444.01,-0.7882705344474223,-1.5765410688948447,1.1261007634963176,2.252201526992635,9.459246413369069,18.918492826738138,5.3530257008002836e-08,False
0x115560812df8e7515eecc957b6796531e936edd9,82,0.012195121951219513,0.0,442.26275999999996,-0.45312429199329374,-0.9062485839865875,0.22656214599664687,0.45312429199329374,5.890615795912819,11.781231591825637,5.331960813465615e-08,False
0x5ab1a7dc6aacded857d20b55f4dc5d8042c8db90,31,0.06451612903225806,0.5,436.78200000000004,0.11468679037548456,0.2293735807509691,4.807011719942608,9.614023439885216,6.171825110918885,12.34365022183777,5.265884263072791e-08,False
0x161c0646d121dedc1c186b3e4e1562ba809f2692,32,0.125,0.25,416.16264,-0.6699779087248637,-1.3399558174497275,-0.2078786485210269,-0.4157572970420538,7.551166296520076,15.102332593040153,5.0172953483770556e-08,False
0x2d501cdd586d33a29df3482eb1cda6a99adad609,66,0.5606060606060606,0.0,414.56765999999993,-1.5896286923924081,-3.1792573847848162,-2.276756355293267,-4.553512710586534,-0.9302174675246438,-1.8604349350492877,4.998066121710397e-08,False
0x7678182c4fb6f9eb6b4bf52745ac083900baa50b,106,0.02830188679245283,0.0,400.52634,0.1483705855728694,0.2967411711457388,-1.1167887231474376,-2.233577446294875,1.2250867538905974,2.450173507781195,4.82878266675857e-08,False
0x7f706701b28f3eba5552c8b63a8c5b0591200964,37,0.13513513513513514,0.0,398.35947,-2.318196761539025,-4.63639352307805,-2.22085153909235,-4.4417030781847,-9.687083478229017,-19.374166956458033,4.802658681262088e-08,False
0xc19c83c73c10ef32f41d0eb62bd5db2ed6591e9e,46,0.8478260869565217,0.23076923076923078,392.70786,-1.2121687629887359,-2.4243375259774718,-1.773438945618558,-3.546877891237116,-3.3933851765699026,-6.786770353139805,4.7345223474387505e-08,False
0x1f2fc21ba5430afe510804db498e97ac6a641dee,32,0.09375,0.0,387.26912000000004,-0.30095629213329395,-0.6019125842665879,-1.1332601956693076,-2.266520391338615,-4.503100125010388,-9.006200250020775,4.66895239405939e-08,False
0xf4a88dfe084e354d4d2017b3805de042900711bc,34,0.6176470588235294,0.42857142857142855,380.17833,-1.2699245158653207,-2.5398490317306415,-1.6780599915915981,-3.3561199831831963,0.3447959383547379,0.6895918767094757,4.583465172805414e-08,False
0x3af842c6e338de9b2bddf09be09845edc051ebed,54,0.018518518518518517,0.0,371.17499999999995,-1.4710042432814712,-2.9420084865629423,-1.9236209335219236,-3.8472418670438473,-3.734087694483734,-7.468175388967468,4.474920192100505e-08,False
0x0c31841efad9ec9187b3a75627a85810237c92e1,47,0.46808510638297873,0.36363636363636365,369.54294000000004,-0.5548133762357439,-1.1096267524714878,-1.1719612523200524,-2.343922504640105,-0.6116150990508495,-1.223230198101699,4.4552439255181135e-08,False
0xd15dea01ee1eb86445c1a0f3e15fb675c24499ef,302,0.006622516556291391,0.0,367.17542,-2.2982992222106238,-4.5965984444212475,4.770347697989903,9.540695395979807,8.045726497866951,16.091452995733903,4.426700885029928e-08,False
0x0eaa4a381368ee9f2aafb63dec00bb6efecd120c,213,0.11737089201877934,0.16,361.95126999999997,-0.43027459378939964,-0.8605491875787993,-0.956075754166246,-1.912151508332492,-1.3645036434185014,-2.7290072868370028,4.363718048573912e-08,False
0x1678f414837f610a9b991be1251a570d4d4fd0b4,64,0.09375,0.0,361.76974999999993,-0.05246234549428588,-0.10492469098857175,0.15095584504958381,0.30191169009916763,4.747144807013918,9.494289614027837,4.361529626634745e-08,False
0x9395e963649c2b65e7230fb3af3f656625b6e0d4,33,0.12121212121212122,0.0,358.235,-0.558388291184349,-1.116776582368698,-1.307820196844701,-2.615640393689402,-4.2882836934180055,-8.576567386836011,4.318914353114096e-08,False
0x547ca932f830f2b8cfafe72866dc1a8e0125ba8d,73,0.410958904109589,0.1,334.26966,0.5338406657972679,1.0676813315945357,2.642570237746711,5.285140475493422,2.475321382208277,4.950642764416554,4.029985993508643e-08,False
0x12673ce9bd10f2b4efe452f5be08c852d83271fd,45,0.022222222222222223,0.0,329.80404000000004,0.3383827560147535,0.676765512029507,-0.4511770080196713,-0.9023540160393426,1.0151482680442605,2.030296536088521,3.9761480650160244e-08,False
0xcc1fc56deda7bc5f0e9b7961ad0120be1fb67431,141,0.0070921985815602835,0.0,308.20300000000003,-2.384791841740671,-4.769583683481342,-5.791637329941629,-11.583274659883259,-9.87985191578278,-19.75970383156556,3.715723925280399e-08,False
0xbadabea4945e92423b9043ef1db2cdaf75bcc078,35,0.8,0.5,300.2094000000001,-1.3722949068437758,-2.7445898136875515,-2.063249203898592,-4.126498407797184,-3.8119988417500115,-7.623997683500023,3.619352343014421e-08,True
0xdc015d33189b6d0b391275bddbe32f2015550a88,37,0.5675675675675675,0.33333333333333337,299.17439999999993,-0.8830005602134184,-1.7660011204268369,-1.8478323347660126,-3.695664669532025,-2.8344728270816804,-5.668945654163361,3.6068742871140386e-08,False
0xa9b5c56daee9b84751a3f9b426d28b21766a7465,30,0.1,0.0,289.6927,-0.30345790280243373,-0.6069158056048675,-1.2535076036778119,-2.5070152073556238,-5.503297358126306,-11.006594716252613,3.4925620333646234e-08,False
0xf208eb25d49881a59f937fc82d5db4ae17692fd6,43,0.27906976744186046,0.0,279.839,0.44811063288796976,0.8962212657759395,0.43180053840356525,0.8636010768071305,5.646262179058675,11.29252435811735,3.373764913146665e-08,False
0x1df8e41443582f826ebd95b8ec11cfe214e0febe,32,0.84375,0.48148148148148145,274.39872,-0.6317013404434383,-1.2634026808868766,-1.0444306229115619,-2.0888612458231237,-1.6212610517300927,-3.2425221034601854,3.308176393384611e-08,True
0xd80a9e74a8fc0ec570fd187c46cb22e2bade14d8,50,0.06,0.33333333333333337,266.982,-0.7131503336315491,-1.4263006672630982,-2.800560640219938,-5.601121280439876,-1.8434370115263647,-3.6868740230527295,3.218759729850818e-08,False
0x0aefa8aabce00764c0632e6274f0adb993097d09,122,0.08196721311475409,0.4,258.9008,-0.9304680322994832,-1.8609360645989663,-1.5589971487716436,-3.1179942975432873,1.2074191028853645,2.414838205770729,3.121332033868053e-08,False
0xba9624f220f30771cb160b3777457c2844264c65,76,0.06578947368421052,0.0,253.75509,0.5602057750162872,1.1204115500325744,2.7781910836636188,5.5563821673272376,10.618460011124032,21.236920022248064,3.059294877320081e-08,False
0xf12d3f5cd6a9112a4fc46d6ed006303d9b7d119d,36,0.3611111111111111,0.3846153846153846,253.04114,-1.0130446682574619,-2.0260893365149237,-0.4866231043290115,-0.973246208658023,2.5526409069766247,5.105281813953249,3.0506874299673496e-08,False
0x63685f9bf250ac8758d1d3bf8f831eb94f86d3cc,33,0.030303030303030304,0.0,252.86899,-1.0072409432251854,-2.014481886450371,0.2238313207167079,0.4476626414334158,-3.4693854711089727,-6.938770942217945,3.0486119736163826e-08,False
0x5853b633b889d1ac5e9588d25d4ad6f477f381b3,34,0.029411764705882353,0.0,228.30079999999998,0.0,0.0,-1.2527332361516035,-2.505466472303207,-11.160714285714285,-22.32142857142857,2.7524155985524322e-08,False
0x8964ee288e13e8626b114cd4fd27add62c71b734,265,0.007547169811320755,0.5,221.89832,-0.511375258528603,-1.022750517057206,-2.7248790481662732,-5.4497580963325465,-4.260088204922497,-8.520176409844995,2.6752267064354535e-08,False
0xd4ac15263b9980f007e7d68d68f3ca5bfe644710,39,0.48717948717948717,0.3157894736842105,202.6098,-0.31502948825449617,-0.6300589765089923,-0.7600867408856959,-1.5201734817713919,-0.9622751691490248,-1.9245503382980496,2.442682522091857e-08,False
0x5153461e59bfe9a9e90089faed2f19792a2befc3,38,0.2894736842105263,0.0,198.07832999999997,-0.8454365493945907,-1.6908730987891814,-0.6633026508307762,-1.3266053016615524,-4.332607643372136,-8.665215286744273,2.3880506998977494e-08,False
0x945b5b9b86717ee99ccf3c9c8aff7843834935f1,63,0.015873015873015872,0.0,179.292,0.672645739910314,1.345291479820628,6.278026905829597,12.556053811659194,-8.071748878923767,-16.143497757847534,2.1615609647257597e-08,False
0x9c80467f1b42728a2cb53fa1c2c4d37c1b87ef27,48,0.08333333333333333,0.0,178.31196,0.055801080308914786,0.11160216061782957,0.055801080308914786,0.11160216061782957,-0.9486183652515514,-1.8972367305031028,2.1497455116778275e-08,False
0xdaf40b401f153daaac0568231f6e77835493a7a8,55,0.05454545454545454,0.33333333333333337,178.28,-0.934955520363577,-1.869911040727154,-2.1315583051360174,-4.263116610272035,-0.8600577271783489,-1.7201154543566979,2.149360198956498e-08,False
0xcc58d7d229051b557418240856fde575bb12bdd8,42,0.023809523809523808,0.0,164.65092,0.0,0.0,-0.9037301461783511,-1.8074602923567022,-5.761279681886989,-11.522559363773977,1.985046747641746e-08,False
0xc848d9d7738c940c4fc0bbd1f6ed3b9e5bbb0964,48,0.08333333333333333,0.0,164.24048,-1.4439580349267738,-2.8879160698535475,-0.383267904330649,-0.766535808661298,0.08095073426801513,0.16190146853603027,1.9800984449714532e-08,False
0xa80f923f77b9618613967518b090ee20bb5044ca,1492,0.0013404825737265416,0.0,153.80584,-0.6710371050031053,-1.3420742100062106,-0.6710371050031053,-1.3420742100062106,1.1182317659733232,2.2364635319466464,1.8542974582851204e-08,False
0xa213bb1ae36c01c3624d02acc41ca836ecf81c7a,41,0.04878048780487805,0.0,153.792,-0.6857582608727808,-1.3715165217455616,-1.6536112777290866,-3.307222555458173,0.9224821036633428,1.8449642073266856,1.8541306019627426e-08,False
0xcd998a0f8510ec821913e1409ae8bc643813929c,38,0.02631578947368421,0.0,152.48393,-1.1345457845951372,-2.2690915691902744,-1.2480003630546512,-2.4960007261093025,-4.197819403002008,-8.395638806004015,1.838360388840412e-08,False
0x99f1fe0a2e25892d0300331c0153085589e690be,33,0.3939393939393939,0.23076923076923073,139.07152,-0.6127536574922212,-1.2255073149844424,-0.5886456025043582,-1.1772912050087163,-1.1543825538028345,-2.308765107605669,1.676659131121733e-08,False
0x0ce7e082aba9bbe5e6986ba8c9dbb4e2e22f59a9,34,0.029411764705882353,0.0,121.18960000000001,0.0,0.0,-1.122208506340478,-2.244417012680956,-3.366625519021434,-6.733251038042868,1.4610730467099979e-08,False
0x6326ffbe3bbf80293522fecb61eff1d91f9bc9f0,38,0.05263157894736842,0.0,112.57655,-0.22740851190208727,-0.45481702380417455,-1.1932078528860666,-2.386415705772133,2.9028926997510727,5.805785399502145,1.3572333178474093e-08,False
0x59b48e0a091e274d7c62870ac6c86a42a644100c,81,0.09876543209876543,0.25,104.76235999999999,-1.5017033132322917,-3.0034066264645833,-2.67189965413655,-5.3437993082731,-3.0523314500620717,-6.1046629001241435,1.26302471916509e-08,False
0x0a492daa720d391fe69608ca7ecdaf538dec38e0,50,0.04,0.0,101.085,-2.844141069397042,-5.688282138794084,-5.5745164960182025,-11.149032992036405,-13.196814562002276,-26.39362912400455,1.218690126270572e-08,False
0x2c8665e2532bf431002ec72e930b22495f9e9483,41,0.024390243902439025,0.0,99.72815,0.0,0.0,-0.45323211149509945,-0.9064642229901989,0.22661605574754973,0.45323211149509945,1.2023318169484153e-08,False
0x2c37d34505e335ae99eb14110ce5482fa9272a57,35,0.02857142857142857,0.0,90.009,-1.3332000133320001,-2.6664000266640002,-2.555300025553,-5.110600051106,-3.6663000366630003,-7.332600073326001,1.0851568439975063e-08,False
0x4fe602298da0055086b841e7b625bf398519a069,65,0.046153846153846156,0.33333333333333337,78.42544999999998,-1.9300752434159534,-3.8601504868319068,2.6241101518962515,5.248220303792503,4.502023604233597,9.004047208467194,9.455044918961905e-09,False
0x2aaa26fd09f2302096217e1697b05e2d880a8311,44,0.09090909090909091,0.25,77.36607,-1.8270409475823586,-3.654081895164717,-1.6241793788681875,-3.248358757736375,0.008852865621724604,0.017705731243449208,9.327325084568225e-09,False
0x795438565451479517af2aeb1cc389f6e54e811a,39,0.15384615384615385,0.5,69.57482999999999,0.2617642706215036,0.5235285412430072,-0.7112290410100869,-1.4224580820201738,2.130596488445619,4.261192976891238,8.3880059710099e-09,False
0xebb1234407536699c8ff72b3f92541d6a4ba7fdf,45,0.044444444444444446,0.0,67.08182000000001,0.0,0.0,-0.6593430716879914,-1.3186861433759829,-8.936381125439098,-17.872762250878196,8.087446375452322e-09,False
0x8505fb413c3725b3f336ea59da989ae84bf20643,49,0.04081632653061224,0.5,59.56094,-0.6716003443725157,-1.3432006887450314,-0.7280019236167345,-1.456003847233469,-0.2246574794208553,-0.4493149588417106,7.18072211400247e-09,False
0x4fa4faf6fe60ad0dd9f3ebba7a2eb405b2c170b2,30,0.03333333333333333,0.0,49.720000000000006,1.7699115044247788,3.5398230088495577,0.5530973451327433,1.1061946902654867,9.29203539823009,18.58407079646018,5.994289269245966e-09,False
0xaa85bc087763c121e172d7ef4150ef9c6058fa11,54,0.07407407407407407,0.5,49.16548,-1.2517345750285094,-2.5034691500570188,-1.0723589615597662,-2.1447179231195324,-1.6937014139321085,-3.387402827864217,5.9274358242422995e-09,False
0xb5e3ccdd44cc898ec0cc04aa69d5f34e8ed6b6c5,177,0.02824858757062147,0.4,43.740429999999996,-0.5371345352496018,-1.0742690704992035,-1.179658708090887,-2.359317416181774,-1.788644395157037,-3.577288790314074,5.2733867695334735e-09,False
0x61dd0ac55b7ff5cf39ad3008b4746409d06b3f62,32,0.09375,0.0,41.131170000000004,-0.3035821488742024,-0.6071642977484047,-3.1998522373922302,-6.3997044747844605,-4.592298722691479,-9.184597445382957,4.958811966261698e-09,False
0x2c9069daaa8bce05d1fb4f81e6a19515edfc75c3,55,0.01818181818181818,0.0,35.3156,-2.9448742198914926,-5.889748439782985,-3.5111961852552414,-7.022392370510483,-2.6050810406732436,-5.210162081346487,4.257681458507298e-09,False
0xefaa4477a99522b7aa02ab07627de9259c23585a,39,0.02564102564102564,0.0,35.1928,-0.6819576731604191,-1.3639153463208382,-3.068809529221886,-6.137619058443772,2.0458730194812578,4.0917460389625155,4.242876576724043e-09,False
0x2d79485fc432ecd30588955f6f6a7f3b9f380776,48,0.041666666666666664,0.0,34.894,-0.45853155270247037,-0.9170631054049407,-0.45853155270247037,-0.9170631054049407,-3.0950879807416745,-6.190175961483349,4.206852971863812e-09,False
0x9b39d490d6ab15da05244f5acdeec418c07d468a,55,0.01818181818181818,0.0,30.40518,-0.8945844096302012,-1.7891688192604025,-5.143860355373657,-10.287720710747314,-1.6773457680566273,-3.3546915361132545,3.6656766734411114e-09,False
0x5760ebdedfe27977d350cb2f7af7fd7d180cf47a,234,0.004273504273504274,0.0,24.915519999999997,-0.8990380293086397,-1.7980760586172795,-0.8990380293086397,-1.7980760586172795,1.5733165512901197,3.1466331025802394,3.0038381772663563e-09,False
0x4b1edb86325ee0c1b9bff34dfe88366f8e5ed216,35,0.05714285714285714,0.5,22.394799999999996,-1.1222588826790565,-2.244517765358113,-2.865730994394219,-5.731461988788438,0.15585903834789328,0.31171807669578655,2.699937838433418e-09,False
0x6c089d2bd47e794dc7c0fc5147e8406f8ba7a74c,84,0.023809523809523808,0.5,21.109920000000002,-1.4212672596111413,-2.8425345192222826,-3.2929705095686024,-6.585941019137205,-3.2965353964106443,-6.593070792821289,2.5450315150973613e-09,False
0x5235bf673dc6fd609fe3c8c9e476dd8215115cea,40,0.025,0.0,19.12328,-0.23008605218351663,-0.46017210436703326,2.991118678385716,5.982237356771432,6.78753853941374,13.57507707882748,2.305520355928922e-09,False
0x5c6bbf9eec1f8aefc18ecb169020dc2c3432ecd7,59,0.01694915254237288,0.0,18.60705,-0.22572089611195756,-0.4514417922239151,0.564302240279894,1.128604480559788,1.580046272783703,3.160092545567406,2.243283188803764e-09,False
0x76c9740443360e0e38e33e65e33d41d8d1bfd082,31,0.03225806451612903,0.0,13.16415,0.0,0.0,0.0,0.0,-0.6836749809140734,-1.3673499618281468,1.5870821215555969e-09,False
0x9a6c23bbf135b56965bcb3fc4e38425a9736b644,38,0.02631578947368421,0.0,12.639899999999999,-1.661405549094534,-3.322811098189068,-5.648778866921416,-11.297557733842831,-0.8860829595170848,-1.7721659190341696,1.5238780557993177e-09,False
0xeb9391195e31aee7bd1d4a33afc36acb67b5b3ec,48,0.020833333333333332,0.0,12.3326,0.113520263367011,0.227040526734022,0.908162106936088,1.816324213872176,6.016573958451583,12.033147916903166,1.4868296830632098e-09,False
0x8b483a45f76181dfdfcf58be765d15beeb694a8a,109,0.009174311926605505,0.0,10.54044,0.11384723977367169,0.22769447954734337,2.846180994341792,5.692361988683584,-6.261598187551943,-12.523196375103886,1.27076521289483e-09,False
0x8fb839cae948ee794281ec1f80b93210f6a778a1,67,0.014925373134328358,0.0,10.47372,-1.0311522553591275,-2.062304510718255,0.8020073097237658,1.6040146194475315,1.37486967381217,2.74973934762434,1.2627213878738306e-09,False
0xd9ce831bbdfa3f3e0d51fff45fb3539db96a8244,237,0.004219409282700422,0.0,4.3919500000000005,-0.22768929518778674,-0.4553785903755735,-0.11384464759389337,-0.22768929518778674,0.11384464759389337,0.22768929518778674,5.294975614655032e-10,False
