wallet,n_fills,maker_share,two_sided,volume,markout_1,realized_spread_1,markout_10,realized_spread_10,markout_60,realized_spread_60,volume_share,is_mm
0x162cc7c861ebd0c06b3d72319201150482518185,64138,0.6289563129502012,0.47855726326227066,127915367.35501999,0.8458563097175325,1.691712619435065,-0.15188619673473652,-0.30377239346947305,1.0108724396369173,2.0217448792738346,0.06966854303361499,False
0xf9109ada2f73c62e9889b45453065f0d99260a2d,45130,0.9978506536671837,0.41618368751804236,120756841.11603001,1.1138348101184499,2.2276696202368997,0.5168481774190093,1.0336963548380187,0.49311610472798517,0.9862322094559703,0.06576968315734881,True
0x7b7f72a28fe109fa703eeed7984f2a8a68fedee2,69903,0.6955924638427535,0.4572433366238894,75771969.73241001,1.302474821369899,2.604949642739798,0.5318432955267997,1.0636865910535993,1.6279485123955317,3.2558970247910635,0.04126887052900302,False
0x348e5365acfa48a26ada7da840ca611e29c950ef,23463,0.5309210245919107,0.4812555189853095,74167169.31787,3.9487431687671615,7.897486337534323,2.075136184074773,4.150272368149546,4.294286622526134,8.588573245052268,0.0403948230314069,False
0x57dd78cd36e76e2011e8f6dc25cabbaba994494b,28489,0.7301765593737934,0.3957792519950005,69019045.46718,0.5742029118747685,1.148405823749537,-0.19227748138553566,-0.3845549627710713,-0.7942714986547323,-1.5885429973094647,0.0375909199863667,True
0x13558be785661958932ceac35ba20de187275a42,83485,1.0,0.4375636341857819,64162958.79021,0.7014304118963468,1.4028608237926936,0.9038950555250344,1.8077901110500687,0.6266907687312647,1.2533815374625294,0.03494607370538409,True
0x39475d17bcd20adc540e647dae6781b153fbf3b1,9026,1.0,0.4536893419011744,49522961.84989,1.3462749993652139,2.6925499987304278,0.7168422768530198,1.4336845537060396,1.567145516246126,3.134291032492252,0.026972463669790128,True
0x621c5551678189b9a6c94d929924c225ff1d63ab,8627,0.9829604729338125,0.48337264150943393,49332269.26378,1.205538877754253,2.411077755508506,0.1981277256723013,0.3962554513446026,1.093693661246747,2.187387322493494,0.026868603790275232,True
0x34fb5ec7d4e939161946340ea2a1f29254b893de,7136,0.9915919282511211,0.46650650084793666,38660086.815349996,1.2651643878255925,2.530328775651185,0.41849625696421283,0.8369925139284257,1.2451875399379877,2.4903750798759754,0.02105604649129596,True
0x33ad48ed92e3e91a98278f0f7456eae6eafa516e,41600,1.0,0.43992788461538457,35948861.02643,0.7784043846049171,1.5568087692098342,0.8827071064550455,1.765414212910091,0.5823888075457808,1.1647776150915616,0.01957938927289486,True
0xf5d81a135f756ca16544e53c20fc20643ec3ad53,155236,0.34517766497461927,0.4302776948342789,35629175.322019994,0.49371407164915143,0.9874281432983029,0.9342216381030554,1.8684432762061107,1.0091006866101064,2.018201373220213,0.019405273858027573,False
0xf36c562be0598b8ce109998b6aa2d53ffcd8316b,40446,1.0,0.43638431488898777,35452184.33838,0.740964220924175,1.48192844184835,0.9626176699486929,1.9252353398973858,0.6354777900707538,1.2709555801415076,0.019308876496121386,True
0xa880d6cc607a05ea617307ab3b0d335e8d8424ee,20785,0.7248015395718066,0.39276468635911055,33728835.21828,0.8756933718421471,1.7513867436842943,0.49078861321409106,0.9815772264281821,0.8520644611008432,1.7041289222016864,0.01837026196670052,True
0x64702807a1f0f9888ea22b858099d7f481227b55,6531,0.6801408666360435,0.32507879333633494,31521262.5939,-0.35285727859099386,-0.7057145571819877,-2.2024703951558653,-4.404940790311731,-8.542598545449767,-17.085197090899534,0.01716791723235291,False
0x33b84e11ee5d632d5ba65f52a8594be7d3b06e9a,4321,0.9078916917380236,0.4741269436655621,31267792.00198,1.204289707522624,2.408579415045248,0.5965375457463926,1.1930750914927852,1.337838863196156,2.675677726392312,0.017029865587690676,True
0x95995f302ad58138d791ce49f9f3b1274e80c60a,4892,0.9946852003270646,0.4792437320180847,29599629.886659995,1.0271134519395495,2.054226903879099,0.031157268455598665,0.06231453691119733,1.1966226703715923,2.3932453407431846,0.01612130841804536,True
0xac7476e14f768e3e67c195e79c2490dd20c70127,22857,0.6534103338145864,0.48657515902243054,29426888.7956,1.0507387569162236,2.1014775138324473,0.3183228727055525,0.636645745411105,0.5940771004831558,1.1881542009663115,0.016027225741467605,False
0xecb63caa47c7c4e77f60f1ce858cf28dc2b82b00,28485,0.9955766192733018,0.2865051659085299,27459368.89532,0.4289176312080709,0.8578352624161418,0.15059535789116912,0.30119071578233825,0.7432817412519239,1.4865634825038478,0.014955624669004504,False
0xbb828515677729c4db2f790a52cf14b1c659e19f,14987,1.0,0.46253419630346304,26638766.80771,1.5351310884653113,3.0702621769306226,2.056466864407366,4.112933728814732,1.4995695396838988,2.9991390793677977,0.014508687346020784,True
0x7717a7a245d9f950e586822b8c9b46863ed7bd7e,43515,0.9998391359301391,0.45786981704514107,23484372.091259997,0.4596100202946267,0.9192200405892534,0.08167218645880664,0.16334437291761328,0.08824873489086053,0.17649746978172107,0.012790660117610686,True
0x727956612a8700627451204a3ae26268bd1a1525,24399,0.4586663387843764,0.41890805111250107,23395063.008139998,1.1673908421864878,2.3347816843729756,0.47481894194453866,0.9496378838890773,1.1581729391549214,2.3163458783098427,0.012742018317729286,False
0x880ac484a1743862989a441d6d867238c7aa311c,7186,0.7663512385193432,0.29344470673688033,21234998.35068,-0.38373306477494024,-0.7674661295498805,-1.0538791676546753,-2.1077583353093505,-0.8915918121093748,-1.7831836242187495,0.011565548588912636,False
0xe2990ce029db870c805e90a1a8a1d8a1c52255d6,5017,1.0,0.37711779948176205,21112504.455679998,1.8666248826478364,3.733249765295673,1.4705553880553062,2.9411107761106123,-0.8269927775555979,-1.6539855551111957,0.011498832826986414,True
0x9f7caf9fba77b3295c6e63c79d503d4f6ed58f8b,8844,1.0,0.4739936680235187,18051165.70444,-0.9199679498072758,-1.8399358996145516,-1.7918971368161662,-3.5837942736323325,-2.1879006016881273,-4.3758012033762546,0.009831488121331963,True
0x856c35038594767646266bc7fd68dc26480e910d,9232,1.0,0.03650346620450606,16790128.5544,0.1426272230741655,0.285254446148331,0.08928013327323041,0.17856026654646082,1.3213999828395073,2.6427999656790147,0.009144669775959003,False
0xee162a5a60829bd346f0c1ac3514b21fe5f4b290,14431,0.9606402882683113,0.48849455384837337,15683033.184550002,2.0520179423890945,4.104035884778189,1.0897062526021937,2.1794125052043873,1.5146947309018353,3.0293894618036705,0.008541695145063855,True
0xbeccae9ffcb69e9d42a1d4e744abf8056149562d,3842,0.7722540343571057,0.47050893158072127,15443582.4725,1.2443634880815178,2.4887269761630355,0.6426588146577988,1.2853176293155977,0.334365336118475,0.66873067223695,0.00841127936639838,True
0x350e33a777d510616fbdb483d1de3b50d1edfcfb,4762,0.6362872742545149,0.46204620462046203,13230404.1839,-0.9025854357281963,-1.8051708714563925,-3.1686887938503223,-6.337377587700645,0.06476659593768015,0.1295331918753603,0.007205881531653073,False
0x5a7581618829f377a16be2338eabdd03fece0eaf,31068,0.8929123213595983,0.4837965466277351,12459084.13729,1.1356099330193088,2.2712198660386176,0.7277038725860013,1.4554077451720027,1.3947007867022911,2.7894015734045823,0.006785785455856362,True
0xfb22906e051b252edbfa18102fea82fecfbae4b9,20043,0.9693658633937036,0.4531370631530187,12287363.739939999,-0.5608388855562323,-1.1216777711124646,-1.708411984494421,-3.416823968988842,-1.6233893546849634,-3.2467787093699267,0.006692258695624933,True
0xfba7c3e68638fda0a13994ddb6733cbd016ec826,5993,0.4423494076422493,0.3534515277253867,11931935.239640001,-0.16217684219216444,-0.3243536843843289,0.6960761892732363,1.3921523785464727,3.335495302281743,6.670990604563486,0.006498676123956292,False
0x783612113a081ec1960ce7fd0d2820c310b00131,2791,0.556431386599785,0.45396007726980037,11012246.79859,-0.5774995062782824,-1.1549990125565648,-1.463839527120638,-2.927679054241276,1.9885056898782312,3.9770113797564624,0.005997771853752548,False
0x5fffee2555a15899ad656c1a80f1b35cd0b2c0c1,6480,1.0,0.44305555555555554,10905328.53486,0.8574044030311428,1.7148088060622857,0.38266820002220475,0.7653364000444095,1.6932882981164972,3.3865765962329943,0.005939539290990333,True
0xaf9f722a676230cc44045efe26fe9a85801ca4fa,1311,0.919908466819222,0.48507462686567165,10824151.85261,3.397675442060859,6.795350884121718,1.509886112673691,3.019772225347382,2.0929409881503824,4.185881976300765,0.005895326767525784,True
0xae7a0f9f663bb54bfe95378c7e3de7dd6e28d6bc,38556,1.0,0.431917211328976,10791197.282359999,-0.24544609006411267,-0.49089218012822533,-0.6762441923365455,-1.352488384673091,-1.066896825612738,-2.133793651225476,0.005877378205573533,True
0xd6e56265890b76413d1d527eb9b75e334c0c5b42,4054,1.0,0.3431179082387765,10337410.06667,-1.3358681687672211,-2.6717363375344423,-2.5534267859864586,-5.106853571972917,0.3073040201398754,0.6146080402797508,0.005630224991553058,True
0x48ea62a2cc8391fbbe210e8ee89db573a8ec145f,1748,0.9576659038901602,0.46893667861409793,10048448.16447,2.5497653243696563,5.099530648739313,3.089484689111531,6.178969378223062,2.4096146612576574,4.819229322515315,0.005472843160622438,True
0xa38f19c4ccbcfd64cff676d72c436f7e6239dccf,11280,0.9017730496453901,0.4666732206055839,9572106.25597,0.9661451658132335,1.932290331626467,0.7353506315926932,1.4707012631853864,0.26545965764396157,0.5309193152879231,0.005213405632221795,True
0x3bcae23e8c380dab4732e9a159c0456f12d866f3,9530,0.14805876180482686,0.0063784549964564135,8725340.85014,0.04274685950958407,0.08549371901916814,-1.320435740053479,-2.640871480106958,2.621755330676914,5.243510661353828,0.004752218572877212,False
0xfc667adba8d4837586078f4fdcdc29804337ca06,23334,0.76874946430102,0.03735087523692719,8655214.048880002,-0.25625922650315647,-0.5125184530063129,-0.9038308662224618,-1.8076617324449236,-0.254169361025433,-0.508338722050866,0.004714024318563481,False
0x80196a7475464e06de641df6c66e6e278cd364d5,7320,0.13975409836065575,0.45552297165200395,8238238.31679,7.000667632557166,14.001335265114331,5.668901658885931,11.337803317771861,8.9362597874959,17.8725195749918,0.004486920317412009,False
0xe86b057f5eb764c9738d6b0d38170befd0723664,2897,1.0,0.44218156713841905,8198160.362049999,1.505492912206908,3.010985824413816,0.5641700281191203,1.1283400562382406,0.869497914765307,1.738995829530614,0.004465092035382739,True
0xa95db61bd736644051f14c644c92b93a63ce8242,23111,1.0,0.4447665613776989,7865061.41367,0.3000317755248493,0.6000635510496986,0.20154595499601358,0.40309190999202715,0.17280783986923154,0.3456156797384631,0.00428367115609733,True
0xde82f068fdf3bbf7e81e11c910331732ac8df60c,2268,0.5030864197530864,0.03593339176161259,7199560.4173099995,-0.5658176818450897,-1.1316353636901795,-5.533996445062282,-11.067992890124565,-17.354909255914023,-34.70981851182805,0.003921208961268627,False
0x7fdafde5cfb5465924316eced2d3715494c517d1,13763,0.7287655307709076,0.2937188434695912,7061951.875510001,0.04668114559645296,0.09336229119290591,-0.2509559257823283,-0.5019118515646566,0.019372016089059158,0.038744032178118316,0.0038462610733453707,False
0xb92bc2168abb8afc0092f1ed58cee85c77cf8f5a,3281,1.0,0.46510210301737276,6859947.76454,-1.0935126495445258,-2.1870252990890515,-1.4254875349132163,-2.8509750698264327,-1.8239980049832685,-3.647996009966537,0.0037362404214949865,True
0xde4247f0db1e4c32842049a1904bc733779f952b,3934,0.8673106253177427,0.0,6298914.026000001,-0.5657047199346004,-1.1314094398692007,-1.3968999235695567,-2.7937998471391134,-1.1764550368217768,-2.3529100736435535,0.003430675859824282,False
0xb1938cc3babe6cb8812c85a337829425e30de935,10257,0.9550550843326508,0.4526337280522662,6183543.68448,0.9297341703720843,1.8594683407441686,0.4613102907780433,0.9226205815560866,0.6630267583933941,1.3260535167867882,0.003367839910014741,True
0x8f8b4759dc93ca55bd6997df719f20f581f10f5c,8913,0.14484460899809268,0.308288148721921,6108239.2343,-1.286765951611073,-2.573531903222146,-3.015847572795837,-6.031695145591674,-3.3767253302596445,-6.753450660519289,0.003326825671956641,False
0xb11259b152b5c32eed8d788a0566775b57328c0c,5687,1.0,0.4561280112537366,5844566.391929999,-0.6898359538342609,-1.3796719076685218,-1.3932036447395644,-2.7864072894791287,-1.6972369092896222,-3.3944738185792445,0.0031832174163944605,True
0xd260b2216b735277da6771564a01c04856e78321,1278,1.0,0.0,5811120.0,0.05655338345330626,0.11310676690661252,-7.019405954211401,-14.038811908422803,-20.6038518218621,-41.2077036437242,0.0031650009859242488,False
0xaea391e34ce73d90a6944a5a4997d19cdd6e3467,2534,0.3516179952644041,0.3602693602693603,5767729.25323,0.17437313356960082,0.34874626713920165,-4.823651959401968,-9.647303918803935,-12.90757849495694,-25.81515698991388,0.0031413684062654153,False
0x48b1a8f92e403bc9dc7500b9cbcc4cadf35c7ac0,2098,0.6625357483317446,0.43597122302158275,5737862.8709700005,-0.580832288577079,-1.161664577154158,-1.218067376611432,-2.436134753222864,-1.9924189575392728,-3.9848379150785456,0.0031251018123387903,False
0x010461c14e146ac35fe42271bdc1134ee31c703a,12257,0.8353593864730359,0.48627795683172187,5611719.2869299995,-0.6741089571032765,-1.348217914206553,-1.517175860860614,-3.034351721721228,-0.7990919285564406,-1.5981838571128812,0.003056398263306139,True
0x31ca8395cf837de08b24da3f660e77761dfb974b,12423,0.8219431699267488,0.4737048281265302,5506330.0163199995,-0.5902779190378818,-1.1805558380757637,-1.4579809303285323,-2.9159618606570645,-0.4487779552284258,-0.8975559104568516,0.0029989984599314906,True
0xd83989ae5084a9b68ef52393f780249e0e597255,14284,0.017782133856062726,0.0,5202558.730970001,1.8478410553581532,3.6956821107163065,2.4633076381527363,4.926615276305473,-7.552145609768789,-15.104291219537577,0.0028335507635101087,False
0x9e2cbb5d800181c1ef21b25010dc4ea80eeb5508,1959,0.4267483409903012,0.05263157894736842,5192998.3587,-1.0296600619196217,-2.0593201238392433,-3.466519899939595,-6.93303979987919,4.9591069788313,9.9182139576626,0.0028283437487418095,False
0xd63c228ea09e4d999f5fb3ed7d3529756e3a724f,231,1.0,0.48917748917748916,5129875.367559999,4.694748926469492,9.389497852938984,5.545270208846968,11.090540417693935,9.717040390614748,19.434080781229497,0.0027939640888496394,True
0xe13c095580cf6fcb9c087308668062b76b4939e2,41524,0.9999036701666506,0.4836705202312138,4936926.526470001,0.23137289930292587,0.46274579860585174,0.25395559832437786,0.5079111966487557,0.2331339938224402,0.4662679876448804,0.0026888753499692193,True
0xc1914d36f97dc5557e4df26cbdab98e9c988ef37,948,1.0,0.42932489451476796,4933422.04048,4.068138285574673,8.136276571149345,-1.201641125885805,-2.40328225177161,0.3078425030354106,0.6156850060708212,0.0026869666470662485,True
0xcb525be5530b95a1f3b2056f380ad3be61a648ea,41444,0.9998552263295049,0.4799942082146822,4913984.566240001,0.1942942869590784,0.3885885739181568,0.3087914212728966,0.6175828425457932,0.20105269440375767,0.40210538880751534,0.002676380112089605,True
0x4fb31d5ffaa08be2128cb14485584d76eebef173,40592,0.999852187623177,0.4814960823929434,4841481.2690200005,0.23831915399519243,0.47663830799038487,0.16158890296095593,0.32317780592191186,0.14805665818525937,0.29611331637051874,0.0026368915096886803,True
0xbdd243d77a59a3b38d21bf61e78a6ba4702f2bbc,769,0.7243172951885566,0.0,4824465.89848,-1.4493794386339742,-2.8987588772679485,0.5140806750468794,1.0281613500937588,4.750676959223073,9.501353918446146,0.0026276241628545127,False
0x7d0c59691fec7f3fea385cdc3126c37a41d91b28,8710,1.0,0.4425947187141217,4524887.858870001,0.8884093325988112,1.7768186651976223,0.8711698760705229,1.7423397521410458,1.3353927751011978,2.6707855502023956,0.002464460299308948,True
0x6ba889db7f923622d3548f621ecc2054b80c1817,6321,0.9628223382376206,0.40190601380216895,4512190.25181,0.7017961416163597,1.4035922832327195,0.3286069196098493,0.6572138392196986,0.8635847235962554,1.7271694471925108,0.0024575446033908155,True
0x92c7d53dc3bac14722b281e74a3feba8f7ba040e,9411,0.2898735522261184,0.47580645161290325,4327433.778140001,8.021185305560849,16.042370611121697,4.997734803543206,9.995469607086411,7.00598545142051,14.01197090284102,0.0023569178014453324,False
0x69d1652ae43f819e7518f732b2ea6b1a8ad00336,13378,1.0,0.4775751233368216,4281236.16078,-0.12289291953532903,-0.24578583907065807,-0.2567659399165397,-0.5135318798330794,-0.5225680589908857,-1.0451361179817713,0.002331756472047255,True
0xa312114b5795dff9b8db50474dd57701aa78ad1e,6449,0.26159094433245467,0.01896858328393598,4279659.06221,-0.1915832557412222,-0.3831665114824444,-0.7401035214620104,-1.4802070429240208,1.1297630435768797,2.2595260871537595,0.002330897512237623,False
0x57964e8cce46385791b72b7570dc3da3ada16e56,4795,0.9049009384775808,0.4904355842359991,4264730.22113,-0.748367116715497,-1.496734233430994,-1.445556535937165,-2.89111307187433,-1.5412901861090595,-3.082580372218119,0.002322766584509938,True
0x666affb59f3c8099c1318f4387924e84ade4116d,806,0.7977667493796526,0.3203732503888025,4143941.243,0.28759409515310597,0.5751881903062119,3.342361328510855,6.68472265702171,12.65705636455665,25.3141127291133,0.002256979398069074,True
0x2025137a136bea7446deba681cbfc7cf1970840e,556,0.9856115107913669,0.49452554744525545,4143342.81986,14.981073846849656,29.96214769369931,5.082149156392135,10.16429831278427,26.26114561224121,52.52229122448242,0.00225665346953411,True
0x7e698eea0709e4a0dbbd790fc493d60691801157,1550,1.0,0.15161290322580645,3900611.9551000004,1.0643986169654154,2.1287972339308308,0.5118044853855711,1.0236089707711422,-1.2885864930964857,-2.5771729861929713,0.0021244511701013595,False
0x023a3d058020fb76cca98f01b3c48c8938a22355,2185,1.0,0.4649885583524027,3777585.9515799996,1.5930347439925365,3.186069487985073,0.2676421260420978,0.5352842520841956,1.0105835157783758,2.0211670315567516,0.0020574455976067074,True
0xffbd3e51ae0e2c4407434e157965c064f2a11628,2845,0.22636203866432336,0.38819875776397517,3774808.0853799996,-1.0473436874588686,-2.0946873749177373,-5.011368487584301,-10.022736975168602,3.308869567037325,6.61773913407465,0.0020559326449810923,False
0x4b66f4048a0a90fd5ff44abbe5d68332656b78b8,492,0.8780487804878049,0.0,3688847.7112000007,0.27599236282274664,0.5519847256454933,-1.741468845964186,-3.482937691928372,-3.596219538936241,-7.192439077872482,0.0020091147047165453,False
0xf9432d6e548de3502efb861b2026522f88cb206e,4038,0.9995047052996533,0.4950445986124876,3399350.78977,-0.6057840688084052,-1.2115681376168104,-1.2066591866656404,-2.413318373331281,-0.6896491246280665,-1.379298249256133,0.0018514414779120761,True
0xc926ddba8b7617dbc65712f20cf8e1b58b8598d3,2453,0.5405625764370159,0.47888386123680243,3287753.12429,-0.7414501304922259,-1.4829002609844517,-3.806723634134919,-7.613447268269838,-10.03317840574198,-20.06635681148396,0.0017906602995383643,False
0x176d00613b25712048b164d00f89d9c7861faffa,381,1.0,0.2965879265091863,3270030.0582600003,-0.06579170075799062,-0.13158340151598125,-2.397304268133486,-4.794608536266972,0.9611009237259445,1.922201847451889,0.001781007509463723,False
0x7585ca5118a3ec6abe5169af82cdf26d3da2aa00,2844,1.0,0.49824191279887486,3219917.8584200004,7.150314354686092,14.300628709372184,2.041445125788328,4.082890251576656,7.542200388601109,15.084400777202218,0.001753714119910516,True
0xe2af8f54b54dd85978147ec505b63a77bdbde205,2210,0.265158371040724,0.39931740614334466,3186251.48483,-0.6610281396235604,-1.3220562792471209,-1.4231155844772458,-2.8462311689544917,-9.76694177234466,-19.53388354468932,0.0017353778773953302,False
0x407afe1e87bf741293d47e562b107a633e678562,1520,0.5763157894736842,0.03196347031963476,3131577.23836,-0.833753635375841,-1.667507270751682,-1.8776193893595636,-3.7552387787191273,-1.4735404708727549,-2.9470809417455097,0.0017055997891813172,False
0xef5fdcefdb38803a654ee9f3539bed8058443d99,12239,0.9992646458043958,0.49484873262469337,2998702.2103,0.6807378024113404,1.3614756048226808,0.10668773486745024,0.21337546973490049,0.6589013360316797,1.3178026720633593,0.0016332299887272545,True
0x9380413d90fdd69bc8590875e002475336aa7e79,4181,1.0,0.47572351112174116,2990364.8415,-0.9276066099120077,-1.8552132198240154,-1.6785395062754365,-3.357079012550873,-2.2442405317227045,-4.488481063445409,0.0016286890774275373,True
0x4d745b9a4181c3a676c4d2229a0db70524e6129a,4886,1.0,0.4693000409332787,2941605.7311000004,-0.6280524660641277,-1.2561049321282554,-1.1425724350696265,-2.285144870139253,-1.6712893522921577,-3.3425787045843154,0.001602132642095142,True
0x08a49e7f7133577aa942f1c24119ff1c6797126d,971,0.4685890834191555,0.47912087912087914,2882319.28084,4.658590084208806,9.317180168417613,0.6460875599106326,1.2921751198212652,2.125088356325377,4.250176712650754,0.0015698425373434162,False
0xc9e839a529d1a3a46e2b48d20c461d4afecb72e4,442,0.5294117647058824,0.1709401709401709,2774013.67455,-0.8466215618247735,-1.693243123649547,0.1520381017729326,0.3040762035458652,2.002978558223861,4.005957116447722,0.0015108543645490195,False
0xe67f141977da22e5c34d15c19b35f180a1532715,3532,0.47791619479048697,0.38625592417061616,2715730.3210899998,-0.5227666115106862,-1.0455332230213723,1.6330211445789322,3.2660422891578644,-1.8815245979932407,-3.7630491959864814,0.0014791105920638752,False
0x9447857d86af4078afec6cc65d5f41f098e97f26,3279,0.23787740164684354,0.35,2713490.60002,-0.949149918424718,-1.898299836849436,-1.6933334764693826,-3.386666952938765,1.11645507501085,2.2329101500217,0.0014778907378198145,False
0x61ceef212ff4a86933c69fb6aca2fe35d8f2a62b,1119,0.4352100089365505,0.0,2702224.55549,-0.7346583226839788,-1.4693166453679576,-5.861508020647522,-11.723016041295043,-10.363602973260123,-20.727205946520247,0.0014717547361463136,False
0xb2b1d1a7a034d9209a627e754ebb8d24988ca23a,1212,1.0,0.46864686468646866,2695602.5804999997,3.32290792506307,6.64581585012614,-1.5195157270747945,-3.039031454149589,-1.6155516632088653,-3.2311033264177307,0.00146814810655131,True
0x0c4926daf1250b8da7b9fc339f304d923b94d346,2308,1.0,0.3500866551126517,2693104.58803,-0.17086625590151083,-0.34173251180302167,-0.260473458084308,-0.520946916168616,0.12428598199351075,0.2485719639870215,0.0014667875859235514,True
0x8b91b9508d13a756c80e180edcbc3161ac40a15b,1913,1.0,0.46001045478306324,2582651.06306,-1.1479915793879973,-2.2959831587759947,-1.3539479413008637,-2.7078958826017274,-1.3821433590028245,-2.764286718005649,0.0014066295586536175,True
0x469e9a7f624b04c24f0e64edf8d8a277e6bf58a5,385,0.974025974025974,0.2986666666666667,2550619.38308,0.5363994778980943,1.0727989557961886,0.7387159608138748,1.4774319216277496,8.99183823939204,17.98367647878408,0.0013891836448336463,False
0xe912cac1a6641004a8803687ee7699227fdb0550,1604,0.14962593516209477,0.18333333333333332,2541423.15417,-1.34479310844382,-2.68958621688764,-7.0656134700421696,-14.131226940084339,0.13372155835132749,0.26744311670265497,0.0013841749591470773,False
0xca230e816bdb34a46960c2f978a30a563d1ae9e0,9017,0.11589220361539315,0.09569377990430628,2510014.89535,0.6154244512094674,1.2308489024189349,-0.35342009992130086,-0.7068401998426017,2.085545298183118,4.171090596366236,0.0013670685889238736,False
0x3a6998b1ac408768bdcbd075789c03c610c2bbed,1480,0.2891891891891892,0.4088785046728972,2429141.11129,-1.2585802847302037,-2.5171605694604073,-5.3403404353698045,-10.680680870739609,-3.138164705603773,-6.276329411207546,0.0013230210376281983,False
0xcefd7652228a8619d0af5b95389cd49387cd30e0,490,0.8979591836734694,0.4795454545454545,2372566.78021,-1.0356241175392935,-2.071248235078587,0.9679071546266181,1.9358143092532363,-1.2554745678856685,-2.510949135771337,0.0012922080766764015,True
0xfd97600ac44b3c4e20ac1a5f23e3b18d10fa5912,601,0.49417637271214643,0.0,2261240.74564,0.7386504402996141,1.4773008805992283,5.608890802446758,11.217781604893515,7.142638030307278,14.285276060614557,0.001231574840884835,False
0x51f63885534cb494f4592a0311551f369bff2b39,2700,1.0,0.052592592592592594,2224940.63217,-0.3404616210887144,-0.6809232421774288,-0.6382543802284629,-1.2765087604569259,-0.6604693141495633,-1.3209386282991267,0.0012118041435112289,False
0xdc7e0217ebef8dd5726dbad6de202ee87b10d4a0,1479,0.3116970926301555,0.34056399132321036,2167758.84258,-0.965919717394026,-1.931839434788052,-2.1679838770347954,-4.335967754069591,-6.257680063143204,-12.515360126286408,0.0011806603329498804,False
0x2528357668fab49b061ed7ca200e7db1bcccd27c,1860,0.33064516129032256,0.24878048780487805,2061931.3632,-0.2996170265225032,-0.5992340530450064,-3.2522170802229424,-6.504434160445885,-27.646081668251366,-55.29216333650273,0.0011230218610932367,False
0x0ed94196b7cf3a2108699497e22b087675aeaea9,1240,0.34919354838709676,0.0,2024291.74602,0.878795991670233,1.757591983340466,4.804071754730858,9.608143509461716,3.226213677137965,6.45242735427593,0.0011025216089069953,False
0xd064091d94a9b308e4d5d998d4baae98aab8d887,1234,0.260129659643436,0.4392523364485981,2012874.2451199999,-0.2019405039688265,-0.403881007937653,-4.24486004669457,-8.48972009338914,-2.056217241669846,-4.112434483339692,0.0010963031171867606,False
0xf1c0dab1ff187f1dc13482cb675f54b8be362a5c,554,0.7671480144404332,0.0,2004218.8017900002,0.20744031214676356,0.4148806242935271,-0.8107930179892401,-1.6215860359784802,-4.509301067430298,-9.018602134860595,0.0010915889679912422,False
0x2b23d15bd4da0905f1b2dc5b9a3d8d4d0875914f,12274,0.16824181196024116,0.4571428571428572,1993669.5751399999,0.41805299553687963,0.8361059910737593,-0.2679123578543557,-0.5358247157087114,1.2829807372554896,2.565961474510979,0.0010858433780278635,False
0xd83516572789f1c782c8298efce58a5600318fd7,423,0.475177304964539,0.0,1973584.928,0.37535536602725356,0.7507107320545071,1.5502842928221043,3.1005685856442087,10.372245913291128,20.744491826582255,0.0010749043631735772,False
0xb250ad89208f50f255dde9a7d540bd84b37b56da,320,0.9125,0.09589041095890416,1952070.0034400001,-0.3887746172972855,-0.777549234594571,-10.416973731467781,-20.833947462935562,-32.58306753485109,-65.16613506970218,0.001063186354004177,False
0x17c3c8fdbcb7d1b240ce08965e09b1fc91cba868,1750,0.5188571428571429,0.4581497797356828,1912597.1097700002,-0.49177183936666163,-0.9835436787333233,0.29743156429526296,0.5948631285905259,2.260782526124328,4.521565052248656,0.0010416876158292926,False
0xd0254dd9c10498b256b6ec3bd8de37a9ba4329de,374,0.606951871657754,0.44052863436123346,1886388.7819500002,2.111724081834537,4.223448163669074,4.372268829130444,8.744537658260889,0.03039307884028084,0.06078615768056168,0.001027413365187467,False
0xd47587702a91731dc1089b5db0932cf820151a91,8787,0.44201661545464893,0.0,1883640.49133,-0.7030860267870457,-1.4061720535740914,-1.1435945316232417,-2.2871890632464833,-0.7598326584873569,-1.5196653169747139,0.0010259165207716046,False
0x1b54752e707ff5888dd99161c418233043187a38,1287,0.9961149961149961,0.3775351014040562,1869897.37568,-0.761670248030787,-1.523340496061574,-1.0732960729295682,-2.1465921458591364,-0.8959090509763353,-1.7918181019526707,0.0010184313931917367,True
0xce75bb6f341975d377e7b68c7638a6f9d52f6885,541,0.6728280961182994,0.22527472527472528,1801184.3181000003,-1.1912623656407688,-2.3825247312815376,-9.170940018761037,-18.341880037522074,-14.176945405506943,-28.353890811013887,0.0009810071281642432,False
0x4337a241dd81f774017db547c789f067f68f8501,2056,0.6512645914396887,0.4958924570575056,1782991.28719,-0.9220671741342437,-1.8441343482684873,-1.906242939070001,-3.812485878140002,-4.494473478872011,-8.988946957744021,0.000971098373781766,False
0x1643e9aba4fcfb4e8c1a887090239e34f488cad6,809,0.9542645241038319,0.4689119170984456,1775576.56094,3.1821833310111844,6.364366662022369,2.8688523935953576,5.737704787190715,3.7149060717840277,7.429812143568055,0.0009670599756947176,True
0x920fa68300c8aa95c4563e0daf79a0b0e51f0cfe,278,0.7589928057553957,0.17061611374407584,1769444.32467,-0.1341099091656117,-0.2682198183312234,-1.9621040751481738,-3.9242081502963475,4.146628470043733,8.293256940087465,0.0009637200801426604,False
0xb8879a2c3712b5bbad02396d787dec7d564799d6,418,0.7511961722488039,0.4585987261146497,1764911.6370899999,-0.28514520487109274,-0.5702904097421855,-5.806064036340854,-11.612128072681708,-8.922351347316788,-17.844702694633575,0.0009612513717594938,True
0x93aa4f45f8e795b81ec48b5d613302f135020d88,1515,0.2165016501650165,0.5,1748882.93443,-0.8357832626408054,-1.6715665252816108,-2.9736785609460408,-5.9473571218920815,-0.009082220117545673,-0.018164440235091346,0.0009525214092527849,False
0x308fd47d492cf32d0f504c2a3e82bc25583b455b,710,0.35492957746478876,0.376984126984127,1654135.0710399998,0.32579803349506054,0.6515960669901211,-2.756526805104958,-5.513053610209916,-10.389769332127845,-20.77953866425569,0.000900917401584114,False
0x68a24ccf099422806f1e73248517f3389c29c104,1744,0.17603211009174313,0.2052117263843648,1598770.11591,-1.1074578863824798,-2.2149157727649595,-5.02022328540828,-10.04044657081656,-7.7306546749863365,-15.461309349972673,0.0008707631219319813,False
0x5e3d62837069ceb0c75bd5243eee26fd0760dfb1,776,0.5966494845360825,0.25053995680345575,1586024.94464,-0.020380236485063725,-0.04076047297012745,-0.5827750249815863,-1.1655500499631726,0.2792354394637295,0.558470878927459,0.0008638215203757712,False
0x81f6b887657b679d9e23153ffcd703e111010240,1010,0.41485148514851483,0.41766109785202865,1583356.67413,-0.3437189021096394,-0.6874378042192788,-1.5544566519220173,-3.1089133038440346,2.0858781511448448,4.1717563022896895,0.000862368258561377,False
0xe2823659be02e0f48a4660e4da008b5e1abfdf29,252,0.9920634920634921,0.0,1577540.30871,-2.937780413439211,-5.875560826878422,-8.114905996129417,-16.229811992258835,-26.611881320449317,-53.223762640898634,0.0008592004006804873,False
0x0aa0904b9670c1d5729d4e949a0514bed198d239,864,0.3587962962962963,0.4774193548387097,1566949.6803799998,-0.9501792843724461,-1.9003585687448923,-3.9564757485606226,-7.912951497121245,-13.515564335568238,-27.031128671136475,0.0008534322614739303,False
0xeb9391195e31aee7bd1d4a33afc36acb67b5b3ec,3311,0.5415282392026578,0.4422755158951478,1546129.4348199998,2.3978716907291986,4.795743381458397,-5.069491418280806,-10.138982836561611,4.9711900161871725,9.942380032374345,0.0008420926061708932,False
0x15271757b398cd1d3d7cca05c4f7b0c159afa7c2,597,0.4221105527638191,0.3373015873015873,1517788.28309,-0.023492652621514752,-0.046985305243029504,-4.322797068347795,-8.64559413669559,-4.971181526991767,-9.942363053983534,0.0008266567223537154,False
0xcac19662ec88d23fa1c81ac0e8570b0cf2ff26b3,12815,0.3169722980881779,0.17355982274741508,1514489.3538999998,-0.7393565360299674,-1.4787130720599349,-0.9994933446371402,-1.9989866892742805,-0.0558082060461281,-0.1116164120922562,0.0008248599750590726,False
0xa8cde6a19789e4d7964ce0e3da14aa29291d7275,1112,0.30305755395683454,0.3560830860534125,1514470.3212000001,-2.3008842483575793,-4.601768496715159,-0.23608413937017758,-0.47216827874035516,-21.095617714719126,-42.19123542943825,0.0008248496089826082,False
0x02159593e155250288a7a1dd5257fc217601ceee,1044,0.9770114942528736,0.41666666666666663,1513437.41963,-0.409191114688444,-0.818382229376888,-2.0698652195761342,-4.1397304391522685,-1.8205414151376875,-3.641082830275375,0.0008242870436789467,True
0x519c721de735f7c9e6146d167852e60d60496a47,8566,0.0029185150595377072,0.0,1486790.7556200004,1.7530236644027344,3.5060473288054688,-9.518800045395205,-19.03760009079041,-32.81941271457974,-65.63882542915948,0.000809774055156383,False
0x8d0e342e0524392d035fb37461c6f5813ff59244,2393,0.11533639782699541,0.25724637681159424,1475733.155,-1.3420877457799176,-2.6841754915598353,-7.7099360076959815,-15.419872015391963,3.2625615759626174,6.525123151925235,0.0008037515815429904,False
0xc3b1951ceffdcaf25640cb37ce1d6cf125579a03,1368,0.24780701754385964,0.49557522123893805,1475599.74442,-0.6486859324266117,-1.2973718648532233,0.7709490904830408,1.5418981809660817,3.7619793649720634,7.523958729944127,0.0008036789200565243,False
0xf653bc346b6c40bf491de926267f33e9511b18bb,684,0.4692982456140351,0.4610591900311527,1460081.2523999999,-0.43601178788947054,-0.8720235757789411,1.831865870492157,3.663731740984314,-0.543069641253473,-1.086139282506946,0.000795226841534078,False
0x217d452b93dd9d369d4242c744da5484e59db312,2119,0.999056158565361,0.48228625413320736,1430646.1054500001,-0.9275127847624497,-1.8550255695248994,-2.2409929492103826,-4.481985898420765,-1.502944439396305,-3.00588887879261,0.0007791951180250859,True
0x25c256f6437de6e9ba2c0ded33b87d99bd9de8db,595,0.5159663865546219,0.0,1414833.6111599999,-0.6466299408313096,-1.2932598816626193,-0.5752619893081645,-1.150523978616329,-2.5367656823928773,-5.0735313647857545,0.0007705829124575236,False
0xb714cfe23ea4905a724e18efd6be7b29440f7d77,580,1.0,0.4689655172413793,1404849.74752,-0.6482005247454014,-1.2964010494908027,-1.048817165842418,-2.097634331684836,3.45014987754811,6.90029975509622,0.0007651452449745027,True
0xb568c358a5c7424875d907610af2eb936823a27a,613,0.2969004893964111,0.0,1390856.0849000001,-2.551652543245355,-5.10330508649071,-3.788894204314293,-7.577788408628586,-8.029364004617543,-16.058728009235086,0.0007575236580878111,False
0x2cd991f48ba31536a96b772536a1daaaedf150ae,181,1.0,0.0,1369052.34628,0.7883202360488588,1.5766404720977176,-49.296072925071805,-98.59214585014361,-43.57213124258262,-87.14426248516524,0.000745648347609085,False
0x3a4b8a23b751d08ac94b873c7f316b8e4f278794,158,0.9873417721518988,0.0,1339038.63383,-1.4525659966955238,-2.9051319933910476,-4.695954267111312,-9.391908534222624,4.764160794497473,9.528321588994945,0.0007293015109415413,False
0x7a420aebedabd3b8f6c7a3e1df73924c71194bac,1035,0.11884057971014493,0.0,1338460.47793,1.365063858521552,2.730127717043104,9.233859294976007,18.467718589952014,-5.881995295422387,-11.763990590844774,0.0007289866208698309,False
0x0a391e4fbc2098dc4aab762880e510049dd66312,728,0.37774725274725274,0.3927272727272727,1325167.43393,-0.3532830586503318,-0.7065661173006637,-0.5489482762696476,-1.0978965525392952,-1.5049429466470776,-3.0098858932941552,0.000721746622837449,False
0x2373aacf6737fb2344e17175b9c0e1f20c78d9f7,160,1.0,0.30000000000000004,1314980.0,0.15546270438976018,0.31092540877952035,-4.042771257414655,-8.08554251482931,-44.684742976190115,-89.36948595238023,0.0007161980816900474,True
0x8a0cd16a004e21e04936a0a01c6f5a49ff937914,1094,0.35191956124314444,0.24415584415584415,1307633.2891199999,-0.4613607499438951,-0.9227214998877902,-3.0698064440925843,-6.139612888185169,-6.805487228417621,-13.610974456835242,0.0007121967278755503,False
0x7c66c48744c45dc34feec11be75634f39ee8d923,295,0.711864406779661,0.3761904761904762,1295574.13351,-1.9995682813833604,-3.999136562766721,-7.6189344148676765,-15.237868829735353,-9.361408380090383,-18.722816760180766,0.0007056287617356214,True
0x40f20b734d7d25ba0b6219e921382fa992a56a9e,523,0.44550669216061184,0.41201716738197425,1284670.3161999998,-1.3215202176853855,-2.643040435370771,1.6839535010876008,3.3679070021752016,-21.81816956162991,-43.63633912325982,0.0006996900455266137,False
0x42704bd3683a5dfb940ea3fe56ea76d20a58489e,251,0.3705179282868526,0.25806451612903225,1283358.4432400002,0.600366545735059,1.200733091470118,0.4363049053955716,0.8726098107911432,4.96491899086409,9.92983798172818,0.000698975539680614,False
0x35f11d72d09fce228a4d59622c3265eecc7c0309,150,1.0,0.0,1267240.96296,-0.6557469323428083,-1.3114938646856167,2.5019700551612627,5.003940110322525,5.043341213553714,10.086682427107428,0.0006901972248330776,False
0x0560d81e0d3ad01c640684306bed3e46717aa24d,1750,0.09885714285714285,0.42196531791907516,1260374.60553,-4.2222703765990675,-8.444540753198135,-2.002799853538907,-4.005599707077814,3.0282230660214036,6.056446132042807,0.0006864574934154408,False
0x7a7da855c61ba2326decf722691c6e2d14a50344,1305,1.0,0.10344827586206896,1247605.64645,-1.285120482191188,-2.570240964382376,-2.2826039427451588,-4.5652078854903175,-4.672961997928416,-9.345923995856833,0.0006795029359329887,False
0x5cf2cc2c71231c23cd5c5a008b9339da33f0fa57,591,0.560067681895093,0.0,1236211.88423,-1.21128216559372,-2.42256433118744,-2.6690065359651944,-5.338013071930389,-8.597142252296983,-17.194284504593966,0.0006732973733805572,False
0xa1e9ee35e782b0c8578358ac16965436992e0e0a,414,0.9033816425120773,0.48930481283422456,1230067.1364799999,-0.5016041518327464,-1.0032083036654929,-3.8856353698493593,-7.771270739698719,-1.8661331035031807,-3.7322662070063615,0.0006699506635058675,True
0xcb2363421221db0ef30f083b8f98f7f57a841327,469,0.44776119402985076,0.319047619047619,1222126.8668,1.5666173095017641,3.1332346190035283,1.1546663497698717,2.3093326995397434,4.634988009520117,9.269976019040234,0.0006656260304978237,False
0x27bb7b14657bb5bf19c5fd47266db9c0be155735,507,0.42998027613412226,0.39908256880733944,1219922.4908899998,-2.8955144289637826,-5.791028857927565,0.9408371356562107,1.8816742713124215,9.389064174141641,18.778128348283282,0.0006644254268399233,False
0xc26cbb6483229e0d0f9a1cab675271eda535b8f4,347,0.7435158501440923,0.0,1189332.02012,-0.45139578389716967,-0.9027915677943393,2.60816208979502,5.21632417959004,7.785474643986968,15.570949287973937,0.0006477644612864781,False
0xa6e2dc44418f5ad213c86db4dbb203a59d13c49f,5526,0.07509952949692364,0.0,1183461.72673,0.08746353718161687,0.17492707436323374,2.0968580192862722,4.1937160385725445,3.0582116377132116,6.116423275426423,0.0006445672317735762,False
0x7df034b39420cb594128b3428c501dae8176ceb3,496,0.25806451612903225,0.0,1178975.16641,1.075094055659865,2.15018811131973,6.738860341016535,13.47772068203307,5.701656979050208,11.403313958100416,0.0006421236463999806,False
0xa180e7a0dd22d55e09a4c439e7bb2ae3c91dc0b7,755,0.4821192052980132,0.2637362637362637,1159218.0221199999,1.1696476436040242,2.3392952872080484,-1.589037984614511,-3.178075969229022,1.590987356361721,3.181974712723442,0.0006313630045345747,False
0x1401119ae23eaec2108e64f22e0937a713d1ba3e,5996,0.9783188792528352,0.47749744289123763,1154608.10815,0.9438901081484324,1.8877802162968649,0.7756999021939515,1.551399804387903,0.8334058334904392,1.6668116669808783,0.0006288522351372681,True
0x7ab12f7a0925ef24927343d47199e75a91fc78aa,743,0.39300134589502017,0.4212328767123288,1121751.28612,0.5844915572696533,1.1689831145393066,-1.644586378480027,-3.289172756960054,-1.2602529159247153,-2.5205058318494307,0.0006109569113237369,False
0x39a04e90140793ec048323284425cd2ff53480d6,252,0.8412698412698413,0.3632075471698113,1118901.3717,-1.9496077031128647,-3.8992154062257294,-1.8299172005630437,-3.6598344011260875,1.8845016703000552,3.7690033406001104,0.00060940471795153,True
0x5eba2457097b31eaab734b2592bdfe3d5d21a960,849,0.23439340400471143,0.09547738693467334,1113105.16518,0.36605988553583635,0.7321197710716727,1.3162439593766924,2.6324879187533847,16.167374525538488,32.334749051076976,0.0006062478395269886,False
0xad572a7894c7b0ba4db67c2a7602dd3376d4f094,586,0.9283276450511946,0.3253676470588235,1107844.04043,0.8590425388569249,1.7180850777138499,-1.3039915950792924,-2.607983190158585,3.426981218411232,6.853962436822464,0.0006033823910384321,True
0x6049ddfd35e4d9098a6367e36023f2a36792b642,654,0.4923547400611621,0.36645962732919257,1087590.0616600001,0.13061266667391305,0.2612253333478261,0.7241715953974348,1.4483431907948696,0.6619195727306435,1.323839145461287,0.0005923511504555602,False
0xa8123bfb8301ebcd78c41d90e1ce9d3107ff1823,911,0.9901207464324918,0.41685144124168516,1084535.82594,-0.7292678696041565,-1.458535739208313,-1.1997770057051274,-2.3995540114102547,-1.6971074340557826,-3.394214868111565,0.0005906876743846744,True
0xa5e2bd7b68286434cec5004d04d0dbfdd98b4a3a,338,0.591715976331361,0.0,1081613.60341,-1.0071149558665207,-2.0142299117330413,-2.6026357969746816,-5.205271593949363,-8.434859039614036,-16.869718079228072,0.0005890960987179286,False
0xc1fce740d83a60de67d039aa927a678ff78c202f,1387,0.6128334534967556,0.47411764705882353,1079739.0274800002,1.3110511484576746,2.622102296915349,2.3911313452154666,4.782262690430933,3.6576943443345997,7.3153886886691994,0.0005880751191706745,False
0xe383e214bd4b32a9ef9cf688ee98976b57f6c9c6,1002,0.2894211576846307,0.43103448275862066,1079056.89855,-0.6747889574698234,-1.3495779149396467,-3.364634898209543,-6.729269796419086,0.0764809651617662,0.1529619303235324,0.0005877036006448176,False
0xfe7adaf3fac1fb7873f7aafbe21c0c7e83ea3bcb,275,0.7490909090909091,0.09708737864077666,1072354.7951,1.0010914282436054,2.002182856487211,-14.069310761887191,-28.138621523774383,-8.602566326984032,-17.205132653968064,0.0005840533294359944,False
0x2b796a3b531cae1195545ea2f023bfebddb9aaae,2994,0.22177688710754842,0.1430722891566265,1070409.25126,0.7884418951666765,1.576883790333353,-2.8328114985453134,-5.665622997090627,6.788210281119063,13.576420562238127,0.0005829936975282453,False
0x16c95227d8442946c1c152bc8ea16a37ebe1a282,1231,0.9991876523151909,0.37479674796747964,1066938.43787,-0.2976548734915703,-0.5953097469831407,-0.09460102200072446,-0.1892020440014489,-1.3930375790301281,-2.7860751580602563,0.0005811033342589773,True
0x6f1d35664eab0efa5a796091c28d14f1472d3162,2523,0.12445501387237416,0.37898089171974525,1054237.84369,0.09351303224127197,0.18702606448254394,-0.8327693089570627,-1.6655386179141254,0.1583642986983146,0.3167285973966292,0.0005741860114190559,False
0x6daec5ff434924e0839358e710e6ae5f158590de,240,0.525,0.0,1035932.76341,-1.4137393270590883,-2.8274786541181767,-0.37835991556058446,-0.7567198311211689,-1.832087646253884,-3.664175292507768,0.0005642162298393221,False
0x929781596752e22382e604ab7d38e4f159334383,441,0.36961451247165533,0.06748466257668717,982951.5708,-1.7629174013899818,-3.5258348027799635,-13.724317988495358,-27.448635976990715,-4.446778536087028,-8.893557072174056,0.0005353602559743714,False
0xbb2a3c1f71a033c6c9badb8ad4df02fc2b61dddb,436,0.4334862385321101,0.4444444444444444,982141.72776,0.3655860470887146,0.7311720941774292,-1.588869802055619,-3.177739604111238,-7.849428805480718,-15.698857610961436,0.0005349191785194154,False
0x75ec3ba266176e733f1b1fdaa15052f5eff724b8,424,0.6650943396226415,0.0,973335.75071,0.1012108427159185,0.202421685431837,-6.919874051900903,-13.839748103801806,-2.1015478502306757,-4.203095700461351,0.0005301230417944337,False
0x0954c1dd1d3d19ea69e53163e95749dd350cf532,562,0.31316725978647686,0.42045454545454547,962687.84526,-1.4304511949138434,-2.860902389827687,0.9250352677174657,1.8500705354349314,-4.598815341894714,-9.197630683789429,0.0005243237068560261,False
0xc0e29d686084dcf72331f37f326cf7a8c99b3c87,557,0.5403949730700179,0.06644518272425248,961752.658,-1.3790716879842502,-2.7581433759685003,-7.83035662467716,-15.66071324935432,-8.15768662575523,-16.31537325151046,0.0005238143612221512,False
0x1a34227804c280126502eb32505460949466889b,556,0.49280575539568344,0.12773722627737227,956482.96147,1.9983015786690053,3.9966031573380105,-3.7979092813807105,-7.595818562761421,2.3005610030580375,4.601122006116075,0.0005209442441512644,False
0x248ee78390f5505d34f36ce2df87d79fbcdb6be2,85,0.8470588235294118,0.0,948356.9762599999,2.0686417913226194,4.137283582645239,2.5932188339634137,5.186437667926827,9.238236623115357,18.476473246230714,0.0005165184619954569,False
0xe528531fc82ab104397fe06c550f0bb00720e0ab,640,0.5875,0.22872340425531912,942320.75985,-1.3632795379157125,-2.726559075831425,-3.6107426471484536,-7.221485294296907,-5.942058607533193,-11.884117215066386,0.0005132308632384355,False
0x3440f23a87f1950e7a88cd248fd270e92d1132c5,1341,1.0,0.4190902311707681,931795.1610099999,-0.6840796789153379,-1.3681593578306759,-0.6327950861950624,-1.2655901723901248,-1.6253230761236208,-3.2506461522472416,0.0005074981420580015,True
0xa0580a130ca644dbef1bf397fe373f66c3ad83e9,238,0.7478991596638656,0.42134831460674155,930672.03895,-2.93255477225068,-5.86510954450136,-2.038396798081108,-4.076793596162216,-2.4977050229718922,-4.9954100459437845,0.0005068864385607045,True
0x4cb5f4d145cd16460932bbb9b871bb6fd5db97e3,5746,0.05255830142707971,0.0,929746.5938400001,0.22060675280285363,0.44121350560570727,1.6274043652805126,3.254808730561025,-0.9311964045372796,-1.8623928090745592,0.00050638239894604,False
0xcc982ae47f0d3ca2d26728bc0aea49e60e42e9db,2379,0.0664144598570828,0.46835443037974683,927436.6079599999,1.64617379027732,3.29234758055464,-3.3209272869145634,-6.641854573829127,3.70394911698285,7.4078982339657,0.0005051242752818116,False
0x2a8508d2fd2941ac9c027a4dd6642d87a6973fd2,1832,0.1091703056768559,0.28,923329.87871,-0.3223783961357266,-0.6447567922714532,2.035504970945959,4.071009941891918,-7.002705409716786,-14.005410819433571,0.0005028875632322972,False
0x223363b848da0272a08781d08f7678530d7238db,452,0.4778761061946903,0.06018518518518523,913465.6789600002,0.21335816147430287,0.42671632294860573,2.491960488823404,4.983920977646808,-3.4783483655522045,-6.956696731104409,0.0004975150701614085,False
0xbd697846b0911baeba002a56bdc16f1f332d45fb,917,0.3500545256270447,0.13084112149532712,910319.5031900001,-0.22505360490718346,-0.4501072098143669,3.7058599982972176,7.411719996594435,7.083752422753191,14.167504845506382,0.0004958015193460852,False
0xca8ed22b06357187495ce50630407be13a55507d,2282,0.058720420683610865,0.0,908082.56,-0.8613065609307393,-1.7226131218614786,-1.2324722086802846,-2.4649444173605692,-33.997308206782996,-67.99461641356599,0.0004945831780621663,False
0x782e432267376f377585fc78092d998f8442ab83,181,1.0,0.0,890274.0787999999,-0.477749264460771,-0.955498528921542,-5.606446013829699,-11.212892027659398,-1.3615579374968774,-2.7231158749937547,0.00048488386699032233,False
0xde1a827bd881a2a5b677b28a0600e39251c7251a,1689,0.7377146240378922,0.1918138041733547,878148.10738,-0.8536074624175085,-1.707214924835017,0.6086174400317508,1.2172348800635016,2.515480807234223,5.030961614468446,0.00047827950991292777,False
0x07fd993f0fa3a185f7207adccd29f7a87404689d,179,1.0,0.2960893854748603,840405.6715800001,2.4612140428151137,4.922428085630227,-4.562150864503697,-9.124301729007394,1.5571220285342668,3.1142440570685337,0.0004577232580168764,False
0xc8c49a444442eabcc8391ae908b1a8bfc991a0ff,145,0.8137931034482758,0.0,825346.83344,-0.44525545345155876,-0.8905109069031175,0.30890026658195724,0.6178005331639145,2.214505805407026,4.429011610814052,0.00044952152796140103,False
0xb33b01c9821a99d3d4ec14b1c9a2197524b9af97,1124,0.07384341637010676,0.0,822900.0000000001,-10.660212852869813,-21.320425705739627,-3.087816083875979,-6.175632167751958,21.215009509419133,42.430019018838266,0.0004481888708746446,False
0xa289cfe181c1203bf409aaa9233142284eb22633,1307,0.15225707727620505,0.0,813640.51691,0.2736880311549238,0.5473760623098476,0.7475720116067802,1.4951440232135604,3.5061655110555754,7.012331022111151,0.0004431457340767469,False
0x3550dd33e3e6af5cd76822526af8cac37ba1d865,3992,0.1064629258517034,0.24705882352941178,808588.34872,-0.3300133430205762,-0.6600266860411524,0.010972382597681959,0.021944765195363918,-2.4278301223005494,-4.855660244601099,0.00044039409286087024,False
0x6688bf37c797c6176b17a92dd5e5a7e4a5ce09a4,210,0.5904761904761905,0.08064516129032262,806720.0,-0.2952002124570837,-0.5904004249141674,-0.7024472843040503,-1.4048945686081007,-9.154772851711552,-18.309545703423105,0.000439376504936193,False
0x1005996ecc8896d01f4259d004a1c3bcc7e474ed,895,0.9754189944134078,0.40778923253150057,804718.411,-0.468723480635946,-0.937446961271892,-1.9756210971567507,-3.9512421943135014,-1.3941998522882222,-2.7883997045764444,0.0004382863482781968,True
0xbc885f7c957df2258b32b057dc78b637b8b3fff1,2342,0.9935952177625961,0.44692737430167595,803693.2795000001,0.013305703403520547,0.026611406807041094,-0.6721097403692863,-1.3442194807385726,0.7846642592026573,1.5693285184053145,0.0004377280149090353,True
0x2462812f20b6e704fa0ac16c6e189103f267bb8f,616,0.1266233766233766,0.15384615384615385,796395.3334699998,-0.24454764940950882,-0.48909529881901764,-3.141751116213394,-6.283502232426788,-45.73526515341049,-91.47053030682098,0.0004337532206559184,False
0x52cc89b8771de74322775d9519897ed3a11cc552,382,0.21465968586387435,0.0,795119.4926999998,0.2497261679192836,0.4994523358385672,0.8658512234430034,1.7317024468860067,-10.698955578952125,-21.39791115790425,0.00043305833958395075,False
0xadd12adbbd5db87674b38af99b6dd34dd2a45e0d,642,0.04672897196261682,0.0,786789.9049999999,24.808575803980386,49.61715160796077,-59.72434915773365,-119.4486983154673,164.16539050536025,328.3307810107205,0.0004285216662261743,False
0x919e02c65b1e524e75c5324cf6b86623db25252a,620,0.2693548387096774,0.059880239520958084,777552.84192,-0.5430451739617772,-1.0860903479235544,1.4407092833322739,2.8814185666645478,12.990001499923356,25.98000299984671,0.0004234907403882559,False
0x7ff4d42bfb46d25b7d8b241652271a12d614ea60,3590,0.9997214484679666,0.438005015324603,771999.52898,-0.7149335547680954,-1.4298671095361908,-1.1693484509102037,-2.3386969018204073,-1.053357657662226,-2.106715315324452,0.0004204661528852881,True
0x9c2a2a966ed8e47f0c8b7e2ec2b91424f229f6a8,443,0.4040632054176072,0.22346368715083798,766702.00355,-0.5770367114892504,-1.1540734229785008,-2.035944331520204,-4.071888663040408,2.637493023233302,5.274986046466604,0.00041758087892623916,False
0x735442f1c95fb1e998d6fc2649b136965fab22e3,789,0.15335868187579213,0.0,764242.4480000001,0.42526852064477405,0.8505370412895481,2.51931669431102,5.03863338862204,24.480981000336396,48.96196200067279,0.00041624129279814595,False
0x888e000c78b8f1aada5b3c99f880794907b76d77,395,0.620253164556962,0.4448979591836735,760813.0301300001,-0.2736259740355246,-0.5472519480710492,6.607294922497612,13.214589844995224,-0.5666981657877085,-1.133396331575417,0.00041437347541703934,False
0x0284bbd3646b59740a167ef78a306028343f3806,370,0.4081081081081081,0.0,741103.8978799998,-0.691863948567978,-1.383727897135956,-1.2512208245289622,-2.5024416490579244,5.7064320627173695,11.412864125434739,0.0004036389830983534,False
0x005110f17139e63b2d624e4c040c861af4c12519,2834,0.05010585744530699,0.34507042253521125,737814.7562500001,-0.79122417459581,-1.58244834919162,-6.507068619170604,-13.014137238341208,-10.275596539605482,-20.551193079210964,0.00040184756655527843,False
0x6150dd7896c249868522ed0ee44b118c90dc1a87,311,0.9646302250803859,0.4633333333333334,736377.55031,-0.9183798784103278,-1.8367597568206555,-3.273496663962904,-6.546993327925808,-3.0698617975438096,-6.139723595087619,0.000401064798652176,True
0xdd4f66125defd0265f806a0ccfd0ee63e2bb4f02,3947,0.9331137572840131,0.3334238392614717,733541.7178000001,1.020408003917192,2.040816007834384,0.03988258073245699,0.07976516146491398,0.48734739053074794,0.9746947810614959,0.0003995202749304037,True
0xe056eebc2c7acfc782d47ebe18ad71735480f72a,2731,1.0,0.4899304284145002,730664.37422,5.173082336486445,10.34616467297289,1.821585759442173,3.643171518884346,7.460278747530973,14.920557495061946,0.0003979531423866697,True
0x71ecf72f5d274ddd14e3bdbf4433a7ed913762d6,219,0.319634703196347,0.0,729881.88702,-0.13938471904590816,-0.2787694380918163,-4.055177782969513,-8.110355565939026,0.25335245958939845,0.5067049191787969,0.00039752696416982464,False
0x058bcf02ecb84f10270262339689f8fdfc52a24c,3452,0.9997103128621089,0.4862358736598088,727314.73493,0.6441491825656378,1.2882983651312756,-0.07218030987234832,-0.14436061974469663,0.2655013710142799,0.5310027420285598,0.0003961287760587776,True
0x1b11b544fa42e1709599606bcaa0928fc8b21c06,374,0.6283422459893048,0.34468085106382984,719967.1795699999,-0.5844840402431978,-1.1689680804863956,-1.118338319697203,-2.236676639394406,-4.288596930130817,-8.577193860261634,0.0003921269623019574,False
0x6d6d7c05ef7f31b31b618400495b4ce4092a5089,136,0.8161764705882353,0.3783783783783784,719217.19314,-0.25995699972861136,-0.5199139994572227,8.68390850660284,17.36781701320568,11.840070496620012,23.680140993240023,0.00039171848548675143,True
0x05e2adc55f08b8713fd2325b4b56d234246c5dd7,819,0.2258852258852259,0.3621621621621621,718077.1462000001,-1.8348860428689766,-3.669772085737953,-3.44093343951338,-6.88186687902676,-4.9094046174944355,-9.818809234988871,0.00039109756392789535,False
0xf5830ff9b625b60131d82530c51c9e294a9f7478,681,0.2305433186490455,0.36305732484076436,714713.1662999999,-0.1367563839859243,-0.2735127679718486,-1.6671366126496399,-3.3342732252992797,-6.7488071117559825,-13.497614223511965,0.0003892653870497497,False
0x66fa872b3b017fc0f9126bbd1a4effae18da93ec,2555,0.06183953033268102,0.259493670886076,714103.17948,-1.076805232782323,-2.153610465564646,-4.727489574524101,-9.454979149048201,8.883760119883304,17.767520239766608,0.0003889331604072607,False
0x9dcde9fd7566fe92fc7419cf1c1441c73badc0e9,2118,0.2837582625118036,0.4292845257903494,703577.0339500001,0.4037205566406817,0.8074411132813634,-0.8489872999132533,-1.6979745998265066,-1.3970786604821444,-2.7941573209642887,0.00038320014147451937,False
0x100caefdee7e490ad26befd1a6bf4de3ceb9d719,74,0.8378378378378378,0.5,702787.27352,-2.248632994312405,-4.49726598862481,-2.762389668652411,-5.524779337304822,-4.692052287806427,-9.384104575612854,0.0003827700019248983,True
0xb31af1a4ee9a77c3f29b0abc4046690bfab127f2,370,0.6972972972972973,0.32170542635658916,698297.6678599999,-1.807598741507906,-3.615197483015812,-2.571996676188123,-5.143993352376246,12.788041616347765,25.57608323269553,0.0003803247579202466,False
0xefbdd138000a1974fc257214f837a8fb0fd04306,630,0.3047619047619048,0.33333333333333337,697404.50367,-1.5619857684055916,-3.123971536811183,-3.601281565959584,-7.202563131919168,-3.951636384902947,-7.903272769805894,0.0003798382999668844,False
0x0e3f5bb797e3953fed2a319544d0e821b4a11e1c,310,0.3774193548387097,0.36752136752136755,689775.91828,-0.8258726296270317,-1.6517452592540633,2.40980323850432,4.81960647700864,-7.018360534665176,-14.036721069330351,0.00037568342443849105,False
0xd7b8209d95d4c05faaa505671211058d51529f55,56,1.0,0.375,686579.12942,-0.08313494435947723,-0.16626988871895446,-5.487611228232804,-10.975222456465607,-5.085774825126448,-10.171549650252896,0.0003739423074259889,True
0x05a196a9477e70c184ed212d6cf02073f535c3bb,248,0.24193548387096775,0.2,685368.649,0.9057025412986425,1.811405082597285,7.660196405269569,15.320392810539138,15.58931149828834,31.17862299657668,0.0003732830245815902,False
0x7f15f9e8f49c07ab33d4dbd05a92dbd6dfd686ab,142,0.7253521126760564,0.22330097087378642,678762.8663999999,-0.7919187323925725,-1.583837464785145,-3.0354904799774074,-6.070980959954815,-8.145301079726043,-16.290602159452085,0.00036968521410068436,False
0x32af4c34c603cb9e1480aa79d0369a46e07cfa5c,896,0.19642857142857142,0.0,667108.69254,-0.8112552789532994,-1.6225105579065988,-1.3261820022229025,-2.652364004445805,29.537172239408537,59.074344478817075,0.0003633378194922384,False
0x77c1dca853d201165f6d8bbc66c7758bf620cff2,274,0.8102189781021898,0.46396396396396394,665995.87729,3.55284949298532,7.10569898597064,-0.017171242709303664,-0.03434248541860733,8.197534998078137,16.395069996156273,0.0003627317295537409,True
0xb88df30e615c0e63237decfaece9fd958f4ae769,330,0.4909090909090909,0.024691358024691357,664707.5058299999,-0.8464377244279535,-1.692875448855907,4.906756667582025,9.81351333516405,-9.923496211738623,-19.846992423477246,0.0003620300236964988,False
0x61bf199fabf0d2ec9dc98b9bcf8084aca32bc0de,3787,0.038817005545286505,0.45578231292517,662888.16026,-1.1039812623370222,-2.2079625246740444,-3.126471628875937,-6.252943257751874,-5.75988011709841,-11.51976023419682,0.00036103912512225035,False
0x791aa746f7717d22a42d831005039920f9566fdd,186,0.8655913978494624,0.453416149068323,661789.0542000001,-0.02591409224245803,-0.05182818448491606,-1.422833148761131,-2.845666297522262,-13.299587708886051,-26.599175417772102,0.00036044050183387655,True
0xf74acf6e2db31343cde69fd29fcc1ae4cd9f7e79,238,0.3277310924369748,0.3846153846153846,659763.8330000001,-1.657344653615849,-3.314689307231698,-0.5235261080166265,-1.047052216033253,-9.79434498259638,-19.58868996519276,0.0003593374740019414,False
0x608cc942e334ef1a7fe80a6dbd4a270e82edf04e,406,0.7857142857142857,0.08463949843260188,657209.91,-0.7848836243403207,-1.5697672486806413,0.8376557019190761,1.6753114038381522,-1.7980755531719972,-3.5961511063439944,0.0003579464910566615,False
0x58e6797b5e063145824cee276f613f7637722882,212,0.6886792452830188,0.07534246575342463,655228.7804,-1.3960291198694594,-2.792058239738919,-4.105766563812523,-8.211533127625046,-1.8668063882374348,-3.7336127764748697,0.0003568674775210189,False
0xd1692402c26392ccc8588631d7d5ca9aed4348e5,3110,0.26720257234726685,0.0,653448.68892,-0.5989293784142238,-1.1978587568284476,0.37455526209374107,0.7491105241874821,2.5755726600133664,5.151145320026733,0.00035589795851448733,False
0xc1e42f862d202b4a0ed552c1145735ee088f6ccf,1863,0.9887278582930756,0.44516829533116176,649396.3,0.33022575718332875,0.6604515143666575,-1.6652779538859974,-3.330555907771995,0.1631261622718946,0.3262523245437892,0.00035369084268704816,True
0x2ba553d9f990a3b66b03b2dc0d030dfc1c061036,9889,0.014561634138942259,0.0625,646876.82181,-0.4355936574829326,-0.8711873149658652,-2.9362002994351006,-5.872400598870201,-5.50938496127334,-11.01876992254668,0.00035231861995625534,False
0x2d99fe0f36c1aebd28a1a2c0e82e8ca13c2ea351,1818,0.0517051705170517,0.0,646724.2226099999,-0.34933167449098745,-0.6986633489819749,1.5557513668295417,3.1115027336590835,11.499925897650007,22.999851795300014,0.00035223550747218147,False
0xea6670ebdb4a388a8cfc16f6497bf4f267b061ee,520,0.36730769230769234,0.0,644475.246,-0.5403814209721176,-1.0807628419442352,-21.369246619988242,-42.738493239976485,-30.381210706701633,-60.76242141340327,0.0003510106122389097,False
0xa9d7045c13ec29ce7d84124da39f2e633309a164,109,0.7889908256880734,0.38372093023255816,640671.832,-0.8955345791245087,-1.7910691582490175,-1.822511427365435,-3.64502285473087,-7.222040343495243,-14.444080686990485,0.00034893909950816623,True
0x06e0602c9158ee8478365c74606346d90d06df67,290,0.3758620689655172,0.04587155963302747,639314.6184499998,-2.251472756473461,-4.502945512946922,-2.919665997470235,-5.83933199494047,7.0120757244179925,14.024151448835985,0.0003481998991089557,False
0x15df49f74171cd2157c89084f63e15fbd12c6ca1,6219,0.009004663129120438,0.0,638264.2834000001,1.0087040981571056,2.017408196314211,5.568773579034555,11.13754715806911,3.2184359025387423,6.436871805077485,0.00034762783873697916,False
0xa30ecf14316316f355b33eb6f5fb4f6e8ed8be51,120,0.5166666666666667,0.0,636777.8360499999,-2.9617307684865883,-5.923461536973177,-2.1508881386099885,-4.301776277219977,-6.543275509556048,-13.086551019112097,0.0003468182517161854,False
0xacffa8f174395e4555cf9668e1608830561ee75e,1510,0.5695364238410596,0.3674418604651163,630897.7202399999,-0.5358188010244406,-1.0716376020488811,-0.6289893655090179,-1.2579787310180357,-0.42317266198634573,-0.8463453239726915,0.00034361567246537,False
0x7cb42a9fd91d7f2b506de9205254e41bede28439,333,0.3003003003003003,0.44,626251.1692400001,1.4006068977572022,2.8012137955144043,7.7070881831479,15.4141763662958,17.453366406279805,34.90673281255961,0.00034108494887058157,False
0xd11a880a60b889f9e88d260a3be04accd60c0efe,723,0.950207468879668,0.3799126637554585,617752.7256,-0.7087546546810806,-1.4175093093621611,-2.3547290861811554,-4.709458172362311,0.5506070824007989,1.1012141648015978,0.0003364563088666887,True
0x5330c7656d7d57f7fdc937b306ec07b1b846acc0,46,1.0,0.0,611320.76663,1.2463969288772532,2.4927938577545063,-9.367656918093754,-18.73531383618751,9.334856998911992,18.669713997823983,0.00033295317066243984,False
0x64109ae31e4f6a2325b52b1e3327aa8e15ff9e11,87,0.9425287356321839,0.0,610488.2540499999,-0.7373874265872724,-1.4747748531745448,-28.857068592953716,-57.71413718590743,-5.110943054129455,-10.22188610825891,0.000332499746342086,False
0xc37b5d9a854de08c5d74522b726c316833e6a047,1341,0.9903057419835943,0.4743975903614458,608585.4264,-0.9644388184393723,-1.9288776368787446,-2.2443226972260226,-4.488645394452045,-2.780562631542875,-5.56112526308575,0.0003314633796196137,True
0x3b883b85fd41b81ef23b6041248bc6ac0b1c04a7,439,0.1662870159453303,0.0,607127.9848500001,-5.973188030298647,-11.946376060597293,-23.61518125834087,-47.23036251668174,-17.82367334302208,-35.64734668604416,0.0003306695904803984,False
0x4f6345e02187f1fbefefa14d84938477347f3953,192,0.4375,0.4642857142857143,604738.88532,-0.6798514104996093,-1.3597028209992186,-0.16854527981053186,-0.3370905596210637,11.957123860758898,23.914247721517796,0.0003293683779141596,False
0x13fa88e535d5ea07f3a56935b5805b98205beeaa,939,0.49733759318423854,0.0,602639.25,-4.006381973846474,-8.012763947692948,-18.682265300451398,-37.364530600902796,-32.264535536224756,-64.52907107244951,0.0003282248207585887,False
0x0c79abba5b1894a45700e9f454311fa579bfc373,392,0.46938775510204084,0.38586956521739135,592931.6849400001,-0.9897903327314886,-1.9795806654629773,-1.45622239702275,-2.9124447940455,-1.6501001219513398,-3.3002002439026796,0.0003229376380836786,False
0x934de82f50e7f5840de6124ace12f06dd7f992c9,150,0.9,0.3481481481481481,590110.18395,0.751030681087003,1.502061362174006,-5.306798044375996,-10.613596088751992,-7.8248176435245735,-15.649635287049147,0.00032140091996133097,True
0x55999a9124b976d05a7fd98d414e185d95e9e940,320,0.33125,0.16981132075471694,582614.36245,-3.304279320476312,-6.608558640952624,-4.61418176379013,-9.22836352758026,-17.159403004439554,-34.31880600887911,0.00031731835370253544,False
0xff0b4cdec41787756fcda9d080de55ee31d74a05,551,0.6134301270417423,0.18639053254437865,582561.18592,8.921590677832835,17.84318135566567,-11.348672330025014,-22.697344660050028,9.862315310385581,19.724630620771162,0.0003172893913390189,False
0x026947c2867503151e19898057c1146f990266bd,225,0.008888888888888889,0.5,574007.39591,1.8606391931629684,3.721278386325937,0.3564531217002367,0.7129062434004734,-8.239075476695135,-16.47815095339027,0.00031263060717778336,False
0x2922b3dec7d51669033801153d57dbaaab35f226,1682,0.2211652794292509,0.3844086021505376,573409.94,1.3764057318369964,2.752811463673993,0.1302097668663657,0.2604195337327314,1.932651487943574,3.865302975887148,0.00031230520544039085,False
0x4b1c09fa8322548360a76a3747e32a60a864bc38,511,1.0,0.1898238747553816,568293.2697000001,0.5169318902877544,1.0338637805755089,0.8397466711232235,1.679493342246447,0.8361006769763929,1.6722013539527858,0.000309518433433592,False
0xa575bb7e13a17f6d78e83712a603cc0db306f6e8,367,0.11716621253405994,0.41860465116279066,566675.35375,0.948481003839063,1.896962007678126,17.000781358583144,34.00156271716629,26.44024306498736,52.88048612997472,0.0003086372426172102,False
0x2ae64d3a931805d91614df81621727594a509887,1462,0.0704514363885089,0.24271844660194175,566509.7518000001,-0.7996460830999281,-1.5992921661998563,-1.0696106940149832,-2.1392213880299664,0.8255984071231546,1.6511968142463092,0.00030854704824245614,False
0x4fe1b11b9eb2c9b7c09d2aca403da18eb9792548,1801,0.053303720155469185,0.0,566489.16508,1.6341466607540491,3.2682933215080983,5.664927199295636,11.329854398591271,26.70575326589102,53.41150653178204,0.0003085358357758237,False
0x8463d6ffcbfb56bf20ab2e1111f9a0e8359533f2,144,0.5902777777777778,0.023529411764705882,559647.6844599999,0.2149086779202759,0.4298173558405518,8.798940137096144,17.59788027419229,45.252197047456356,90.50439409491271,0.0003048096534034958,False
0x810b41bd2294ea9b87efd8fd03040ff74a1e5130,261,0.5287356321839081,0.41304347826086957,556609.02689,-0.8935156605808469,-1.7870313211616937,-2.864529950138888,-5.729059900277776,-0.7788000847833311,-1.5576001695666621,0.0003031546619035894,False
0x83027df4f3f749a1f9dd8bbc976eee49653c1d72,1405,0.7772241992882563,0.38186813186813184,556188.43713,-0.7340344032630485,-1.468068806526097,-1.0126219724316594,-2.025243944863319,-2.2892432587775873,-4.5784865175551746,0.00030292558953800934,True
0xd2b2a8ab7a8c903501f4db4ee45c67522a4511ed,108,0.4074074074074074,0.0,550400.0000000001,-0.231236786469539,-0.462473572939078,1.4947806553908642,2.9895613107817285,-12.387684989429324,-24.77536997885865,0.00029977294267760895,False
0x42fd5648cf21c158d15e4f58785760755b3f6623,424,0.29952830188679247,0.0,549066.5269499996,-1.6095790177876639,-3.2191580355753278,-4.013934264256027,-8.027868528512053,-8.140176816387854,-16.280353632775707,0.00029904667243745643,False
0xfea3b8904a4342d50e17a9d8c2f13b5196a054ba,111,0.7747747747747747,0.5,545988.42074,-2.054168842675186,-4.108337685350372,1.8712048831007335,3.742409766201467,-10.582426583317112,-21.164853166634224,0.0002973701954090302,True
0xd5d62227bb13d285689de881e6d4e4462f637a4c,310,0.2,0.11290322580645162,543772.23497,-1.3920597890810233,-2.7841195781620467,-7.142212285316383,-14.284424570632765,-10.065278447195398,-20.130556894390796,0.00029616315956274903,False
0x8052e390ce9014b54abfba217206dd6d04ba677f,46799,1.0,0.49766020641466696,543368.12217,-0.6508146253434833,-1.3016292506869667,-1.5243506822782804,-3.048701364556561,-1.4073670620794652,-2.8147341241589303,0.0002959430613010672,True
0x88f17731836942b533f33958a302fb4c31bad3d0,1397,0.4581245526127416,0.4125,541962.1711800001,-0.5586138795486769,-1.1172277590973538,-0.7989986210733017,-1.5979972421466033,0.00469243914224009,0.00938487828448018,0.00029517731626921257,False
0xd985bd504d737c6533335dfa4ad74e571bb3bd88,716,0.18435754189944134,0.0,541664.04156,-1.4973634377350395,-2.994726875470079,-2.1363726815635338,-4.2727453631270675,-12.12301018433863,-24.24602036867726,0.00029501494128104624,False
0xbd1f46ef3d40c7761fe82fc188239aafaa077d3e,1468,0.4768392370572207,0.37,539054.41194,-0.5904896236920197,-1.1809792473840395,-0.9058012353968112,-1.8116024707936225,-0.6064901211449595,-1.212980242289919,0.00029359361796984335,False
0x19263b1bbad9fb9e50578c84d656553858fb8f55,1174,0.19420783645655879,0.07894736842105265,536861.51738,2.6323636369242815,5.264727273848563,-0.3364193650087722,-0.6728387300175444,-12.304228720701058,-24.608457441402116,0.00029239926757879516,False
0xfe96dd504543165efeb7ab545d161d0ba112f84e,497,0.8350100603621731,0.4771084337349397,536826.9643600001,1.2066365992700532,2.4132731985401064,0.9853543853452378,1.9707087706904756,-0.5289985626202551,-1.0579971252405103,0.00029238044842820696,True
0xaeadec409b7b31b32063dcc280e8efbb86441eb1,477,0.859538784067086,0.4975609756097561,530303.25215,1.2063453095663632,2.4126906191327264,1.9518275843927495,3.903655168785499,-0.5955968781325796,-1.191193756265159,0.0002888273372247665,True
0x9f07dc88dc450978e5ddf973f6a0236a7cfbf99a,259,1.0,0.04633204633204635,524576.28694,5.104037386928159,10.208074773856318,-5.684685261486055,-11.36937052297211,17.696640001996325,35.39328000399265,0.00028570817077561324,False
0x77320b89973d40db97aa50311da29ae226d3b292,236,0.4661016949152542,0.3090909090909091,521974.39775999996,-2.0383049186892914,-4.076609837378583,-3.40578716163209,-6.81157432326418,6.49256877469617,12.98513754939234,0.0002842910632610608,False
0x12c206d3e2f0d0059420c54d33fe604ebbecc230,260,0.3192307692307692,0.10843373493975904,515109.9383200001,-2.2641341153347394,-4.528268230669479,-12.849656311894979,-25.699312623789957,-2.7742553853421046,-5.548510770684209,0.00028055236557534164,False
0x741cdb635852cef100ce3a809ac10832f0a842c2,376,0.2925531914893617,0.40909090909090906,515052.14879000006,-1.1517500817648334,-2.303500163529667,-4.3733888375026515,-8.746777675005303,-4.829086911430899,-9.658173822861798,0.0002805208907616351,False
0xdd867e6f6a555db4ac95e42c530876afb9771e2e,2327,0.0618822518263859,0.0,512641.60646000004,-0.3129164002333573,-0.6258328004667146,-0.9104659188969575,-1.820931837793915,-4.470519635993235,-8.94103927198647,0.0002792079994685518,False
0xf8ed2360d4a1ef00f2e92c46f7f2586765eb35aa,164,0.6829268292682927,0.42857142857142855,512179.52034,-0.11266342519117278,-0.22532685038234557,1.2390022135100829,2.4780044270201658,3.0102511346228957,6.0205022692457915,0.0002789563262927471,False
0x3e756f3349deeda25171e96275d121ba9da7700c,240,0.20416666666666666,0.22448979591836737,512045.506,-0.10583530004768274,-0.21167060009536548,2.4529148052251,4.9058296104502,12.500114574543865,25.00022914908773,0.00027888333597104873,False
0x4aa9d342b95d9c2fbe7619d9f36f41c2fed22fb6,410,0.44878048780487806,0.44565217391304346,511430.57728,-0.5282607027337695,-1.056521405467539,-1.537717774065947,-3.075435548131894,-4.262231273530981,-8.524462547061962,0.00027854841774442926,False
0xfad17af4900f3d3afa663103f58b41607ee45d70,450,0.8733333333333333,0.4885496183206107,509700.91682999994,1.4048227081145312,2.8096454162290625,1.5200494571826397,3.0400989143652795,2.2673985229134543,4.534797045826909,0.0002776063657768973,True
0x6859da14835424957a1e6b397d8026b1d9ff7e1e,1075,0.4241860465116279,0.09429824561403509,507159.22676,0.025246778980306653,0.050493557960613306,2.035488200280033,4.070976400560066,9.800764188796855,19.60152837759371,0.0002762220454432157,False
0xea08ad2ab972fb210545bdd2f16bcedc8d89265c,1854,0.10571736785329018,0.0,505011.52492000005,-1.0092060352991077,-2.0184120705982154,-1.711968028111381,-3.423936056222762,-7.986650771062501,-15.973301542125002,0.00027505230906863193,False
0xc48fbfa71d150a6cd6ca1443723aa3fcd2e47796,715,0.1874125874125874,0.0,503573.63489999995,-0.11345990539110047,-0.22691981078220094,-1.3334029010750048,-2.6668058021500096,-9.870338545751395,-19.74067709150279,0.00027426916858436196,False
0x8587051491522599dfcc23de01ae59b622b498b3,492,0.9085365853658537,0.4876957494407159,503210.4806100001,0.7444313225509454,1.4888626451018907,1.3743135568349647,2.7486271136699294,2.4895951672824737,4.979190334564947,0.00027407137819526447,True
0x7a0f64c5ce2eb77b868b68b7d1704ab09ca03a69,217,0.5622119815668203,0.2704918032786885,502851.40541,-2.421427221194129,-4.842854442388258,0.6281736404028166,1.2563472808056333,6.605978227769539,13.211956455539077,0.00027387580946462025,False
0xdd0c5de50d72e5eaa96816e920e41ce89c4b8888,453,0.013245033112582781,0.0,500595.36137,-1.034248396915024,-2.068496793830048,-7.929237709681966,-15.858475419363932,-11.573732060715278,-23.147464121430556,0.0002726470649866387,False
0x1918fbc5ab2205e7bc391d250fcfff4e830ce053,440,0.8886363636363637,0.48081841432225064,499386.96903000004,1.6731869782762625,3.346373956552525,0.9211203868058085,1.842240773611617,2.0492163841723454,4.098432768344691,0.0002719889194058413,True
0x27bcf8047c6fda384f8a93a6e5a140b878fab691,201,0.5870646766169154,0.03389830508474576,499304.89676,0.23137719582749616,0.4627543916549923,-1.307805366477857,-2.615610732955714,19.92222025702446,39.84444051404892,0.00027194421910444204,False
0x01ca408530861768d9448cdff5b104ce52049dea,784,0.17346938775510204,0.0,496127.93033999996,0.02618421928830085,0.0523684385766017,-2.276101513214099,-4.552203026428198,-2.3616642350292705,-4.723328470058541,0.00027021389829682695,False
0xca163b98cbc2ad5b08b01ae7bcb4bef68b9161ad,463,0.8855291576673866,0.47317073170731705,494774.38999,1.4380633181094138,2.8761266362188276,0.5614644259260383,1.1229288518520766,0.15447009638250964,0.3089401927650193,0.00026947669848986403,True
0x085d2ac5a2ab89191feea50b5557d5d9cd7a3e88,189,0.4603174603174603,0.0,488676.4236000001,0.029837979769685937,0.059675959539371874,-8.195498443452815,-16.39099688690563,-6.570986211538197,-13.141972423076394,0.00026615546787743776,False
0xf88a2d2815f49f7963bf2481a231ca251d7cfb1f,381,0.33070866141732286,0.0,486179.1734,-0.4092225459601659,-0.8184450919203318,-4.595480935336765,-9.19096187067353,-4.8734311252982945,-9.746862250596589,0.0002647953515237745,False
0xc05d54b994dfa041d3767cc138fee2a7e54b3516,253,0.9881422924901185,0.06799999999999995,484549.69045000005,0.38287197821999736,0.7657439564399947,2.1746749431384074,4.349349886276815,-5.2324627880120325,-10.464925576024065,0.00026390786079164426,False
0xbc927e87d072dfac3693846a83fa6922cc6c5f2a,5190,0.8026974951830443,0.033125300048007685,477770.53423,-0.9994595716704424,-1.9989191433408848,-1.7190725074092812,-3.4381450148185624,-2.046052794108731,-4.092105588217462,0.0002602156231300515,False
0x17197b5b34abbe9523b3abaa19cfb55e4367c2ea,240,1.0,0.48333333333333334,474267.55458999996,0.49883133670803304,0.9976626734160661,8.252755177457209,16.505510354914417,17.14920217295669,34.29840434591338,0.0002583077406539931,True
0xf349d940c8f0d6fe5abf3ab8b14a285d515c2b15,309,0.22330097087378642,0.0,472489.41320000007,-4.6911300372049896,-9.382260074409979,-4.697033202815209,-9.394066405630419,-4.698516692179597,-9.397033384359194,0.00025733928375541547,False
0x03ed75547203aa51c84e6eb6bf3f3a9f8e6ee5c9,485,0.026804123711340205,0.0,471331.15951,8.96625813177696,17.93251626355392,25.131019907679452,50.262039815358904,63.38702687443644,126.77405374887287,0.00025670844597013476,False
0x3f3e7878cbde6da00629f6f6115f367f8ef316d2,435,0.8390804597701149,0.4712328767123288,470835.64867,1.4820928254782948,2.9641856509565896,1.3440888238206161,2.6881776476412322,0.3890333364762547,0.7780666729525094,0.00025643856816738136,True
0x4a61858959db514e6577d566f47157f2fba70611,138,0.6376811594202898,0.29545454545454547,470446.96183,1.040402895797176,2.080805791594352,6.346297670371727,12.692595340743454,17.53065752758113,35.06131505516226,0.00025622687158706367,False
0x3819661bfe87018b62c302c128b8fb7cf2958ebc,4033,0.05702950657079098,0.0,470427.53354000003,-1.8635727991571167,-3.7271455983142334,0.9291614516602751,1.8583229033205502,3.4369817856503504,6.873963571300701,0.000256216290054243,False
0x0898b54fbba3296d7c4ac58db87d09fa4cda0896,432,0.8125,0.4843304843304843,468794.65538,1.4600822960171826,2.9201645920343653,0.009121749599801849,0.018243499199603698,-1.0015779457295393,-2.0031558914590786,0.0002553269501358978,True
0x5b676c5b03f38557e6f21257732608d019cec66a,520,0.26346153846153847,0.4306569343065693,466229.6287799999,-0.20180998260266317,-0.40361996520532634,-0.493928195879386,-0.987856391758772,5.538404789213374,11.076809578426747,0.00025392991966364424,False
0x597077efeb1bca71deaf556bac4d8e28a4595bef,449,0.888641425389755,0.48621553884711777,465129.3741700001,1.4714610321950137,2.9429220643900273,1.4306441096369147,2.8612882192738294,1.4490083213744727,2.8980166427489453,0.0002533306708225573,True
0xc799df4baa69044f59a3711f180a31e352829ba3,420,0.8666666666666667,0.48351648351648346,464100.70339,1.478502984380206,2.957005968760412,1.0557627431935235,2.111525486387047,-0.6074047522531834,-1.2148095045063667,0.000252770409800088,True
0x34827044cbd4b808fc1b189fce9f50e6dafae7c9,1185,0.8886075949367088,0.4434947768281101,462846.52211,0.6939416502883928,1.3878833005767857,0.2695489406631842,0.5390978813263684,0.6483807619712472,1.2967615239424943,0.0002520873254742218,True
0x4391c22edeece3a9aa5b8f3c1a3a25378980ff10,113,0.9557522123893806,0.07407407407407407,462123.16062,5.489303437102832,10.978606874205664,11.826723861036681,23.653447722073363,14.092601017141032,28.185202034282064,0.0002516933498156517,False
0xac7708a5c455f2304200e80ddaa95999ae4e1626,714,0.12745098039215685,0.4725274725274725,460131.66528,-1.4124642093571946,-2.8249284187143893,0.8998283827233864,1.7996567654467728,-0.6486802259790113,-1.2973604519580226,0.00025060869062524377,False
0x0291639ea7178930475da17b579e1ac2de8faed8,989,1.0,0.4539939332659252,454708.86643,3.4824066813474612,6.9648133626949225,2.5566555131390003,5.113311026278001,-0.6475865698813785,-1.295173139762757,0.0002476551870481848,True
0x725c9df246d6fa36da8a376243a8f51332c1def3,165,0.9636363636363636,0.2955974842767296,454477.07488000003,-1.3288488301953303,-2.6576976603906606,-1.8562115292887378,-3.7124230585774756,-0.7954928977783177,-1.5909857955566353,0.0002475289427984913,False
0x016b8816db87f0a0f8190e3f2ca88357809984a9,194,0.44329896907216493,0.0,453132.25205999997,-0.10508808958593274,-0.21017617917186548,0.009023787981218449,0.018047575962436897,1.7119203363687427,3.4238406727374855,0.00024679649095595604,False
0x6fefdc7b1f6e21c2df6564444547a88d3682e993,224,0.4642857142857143,0.0,449134.43953,-0.5216430176430127,-1.0432860352860254,1.2160879215152358,2.4321758430304716,4.534724536822911,9.069449073645822,0.0002446190999196342,False
0x6cd5476bca39ebe2426000932f410ce403482cce,818,0.597799511002445,0.45194274028629855,449083.75612,6.212382502535761,12.424765005071523,2.1205774147777565,4.241154829555513,9.250240845389003,18.500481690778006,0.0002445914954229761,False
0x3aacc9d745031ea9d4348242f227e35c8dfb434f,222,0.35585585585585583,0.25316455696202533,447159.67171,-0.3459866348889958,-0.6919732697779916,-4.928302942097104,-9.856605884194208,-10.995753117190919,-21.991506234381838,0.00024354355129952806,False
0xf4e62d9d431a07b9b1efb5dd548e3ad9aadd07ba,422,0.8199052132701422,0.48554913294797686,445928.01749999996,1.6959565257632454,3.391913051526491,2.4856533391312023,4.971306678262405,3.6481862076178797,7.296372415235759,0.0002428727362433998,True
0x7a9d45682babd8a2d79181623c75a7f615990b27,411,0.8588807785888077,0.4759206798866855,436789.50074,1.500379325312899,3.000758650625798,0.9175702785826789,1.8351405571653578,1.6603684302864665,3.320736860572933,0.00023789548322586014,True
0x0d58586a54a1b2070677f898acebb8317e24e1c2,385,0.9090909090909091,0.49142857142857144,434846.07878,1.590923034794208,3.181846069588416,1.1138476001433462,2.2276952002866923,-1.2344881757170225,-2.468976351434045,0.0002368370069907339,True
0x0aa64a6210803700aab4ccb0a2f8cf41c822a11b,191,0.6020942408376964,0.0,431917.84979999997,-0.8505337616401647,-1.7010675232803294,-9.424891688459253,-18.849783376918506,-18.508604519105578,-37.017209038211156,0.0002352421599373755,False
0xdccc961f1fae438fae9cdb07cf4fee174c007915,402,0.26119402985074625,0.0,427700.99685000005,-0.15652621221796736,-0.31305242443593473,9.387466536625857,18.774933073251713,16.21200521635725,32.4240104327145,0.00023294546949831257,False
0xe2d2dbae54981833479038c70425e1e3ce6680ec,429,0.8508158508158508,0.4904109589041096,427607.54997,1.4860698782711645,2.972139756542329,2.4999342461069585,4.999868492213917,4.009989016168051,8.019978032336102,0.0002328945740655334,True
0x5a733b25a17dc0f26b862ca9e32b439801b1a8c7,119,1.0,0.31932773109243695,426238.12948,-0.6587028541301255,-1.317405708260251,0.7243940942601472,1.4487881885202945,-5.681155891727996,-11.362311783455992,0.0002321487252100641,True
0x5ab4c45896687bab14bbf73b78765e6dfac795ac,350,0.6257142857142857,0.2465753424657534,425739.5188,0.545203568002899,1.090407136005798,2.073210204437215,4.14642040887443,1.4841364990572046,2.968272998114409,0.00023187715909306903,False
0x87e2c849402c2fcf25195b8ac2f62901d91e47f8,76,0.3157894736842105,0.0,423721.7750000001,0.11838006230569513,0.23676012461139026,-3.808080808080591,-7.616161616161182,-27.95194940054736,-55.90389880109472,0.00023077820379420369,False
0x482b0f4dad512fe086e121882a81e34c374acae4,270,0.37037037037037035,0.19999999999999996,418549.97268,-1.3842048391106276,-2.7684096782212553,-10.44247782615124,-20.88495565230248,-23.91790933423312,-47.83581866846624,0.00022796140437484814,False
0x3f6a9f281ef28cdc5b0a690629195ab9dc814bc0,479,0.35281837160751567,0.20710059171597628,416251.79128,0.036239336924778806,0.07247867384955761,1.2968140429815915,2.593628085963183,-4.9424807982929755,-9.884961596585951,0.00022670970996880715,False
0xf573ada34e15d34fe32066754da10c5edd685f03,1088,0.13602941176470587,0.32432432432432434,415781.86890999996,-0.3204766230242789,-0.6409532460485577,-3.982708067263342,-7.965416134526684,-7.486322847500821,-14.972645695001642,0.0002264537688138563,False
0x0fd33b62f3610e3b050590dff48ceff03e86ae3c,172,0.37209302325581395,0.28125,414616.1842,-0.19810029347496166,-0.39620058694992333,-1.1610956276990905,-2.322191255398181,-3.675275558688983,-7.350551117377966,0.0002258188837561692,False
0xb8b29bf06a95259eb98cef70556cdace862899e4,116,0.07758620689655173,0.0,414586.65105,0.12055019107220025,0.2411003821444005,-2.370820424417224,-4.741640848834448,-46.934207724052975,-93.86841544810595,0.00022580279865572943,False
0xa54e0ec5f263ba19cb4ca301874ff866f05bf96e,452,0.8761061946902655,0.4671717171717172,410767.18344000005,1.2633970651376543,2.5267941302753085,1.239435027395053,2.478870054790106,-0.36801230759207393,-0.7360246151841479,0.00022372254239680595,True
0x507e0d7cb4cca156d09db13681ed4e5da66b411e,202,0.26732673267326734,0.46296296296296297,409433.46905000013,-0.28960329988691236,-0.5792065997738247,-9.050191504212032,-18.100383008424064,-10.008639412454093,-20.017278824908185,0.0002229961407118827,False
0x03488d119ff425c17521e1fb0fafaf97c69902f3,421,0.8099762470308789,0.4809384164222874,404317.34518,1.3607206529395561,2.7214413058791123,1.0957611016791666,2.1915222033583333,-1.2927399460686755,-2.585479892137351,0.00022020966631578333,True
0x957fec7e7db4cec37cca9fbdb2a98185a9e9ee60,549,0.21129326047358835,0.12068965517241381,402515.5095900001,-2.0749709418559537,-4.149941883711907,4.894061766361349,9.788123532722699,7.181624039573158,14.363248079146317,0.00021922830447523915,False
0xcdf99cc8fe5535a8c543cd38887c494597502158,402,0.8980099502487562,0.4792243767313019,402034.89170000004,1.3058754891570863,2.6117509783141726,1.793305354677778,3.586610709355556,0.759218277560018,1.518436555120036,0.00021896653805229433,True
0x5233199fc1fdd34439650c4450671b5f8806832c,4080,0.9647058823529412,0.46011178861788615,401467.34274,-0.624183758898118,-1.248367517796236,-1.6536432856012475,-3.307286571202495,-1.7569213182722947,-3.5138426365445894,0.00021865742500386988,True
0x5f6fd9d880be6e209d5ee7a5517dfb40b8a9d81b,212,0.5330188679245284,0.48672566371681414,401028.67832999997,-0.10839732650858395,-0.2167946530171679,-11.272023144062146,-22.544046288124292,-27.913927046305375,-55.82785409261075,0.00021841850835955002,False
0xfe38a9678c73fe6c4bcc815f6e078ebfc3427776,1350,0.10148148148148148,0.0,399487.88213000004,-1.5577665076429548,-3.1155330152859095,2.3268146057406653,4.653629211481331,21.670194225889738,43.340388451779475,0.00021757932047630066,False
0x58c164c969ea2d2a3ba98f19e10d5fa4aaf916a0,441,0.1746031746031746,0.1298701298701299,394356.83554000006,-1.9241934291456766,-3.848386858291353,0.040593238190871066,0.08118647638174213,-15.451994646942774,-30.903989293885548,0.000214784718486293,False
0xb919448d2f1797e5d9e7b9e88cd909a5089e6d4e,78,0.8205128205128205,0.46875,393931.53763000004,-0.03157622105256326,-0.06315244210512652,-9.658364415293699,-19.316728830587397,-13.365442760284672,-26.730885520569345,0.00021455308184749333,True
0xeaa123246b396028fc8fea0175f013c13e097157,450,0.8311111111111111,0.43048128342245995,393814.80354,3.341886759247118,6.683773518494236,-1.1884640780778948,-2.3769281561557896,2.1837227811549638,4.3674455623099275,0.00021448950313806363,True
0x48ec0004494081e8332589faf0747d568da79faf,354,0.4632768361581921,0.21341463414634146,392840.72161,-1.2325325136179974,-2.465065027235995,-3.1810180589804946,-6.362036117960989,-4.429180881018841,-8.858361762037681,0.0002139589736929961,False
0x20ad988487d6a53fea7918657f45fe0bb8fd8183,160,0.20625,0.030303030303030304,380161.03303,-1.579500283772276,-3.159000567544552,-6.30025212246737,-12.60050424493474,20.231845047408047,40.463690094816094,0.00020705303699629864,False
0x8806c12a464cf6254ffc326d1ccf89c50462ca12,184,0.6521739130434783,0.29166666666666663,380090.60092999996,-0.3827264322246252,-0.7654528644492504,-0.8554915936723322,-1.7109831873446644,-3.3182463674830633,-6.636492734966127,0.000207014676462367,False
0xd42827002b76a8088ba2f7d4e4b45879eb1e363b,435,0.7402298850574712,0.18944099378881984,369689.53601000004,0.6273595048560245,1.254719009712049,0.9809199950182603,1.9618399900365207,0.08512266178018707,0.17024532356037414,0.00020134978213451593,False
0x4264b5a132e4f263d6de2e0d01512a99ea21ec6e,362,0.8370165745856354,0.48184818481848185,368299.75454999995,1.3337727866320435,2.667545573264087,1.4802945948305777,2.9605891896611554,-2.131000191394862,-4.262000382789724,0.00020059284376616017,True
0x3c3a43c5661c9965791d7bc438c968555ee03fbd,247,0.3765182186234818,0.4301075268817204,366379.56402000005,-0.6035859597989731,-1.2071719195979462,-0.599203697367077,-1.198407394734154,3.95938103528396,7.91876207056792,0.0001995470204273525,False
0xfc079a49e371976f559bea0cd1c1f87a5f5b9464,709,0.11283497884344147,0.4375,366128.2045,-3.148836281133457,-6.297672562266914,-1.179384353259373,-2.358768706518746,0.24717144684048692,0.49434289368097384,0.00019941011856873975,False
0xc2fb9857ce0e84d7cb1009e1e244ad76f4c97287,192,0.390625,0.013333333333333308,363789.40247000003,-0.11178279104444601,-0.22356558208889202,-6.3170225445275605,-12.634045089055121,-23.320278202438036,-46.64055640487607,0.00019813630031497259,False
0xca895b64f64474ea514679849940a59fd3f3f1ba,223,0.25112107623318386,0.2142857142857143,360810.00028000004,-3.1375594477232616,-6.275118895446523,7.714542459521113,15.429084919042227,-15.715478035020453,-31.430956070040907,0.00019651358199753723,False
0xf00bb08f7d1d04a9415408c939c02410fc6791b1,133,0.48120300751879697,0.0,359745.0,1.8230940301873055,3.646188060374611,-3.90805595362972,-7.81611190725944,19.092212127527226,38.18442425505445,0.00019593353427244987,False
0x67fcc46ed2a63971697dad2fc7bb0091fe89e51d,248,1.0,0.41129032258064513,359344.99693,-1.147585510646745,-2.29517102129349,0.11775621517585176,0.23551243035170352,8.882320330235192,17.764640660470384,0.00019571567435716286,True
0x1e82e222564293e3507c2966b27f587ee2570671,796,0.7010050251256281,0.0,356689.57542,5.161779600963147,10.323559201926294,-4.063983491780804,-8.127966983561608,7.78320666205957,15.56641332411914,0.00019426941069418662,False
0x55775a485c447a27ae3a8b1afa50a662d5adb070,261,0.5402298850574713,0.06382978723404253,354894.74468999996,-0.2874641493989317,-0.5749282987978634,-0.4886015876172243,-0.9772031752344486,3.478884196238504,6.957768392477008,0.00019329186401987645,False
0x4d0976dabd56385d1b54867724c64159aef12bc4,325,0.9076923076923077,0.47796610169491527,351367.47082,1.6857257440117799,3.3714514880235598,2.060108928452939,4.120217856905878,2.194894415586162,4.389788831172324,0.0001913707497981473,True
0x3a122449de235a40481689442271c0731b805d69,30,1.0,0.03333333333333333,349999.809,0.5506312113889087,1.1012624227778174,-0.07727516131966453,-0.15455032263932905,-2.5370624489374567,-5.074124897874913,0.00019062585879456951,False
0x726b472079589b8fcc5416f6bb8950ba1a7e41c3,1220,0.30491803278688523,0.0,349357.47754,-0.9452904070641032,-1.8905808141282063,-3.061245298867805,-6.12249059773561,-9.199826224623108,-18.399652449246215,0.00019027601578596012,False
0x94d3735543ecb3d339064151118644501c933814,173,1.0,0.0,345870.85192,0.39089031076121034,0.7817806215224207,0.8096999152643912,1.6193998305287824,-13.296690182175915,-26.59338036435183,0.00018837704045506886,False
0xaa5e5f73bed3c478cc550c48c38deb3bcb70821e,41,1.0,0.43902439024390244,342588.4725900001,12.949137554503592,25.898275109007184,23.770209723716437,47.540419447432875,32.655717431985835,65.31143486397167,0.00018658930696898923,True
0xa56c39d34352d7481ac5876d9c51fc064480940c,103,0.2524271844660194,0.15384615384615385,341129.94565999997,0.4195325724835112,0.8390651449670224,-0.7202379381382429,-1.4404758762764858,-1.1318138032408198,-2.2636276064816396,0.00018579492668232376,False
0xd4f9a28a8e141ae8b5cf456683f8993bb0fd319b,125,0.528,0.4393939393939394,340425.25429,-0.8947943111825162,-1.7895886223650324,-13.215274644437542,-26.430549288875085,-16.9775619479893,-33.9551238959786,0.00018541111962261373,False
0xf208b13968cf79db8ed788907e70c288a3169c0b,191,0.32460732984293195,0.0,338575.4531600001,0.770475651905536,1.540951303811072,-2.5829556344671065,-5.165911268934213,4.732875809016197,9.465751618032394,0.0001844036335613702,False
0x2f394ae1ca45071bc222e7124b5d125637942be2,85,0.2,0.0,336126.85599999997,-0.3176880508292022,-0.6353761016584044,1.1631481861037665,2.326296372207533,-15.935642549702168,-31.871285099404336,0.00018307001587226178,False
0x034d4f0b00827e4ac77d910071377f707ddd23d3,436,0.21788990825688073,0.42105263157894735,334221.84811,3.5545072201961236,7.109014440392247,3.167895377009005,6.33579075401801,8.165407391458759,16.330814782917518,0.00018203246169164888,False
0x64f80d81f4ae9858a9e92dce8d19ee1686cc8e04,175,0.8342857142857143,0.0,332229.06658,-1.0332498520331808,-2.0664997040663615,-9.875068132374146,-19.750136264748292,7.417789601477262,14.835579202954523,0.00018094710198350626,False
0xa545133d9c43ec59ae74d70f37ab9b0b98d08224,446,0.21076233183856502,0.06382978723404253,331008.72094,0.26618425595052525,0.5323685119010505,-1.2668668453414493,-2.5337336906828987,-8.430368494181321,-16.860736988362643,0.00018028244609036203,False
0x06e0e24afba0de914849c732aa341504e8d25e23,672,0.05505952380952381,0.0,327340.0,-5.571384218150764,-11.142768436301528,-12.166699581864757,-24.333399163729514,-1.6785957321253215,-3.357191464250643,0.00017828429334318404,False
0xfe72c242af1a4ca8114c6a170ba4a823785241ce,3399,0.3680494263018535,0.3613109512390088,327087.4249,-0.12340521592524618,-0.24681043185049237,0.7984298429955773,1.5968596859911546,1.848445881123871,3.696891762247742,0.00017814672942426308,False
0x9efebffdd011d04f865d057e830164e049bc24fa,181,0.574585635359116,0.4903846153846154,325392.48236,-1.6354808316851033,-3.2709616633702066,-6.2496009030272495,-12.499201806054499,7.230668951758513,14.461337903517027,0.00017722358641393378,False
0xdf1547b91e72b7db39a56630b15c37b3301e6875,174,0.2471264367816092,0.0,325335.59487000003,-2.00951160748396,-4.01902321496792,-1.061997383310299,-2.123994766620598,10.447595557397964,20.895191114795928,0.00017719260289235158,False
0x766417b0be4e5e8a70aa80f386b4eb1870071939,2505,0.012375249500998005,0.0,322915.25010999996,-0.04159341811552561,-0.08318683623105122,-30.082103394085923,-60.164206788171846,-57.963420983893705,-115.92684196778741,0.0001758743727488204,False
0x5ac19d0606db1fb34c01a602ccdcb7af20abb8f0,749,0.5500667556742324,0.21359223300970875,322858.24267999997,-0.034075673388365764,-0.06815134677673153,-2.324188205932416,-4.648376411864832,-4.076977719726334,-8.153955439452668,0.00017584332390244397,False
0x261af68f656dc79e88bd748564c74304baab714a,1232,0.7962662337662337,0.1233435270132518,322676.72637000005,0.6849658602017078,1.3699317204034156,0.8471162312512012,1.6942324625024023,-0.7350885616280135,-1.470177123256027,0.00017574446184141082,False
0xf97ad6704baec104d00b88e0c157e2b7b3a1ddd1,198,0.1111111111111111,0.0,319534.57200000004,0.9355931814293783,1.8711863628587566,-0.7776411908110458,-1.5552823816220915,16.263605691759718,32.527211383519436,0.00017403310126393588,False
0xe4d934cbb071a2067c624c0a716274373a980d18,312,0.6794871794871795,0.0,316853.80511,-1.8637491949419447,-3.7274983898838894,-5.7256112195184885,-11.451222439036977,-9.860732023064335,-19.72146404612867,0.00017257303335105795,False
0x03458c63782a3a1ca6d6126a1d3ec936c33ae71a,335,0.3522388059701492,0.3389830508474576,316062.17303999997,0.9707269415396867,1.9414538830793735,4.414478133419005,8.82895626683801,3.000003769652487,6.000007539304974,0.00017214187442093099,False
0x39a420effe4533e83c26df127121f6d22bd2058d,729,0.09602194787379972,0.17142857142857137,315588.62156,-0.6998134444458669,-1.3996268888917338,2.690763828881017,5.381527657762034,5.335146890485515,10.67029378097103,0.00017188395668715748,False
0x21edf2d791f626ee69352120e7f6e2fbb0f48cf1,130,0.8307692307692308,0.41666666666666663,314712.55337999994,-0.3183967099497758,-0.6367934198995516,-2.052429133998399,-4.104858267996798,6.786550073575269,13.573100147150537,0.00017140681000055714,True
0x003a85c562730b196f7cba202a2515f2ff855736,207,0.3140096618357488,0.4769230769230769,314215.51677,-0.46409317916189674,-0.9281863583237935,1.4385110030455408,2.8770220060910816,8.871251639123603,17.742503278247206,0.0001711361011938744,False
0x2ce1af69a615704971daaa73a2e54faaa18668f6,271,0.18450184501845018,0.0,313506.25072,-0.718907260963448,-1.437814521926896,-4.726815240833739,-9.453630481667478,-5.499640546370237,-10.999281092740475,0.00017074980255479404,False
0x6392801cc088ca7ecf7436351fd6334d0f7ecffc,364,0.9972527472527473,0.45179063360881544,312973.48758,-1.0145885408984991,-2.0291770817969983,-1.2986840097452519,-2.5973680194905038,1.2760234802764718,2.5520469605529437,0.00017045963545045544,True
0x9eeb863e43ae9b71b6d08e0f0e44280c047b8a08,223,0.19282511210762332,0.0,312150.544,2.4950297689898093,4.990059537979619,10.852704340364863,21.705408680729725,42.45486263867924,84.90972527735848,0.0001700114228439252,False
0xd4ed6f78ee9540aa95a41939cf346830165bb75b,63,0.6031746031746031,0.3157894736842105,304409.54092,-0.20732337112128385,-0.4146467422425677,-4.249824729694064,-8.499649459388127,-6.003421832423823,-12.006843664847645,0.00016579531951440478,False
0x9e897322ae0e75b1eb3d86668d34f2271260b706,1372,0.016034985422740525,0.2272727272727273,303356.52410000004,2.583149466121013,5.166298932242026,8.76352836660317,17.52705673320634,16.939856794178738,33.879713588357475,0.00016522179852817586,False
0x52e6c32f0eb44f707e9c159052fc5039fc7b7725,110,0.6727272727272727,0.47297297297297297,303090.99994000007,-1.5506748290361716,-3.101349658072343,-3.9151191217265793,-7.8302382434531586,-14.05591139166823,-28.11182278333646,0.00016507718196059738,False
0x13d2db460a97b30a71e6bd05183feb77147b39d6,115,0.48695652173913045,0.0,302433.70571,-1.9604946028447638,-3.9209892056895277,1.216050807845221,2.432101615690442,-9.273336757752885,-18.54667351550577,0.000164719189545023,False
0xde4d89c564a4c27ad7be25ad6344d26bd601f9a2,49,1.0,0.12244897959183676,301609.37139,-0.4054278723494773,-0.8108557446989546,1.5665847489198144,3.1331694978396287,-1.2035238863921,-2.4070477727842,0.0001642702194780598,False
0x0ddcec3c593a9f577c888a6c9e56e8b0f5fcd048,149,0.5637583892617449,0.41666666666666663,300909.57368000003,-0.5226017581258603,-1.0452035162517206,-0.7414993133951342,-1.4829986267902684,0.07826519468421132,0.15653038936842265,0.00016388907772877612,False
0x999510ad3dd8c94a6659d6401d983137565283e3,153,0.5228758169934641,0.4,298321.82431,0.13366851171348715,0.2673370234269743,2.9353615438569394,5.870723087713879,7.705627509098889,15.411255018197778,0.00016247967139963905,False
0xf466ad87c98f50473cf4fe32cdf8db652f9e36d6,128,1.0,0.28125,297681.60764000006,-1.3188195028515373,-2.6376390057030745,-4.0481165992809816,-8.096233198561963,-3.3282587145063487,-6.656517429012697,0.0001621309802021152,False
0x03ef8f736498047c3349bb2c18311d1bb4a79054,120,0.8083333333333333,0.0,293295.56976000004,3.194808138101909,6.389616276203818,-8.58563778126785,-17.1712755625357,-15.088470901934855,-30.17694180386971,0.00015974214393397736,False
0x9b2f931ebeb754cbc4d1be5417b5e32d6b0f9df5,207,0.2608695652173913,0.07407407407407407,290020.0284400001,-3.2359456922069083,-6.471891384413817,-2.63977800086206,-5.27955600172412,-25.85643953200527,-51.71287906401054,0.00015795813474001207,False
0x9d59cdeef1f369943af5e694d57d67e7cfde126e,209,0.69377990430622,0.0,290000.0,-6.505464047592407,-13.010928095184815,3.052799776422431,6.105599552844862,5.775832472112494,11.551664944224989,0.0001579472263381297,False
0x1252bf1beea27b001d2e324069e92d83722cd40f,270,0.23333333333333334,0.4920634920634921,289189.79868999997,-0.7942393664051908,-1.5884787328103815,-0.03613116185560383,-0.07226232371120767,-4.0647335187779445,-8.129467037555889,0.00015750595375299165,False
0x9602653d1fadb242fadc14710035117cfa7df09b,39,0.3333333333333333,0.0,288958.47552000004,0.11760859389506614,0.2352171877901323,-7.456384852954982,-14.912769705909964,-16.67689861433562,-33.35379722867124,0.0001573799646044081,False
0x250b6caa76cf8c72b8ecd546d78dc096fa8eb824,51,0.9803921568627451,0.24,288619.78805999993,-2.787246871637498,-5.574493743274996,-7.063056007974524,-14.126112015949047,-0.5494915191570116,-1.098983038314023,0.0001571954999668132,False
0xc757065ae8cd8163b98382b4a3284b80aedff6cd,98,0.826530612244898,0.0,288219.3777,-0.010445986933580438,-0.020891973867160876,-1.1535258469502172,-2.3070516939004344,13.787189464385644,27.57437892877129,0.00015697741822281652,False
0x020ca66c30bec2c4fe3861a94e4db4a498a35872,3437,0.004073319755600814,0.0,287470.0,2.517836993999363,5.035673987998726,2.126193845683009,4.252387691366018,25.024735275700298,50.049470551400596,0.0001565692729497315,False
0x0dfd5484ebce4242a0511e44da0c3eea0878b046,1333,0.05101275318829707,0.13235294117647056,286074.41741000005,-1.1981694797193438,-2.3963389594386877,-2.6012872721095284,-5.202574544219057,2.1940256995134635,4.388051399026927,0.00015580917502139953,False
0x430fddca061a5a41326df63405f6476f1179cc5c,715,0.36083916083916084,0.3953488372093023,284742.46763,-0.7845267822565961,-1.5690535645131922,-2.5893531836650716,-5.178706367330143,-3.303869460794764,-6.607738921589528,0.0001550837344235627,False
0x77779a804cc67097468c983489ec178cee82947e,135,0.6666666666666666,0.25555555555555554,284259.43886,-0.04447480840674502,-0.08894961681349003,-0.3394978195793896,-0.6789956391587793,5.019448586256491,10.038897172512982,0.00015482065492541434,False
0x38042d713af713f0275b00640a83654db91ea543,56,1.0,0.0,283814.582,-1.4521585799245007,-2.9043171598490014,0.11911665039980737,0.23823330079961474,1.6061459650178331,3.2122919300356663,0.00015457836559039885,False
0x10f8b7027df40ad26e412dab55803b9daceabc65,208,0.23557692307692307,0.1428571428571429,281638.68997,-0.5489571784128293,-1.0979143568256586,-1.3634752896719116,-2.726950579343823,-2.0596708105339183,-4.119341621067837,0.00015339327555264113,False
0x50ff7ebef8b1363fd18513552cb03b726a8509d1,171,0.36257309941520466,0.3709677419354839,275671.02070000005,-1.1334074070245743,-2.2668148140491486,-2.0636187115347933,-4.1272374230695865,-3.2181272723128043,-6.4362545446256085,0.000150143010694366,False
0x8da9e2e97cfea9006512d9f25757e9c0a4982bfd,63,0.9047619047619048,0.12280701754385964,275010.35656,31.3137157265234,62.6274314530468,-64.85616777131038,-129.71233554262076,-172.73887826751536,-345.4777565350307,0.00014978318287211056,False
0x366fed19e5b826f4f9ad2bce41114631270ea181,1325,0.870188679245283,0.3668690372940156,272896.53837,-0.9024895809441426,-1.804979161888285,-2.993233566138197,-5.986467132276394,-4.556722364224093,-9.113444728448187,0.00014863190107868444,True
0xeaf9e4b5a1d967bdf9ad9a88a31c2eec1a26dfcc,197,0.5939086294416244,0.1794871794871795,272841.08428,-0.8841967445420237,-1.7683934890840474,0.7586945069246126,1.5173890138492252,12.241334120672114,24.48266824134423,0.00014860169825211682,False
0xa9c3d444f0a94ae2ae24363d4bd38c3e7ee282ea,1097,0.040109389243391066,0.1590909090909091,271643.91583,1.2491720432260398,2.4983440864520796,4.035952217239951,8.071904434479903,15.751952228022741,31.503904456045483,0.00014794966571371332,False
0x891a46617b6997f1d809147bb0c9d62e4af2271a,1098,0.11566484517304189,0.0,270174.1334800001,-0.41726400061179303,-0.8345280012235861,-2.021314874785029,-4.042629749570058,-13.147981214806398,-26.295962429612796,0.00014714915521197805,False
0x4044570e13b5184f7eb2709de25a4eb766a4794c,110,0.990909090909091,0.04587155963302747,268795.91438999993,-0.9482451853120014,-1.8964903706240028,-5.343162917428516,-10.686325834857032,1.2806284806847168,2.5612569613694336,0.00014639851423766154,False
0xc3d101ae37bba62baf199c6d5e5d8f0eecfd200e,105,0.22857142857142856,0.0,268193.36976,-1.073534971480113,-2.147069942960226,2.8273230341727973,5.654646068345595,11.317321616131403,22.634643232262807,0.0001460703409512704,False
0xe5942108a6092852f135177feeeb9d9a9b5987ec,67,1.0,0.47761194029850745,267728.54308,9.743478206792988,19.486956413585975,1.3612415089247045,2.722483017849409,13.293499066346994,26.58699813269399,0.00014581717514149814,True
0xac487c027ffe32021bbba77e30786f8c8f353201,1256,0.06210191082802548,0.0,267533.06799999997,-1.390958768008345,-2.78191753601669,-4.707860445566069,-9.415720891132137,4.214910772286959,8.429821544573919,0.00014571071049769045,False
0x6dca8e0d5324fc7d5a885e699a9ab25b164edfb2,251,0.17131474103585656,0.23255813953488372,266051.97498,-0.5402469728554246,-1.0804939457108491,2.073317757574277,4.146635515148554,-23.656832049542384,-47.31366409908477,0.00014490403968921544,False
0x937ba6d1f3839c03ee55bac37bf4db2d90835a12,193,0.48186528497409326,0.46236559139784944,266004.79390999995,-1.2649206143310288,-2.5298412286620575,-0.8463293581231043,-1.6926587162462086,3.6660456814184545,7.332091362836909,0.00014487834272665622,False
0xb847748c6119d1d91a6613d549d041242cbd1c24,51,0.9019607843137255,0.23913043478260865,264418.97839999996,-0.12118429217051103,-0.24236858434102207,-1.1013630585848204,-2.202726117169641,11.020083706967808,22.040167413935617,0.0001440146352739373,False
0x69e0e860bceb8eab10b66de33c75a1489bd8277d,213,0.6056338028169014,0.41860465116279066,264143.17533,-1.5835947046412202,-3.1671894092824404,0.20492723221562983,0.40985446443125967,2.024635134975179,4.049270269950358,0.00014386442034317165,False
0x86e0ebc902bf632e3b842e652ba1e60e8cf42553,357,0.938375350140056,0.023880597014925398,263392.5388,-2.7355328717745633,-5.471065743549127,-6.238972365239243,-12.477944730478486,-1.3918598083079496,-2.7837196166158993,0.00014345558945385586,False
0x7258d00a24d6829ac4bf355127bfbc9e2303aed4,560,0.12142857142857143,0.2941176470588235,263226.13782,1.7015484512576489,3.4030969025152977,3.9346764387930744,7.869352877586149,6.354345354017236,12.708690708034473,0.00014336495989092157,False
0xbbcb0c0aef0b28125af2f719f81d6a5b76f56f30,259,0.30115830115830117,0.3846153846153846,261078.20395,-0.39767168746182746,-0.7953433749236549,2.141771561376145,4.28354312275229,-8.564667554454754,-17.12933510890951,0.00014219509714221736,False
0x6cf0ee6373f13066608857301442c549ef6c59a2,175,0.3028571428571429,0.3584905660377358,260923.40672,-3.6487583510389894,-7.297516702077979,-11.44913338125096,-22.89826676250192,5.518851663623788,11.037703327247575,0.00014211078751075762,False
0xbfa317b7468a97e4e6a7a3c138b86ca0b7395477,319,0.6520376175548589,0.4375,260795.87860999996,1.620380510873182,3.240761021746364,2.5526940769626245,5.105388153925249,9.694573387435256,19.38914677487051,0.00014204132988574158,False
0x3a9f9d8a37d9364c9e1dd90512f54ead9a7b03c7,875,0.08457142857142858,0.4864864864864865,260658.93488000002,1.4267080140004158,2.8534160280008316,-5.830820408373989,-11.661640816747978,-9.695030184212229,-19.390060368424457,0.0001419667440846454,False
0x123dbca6a27005a3c4ce10cb66ee8ece8fc13bff,1908,0.8616352201257862,0.0,260233.06059999997,-0.7259757229029917,-1.4519514458059835,-1.364263117765956,-2.728526235531912,-3.0313449957560836,-6.062689991512167,0.0001417347935284566,False
0xe21be5bb37a3af716174cdc5d095ab224b3ef9de,268,0.45149253731343286,0.4132231404958677,259717.87788000001,0.09536724922043713,0.19073449844087426,1.137900798398626,2.275801596797252,4.368106212211215,8.73621242442243,0.00014145420152265892,False
0xfbe3f499b8e5b19ec912de7f6438b73eb9bb62ef,952,0.8739495798319328,0.3942307692307693,258082.06991999998,-0.08226036572381225,-0.1645207314476245,-1.624047635454475,-3.24809527090895,-1.4124958274549622,-2.8249916549099243,0.00014056326590161118,True
0x362e93e99db17029bbcd0327f5a842b0726900e7,407,0.12530712530712532,0.2549019607843137,256672.73211000004,-1.037637149453754,-2.075274298907508,-5.354009098688637,-10.708018197377275,-7.745881577891707,-15.491763155783413,0.0001397956762531183,False
0xa86eb6037c5cb64302aa2b2475a27419f711c355,814,0.1732186732186732,0.03546099290780147,255999.76265000002,0.6028828347505851,1.2057656695011703,0.9727298878294692,1.9454597756589385,-7.882026235805654,-15.764052471611308,0.00013942914639236906,False
0x698f77f4d84ab9a6283983ade08ab68ae875a600,1414,0.12517680339462517,0.03389830508474578,255160.504,-0.1243251969901664,-0.2486503939803328,1.0158112038704321,2.0316224077408642,3.482398809585606,6.964797619171212,0.00013897204785461807,False
0x13a0833e8201b37c161feb2df764159707f71409,190,1.0,0.0,251684.94,2.4339370437041534,4.867874087408307,-16.756393707772546,-33.51278741554509,-7.421628363023144,-14.843256726046288,0.00013707909718647788,False
0x612ca98c658c7a2de1f239a1d2a9e18c356e724a,313,0.04792332268370607,0.0,250000.0,-5.200000000000671,-10.400000000001342,-3.1999999999996476,-6.399999999999295,-66.80000000000064,-133.60000000000127,0.00013616140201562902,False
0xbd21c5a128247f60653cb652276c10e9f6dd8c02,276,0.34782608695652173,0.0,249989.41809,-1.021110906971426,-2.042221813942852,-2.348705547387269,-4.697411094774538,-6.179854909394421,-12.359709818788842,0.00013615563862482262,False
0xa24c007a0a47e40f860d4d7103b916b71f959d47,217,0.423963133640553,0.16304347826086957,249343.01658999998,-0.2646640755304858,-0.5293281510609716,0.4892209966540669,0.9784419933081338,3.0157016592943426,6.031403318588685,0.0001358035788868026,False
0x57bf3b0f29e37619623994071c9e12091919675c,187,0.3850267379679144,0.2222222222222222,246548.58023999998,-0.3761357589975657,-0.7522715179951314,-1.5762059233551982,-3.1524118467103963,-2.008458222982948,-4.016916445965896,0.00013428160140176485,False
0x1a2bb9055c08f53ca9ae00b93b7cddc42d1fbbfd,39,0.02564102564102564,0.0,246337.59999999998,-1.0344827586207288,-2.0689655172414576,9.31034482758656,18.62068965517312,23.103448275862128,46.206896551724256,0.00013416669194066087,False
0xf874039b239c1bda68b6b342dd0a5680e34a8c33,1775,0.061408450704225355,0.0,245114.48429999995,-0.4132764138630822,-0.8265528277261645,-0.24589414440196572,-0.49178828880393144,7.971737436172301,15.943474872344602,0.00013350052734650353,False
0x43f8067060a23275ca099b5551c361bdaf991a4b,59,1.0,0.423728813559322,244484.74999999997,-1.5911075187055992,-3.1822150374111984,-2.929329120881112,-5.858658241762224,-4.713406173240815,-9.42681234648163,0.00013315754532576223,True
0xbe69e095e738eb7260ad795c554aba288e1f2adc,409,0.07090464547677261,0.0,243934.48585,-1.2027255611560537,-2.4054511223121073,-4.163280788617618,-8.326561577235235,-14.956971722071255,-29.91394344414251,0.00013285784637319048,False
0x061d9b3d2bb706d6cae1b38486977d19dac2cbf0,1305,0.0421455938697318,0.0,242557.34567,0.07848949995179567,0.15697899990359135,-0.9077138738249704,-1.8154277476499407,6.746968694657525,13.49393738931505,0.00013210779302246707,False
0x8158223c9debd06d4bb97e3352ee5e3606f0890f,383,0.18798955613577023,0.4027777777777778,240617.92070000002,-1.4960376551045165,-2.992075310209033,-2.896055811854484,-5.792111623708968,8.985605659401545,17.97121131880309,0.0001310514937303898,False
0xedf3f7d117f9bb9d7a7129471c50794f3d88cf7f,119,0.5294117647058824,0.0,236116.38972000004,-11.481616824717772,-22.963233649435544,-7.809964124628665,-15.61992824925733,-39.01497068731827,-78.02994137463654,0.00012859975465257545,False
0xd115415df1239850c5aa9e9772c0f69314dfab52,154,0.24675324675324675,0.3157894736842105,233097.37416000006,-1.4727593070399978,-2.9455186140799956,-3.021754414279332,-6.043508828558664,3.11927035699201,6.23854071398402,0.0001269554610871491,False
0xe2e147a42768d53bc14bb8063e360df4cfac08cc,88,0.3068181818181818,0.4444444444444444,232943.63659999997,-4.945527651156842,-9.891055302313683,-6.8287717299843855,-13.657543459968771,-0.6682261194972648,-1.3364522389945297,0.00012687172860030078,False
0x5b4c2c1a89a84d9a6074e23bfde27d8a200a89f4,189,0.2751322751322751,0.0,230479.87094999995,-1.6652375007763565,-3.330475001552713,-5.113670537265012,-10.227341074530024,-7.723432651531197,-15.446865303062394,0.00012552984945973298,False
0x93368d9c570fe74c183bf3a01123514f331b96b8,390,0.2153846153846154,0.0357142857142857,230430.08457,-4.518479709306046,-9.036959418612092,-1.1652724201689664,-2.3305448403379327,0.2698268032101548,0.5396536064203096,0.00012550273352652467,False
0xb61c576fc44da13b7c10e83d3ec94998e2409b9c,172,0.5232558139534884,0.5,229823.47741,-0.1746345418272168,-0.3492690836544336,-4.7622843734199956,-9.524568746839991,-1.549483546510864,-3.098967093021728,0.0001251723476010114,False
0x8ab117ae3af056395dc23cd79ba07bda3a95d9f3,64,1.0,0.0,226869.0,-1.9452676250168308,-3.8905352500336616,-5.3128186925343535,-10.625637385068707,-1.5253356469861332,-3.0506712939722664,0.00012356320445553498,False
0xbd81ddd44a8731753d54497f1e4fedd4e15e2707,200,0.285,0.0,225197.96271,-0.479909284181298,-0.959818568362596,-7.067666353441044,-14.135332706882089,-29.07841127922,-58.15682255844,0.00012265308133462777,False
0x27c9fa86c91b84ddfa15de58c482ff662498d65d,359,0.6350974930362117,0.25877192982456143,224985.05631999997,4.890985067554452,9.781970135108905,2.0666168500970477,4.133233700194095,4.342313497139315,8.68462699427863,0.00012253712280438584,False
0x8ae472a82433747ca50369f115857e766de983e1,839,0.9558998808104887,0.45386533665835416,224818.14890000003,-0.6666941016230283,-1.3333882032460567,-1.5114166503642237,-3.0228333007284474,-1.8129816580570757,-3.6259633161141513,0.0001224462174111298,True
0x8fd4f297e029ad0ee68a0d286aaf921668f93000,88,0.5454545454545454,0.0,223738.72428999998,-0.5936217693459294,-1.1872435386918587,-1.406986418086861,-2.813972836173722,-2.2495206952234543,-4.499041390446909,0.00012185831353805869,False
0xe8de5d2ae47fa0a00d1de7a36b2a2d75b63a80f7,1686,0.49644128113879005,0.38948626045400236,222924.821,-0.2623582791626969,-0.5247165583253938,1.183104061855579,2.366208123711158,3.2213929377183197,6.442785875436639,0.00012141502468577257,False
0xb9a5b462c0b4f21b074757463c16ec3698a03b9d,121,0.1322314049586777,0.375,221157.06,1.4276415688308381,2.8552831376616763,-4.408684431049485,-8.81736886209897,-2.9538016177797894,-5.907603235559579,0.00012045222142101837,False
0x4f0ced0f721f71c190a6b30ab15b58c41587755b,168,0.21428571428571427,0.02777777777777779,220356.44788999995,0.48273130759707455,0.9654626151941491,-3.008937683782251,-6.017875367564502,31.127820746417854,62.25564149283571,0.00012001617155154517,False
0x6d0ad2394d71097fff94c7eabe659929eb02db90,1536,0.045572916666666664,0.34285714285714286,217570.63904,-0.42565548941870773,-0.8513109788374155,-4.478367816281069,-8.956735632562138,-12.903709180318467,-25.807418360636934,0.00011849889299649102,False
0xe0c2b5e8d62d0afa5b86dd7020c2f0c51b567b30,165,0.3878787878787879,0.0,217361.18898000004,0.5510086141354547,1.1020172282709093,5.67551794868676,11.35103589737352,0.5192370130072972,1.0384740260145944,0.0001183848169412036,False
0xadf8617b1a5a15109dd992752d89f74a1c5f27ee,65,0.8461538461538461,0.12727272727272732,217189.9449,0.2536377540667829,0.5072755081335658,-9.219062154782648,-18.438124309565296,-9.143645100081718,-18.287290200163437,0.00011829154960512488,False
0x8b1c1f4a92d1f07ee440c99833eb96e0d5f62472,796,1.0,0.3944723618090452,215020.03303999998,2.059603488516748,4.119206977033496,1.2136545685361801,2.4273091370723603,0.13624325046845484,0.2724865009369097,0.0001171097166406931,True
0x31b1ac74a39fa92604c3bccac20453f2e3eebfaa,276,0.6811594202898551,0.42021276595744683,214617.06089999998,4.524490619355928,9.048981238711855,5.500702374930601,11.001404749861202,8.476612659355386,16.95322531871077,0.00011689023963447055,False
0x349ac8ee2a4345ce00495659eb5d2d9edadbdc2d,343,0.2303206997084548,0.0,214441.21152,0.025918707241197634,0.05183741448239527,1.0844792215175827,2.1689584430351654,5.790930976824763,11.581861953649526,0.00011679446404197305,False
0x4f2b5981d89a1c60bc73ea23edef2797447b3c17,158,0.5506329113924051,0.0,213877.21218,2.79469489283943,5.58938978567886,18.052975951981573,36.105951903963145,22.920373390402972,45.840746780805944,0.00011648728427849188,False
0x7f0f71a3987a4d290adda62281911884c45d4a84,405,0.07160493827160494,0.1724137931034483,210705.386,-1.8359063089380376,-3.6718126178760753,-0.20401149739503885,-0.4080229947900777,13.458759768364871,26.917519536729742,0.00011475976308001717,False
0x469c312c9d393b812725fc46a3a4a77d7f07db68,285,0.9929824561403509,0.03886925795053009,208479.73689,-0.31127275894303513,-0.6225455178860703,-3.5650480212772115,-7.130096042554423,-4.321843629067774,-8.643687258135548,0.00011354757306716743,False
0xff3f81bf116731567f2d8f7f38c057fc9f4d316d,116,0.07758620689655173,0.0,205654.90141,4.0564697434462715,8.112939486892543,7.813722618343961,15.627445236687922,15.449076244603539,30.898152489207078,0.00011200903882948625,False
0x780825f3f0ad6799e304fb843387934c1fa06e70,137,0.4233576642335766,0.22413793103448276,204484.34629999998,-0.0777391202982168,-0.1554782405964336,-6.7532259124438925,-13.506451824887785,-0.08681741236829116,-0.17363482473658232,0.00011137150112982961,False
0xf930f29bcbcf4a31676b1d3f7a868f02fb414fbb,119,0.40336134453781514,0.10416666666666667,204113.17539,-2.123529984924748,-4.247059969849496,-4.830579645051821,-9.661159290103642,-11.147381145499821,-22.294762290999643,0.00011116934452385756,False
0x6c30f71877c53ab67f296b5fcd07924131c02d59,315,0.4222222222222222,0.3533834586466166,202449.62930000003,-2.263328220036197,-4.526656440072394,-5.2704499273439245,-10.540899854687849,-1.9360636521640842,-3.8721273043281683,0.0001102633014521295,False
0x228d6bbdf68ac8ef4cc5a7a7b4fae729f75c1111,127,0.5039370078740157,0.328125,202336.07418000003,0.3210011138882975,0.642002227776595,2.0731633692794897,4.1463267385589795,1.2407554969680863,2.4815109939361726,0.00011020145415474849,False
0x32cd06a20b528bced096945d6d165a61e75ccd2a,48,1.0,0.0,200632.1815,0.20040080160312504,0.4008016032062501,-2.454909819639846,-4.909819639279692,-7.982631930528075,-15.96526386105615,0.0001092734364899766,False
0x6a56d5665bae79056207c8605c7fa5421737711b,2271,0.002642007926023778,0.0,199999.96169999999,-4.580690627202666,-9.161381254405333,35.286419007349274,70.57283801469855,-13.339373804490831,-26.678747608981663,0.00010892910075257643,False
0x8419d99bf0c7f6b2d1c10314032f0c224e5f4c73,62,1.0,0.22580645161290322,199803.35899000004,1.3055688396921152,2.6111376793842305,4.434129163725292,8.868258327450585,-0.7640905178521283,-1.5281810357042567,0.00010882202195004177,False
0x9b30303788deb629efd67f7c1f0dbf15e9a67c01,112,0.6607142857142857,0.3918918918918919,199766.79810999997,-1.0244531661467327,-2.0489063322934653,-1.2354730012861712,-2.4709460025723424,-0.5456462328505248,-1.0912924657010497,0.00010880210922732283,False
0xf8683c5a1f0e3483b7a54c9069e27f42a600742d,66,0.5757575757575758,0.0,199623.46480000005,1.3857483735638392,2.7714967471276784,-14.326760021693053,-28.653520043386106,-6.888494646694859,-13.776989293389718,0.00010872404336954232,False
0x2dc498fc7f847f718b29ad6dce5975ae732e7a6d,40,1.0,0.475,198078.08444,15.403485635603198,30.806971271206397,6.706683141825357,13.413366283650713,7.809766417444027,15.619532834888053,0.00010788235874368222,True
0xcf082e60553c05918d7ec0416929e07b5c00209c,85,0.5882352941176471,0.0,197810.93307,-0.015398918859027617,-0.030797837718055235,-2.9713172752125363,-5.942634550425073,-5.83257804450908,-11.66515608901816,0.00010773685592332383,False
0xaa44894f7c04c77fcf2807576834b93f6a8cb844,115,0.1565217391304348,0.4444444444444444,197307.039,-1.0165484633567887,-2.0330969267135774,-0.14838936034893013,-0.29677872069786027,-2.5658418329142156,-5.131683665828431,0.00010746241223116958,False
0x8c294aeb643f8099f3d15fb47e437edd72df4022,1328,0.04593373493975904,0.360655737704918,196809.94099999996,-1.1853999814132476,-2.3707999628264953,2.6375095765829046,5.275019153165809,4.342570479798985,8.68514095959797,0.0001071916699886929,False
0x6d910bea79aaf318e7170c6fb8318d9c466b2164,371,0.008086253369272238,0.0,196496.7,6.283029947152078,12.566059894304155,10.110405285977949,20.220810571955898,-1.722711554772194,-3.445423109544388,0.00010702106465377782,False
0xd1a78afcdc6ed3cc2acedfee8858de84626305a1,257,0.6575875486381323,0.24260355029585798,195903.84970000002,0.466745111603602,0.933490223207204,-1.6249968281697054,-3.2499936563394107,-12.896427772179782,-25.792855544359565,0.00010669817134164428,False
0xf7401728edd23290d8099ed73f155101dcf8cc0c,43,0.6511627906976745,0.0,193120.0,0.013226045272764704,0.026452090545529407,-3.689167168349795,-7.37833433669959,11.724744018735757,23.449488037471514,0.00010518195982903312,False
0xa8439bb20649305d11a4ef5fe2eeb4633ee959dd,103,0.3300970873786408,0.0,193042.682,-0.06402816877519105,-0.1280563375503821,-1.9733605401264398,-3.9467210802528796,-10.428252947695512,-20.856505895391024,0.00010513984891990894,False
0xf4b73facb067c1f1c0aa3314d2191a942a96e2bb,343,0.052478134110787174,0.0,192384.572,-1.4851041628374033,-2.9702083256748066,-11.94830701745476,-23.89661403490952,-3.7838711809752885,-7.567742361950577,0.00010478141219878692,False
0x9c39cd4f3a0bf01dbf0be947dfbe8ffb13068a64,95,0.5789473684210527,0.16363636363636364,191370.93706,-0.44207397924859776,-0.8841479584971955,-0.6510457753819818,-1.3020915507639637,-5.596236520707272,-11.192473041414544,0.0001042293403805372,False
0x1d14c6221aa536eb86360b611089d881cc5cd4b3,286,0.46153846153846156,0.38636363636363635,190012.6649,-0.3362019120297239,-0.6724038240594478,-2.5618609190247086,-5.123721838049417,-2.985016414870602,-5.970032829741204,0.00010348956341403962,False
0x34cdc776b2b397b7b67d3592cbcf61af39e8faf2,172,0.3430232558139535,0.0847457627118644,189913.53711,-1.8894496598806745,-3.778899319761349,-6.238488044948351,-12.476976089896702,-17.064465807452926,-34.12893161490585,0.00010343557389857917,False
0x32bd1890f593dc6a6c07102ebe5028dd32f6747f,653,0.0444104134762634,0.0,187880.97991,-1.2129148708502122,-2.4258297417004244,4.368549322979151,8.737098645958302,18.080654727335787,36.161309454671574,0.00010232855054646333,False
0x4969500d093c0c25b6499c72ad4669f56477f5d4,61,0.2459016393442623,0.4,186732.99999999997,-1.57368883786429,-3.14737767572858,-2.3252297913796864,-4.650459582759373,1.4574801420377739,2.9149602840755477,0.00010170330833033781,False
0x7bef7fff4b2dcfc39ed2ab73a9c4a8c5346b5282,107,0.3644859813084112,0.15384615384615385,186724.88657,0.5332619773252023,1.0665239546504046,1.922413473698992,3.844826947397984,6.5704412470447435,13.140882494089487,0.00010169888938632201,False
0x3ee4446e94c18ff1cae5c8d567fcd27cea36338d,1327,0.6171816126601356,0.43956043956043955,186293.99554000003,-1.074621034181975,-2.14924206836395,-1.7309654800527017,-3.4619309601054034,-1.1083346699799543,-2.2166693399599087,0.00010146420647927899,False
0x83742faddde0b5b2b307ac46f24a1c118d332549,274,0.551094890510949,0.23178807947019864,182463.53641,-0.003290223705253508,-0.006580447410507016,-1.8162928022304077,-3.6325856044608154,-5.953280924817686,-11.906561849635372,9.937796373726151e-05,False
0x293a9a3f34d2d7c7771450b03f50c93740b886c9,127,0.33070866141732286,0.0,181984.4707,-2.5616013893944802,-5.1232027787889605,-1.6730372661419324,-3.3460745322838648,-4.5723071012029575,-9.144614202405915,9.911704270233665e-05,False
0xabfc770746b00b4a92a780c0320df18877efb697,84,0.16666666666666666,0.0,181431.84092,0.6142004733786265,1.228400946757253,-0.11329055288878401,-0.22658110577756801,9.057928834105025,18.11585766821005,9.88160553197751e-05,False
0xd158ab29974537b266d37ef88ae71ff4334bab69,1880,0.35425531914893615,0.44594594594594594,180389.82176999998,0.2630372660344067,0.5260745320688134,0.9926333338542634,1.9852666677085269,2.3308496661280453,4.661699332256091,9.824852416621056e-05,False
0x2fdf3320cfaf0a425991a16412d01d6f08cbd717,352,1.0,0.0,179756.92056,-0.803384011474889,-1.606768022949778,-2.603207190535549,-5.206414381071098,-2.1092548505925155,-4.218509701185031,9.79038173018466e-05,False
0x649156ebf0a350deb18a1e4835873defd4dc5349,122,0.5245901639344263,0.109375,179362.7107,-0.015850888219445067,-0.031701776438890134,-3.0981164151849647,-6.1962328303699294,-1.0430187104675783,-2.0860374209351566,9.768911263294267e-05,False
0xfc69ed1d8473d2c8970417d9849ab42ca9d37994,528,0.05303030303030303,0.0,179198.42776000002,-0.4411524154251499,-0.8823048308502998,-4.270425286855465,-8.54085057371093,-38.79596825170934,-77.59193650341868,9.759963665119208e-05,False
0x0c44471cc8516125ead11e09446302ae20540ed4,121,0.21487603305785125,0.23076923076923073,178718.0,-0.43017584644891443,-0.8603516928978289,6.985120891637471,13.970241783274941,15.116410578106764,30.23282115621353,9.733797378171675e-05,False
0x2a11b1721fd2071d114732b510525c84ab429bce,170,0.11764705882352941,0.25,174998.61292,-1.825512719024929,-3.651025438049858,3.969026781903621,7.938053563807242,1.147167958071845,2.29433591614369,9.531222594391031e-05,False
0x67fab5e18c4f67c392cdf535d60767a5c1062fbd,189,0.17989417989417988,0.3235294117647059,174713.00929000002,-1.672487341358797,-3.344974682717594,-13.725163354669345,-27.45032670933869,-0.7963940149671176,-1.5927880299342352,9.515667318118409e-05,False
0x183d0567c33e7591c22540e45d2f74730b42a0ca,37,1.0,0.0,174161.12382999997,-0.2105212271682238,-0.4210424543364476,-2.96289134531776,-5.92578269063552,-6.63531719701216,-13.27063439402432,9.48560911892415e-05,False
0xbbfb6566ad064c233af6314aeb1eee4c26a5f921,4519,0.006417348971011286,0.0,174097.01524,0.1934917294095982,0.3869834588191964,1.1726816952268264,2.345363390453653,7.376854528764886,14.753709057529772,9.482117472725894e-05,False
0x14b315b9edca66b54458b53ac5dd8b7ee201bbbd,391,0.5601023017902813,0.31506849315068497,174087.4067,2.5543653631678316,5.108730726335663,-2.8080332280441413,-5.616066456088283,13.906282948830677,27.812565897661354,9.481594147814804e-05,False
0x70b913fa01b57fd5e6d82f77f50182118f027e8d,238,0.29411764705882354,0.22857142857142854,173603.77609000003,-1.2569944314187727,-2.5139888628375453,-5.2822569129980295,-10.564513825996059,1.3005307859833355,2.601061571966671,9.455253419048697e-05,False
0x493364de7f4a39ed24f9c68ece229973f324d369,4849,0.16601361105382553,0.013664596273291973,172903.45424,-0.30117353807722286,-0.6023470761544457,1.119809052880533,2.239618105761066,6.840917062533037,13.681834125066073,9.417110697065423e-05,False
0xa86290d695158a6e2fe31daef34738dfc57c587f,3590,0.8994428969359332,0.4766181480334469,172471.61369000003,1.0075328571170896,2.0150657142341792,0.12881142945396015,0.2576228589079203,-1.9112543670693984,-3.822508734138797,9.393590691171345e-05,True
0x15baf1cefcced43e971da85b7b4de5a0391f7b29,220,0.2681818181818182,0.0,172452.2517,1.789095288879484,3.578190577758968,-3.706564035127767,-7.413128070255534,-3.6033752080309793,-7.206750416061959,9.392536148889658e-05,False
0xec7c3257d80aa80d06d996517020744e40a70b05,370,0.21621621621621623,0.425,170793.35983,1.523105023389207,3.046210046778414,1.5712559558938342,3.1425119117876683,-4.125677929461837,-8.251355858923674,9.302185331765047e-05,False
0x426b4ccb67d3f81380eb52fe3b63a6d3c7fa9651,98,0.40816326530612246,0.050000000000000044,170342.70576,0.3726430473501034,0.7452860947002068,0.4091434458537816,0.8182868917075632,5.695618822417295,11.39123764483459,9.277640655766948e-05,False
0x9dd13201454332a3d9728cae312ac98a3966a94d,36,0.5833333333333334,0.0,170300.00000000003,0.6151609205048857,1.2303218410097714,-0.7969130106530019,-1.5938260213060038,-8.947795207336801,-17.895590414673602,9.275314705304651e-05,False
0x2a0725e17fcb59adb244050d5e9da2d9a6cbcbfb,78,0.48717948717948717,0.3421052631578947,169551.74166000003,-1.611375119501923,-3.222750239003846,-9.08149423678246,-18.16298847356492,6.938745078534315,13.87749015706863,9.234561143446936e-05,False
0xae1af61422e0e21e8e15a847cbfae086f99bc97d,591,0.12013536379018612,0.39436619718309857,167929.84135999996,-0.6299747772794284,-1.2599495545588568,-0.011031912745520317,-0.022063825491040634,-13.375305476649244,-26.750610953298487,9.146225055935905e-05,False
0x324a6cdc2847ad49dab089a86f35d29ca0f89229,90,0.36666666666666664,0.4242424242424242,166643.257,-1.0439259123559592,-2.0878518247119184,-2.796035817315166,-5.592071634630332,-1.8730379134575603,-3.7460758269151206,9.076151803828316e-05,False
0xd28e005c992b168d0b20fca312958e105bb260ab,114,0.9824561403508771,0.0,166354.64999999997,-2.082899395959399,-4.165798791918798,-26.17439394003828,-52.34878788007656,-4.978767178606918,-9.957534357213836,9.060432950327703e-05,False
0x2ea161d4e856f7945ac75f21b0486c8bbcaf7b11,920,0.05217391304347826,0.0,164185.46677,1.7493052089168843,3.4986104178337687,8.188826132323465,16.37765226464693,15.936279266382678,31.872558532765357,8.94228933839747e-05,False
0x7e8100f91ad3780cc71995194289bb8eb1b1ad7b,42,0.6190476190476191,0.42307692307692313,164183.28532000002,-1.4829365803025634,-2.9658731606051267,-6.081240415258634,-12.162480830517268,2.0883038040372504,4.176607608074501,8.942170526681299e-05,False
0xfe7098518cbd90f9a199c1b7a67c8525eb788dea,138,0.2753623188405797,0.4473684210526316,162995.67620000002,-0.7144454279059227,-1.4288908558118454,-1.5619623044154178,-3.1239246088308357,4.599112491954422,9.198224983908844,8.877487917551e-05,False
0xd6fa01d54b53e40ecfb59710558af1f8174f4db1,227,0.2511013215859031,0.0,162981.2659,0.3749759509816544,0.7499519019633089,-4.951598931416177,-9.903197862832354,-1.2883844539405904,-2.576768907881181,8.876703066890413e-05,False
0xde73e6f11b12a461257a2fadddb94507407f0763,344,0.125,0.0,162651.21868999998,-0.8542661003359775,-1.708532200671955,-0.0985159686464463,-0.1970319372928926,-11.931135077858373,-23.862270155716747,8.858727190552432e-05,False
0xd9a5ae508abffe8231b8d6ab90c2738052f3424a,1167,0.5004284490145673,0.38527397260273977,162370.00827999998,-0.10627013444193588,-0.21254026888387176,1.3451973488488584,2.690394697697717,3.1173919400154935,6.234783880030987,8.843411189077638e-05,False
0xce5667f7194c4d9320acd28f1ee8b3d2adbdb27e,40,0.95,0.0,161420.78102,7.677068787448545,15.35413757489709,-1.8436076117971425,-3.687215223594285,6.494564878559845,12.98912975711969,8.791711943256416e-05,False
0xde236b0b3b367d5ad2a2c42b914bded79d03fe28,206,0.8106796116504854,0.40718562874251496,161176.18353,5.667873565943354,11.335747131886707,5.845217158964019,11.690434317928037,7.695513097755662,15.391026195511325,8.778390048389255e-05,True
0xd8ab60d5dc9e1ceb9065e14c501293eaf9ca7b35,123,0.36585365853658536,0.0,159999.05376000004,-3.2837073081171795,-6.567414616234359,-7.8054180312502,-15.6108360625004,-7.071072701497394,-14.142145402994789,8.714278192454244e-05,False
0x74883f76a1ed9fb1837b98270dc9ef22f903dd09,59,0.9661016949152542,0.01754385964912286,159936.07200000004,0.7248800391316506,1.449760078263301,3.706697167404869,7.413394334809738,2.439625668851367,4.879251337702734,8.710847918557038e-05,False
0x8434b7844fd17fad52f0aceae50a834cd4896577,88,0.5568181818181818,0.26530612244897955,159476.35366,-2.181620284953616,-4.363240569907232,0.3574083097583759,0.7148166195167518,-8.282219457520252,-16.564438915040505,8.685809561074357e-05,False
0xc977566f8ef21a8fc2438e458d51626067b6515c,254,0.2125984251968504,0.05555555555555558,159308.28194999998,-1.8939528403544188,-3.7879056807088376,-5.5002164427601405,-11.000432885520281,-20.006489302317302,-40.012978604634604,8.67665560920525e-05,False
0x8c84d3c8ba8529df7a507089f2f8f030185609e0,6205,0.9995165189363416,0.49209932279909707,159260.59889,-0.30179945269858693,-0.6035989053971739,-0.7799576935601474,-1.5599153871202949,-0.7253575075772075,-1.450715015154415,8.674058572284453e-05,True
0x668d98db14eabaf39ddae1028de0d14bd2c5e998,70,0.22857142857142856,0.0,159052.99514,-0.7952575923900037,-1.5905151847800074,-1.0409238991354322,-2.0818477982708643,-2.171501642488014,-4.343003284976028,8.662751525218973e-05,False
0x16213628e4468abfe7f5f443670d3af21ee419c9,259,0.0888030888030888,0.21739130434782605,158526.68009999997,-1.1275002104515317,-2.2550004209030634,-0.669867369038537,-1.339734738077074,29.132201498766015,58.26440299753203,8.634086007719646e-05,False
0x134d464140c9d997af4faa23aa6c8868c0bf140a,109,0.1559633027522936,0.0,158212.982,-2.166064981949541,-4.332129963899082,-5.776173285199202,-11.552346570398404,21.363346782756654,42.72669356551331,8.617000578477392e-05,False
0xf4827b61bd5879d12c4d0aaa078a96c3a9c3f953,752,1.0,0.40957446808510634,158062.69767999998,-0.2587339665313705,-0.517467933062741,-1.8360432721403581,-3.6720865442807162,-1.8913703534543969,-3.7827407069087937,8.608815408992525e-05,True
0x0f991873aab3e14191978946d48f30f624ae9867,5110,0.01350293542074364,0.0,157101.78739999997,-0.19761378431309717,-0.39522756862619435,1.566692922711259,3.133385845422518,15.372941693583652,30.745883387167304,8.556479852618113e-05,False
0x1001a2fed4bdac4dd037319af153093185b90350,50,1.0,0.33999999999999997,156969.71811,-1.4768161343697175,-2.953632268739435,1.519267355429407,3.038534710858814,-19.99535269907775,-39.9907053981555,8.54928675674227e-05,True
0xb00b18b3bf6ecc43e6235ee69424d4a220437a4d,136,0.5147058823529411,0.0714285714285714,156482.44901,-0.06520736891024026,-0.13041473782048052,-0.24395631309237983,-0.48791262618475967,8.52020649823015,17.0404129964603,8.522747859216314e-05,False
0x3f1750a2c381db778bb244aed0ed74a3d5442d98,39,0.28205128205128205,0.36363636363636365,155760.56079,-2.3755549963960054,-4.751109992792011,-3.797089753051053,-7.594179506102106,5.499939791344581,10.999879582689163,8.483430534362805e-05,False
0xc1fd39727cd10fe97ccac228888f025309560a93,711,0.7074542897327707,0.14910536779324055,155649.69147999998,-0.16676686417869369,-0.33353372835738737,0.3649576990934987,0.7299153981869974,3.316234108367654,6.632468216735308,8.477392086086763e-05,False
0x7a146ee9d212816c31a0a93531e23d4359aade10,3770,0.9793103448275862,0.4712892741061755,155290.40985,-0.6090145445808404,-1.2180290891616807,-1.5988278989778377,-3.1976557979556754,-0.923837319904673,-1.847674639809346,8.457823969903059e-05,True
0xc547adc8c79381d3c7c4970baba01fae5144ea91,89,0.42696629213483145,0.5,155264.10491,0.5046467987907279,1.0092935975814559,0.6352396571437022,1.2704793142874045,-1.1475609264477054,-2.2951218528954107,8.456391282898925e-05,False
0xa7bb99a56c80276c95cbd231cc1f222c465755f9,244,0.9713114754098361,0.0,154307.13121999998,-1.3087665981805419,-2.6175331963610837,-1.1252149393796387,-2.2504298787592774,3.68438938491322,7.36877876982644,8.404270131169935e-05,False
0xd791482e9cc7710eb3aac780dd0f3c487341e21a,38,1.0,0.0,154013.99999999997,-2.4415104134850827,-4.883020826970165,2.3504220318702247,4.700844063740449,8.881676121269933,17.763352242539867,8.388304868014035e-05,False
0x87db219a7e27c68742c86541bef2a7f201ebdd7f,234,0.19658119658119658,0.32608695652173914,153468.69207,0.11432496460283195,0.2286499292056639,-0.925543304857143,-1.851086609714286,-6.632772883954013,-13.265545767908026,8.358604911102419e-05,False
0x4cc8347c3165ae7c0815ea70fcd333f46a0c930c,185,0.3027027027027027,0.4642857142857143,152397.32605,0.5126313819259073,1.0252627638518146,0.6416264483745434,1.2832528967490868,-1.4565011075205163,-2.9130022150410326,8.300253431360378e-05,False
0x62e485fd0e5c7d32f8ccf11aa356a1179c76e400,57,0.43859649122807015,0.0,152134.66016,0.5226226271808869,1.0452452543617738,-8.625078924728363,-17.250157849456727,-24.187558385837466,-48.37511677167493,8.285947449022745e-05,False
0xc794b210337339ce83f5be21f0f62802c029b332,35,0.2571428571428571,0.0,150800.0,-2.1735926908339778,-4.3471853816679555,4.347185381668349,8.694370763336698,-1.178897730621739,-2.357795461243478,8.213255769582743e-05,False
0x3cce108f30e46eb0dc6257e31044f9aebf89427c,81,0.024691358024691357,0.0,149999.976,5.158730158730119,10.317460317460238,16.071428571428477,32.142857142856954,0.0,0.0,8.169682813788283e-05,False
0x69b05701f8175c276ecd0138387a197948e240bb,47,1.0,0.0,149999.7784,-0.6755832250113093,-1.3511664500226186,-13.049873435041269,-26.099746870082537,-11.476363138810687,-22.952726277621373,8.169672051591069e-05,False
0x17a04a7e8c3777aca802f6526535715317339cbd,66,0.10606060606060606,0.0,149999.485,-5.463236678070246,-10.926473356140493,0.00022143244659890624,0.0004428648931978125,0.5802083679322864,1.1604167358645727,8.169656071688926e-05,False
0x4a0a6e10763202ecb0e3c9adf283dd09e4b2417b,104,0.5096153846153846,0.0,149976.11276,0.39394383230125285,0.7878876646025057,0.2502231596444963,0.5004463192889926,-11.396510988040907,-22.793021976081814,8.168383112902268e-05,False
0xc2e137ea6b79a7992dd54d44ee8223f2c7e13e22,1039,0.5024061597690087,0.4444444444444444,149817.79820000002,0.07804955205114367,0.15609910410228733,1.8024042040741757,3.6048084081483514,6.171275518649428,12.342551037298856,8.159760579922635e-05,False
0x585f4fbe2d2a889c286fa71fb81d01f30773f4b1,93,0.7526881720430108,0.05714285714285716,149756.63267999998,-1.583716530856542,-3.167433061713084,-34.02107861338776,-68.04215722677552,-17.21737558640024,-34.43475117280048,8.156429226739347e-05,False
0x06c51f1fc98ff7cdee2b076ec5c8999af829b221,1566,0.7094508301404853,0.3015301530153015,149751.11483,-0.3883908472457578,-0.7767816944915156,-0.3402668674668509,-0.6805337349337018,-0.4864248210305708,-0.9728496420611416,8.156128699462503e-05,True
0x7e73ccc793e2448c4510249e71de9aee4442d7dd,108,0.4722222222222222,0.17647058823529416,149746.11396,-1.1388702707065128,-2.2777405414130256,-10.171756328216809,-20.343512656433617,2.869385799630814,5.738771599261628,8.155856329274304e-05,False
0x1b2b5c69f8ed3de70963eb4449935c35e6c22bd8,177,0.22033898305084745,0.0,149508.0051,-5.049860631140537,-10.099721262281074,-1.6634197840762919,-3.3268395681525837,8.138225387332637,16.276450774665275,8.142887834790327e-05,False
0xe6ccc91418221ea04c4dac609b0eaee7f34ef79d,127,0.3779527559055118,0.35416666666666663,148731.6319,-1.4803272938794596,-2.960654587758919,-3.835041647244623,-7.670083294489246,-3.091518536175131,-6.183037072350262,8.100603009430582e-05,False
0xf517639a8872e756ac98d3c65507d2ebc25cc032,102,0.2549019607843137,0.11538461538461539,148614.88994999998,-0.015925227701694834,-0.03185045540338967,0.08230650825754018,0.16461301651508037,12.232885414392202,24.465770828784404,8.094244710396165e-05,False
0x9d47029bdefa7ef00c47e2e6e1c5ffd7b7e70a9b,192,0.2864583333333333,0.34545454545454546,148414.43065000002,0.8821150002444247,1.7642300004888494,2.503242531317171,5.006485062634342,10.652208668550657,21.304417337101313,8.08332678266214e-05,False
0xaf241e4100b3fab8ef7335d221e59e12bcb5172c,2590,0.9992277992277993,0.1688562596599691,147644.62455,-0.7868162565355178,-1.5736325130710356,-1.089756927452254,-2.179513854904508,-0.17149457230057305,-0.3429891446011461,8.041399631519665e-05,False
0x6ba552e79ad8b6e975a7402c29ead084c0a4bdbb,94,0.3829787234042553,0.0,145752.9471,-0.47251377327414423,-0.9450275465482885,-3.307596412916973,-6.615192825833946,-1.739252825029316,-3.478505650058632,7.938370250018324e-05,False
0xcb561ef1070eead06a41ccd1d63338c223ad1475,33,1.0,0.48484848484848486,144732.43531,12.825557919723114,25.651115839446227,12.865513277104453,25.731026554208906,12.632094122062277,25.264188244124554,7.882788523578373e-05,True
0x59fd165b93300f7da94b38296acaada620b877d5,968,0.5237603305785123,0.4714003944773175,144567.35769,0.12156858752310576,0.24313717504621152,1.7869831804605838,3.5739663609211676,5.2042572558885976,10.408514511777195,7.873797643506132e-05,False
0xc86242898f4b63883f05628d8cf2c326071797b8,1471,0.7144799456152278,0.31779257849666986,144546.73543,-0.3333093705727933,-0.6666187411455866,-0.8556466530417415,-1.711293306083483,0.293592269732336,0.587184539464672,7.8726744611724e-05,True
0xed1c710ad28e9aca013178a4e8d43a580b4b0dbf,2426,0.02514427040395713,0.21311475409836067,144418.91369,-1.2308474629438524,-2.4616949258877048,0.8752168783911848,1.7504337567823696,10.514698868349832,21.029397736699664,7.865712706241808e-05,False
0x8e863acf219f4d107404117e8d8877d63d2042cd,65,0.2923076923076923,0.0,141870.40500000003,-0.3026045606827773,-0.6052091213655546,-2.0750027018256683,-4.1500054036513365,-11.758348643682604,-23.516697287365208,7.726909299730045e-05,False
0x20faffd0045455e86b36b827d68f8f99f9c929b4,711,0.6947960618846695,0.14777327935222673,141452.06351,0.06809400110830492,0.13618800221660984,0.7155550472937879,1.4311100945875759,2.907760128178486,5.815520256356972,7.70412451421016e-05,False
0x5658100de0b998ec3a10240d32912c37bc814011,794,0.9811083123425692,0.441591784338896,141229.65659,-0.29202762560616413,-0.5840552512123283,-0.9835107433921532,-1.9670214867843063,-0.9781940078881398,-1.9563880157762796,7.692011218992089e-05,True
0x9970d443386312f7839f3adbe2d607b024ac20c6,1552,0.7313144329896907,0.4370044052863436,141203.66496999998,-0.41668233474906285,-0.8333646694981257,-0.4766320011204207,-0.9532640022408414,0.8350999815727941,1.6701999631455882,7.690595596824145e-05,True
0x905f996c9e2452b42e93a877c53fa650940f8b1e,453,0.06181015452538632,0.0,140311.27,-2.7018633540374246,-5.403726708074849,31.583850931676952,63.167701863353905,70.86956521739141,141.73913043478282,7.641991696717388e-05,False
0x56667d7d8e0e5c529d96f6d92ff2ce2414c5910d,973,0.49023638232271327,0.31446540880503143,139191.48611,0.9086310540954143,1.8172621081908287,2.453001118212286,4.906002236424572,4.872974631714542,9.745949263429084,7.581003158950622e-05,False
0xa31f53e0735902bcd7dfcc0fe24b75a36f4d088e,443,0.11286681715575621,0.0,138698.79247,-1.7059001087377124,-3.4118002174754247,0.678350975568751,1.356701951137502,-8.281352197986198,-16.562704395972396,7.554168816235987e-05,False
0x9a6622d5379232ad0aa899b59ffb558aca666666,103,1.0,0.1456310679611651,137988.68550000002,-3.980558427951115,-7.96111685590223,-4.355820363764418,-8.711640727528836,0.8696885820289998,1.7393771640579996,7.515493151989482e-05,False
0x0c684f333a7e120bce61383da670bbb0157e82d0,5357,0.0013067015120403211,0.1428571428571429,137016.54849,0.6906391113524448,1.3812782227048896,-7.033613114220878,-14.067226228441756,-9.122647033452099,-18.245294066904197,7.462546136696327e-05,False
0x6ae267a88c81f5c24955cf57e300c72a23dc062b,1347,0.023756495916852263,0.0,136115.25386,-1.3022277277670584,-2.604455455534117,-0.3367014664454494,-0.6734029328908988,-8.885249727050354,-17.770499454100708,7.413457520516344e-05,False
0xbe902a82c4dab53e918fb3148f02e6db11ffe987,64,0.65625,0.0,135977.5,-1.9434377281429878,-3.8868754562859755,-7.2325106303265745,-14.465021260653149,1.1852520250085532,2.3705040500171064,7.405954817032078e-05,False
0x0818a4f79d7effe18d9945c69b3e808b867adcca,438,0.045662100456621,0.0,135390.0,-5.907982489643213,-11.815964979286425,-13.181684637305867,-26.363369274611735,-3.97332314833809,-7.94664629667618,7.373956887558406e-05,False
0x797327122c5ed1b1530e452b7f8723ba834b4c6a,33,1.0,0.30303030303030304,134802.46442,-0.4127484102421066,-0.8254968204842132,0.13562559466869295,0.2712511893373859,0.8282186802687452,1.6564373605374905,7.34195702023566e-05,True
0xeb7f0a03ac25675c21b419ec91f7aa2e743e40bd,1418,0.7172073342736248,0.25073746312684364,133776.45454,-0.39672848861010046,-0.7934569772202009,-0.7162093961411437,-1.4324187922822873,-0.6270690117039354,-1.2541380234078707,7.286075842738585e-05,False
0xcbec2fd28c44cc34f69ce9e98029595157f47096,1413,0.7084217975937721,0.2517482517482518,133502.19114,-0.27285780820024264,-0.5457156164004853,-1.834608132814448,-3.669216265628896,0.24015990450711028,0.48031980901422056,7.271138207112356e-05,False
0x4e308dd40496eab867ed394d84b6d552b5b49724,57,0.10526315789473684,0.0,133500.0,-6.367041198501671,-12.734082397003341,-23.59550561797843,-47.19101123595686,11.610486891385321,23.220973782770642,7.271018867634591e-05,False
0xe29a71644928e2a63312fba2556536f3b6aa220b,46,1.0,0.4782608695652174,132936.37408,9.402030459285768,18.804060918571537,1.4857155848388242,2.9714311696776483,5.91122073807764,11.82244147615528,7.240321229442772e-05,True
0xbc4ed1c52e21f0965dcb75831dfc127178beb237,134,1.0,0.4477611940298507,132244.41012000002,4.522622665714496,9.045245331428992,9.9573405340829,19.9146810681658,21.950842052638013,43.901684105276026,7.202633716267617e-05,True
0xe30aca85509b2eff23f381fc4dbba43b73067869,156,0.27564102564102566,0.41860465116279066,132115.04636,-1.2799559683706456,-2.5599119367412912,-3.457375770019657,-6.914751540039314,-8.390917756906852,-16.781835513813704,7.195587975894972e-05,False
0x581bf7dcfd416450f3c26c7854253bd972ba0c2f,1501,0.3670886075949367,0.4482758620689655,130945.04053,-0.35233460736133837,-0.7046692147226767,0.5016519179648224,1.003303835929645,0.5857584107435869,1.1715168214871738,7.131864122223267e-05,False
0xc9e25e5406942c73c8ef916ed87664c93c49d232,64,0.59375,0.21052631578947367,130817.33136000001,-3.211698187479899,-6.423396374959798,0.8147850068765475,1.629570013753095,1.0807745490246898,2.1615490980493797,7.124908498368287e-05,False
0xfd28ee5ea23a5542db41cccc9cda49bd370434f4,474,0.12447257383966245,0.0,130479.87873000001,-2.7289887316964485,-5.457977463392897,3.2438925189647274,6.487785037929455,-0.8980627291483879,-1.7961254582967758,7.106529289082422e-05,False
0xab83abe96a71d235a90b8788940dbd1d3707b03b,1020,0.4696078431372549,0.42588726513569936,130098.72987,-0.13647452521040576,-0.2729490504208115,0.48114192140065354,0.9622838428013071,2.767233606323877,5.534467212647754,7.085770183820718e-05,False
0x06f03a585c8d20fecdf97238a8617aad771a6b39,70,1.0,0.02857142857142857,129845.94133999999,-1.6623463402553504,-3.324692680510701,-3.3763050915604658,-6.7526101831209315,-13.962150045009695,-27.92430009001939,7.07200216755741e-05,False
0xba2bfb66966b2e2f026dfa0201b23c60dddbfd66,354,0.8248587570621468,0.1952054794520548,129652.9558,0.8075784876251516,1.6151569752503032,1.640454854517131,3.280909709034262,0.6524438182363886,1.3048876364727773,7.061491294879352e-05,False
0x2057d4f2b6ea957b63371980775b0a5505a438f0,3136,0.00031887755102040814,0.0,129527.36447999999,0.0,0.0,-10.13493947993389,-20.26987895986778,35.61707302947749,71.23414605895498,7.054651018794475e-05,False
0x4992349089e9b4ac0484d13d0ba487fe593aaadb,32,1.0,0.0,128850.0,4.418899422900067,8.837798845800133,-2.7771715806261543,-5.554343161252309,-1.9501333003450894,-3.9002666006901787,7.01775865988552e-05,False
0x5fb096e3fe7da58aebb47d73cafaf039a1800661,1206,0.7330016583747927,0.48642533936651583,128392.96849,-0.35118416795116014,-0.7023683359023203,-0.4550076781116536,-0.9100153562233072,1.0223063848376597,2.0446127696753194,6.992866639418752e-05,True
0xc070b778862bcd293fe33b796388d65d72e1f1d4,251,0.10756972111553785,0.0,127539.17276,-6.24571158599497,-12.49142317198994,-9.867510159733948,-19.735020319467896,-23.03903051730171,-46.07806103460342,6.94636502996605e-05,False
0xbeeceb916fa749883de0c81a8362a16ff284ef8f,290,0.45517241379310347,0.3939393939393939,127524.11976,-0.4531390803423637,-0.9062781606847274,-0.8420054846406391,-1.6840109692812781,-2.440423657968948,-4.880847315937896,6.945545174932234e-05,False
0xef34e52ee7f94b10a64d8b23dc69c1aef92306d2,166,0.13253012048192772,0.0,127100.00000000001,-6.139261592512875,-12.27852318502575,-15.680558500166432,-31.361117000332865,-29.200866220431525,-58.40173244086305,6.922445678474581e-05,False
0xa3371d8b79f0d7e000c79755413ae345990cf4d3,2106,0.027540360873694207,0.0,126907.403,0.09212939276465294,0.18425878552930589,4.217922694490797,8.435845388981594,2.7205236959879366,5.441047391975873,6.911955967456979e-05,False
0xef9f3133a565efb2966e86b1a34921fc0fd932fb,50,0.22,0.09090909090909094,126803.01999999999,-2.6604643386604994,-5.320928677320999,-14.733523746612645,-29.46704749322529,1.876490768144135,3.75298153628827,6.906270793206339e-05,False
0x96f0bee3ad9b71b0ae67de7bd4f6ce8f342dd6bf,50,0.82,0.0,126565.19119999999,-0.3641400582627276,-0.7282801165254552,-2.991660478666061,-5.983320957332122,4.15548066487605,8.3109613297521,6.893317552067261e-05,False
0x6da22bdd4ed69704c4912ced8ba988e93e6b0a83,1025,0.48097560975609754,0.44421906693711966,126544.17171000001,-0.3289795186794405,-0.657959037358881,1.4007415860784542,2.8014831721569085,4.418880150712026,8.837760301424051,6.89217273477604e-05,False
0x92ae4209e3a5760903aff0c423312392eb3f86a8,1025,0.00878048780487805,0.11111111111111116,125667.0,-0.8027754772009495,-1.605550954401899,4.6726105693171185,9.345221138634237,2.2663222856629304,4.532644571325861,6.844397962839222e-05,False
0x0ecfca2ae1ea43ae2b2675c9de249038b39aca90,93,0.07526881720430108,0.0,124241.87472,-0.9491991093380194,-1.8983982186760389,-9.675913515530533,-19.351827031061067,-10.254116799225228,-20.508233598450456,6.766779140370136e-05,False
0x329c787b163a730bd7900df2beb3ff4fe4670375,65,0.12307692307692308,0.5,123383.96260000001,1.886219354754403,3.772438709508806,0.32312875638977445,0.6462575127795489,-22.465936023202858,-44.931872046405715,6.720053333543976e-05,False
0x22046b8d7334ac32365c571d719201b31ad00f9a,711,0.630098452883263,0.4732142857142857,123194.79742000002,0.9787596340101643,1.9575192680203286,-3.584243795636751,-7.168487591273502,7.196749427594718,14.393498855189437,6.70975053509544e-05,False
0xb4cf36fb56684ea2b7b3f9d39ee961ece793f411,560,0.05714285714285714,0.0,122913.22553,0.4281601059088028,0.8563202118176056,1.5646344507772414,3.129268901554483,2.3029487504026074,4.605897500805215,6.694414845771203e-05,False
0x13ec4635c9b7f8762fd6b031d33df5df4604c7e0,1133,0.9841129744042365,0.43766816143497755,122283.34643,-0.6645872263374757,-1.3291744526749514,-1.9951799106721504,-3.990359821344301,-1.352832064766395,-2.70566412953279,6.660108757228667e-05,True
0xfa93afdd831d58a25f2b2293c64f383200630a3c,760,0.025,0.10526315789473684,122173.73502000001,7.413416253090509,14.826832506181018,20.366483443609035,40.73296688721807,48.8741306349048,97.7482612698096,6.654138819923663e-05,False
0xf504e694210befbc129257f0d146eac9905aeed7,31,0.8709677419354839,0.07407407407407407,122071.85308999999,0.34626590109473016,0.6925318021894603,-2.1890791051507,-4.3781582103014,-8.575855324405248,-17.151710648810496,6.648589865352118e-05,False
0x2ca478d068ab83150596400a324dd08098d132ac,54,0.9814814814814815,0.49056603773584906,122021.66759000001,8.314632087094646,16.62926417418929,0.3383321845801235,0.676664369160247,10.673488859825838,21.346977719651676,6.645856534135777e-05,True
0x4196dc4a1dc7d3bfd5434adf04c829f4ccaf480d,513,0.5906432748538012,0.0,121771.48109999999,-0.3473240081976319,-0.6946480163952637,-0.9649746682525677,-1.9299493365051354,-0.6994158037202334,-1.3988316074404668,6.632230236838268e-05,False
0x8cdd5b195f0b0922ced3a8feafa80ede9ebe0299,66,0.30303030303030304,0.0,121502.48568,-3.1579897139754114,-6.315979427950823,-2.2557069385540935,-4.511413877108187,-1.8045655508442369,-3.6091311016884737,6.617579519429075e-05,False
0x6e08983bdad0daf003baa56ce78b5a0cae65b472,351,0.9743589743589743,0.4649122807017544,120680.09715999999,-0.6979381905926045,-1.395876381185209,-1.1375058079689169,-2.2750116159378337,-1.7202464226855287,-3.4404928453710575,6.572788489875172e-05,True
0x2ff1cb2acc9e6f788d45548634b966301c2b1313,206,0.1553398058252427,0.125,120121.72291000001,-1.2137532957501798,-2.4275065915003595,-2.0474477257702635,-4.094895451540527,-6.682037075288688,-13.364074150577377,6.542376881583403e-05,False
0x27d33e77c8e6335089f56e399bf706ae9ad402b9,31,0.0967741935483871,0.0,119999.71100000001,-0.7312834224603563,-1.4625668449207125,10.604278074866281,21.208556149732562,7.18092691622073,14.36185383244146,6.535731556492122e-05,False
0x1805e1c7683929768c541c142d541224f1076737,471,0.6985138004246284,0.42249240121580545,119462.73419999998,8.10309901916101,16.20619803832202,-26.08523519302226,-52.17047038604452,-8.444546287941774,-16.88909257588355,6.506485350916973e-05,False
0x8ae62e9a4775350022c1577b2eff694e2b72be8d,321,1.0,0.4984423676012461,119266.96408,-0.10311655331904637,-0.20623310663809274,-1.3052385282151526,-2.6104770564303053,0.8406872617677389,1.6813745235354778,6.495822817312187e-05,True
0xd6098d5b1381ea2bdff4466a346e73c41046c9f7,75,0.5733333333333334,0.34883720930232553,119240.17788999998,-6.79108888638966,-13.58217777277932,-11.547124779167008,-23.094249558334017,3.89825095315026,7.79650190630052,6.494363919238163e-05,False
0x9f3e77cb89df964003053aa5b438e5697c77f4f9,329,0.22188449848024316,0.3972602739726028,118148.90229000001,0.42623625959103273,0.8524725191820655,-2.456373579158713,-4.912747158317426,1.2281645898073525,2.456329179614705,6.434928072965586e-05,False
0xee3bb992d444f329a5efb5bb621fb8fbd1d9dd9c,348,0.06896551724137931,0.2916666666666667,117394.82,-2.3818523801728375,-4.763704760345675,-6.819051662635186,-13.638103325270372,-10.497450086994656,-20.99490017398931,6.393857312228964e-05,False
0x25a629ecd9211960e121548037064c780416a23d,57,0.40350877192982454,0.4782608695652174,116976.55341000001,-1.4305804936551574,-2.8611609873103148,-11.486437903189428,-22.972875806378855,-7.175300904912455,-14.35060180982491,6.371076606104684e-05,False
0xc5ed4501500fcbfb2b88fb7f0aa52f834ed44346,2186,0.10750228728270814,0.46808510638297873,116854.23372999999,0.012101983114993973,0.024203966229987946,-0.7999834541384792,-1.5999669082769583,6.564844564975879,13.129689129951759,6.364414518455523e-05,False
0x26a9cbfe349659bdbb258e2de70f81703f7bf318,159,0.6918238993710691,0.12727272727272726,116730.08785,1.4077288979746756,2.815457795949351,5.998088808713855,11.99617761742771,9.435392123882036,18.87078424776407,6.357652967625418e-05,False
0x508ad58f79b8aef04c0129e95570ab7757859241,174,0.5172413793103449,0.47777777777777775,116588.5857,0.16931199509109315,0.3386239901821863,3.353915105856958,6.707830211713916,13.002803607304168,26.005607214608336,6.349946115172527e-05,False
0xb86e8c657c692928e57fdfdad0c5becccc5eaf95,176,0.2840909090909091,0.18000000000000005,115400.31289000003,-0.27563465997543063,-0.5512693199508613,0.21500273323300675,0.4300054664660135,-0.24067608091835282,-0.48135216183670565,6.285227358457868e-05,False
0x4bcbcd10c080991190efc016b178bf58582b2c83,182,0.3516483516483517,0.0,115186.2468,-0.9950376736845863,-1.9900753473691726,-4.863156534699352,-9.726313069398705,-7.684327071300139,-15.368654142600278,6.273568342882505e-05,False
0x80fb5880f38185661962e475ac1557817dc9faea,290,0.08275862068965517,0.0,115090.0277,-2.192673566635968,-4.385347133271936,-0.8596059572144293,-1.7192119144288587,-4.58226847829003,-9.16453695658006,6.268327811859832e-05,False
0xa3841926df41af36b18836839b97a6f13853a374,40,0.575,0.043478260869565216,114209.523,0.5174636352905277,1.0349272705810555,5.874613012384928,11.749226024769856,-0.254997677092726,-0.509995354185452,6.220371510086492e-05,False
0x0427453e5fdbc8e49e1a938cde70499dabc8891e,456,0.03508771929824561,0.125,113290.94294999998,-0.1162049589946123,-0.2324099179892246,1.6496843212366623,3.2993686424733246,8.248488006221645,16.49697601244329,6.170341451097856e-05,False
0x40f6b6909659d3c76413e613fa8a2c5100bca864,36,0.3611111111111111,0.0,112985.6916,0.5855898060531222,1.1711796121062443,-11.547830975357597,-23.095661950715193,-13.937037384052529,-27.874074768105057,6.153716070384593e-05,False
0x75f3665323cce024368870bfd89db0c21e1ce76b,222,0.31981981981981983,0.4225352112676056,112225.24264000001,2.7305002833339302,5.4610005666678605,8.246861051560215,16.49372210312043,10.193625757081751,20.387251514163502,6.112298551762622e-05,False
0xb897a0695be21e5bbf1e7b05dd87d97985ab94a5,442,0.23076923076923078,0.039215686274509776,112203.52656000001,-0.7980935863640448,-1.5961871727280896,-1.3734175887495415,-2.746835177499083,3.2750072902261267,6.550014580452253,6.111115795002989e-05,False
0x6f19a8adda5a0b8d009a687d7aa2d36eb08b6688,86,0.27906976744186046,0.041666666666666664,111935.90765,-1.4329582448497007,-2.8659164896994014,-4.457088086499257,-8.914176172998515,3.74516545708769,7.49033091417538,6.09654004860639e-05,False
0x704a8267e9bcd42449909298b60ec05ff1f50865,55,1.0,0.4727272727272728,111792.23039,7.6899102989179475,15.379820597835895,11.33566653655854,22.67133307311708,36.53068379559432,73.06136759118864,6.088714729742644e-05,True
0x9cdf17b9329a403546a9497ba0cccaa1f8cc4aff,50,0.66,0.0,111566.67887,1.4479302743454767,2.8958605486909534,-4.0933439449839994,-8.186687889967999,-24.553082516680988,-49.106165033361975,6.076430165266662e-05,False
0x54bb0d35d31f35a2d9d736436f8303be9b186ffd,101,0.297029702970297,0.0,111091.30833999999,0.1851840893748304,0.3703681787496608,-4.8536335983086625,-9.707267196617325,-9.837905594401823,-19.675811188803646,6.0505393181299765e-05,False
0xfcc789d464a11861eab2bb80b765d522f426c684,96,0.7291666666666666,0.05714285714285716,110986.11985000003,0.2161084682368048,0.4322169364736096,-3.4375320940424894,-6.875064188084979,-2.3534315146529843,-4.706863029305969,6.044810273220256e-05,False
0xb2e9d4816b80da3a9574d903ca2415cefcaf2b9e,53,0.6226415094339622,0.2727272727272727,110476.51558,-2.3422641188984246,-4.684528237796849,1.9831006199256274,3.9662012398512547,7.797576772359361,15.595153544718722,6.017054900469714e-05,False
0xc8e006b05694165e5459d5ac297c6857f97d8f23,102,0.29411764705882354,0.0,109650.0,-0.31641231822351323,-0.6328246364470265,4.501545264835127,9.003090529670255,-0.5688581596144054,-1.137716319228811,5.97203909240549e-05,False
0x5aadb434293b4e1b8fb2e84007e567506fe65a96,448,0.024553571428571428,0.0,109413.98120000001,0.11265535581655102,0.22531071163310204,4.4747973621374095,8.949594724274819,-14.507249577067592,-29.014499154135184,5.9591844321214715e-05,False
0x24fb6523036ebcb3cc51deff138066dccf6bed0f,1213,0.00989282769991756,0.0,109314.73926999999,-0.8541460248048377,-1.7082920496096754,-12.869133440387058,-25.738266880774116,21.040463744348223,42.080927488696446,5.9537792639904554e-05,False
0x8b501a6090fd3c6b905b1a0099e2e216a5a2d40d,44,0.4772727272727273,0.0,108827.57363,-0.07567287373422722,-0.15134574746845444,2.55395948852674,5.10791897705348,5.29710116138925,10.5942023227785,5.92724600136796e-05,False
0x131e6d2be31aa2a0f6885d747467906df7bfa767,620,0.5209677419354839,0.0,108567.12714000001,0.019439445031454273,0.038878890062908546,0.03985094392819907,0.07970188785639815,4.7386376375133015,9.477275275026603,5.91306089767658e-05,False
0xe7b52935686bc5e44f9886ebf2bd994aedc29415,177,0.23163841807909605,0.19512195121951215,108384.76593000001,-0.6244122272345554,-1.2488244544691107,1.0647983215189787,2.1295966430379574,0.5707316591415066,1.1414633182830132,5.9031286744658336e-05,False
0x9b220c39d91cabb77132d1e7a4f30c6501aa3aaa,169,0.1242603550295858,0.0,108290.68725,-4.1388754388065205,-8.277750877613041,-3.286367496031669,-6.572734992063338,6.789421308515836,13.578842617031672,5.8980047204784015e-05,False
0x68dee0094fc386118e6d5ed58395eef894a6836a,490,0.9816326530612245,0.41995841995842,107726.77126,0.9419825977338284,1.8839651954676568,1.8014124504982396,3.6028249009964792,5.3222475572777395,10.644495114555479,5.867291283751429e-05,True
0xa41f6abca0cb06a105f12a682e1995efa0c1d50a,73,0.3561643835616438,0.0,107694.66219000002,-2.825157822793361,-5.650315645586722,3.8244474550385945,7.648894910077189,42.15340223721338,84.30680447442676,5.8655424773559825e-05,False
0xc38973b429d4e9ad1ba5dff73d82b0f4a0e45b65,308,0.045454545454545456,0.0,106975.6598,-1.7112003050154865,-3.422400610030973,-10.747138194415896,-21.494276388831793,-18.246856835254142,-36.493713670508285,5.826382327965986e-05,False
0x184ea990b184e3374d668572038a8e5b4873c9ca,118,0.17796610169491525,0.0,106452.69539,-0.23525919376431437,-0.47051838752862873,-5.317975016750954,-10.635950033501908,-23.69230356626096,-47.38460713252192,5.797899301058036e-05,False
0x8c406f95909b8048f20179f1b782fa526d09f1b0,84,0.10714285714285714,0.2222222222222222,106013.0389,0.04285359220629702,0.08570718441259403,-0.6417393855529786,-1.2834787711059572,-45.30587329022679,-90.61174658045358,5.7739536034245674e-05,False
0xc1a43f6326865d672af92d620dd2885a87039db5,93,0.17204301075268819,0.3125,105944.33439999999,-0.8193464412965806,-1.6386928825931613,-7.101246822057806,-14.202493644115613,-11.479622353948386,-22.959244707896772,5.770211643006654e-05,False
0x6b5d94030facc62668a841e5ec8fb5535f554e08,110,0.2636363636363636,0.13793103448275867,105802.58800000003,0.4218530024600861,0.8437060049201722,-0.4229552151471761,-0.8459104302943522,-12.414424496729492,-24.828848993458983,5.762491487584789e-05,False
0xa1c0e97da995c640819ce0ff591a313ed32de95d,33,1.0,0.0,105229.782,0.8140626611161491,1.6281253222322982,1.3386808205020593,2.6773616410041186,-18.515402970063136,-37.03080594012627,5.731293860367602e-05,False
0x4334ff1dd9fa46667b718a6f8a489c3d0079b44b,404,0.6138613861386139,0.40725806451612906,104611.22477000002,-0.23245398180447993,-0.46490796360895986,0.941731925773874,1.883463851547748,10.052651552438041,20.105303104876082,5.697604412502121e-05,False
0x01e25aedc3484cf5d18187272dd0aa9dfe42d1f2,376,0.30319148936170215,0.4035087719298246,104038.90104000001,-1.1628155105733768,-2.3256310211467537,-0.22379248293373824,-0.4475849658674765,-2.8447418532199023,-5.6894837064398045,5.666433051908675e-05,False
0xc88d5ad1f8699302ea60bbe03e35794e90e4128d,43,1.0,0.0,103827.40500000003,-0.7968127490042335,-1.593625498008467,-2.5850088020017568,-5.1700176040035135,-3.5763921059952777,-7.152784211990555,5.6549140129778146e-05,False
0x86a6b7b1e10199278785039d84234edb0092cd76,51,0.6666666666666666,0.32352941176470584,103384.20543,-0.8207861388856695,-1.641572277771339,-4.3281021283095615,-8.656204256619123,9.002652407168842,18.005304814337684,5.630775343048243e-05,False
0x9c7df1b20d01aee41d22aac090767739640f60f6,75,0.56,0.3333333333333333,102542.55042,-0.3690099478720783,-0.7380198957441566,1.1373565198567461,2.2747130397134923,3.3157028927603265,6.631405785520653,5.584934972578212e-05,False
0x85085800b0b90fe8a220047ec947227ea07bd73d,33,0.48484848484848486,0.0,102513.97035000002,0.01997124141168112,0.03994248282336224,-4.573414283432764,-9.146828566865528,-4.273845662247259,-8.547691324494519,5.583378371617851e-05,False
0xcd20cbb31971ec93c39ab52d552940ba4e446f54,158,0.33544303797468356,0.09433962264150941,102451.13589,-1.0998136205444826,-2.1996272410889652,-4.265407119357525,-8.53081423871505,-3.5938601797465424,-7.187720359493085,5.5799561203504524e-05,False
0xf43a34220cc930b573554d5e1454d5c8d7ca8872,268,0.029850746268656716,0.0,102240.0,-0.9700507272127801,-1.9401014544255601,3.1501568377584204,6.300313675516841,11.758696531189653,23.517393062379305,5.568456696831165e-05,False
0x30f58e4036cafb8609193a6d17baffe29cdfc7c9,72,0.2916666666666667,0.42857142857142855,102066.56069999997,0.19211635772681093,0.38423271545362186,-3.8492417425441197,-7.698483485088239,15.126879419914127,30.253758839828254,5.5590104015301195e-05,False
0x554b1bd47b7d180844175ca4635880da8a3c70b9,90,0.28888888888888886,0.0,101983.23388,-0.1640020411639807,-0.3280040823279614,2.888139588437393,5.776279176874786,-4.524039968442077,-9.048079936884154,5.5544720428754395e-05,False
0x0c3dbbbbe26d16f54bd8c2150646f6a6172ea883,836,0.9880382775119617,0.41404358353510895,101804.18685,-0.9011003762131206,-1.8022007524262411,-1.2515250689309037,-2.5030501378618073,-1.5337534667355375,-3.067506933471075,5.544720325022826e-05,True
0x87629a3549fccddbb2c9ed29b19cfc10bce3e19f,194,0.20103092783505155,0.3076923076923077,101418.71606,-0.7004942196296273,-1.4009884392592546,-3.290523833940532,-6.581047667881064,6.557119194237022,13.114238388474044,5.523725827741837e-05,False
0x75ada70e2792ec872b385540c710259c071dac7a,89,0.16853932584269662,0.0,100431.47400000002,1.5947242206231664,3.189448441246333,10.28297362110317,20.56594724220634,15.02158273381279,30.04316546762558,5.469956122534479e-05,False
0x1289a97478366c592bcaa5eddcabb985cd76eb80,98,0.3979591836734694,0.3076923076923077,100403.01671,-0.35964989453332413,-0.7192997890666483,-4.862425969222906,-9.724851938445813,-10.133007120303432,-20.266014240606864,5.468406208732892e-05,False
0xcb02837caaee310c178501855b63bf7f4f4b1f8b,73,0.684931506849315,0.0,99850.44389999998,-25.230106202863816,-50.46021240572763,-110.14314298907176,-220.28628597814352,114.02801292904482,228.05602585808964,5.4383105733227645e-05,False
0x2b4f1449a213d0d513faf62afc0ae031690eb9a6,40,0.225,0.0,98748.92520000001,0.9220250507113705,1.844050101422741,-1.924023571049314,-3.848047142098628,-2.5297945396187487,-5.059589079237497,5.378316841107393e-05,False
0xc31141b109a162506c06cd1aaf228b5f005ced23,52,0.5,0.46153846153846156,98570.74648,-0.6406101705987516,-1.2812203411975032,1.3388433938007116,2.677686787601423,1.3919066200200407,2.7838132400400815,5.368612415377572e-05,False
0x3944e8d4c3a8733ca3365f95773070fd61e0147b,50,0.3,0.0,98498.99999999999,0.3451811693523229,0.6903623387046458,2.6802302561448346,5.360460512289669,-46.03092417181863,-92.06184834363727,5.3647047748549767e-05,False
0x1008f4608947622e4a9d469932856797cebd6a85,58,0.6724137931034483,0.41025641025641024,98110.98,1.3256759620705967,2.6513519241411934,-0.5691707344056297,-1.1383414688112594,10.828213490509274,21.656426981018548,5.343571435970936e-05,False
0x6bb4a1472227bc9e85fa9b405ff824d1d5aff974,140,0.20714285714285716,0.24137931034482762,97824.48769,-0.07163277228799557,-0.14326554457599114,-1.6152003025639825,-3.230400605127965,-31.052929907405794,-62.10585981481159,5.3279677581324175e-05,False
0x69523edb8337e624ea97a0c097ac5d3dede8e3d5,589,0.010186757215619695,0.0,97723.24653999998,6.771472816414161,13.542945632828323,6.545290186782387,13.090580373564775,17.126226428033576,34.25245285606715,5.322453703362147e-05,False
0xe62bf4de81e7b3d0c676926931ccf383427f5614,494,0.13360323886639677,0.015151515151515138,96386.57305999998,0.3874452161288648,0.7748904322577296,1.3648481159934258,2.7296962319868516,2.758215997774101,5.516431995548202,5.2496523693325826e-05,False
0x2c00c005a9f67fe9a9a6182daa8c601d3dbb9ce2,147,0.7346938775510204,0.18518518518518523,96046.70803,-0.29613992114511917,-0.5922798422902383,-2.004027798216735,-4.00805559643347,-3.192003991695879,-6.384007983391758,5.23114176974023e-05,False
0x1317ea30e98a643fe356f01f5bc33cd0756044cb,106,0.1792452830188679,0.0,96040.16976,0.0,0.0,-11.267573410813995,-22.53514682162799,-13.784188791909253,-27.568377583818506,5.230785665736248e-05,False
0x5108cd0a328ed28c277f958761fe1cda60c21aa8,62,0.46774193548387094,0.3103448275862069,95855.22136000003,0.5148367151407609,1.0296734302815218,-0.8009085675374548,-1.6018171350749095,12.155792953594233,24.311585907188466,5.22071253235843e-05,False
0xc324f6282a0190386505faa74de5d14cf2cd1b7f,92,0.44565217391304346,0.2682926829268293,94911.31314,-0.8284943447060686,-1.6569886894121373,-0.59389794155498,-1.18779588310996,-0.08811209905646404,-0.17622419811292808,5.169302985714718e-05,False
0xdc899ed4a80e7bbe7c86307715507c828901f196,279,0.4982078853046595,0.38848920863309355,94341.77721999999,-0.42125102564230865,-0.8425020512846173,-0.17770029652628494,-0.3554005930525699,-1.6408579371097027,-3.2817158742194055,5.1382834619685325e-05,False
0xbba0681681815bd70f9075e0235e7997b7b519d9,1497,0.024716098864395457,0.0,94028.84149999998,-0.5572582892168724,-1.1145165784337447,0.036342931905891704,0.07268586381178341,4.082522684047308,8.165045368094615,5.121239555418144e-05,False
0xa5332df091f54598ec02e6ddb1fbb9356e705461,1127,0.02040816326530612,0.26086956521739135,93518.39153,1.6383388940377441,3.2766777880754883,-2.6634394220961166,-5.326878844192233,-9.619122761857014,-19.238245523714028,5.093438121988531e-05,False
0x8e6ed79c48944265fe5d004010c11cb28aa105b4,73,0.0958904109589041,0.14285714285714285,93450.0,-1.1769559839514747,-2.3539119679029494,-2.476991828006242,-4.953983656012484,8.160743929786337,16.321487859572674,5.089713207344213e-05,False
0xe22a679446c6b5a839e5b7311614842c5fdef788,385,0.05974025974025974,0.0,93286.69100000002,-0.18760382654596008,-0.37520765309192017,-0.07406770922870977,-0.14813541845741954,-39.28177808329075,-78.5635561665815,5.0808186543835065e-05,False
0x6b8d4f8f8afed3d4b023a954916192b29070a28b,98,0.4489795918367347,0.3409090909090909,93215.88011,-1.3427440260322898,-2.6854880520645796,0.7580438402842222,1.5160876805684445,-0.01661667856127574,-0.03323335712255148,5.076961970359355e-05,False
0xad59ed47c226987cf458a63428ca10887773ba81,64,0.515625,0.0,93081.0,-0.49087174657682325,-0.9817434931536465,-9.659071650108485,-19.31814330021697,-31.774287516176326,-63.54857503235265,5.0696157844067065e-05,False
0x2a964fc6685577d153d40a5dd1b051225fc04aad,258,0.06589147286821706,0.0,92885.67669000001,-3.209407128895232,-6.418814257790464,-3.6774456685260137,-7.3548913370520275,6.86456524791579,13.72913049583158,5.058977586112333e-05,False
0x70875c76b1219a5e03ea43881a2e90faade89fc9,106,1.0,0.0,92368.35614,2.6157730405921407,5.231546081184281,-4.354373670193335,-8.70874734038667,-0.20047276076028828,-0.40094552152057655,5.0308019495605346e-05,False
0x762740f781fe3378097738752b0313108ab29fba,185,0.10270270270270271,0.26315789473684215,92321.09685999999,-3.2682009763151867,-6.536401952630373,0.7206016644184446,1.4412033288368893,-7.1508036035451115,-14.301607207090223,5.028227993631315e-05,False
0x3b9b01abeee7e1f584309666d62a081d6c827ca2,7555,0.999602911978822,0.4927171610169492,91800.97104,-0.3600794499309866,-0.7201588998619732,-1.4566053167998094,-2.913210633599619,-1.5615469484368014,-3.123093896873603,4.9998995692810236e-05,True
0x4101ce19ee81f24da894976e585f1e79119dbd93,54,0.9259259259259259,0.020000000000000018,91707.44432000001,1.102605271253197,2.205210542506394,-12.902506671213512,-25.805013342427024,10.01809321898179,20.03618643796358,4.9948056775525745e-05,False
0x25cb49a7bd9baa4b42ac0b5f7445692b58ced661,72,0.013888888888888888,0.0,91281.12,3.869047619047061,7.738095238094122,-8.630952380951298,-17.261904761902596,-74.4047619047619,-148.8095238095238,4.97158611070275e-05,False
0x89a1fb3cd0b1cfe5200181c6402d012ef9b3a826,146,0.0136986301369863,0.5,91121.49015,-7.271693745091019,-14.543387490182038,-2.878236664048147,-5.756473328096294,-9.092493833285447,-18.184987666570894,4.9628919410309326e-05,False
0xc08324bf453b3c67af6c7f49fd8e4d9e8357a0fd,435,0.052873563218390804,0.4782608695652174,90266.72841000001,1.9751748211151843,3.9503496422303686,5.969985759905426,11.939971519810852,12.796070300856742,25.592140601713485,4.916337718267846e-05,False
0x14d37f3be23d9302fb187ce41372a1eea96abbf8,116,0.1896551724137931,0.2272727272727273,89045.27943999998,-0.453733292389501,-0.907466584779002,-1.12250662702897,-2.24501325405794,1.092620589916532,2.185241179833064,4.849812036569546e-05,False
0xcfea17596c15e0f4fe3ba9cab1fcbe804bbbdbbf,112,0.25892857142857145,0.3448275862068966,88786.84735000001,2.0098048368279064,4.019609673655813,6.690040746546152,13.380081493092304,13.700392203933855,27.40078440786771,4.8357366462894553e-05,False
0x89f81b07485d774891eab82316dd1f666a4e5bd5,150,0.26,0.3076923076923077,88006.05096,-0.9604025980062622,-1.9208051960125243,-2.485429762131186,-4.970859524262372,2.9296303917037627,5.859260783407525,4.793210913828998e-05,False
0x363d8a634af95dea6a336dec9205deacdd13ca0a,944,0.046610169491525424,0.2272727272727273,87538.65542000002,1.9610687912864526,3.9221375825729052,-0.17940302098825825,-0.3588060419765165,-2.5583520227390326,-5.116704045478065,4.767754421020099e-05,False
0x00620ada30d98ffcf8e3c91e65283127d11c64ce,49,0.1836734693877551,0.3333333333333333,87491.72877999999,1.345491443380532,2.690982886761064,-8.64866990206249,-17.29733980412498,-11.254399252579182,-22.508798505158364,4.765198582182384e-05,False
0x8cd41382b134950fbf36f6ef7d9c738a00f14056,54,0.7777777777777778,0.19047619047619047,87288.29289000003,-1.1105472836822858,-2.2210945673645717,-7.723208367393371,-15.446416734786743,-42.71362492416407,-85.42724984832815,4.754118535781307e-05,False
0x5fc79e21ceca2aa0f7a0aac71ef3ddde8f004e9e,110,0.36363636363636365,0.050000000000000044,87031.36074,-1.7910822910449453,-3.5821645820898906,2.5897552281905116,5.179510456381023,-7.815781159753726,-15.631562319507452,4.7401248390745495e-05,False
0x48b5c751c2d63ac9134ce31f8d3e08b6836f6ee0,150,1.0,0.2,86493.45810000002,-0.38011354340592896,-0.7602270868118579,-1.1710337505335418,-2.3420675010670835,-1.5961548303915618,-3.1923096607831236,4.7108282080304275e-05,False
0x9836e286fbf4f71998827d4bd6ea3b470c26457e,32,0.78125,0.0,85715.0,0.2683310972416402,0.5366621944832805,-4.164965291955478,-8.329930583910956,-19.44817126523881,-38.89634253047762,4.668429829507857e-05,False
0x0a88fe672595ac29f214e0e1de712ec58abb525b,300,0.6233333333333333,0.3796791443850267,85577.36183000001,1.0601086057212947,2.1202172114425895,1.7804909377450069,3.5609818754900138,-1.040266639559101,-2.080533279118202,4.660933427028632e-05,False
0x45089135b2066750d109f2d0ec30bb86f5453661,59,0.2033898305084746,0.0,85431.3,-0.9421142113542067,-1.8842284227084134,-2.9636689649021517,-5.927337929804303,-10.709271212207817,-21.418542424415634,4.652978233607124e-05,False
0x9386b9538884d849943d77f1c5412de9e72b021f,716,0.07262569832402235,0.0,85365.6598,1.2971519089863282,2.5943038179726563,3.6124543567329037,7.224908713465807,6.68916434688611,13.37832869377222,4.6494031689428885e-05,False
0x6a8131d59ec82652beacd75c09ede81dfe7a84ce,77,0.36363636363636365,0.2857142857142857,85177.81972000003,-2.0887968453078907,-4.177593690615781,-4.508292049574083,-9.016584099148165,8.901638239514801,17.803276479029602,4.63917254148388e-05,False
0x982647ef97f124dbf4757068dee9f25f2299071f,154,0.2857142857142857,0.11363636363636363,85151.44494000002,-0.43586550623874454,-0.8717310124774891,-3.822023554999022,-7.644047109998044,1.4786036702571983,2.9572073405143966,4.637736050674817e-05,False
0x08f85d5d9292b14b0aa0bd096606cfb24c6e8ca1,78,0.1282051282051282,0.0,84818.7,8.871788338742746,17.743576677485493,29.487181607863754,58.97436321572751,41.50741056310329,83.01482112620658,4.6196132436572135e-05,False
0x8f300feb1180c149b88e9a2473fc38e0d2d75db3,40,1.0,0.0,84815.605,-1.3340820029789247,-2.6681640059578493,1.4760450797410034,2.952090159482007,3.667619512817649,7.335239025635298,4.619444675841518e-05,False
0xdd6e2b9d2d1b872286352ef30ace6efd40e1ea86,154,0.44155844155844154,0.36764705882352944,84519.07975,-1.3049530280358037,-2.6099060560716074,-1.1423043415641447,-2.2846086831282895,4.101746625540885,8.20349325108177,4.603294558332305e-05,False
0xbbd9691eb4f7f9bbd620b1415cb5ef979ea55ff1,68,0.25,0.0,83835.89264999998,1.6381912232118025,3.276382446423605,-3.8639945156220574,-7.727989031244115,-18.465264113819927,-36.930528227639854,4.566085072982307e-05,False
0xddfda0e9a5240eaf3a9220410215ab37aeb62226,205,0.2097560975609756,0.18604651162790697,83801.69523,1.1415896195002493,2.2831792390004986,3.749079224398863,7.498158448797726,2.0445495580287956,4.089099116057591,4.564222525521301e-05,False
0x05bfd5b6f03928864b8fef63964252865b9dde6f,50,0.24,0.0,83605.21569000001,-1.5054467649885146,-3.010893529977029,1.633666877477305,3.26733375495461,6.965117328856256,13.930234657712512,4.553521353667787e-05,False
0x799d07c174233ebe5fe817b763fdc7f6446364c1,142,0.9647887323943662,0.11678832116788318,83339.06378000001,-3.9304896428685874,-7.860979285737175,-30.47281548531257,-60.94563097062514,-15.5097752968626,-31.0195505937252,4.539025506781892e-05,False
0x50db7b0a1511fbca604ecede5793e2c19ea5bfa1,128,1.0,0.0859375,83256.35376,9.624539101639499,19.249078203278998,-13.666880442104612,-27.333760884209223,16.046850858315842,32.093701716631685,4.5345207418683155e-05,False
0x8973af30506940bbf09ad792d9229dbd1d302ef4,182,0.2967032967032967,0.14814814814814814,83176.55122999998,-1.5262253897466704,-3.052450779493341,-2.7985102139580142,-5.5970204279160285,-6.357744192485536,-12.715488384971072,4.5301743321206364e-05,False
0x14a4914df70e599bdc5baf74b7b51773499dbe21,716,0.40083798882681565,0.35540069686411146,83161.32662,-0.4623196071102311,-0.9246392142204622,-1.750732718379213,-3.501465436758426,-0.4981050962589145,-0.996210192517829,4.529345130423541e-05,False
0x863f14b76d82ce20158fa80e5fc95749bc048369,226,0.04424778761061947,0.0,83098.34306,-4.063148093282811,-8.126296186565622,2.4175746644322147,4.835149328864429,12.909918874505953,25.819837749011906,4.5259147584901265e-05,False
0x3042a6db38c1027c51db4538016cd9d99e5fbc0f,143,0.006993006993006993,0.0,81824.99999999999,49.190345249005276,98.38069049801055,-35.13596089214849,-70.27192178429698,188.2065383440268,376.4130766880536,4.456562687971538e-05,False
0x3eeb3368c7676fae6a3496cb0ee2d3a99cb460e4,32,0.96875,0.0,81819.97898,-0.3475707420616747,-0.6951414841233494,1.160622516303186,2.321245032606372,-2.0353708969705253,-4.070741793941051,4.456289220322439e-05,False
0x84e69e24f842ab1e611124523443aab1f3ffa7c7,51,0.37254901960784315,0.4736842105263158,81636.00000000001,-5.160410988192159,-10.320821976384318,-7.25546248948545,-14.5109249789709,-4.074042786485355,-8.14808557297071,4.446268885979158e-05,False
0x006d8a490e2dbbe570f0d6fa158e997c8251244d,310,0.13225806451612904,0.0,81519.39899999999,-0.4708794046844394,-0.9417588093688788,-6.71101634351278,-13.42203268702556,3.7401245496739897,7.480249099347979,4.439918263724586e-05,False
0xf8adb65dd158a09a970141aa167e08ad3718e2ef,85,0.12941176470588237,0.0,80650.93724999999,-68.59142607174134,-137.18285214348268,-49.47108884116734,-98.94217768233467,-19.21577984570108,-38.43155969140216,4.3926178759338074e-05,False
0x2e0fe72905b0b4a271816c3c72975b8fd89010fa,526,0.034220532319391636,0.05555555555555558,80574.01649,-0.35066437193567634,-0.7013287438713527,-0.899335430510984,-1.798670861021968,7.122723345373455,14.24544669074691,4.388428420523525e-05,False
0x182fcf35d9065375c0c74fccb13dffe912ca83b3,71,0.2535211267605634,0.5,80217.73264999999,0.3921420955191775,0.784284191038355,8.144944925142475,16.28988985028495,6.969229172631984,13.938458345263967,4.36902357765556e-05,False
0x5d4387a63d5c7d66b772eb7f83a72d9595063a1b,53,0.20754716981132076,0.0,79999.98,5.401844532279131,10.803689064558261,2.8985507246373614,5.797101449274723,15.184453227930737,30.368906455861474,4.357163775208913e-05,False
0x86d2161a18a6eb5be550d5253496e5a161cdf731,116,0.6982758620689655,0.32098765432098764,79992.74523000001,1.5523076507772127,3.1046153015544253,-0.2994132144994223,-0.5988264289988446,4.2159910852093425,8.431982170418685,4.356769736638329e-05,False
0xd42b99276ac2ac770441c9ff7d7b6fd2053ebee5,38,0.9473684210526315,0.4722222222222222,79843.63384999998,0.7000410850108179,1.4000821700216357,0.729814845145857,1.459629690291714,10.73527409599746,21.47054819199492,4.348648450815414e-05,True
0x1d02bedb2ed9315444a3509af8bb2f8beea8c434,323,0.03715170278637771,0.16666666666666666,79698.82105,-0.5063903000236135,-1.012780600047227,-4.799537092137605,-9.59907418427521,-4.635738456710006,-9.271476913420011,4.340761285264291e-05,False
0x4f76584d9b26886f7dad6240b463f4c23b948937,462,0.7965367965367965,0.008152173913043459,79306.97475,-0.942124365640285,-1.88424873128057,-2.3843120536154747,-4.768624107230949,-1.924344210203348,-3.848688420406696,4.319419548631236e-05,False
0xd4a735fe74ab379712fe65552651c1c079cf2d63,921,0.996742671009772,0.39651416122004357,79193.49718,-0.6893785771800572,-1.3787571543601145,-1.6067866645659372,-3.2135733291318744,-2.101110708295994,-4.202221416591988,4.313239042619826e-05,True
0xe0beac8b7449772d85312c326b12b2a55a4a35cd,53,0.9245283018867925,0.40816326530612246,78951.75194,-0.2718963509605489,-0.5437927019210979,0.3018493787159473,0.6036987574318946,-0.45759634722402404,-0.9151926944480481,4.300072494296224e-05,True
0xa20fb0c9e04063eec5be286e9269028d966646fa,59,0.6440677966101694,0.0,78258.63863999999,-1.2057160148751207,-2.4114320297502414,-3.5757010265112315,-7.151402053022463,2.982162049799362,5.964324099598724,4.262322382822751e-05,False
0x6f75869687be7376c4fd99077bc7c3c7d73e6a67,93,0.3225806451612903,0.09999999999999998,78122.82973,-0.08292040517048313,-0.16584081034096626,-2.414937494576512,-4.829874989153024,7.7321077303186865,15.464215460637373,4.254925610186026e-05,False
0x2759c9fd93e494c366e90eab777c7838de6da822,94,0.1595744680851064,0.0,77786.60868,-10.769092703940098,-21.538185407880196,-11.666517095934578,-23.333034191869157,8.076819527953479,16.153639055906957,4.23661347836396e-05,False
0x98eadc9dc42156f68cbf7d007d084bbf142bc0e3,120,1.0,0.25833333333333336,77335.90573,-0.6985663016479453,-1.3971326032958906,-2.9225404242990343,-5.8450808485980685,-2.614255822069025,-5.22851164413805,4.212066140138128e-05,False
0x89b38e50f8f1efcdb7360dac47d1426cbd9375ef,61,0.9508196721311475,0.3793103448275862,77184.40802,-1.5978982086334894,-3.195796417266979,-3.246415163217798,-6.492830326435596,0.4534320318338536,0.9068640636677072,4.203814883899825e-05,True
0xd586c8c96b7e081cc8012b063dee55b2eeeef3a4,85,0.17647058823529413,0.0,76886.17447999999,0.11013822347039443,0.22027644694078885,-0.41301833801471244,-0.8260366760294249,-28.63593810231849,-57.27187620463698,4.1875717251260305e-05,False
0xb9827d54ba14be8b8ff55e989854c7632464e2e6,43,0.6744186046511628,0.27586206896551724,76829.92,-0.7557073767559079,-1.5114147535118159,-5.423641992010636,-10.847283984021272,-11.253036129506926,-22.506072259013852,4.184507849579447e-05,False
0x3dac271d1b36a434880c527a678b6487ac9c1f8c,618,0.04692556634304207,0.1724137931034483,76664.1593,-0.7249988671890829,-1.4499977343781658,-7.099388439382312,-14.198776878764624,-16.347908238532494,-32.69581647706499,4.17547976585501e-05,False
0x84838a8c45a9572846ec1c7a7f7fd8183fca9d3f,123,0.2845528455284553,0.0,76173.02014,-0.8614168097756953,-1.7228336195513907,-0.41966459963406055,-0.8393291992681211,10.701447290678882,21.402894581357764,4.1487300872108583e-05,False
0xd6f5cc05b5a3e3d231dac72f4d31786ddbb60efe,38,0.7368421052631579,0.0,75835.42504999999,0.884410651958679,1.768821303917358,2.8235788237201183,5.6471576474402365,15.720830574954121,31.441661149908242,4.130343118903661e-05,False
0x55a0b2d5ee94017d9fbe7c71c767c313cae90be9,187,0.1497326203208556,0.10714285714285714,75310.63879000003,-0.0538623188265549,-0.1077246376531098,-2.1873875657161044,-4.374775131432209,11.4713391502857,22.9426783005714,4.101760865735608e-05,False
0x698074308f8d783673fcd750ab2714eeba48780c,41,1.0,0.4878048780487805,74745.10237000001,10.896580967587726,21.79316193517545,1.1550920165369296,2.3101840330738592,6.304939667145465,12.60987933429093,4.070959173000367e-05,True
0xda0f4e7fb58bc03ad73b8756e73d70328d1d392c,558,0.02867383512544803,0.0,74729.06864,-0.9089658007872039,-1.8179316015744078,3.0913025627621162,6.1826051255242325,2.834238059541468,5.668476119082936,4.0700859029378304e-05,False
0x483e1d004247248d516865b9b9e893d48359ce10,326,0.15950920245398773,0.4807692307692308,74725.38601999999,2.7509738670792974,5.501947734158595,2.7081290885112925,5.416258177022585,2.884366220008069,5.768732440016138,4.069885330656914e-05,False
0x081942c75ff82341ab9f71d5df8b1309f6ddbc3e,124,0.31451612903225806,0.3846153846153846,74582.22582,-1.8484949197384748,-3.6969898394769496,-1.7601408481238612,-3.5202816962477224,7.368565164221787,14.737130328443573,4.062088173238979e-05,False
0xa05d203169451de603916b6572f475f6b379c138,169,0.378698224852071,0.4375,74422.25286000001,0.2720281060963388,0.5440562121926776,-12.702108375969907,-25.404216751939813,-11.375736944808189,-22.751473889616378,4.053375316231704e-05,False
0xbc767c4bde4de59ac3b3eb60ac3d390210e411b0,51,0.4117647058823529,0.0,74299.932,-1.4172335600910255,-2.834467120182051,-6.386999244142456,-12.773998488284912,-17.59259259259268,-35.18518518518536,4.04671316431436e-05,False
0x23a3efb766a3fe344614e337ff14ab378ec27af7,147,0.047619047619047616,0.0,73699.0,-2.2321128617178223,-4.464225723435645,-9.329419321271377,-18.658838642542754,-13.52777545320156,-27.05555090640312,4.0139836668599375e-05,False
0x891ef1889d47d6f1b44a8019d028aa5f69d5cbaa,332,0.045180722891566265,0.3333333333333333,73619.18772,-2.412565113624907,-4.825130227249814,-4.160582411359178,-8.321164822718355,-4.728925690699851,-9.457851381399703,4.009636726082792e-05,False
0x1da5bcd75d2bdc41d8372e976f2f665479e73151,60,0.43333333333333335,0.38461538461538464,72791.19561,-0.46073441031526635,-0.9214688206305327,-9.22386536467796,-18.44773072935592,-8.600763484598328,-17.201526969196657,3.9645404994606005e-05,False
0x75f8052d4fb7681f957b84007c7f30596448b0c5,565,0.01415929203539823,0.0,71843.3852,-6.846695226438267,-13.693390452876534,-28.916768665851222,-57.833537331702445,-36.03121175030628,-72.06242350061255,3.912918421752358e-05,False
0x3b60c87209ae8a522c1f329db06e92b585769bbf,89,0.25842696629213485,0.0,71506.04999999999,-4.246976096529574,-8.493952193059148,8.492956571303216,16.98591314260643,-14.024544457055272,-28.049088914110545,3.8945456082398675e-05,False
0x58a1af958aa93b29fda0d7e29182cbf0bee84394,41,0.43902439024390244,0.2222222222222222,71344.3751,-1.0950152221924825,-2.190030444384965,-1.993350845349921,-3.986701690699842,14.865747475702243,29.731494951404486,3.885740055817974e-05,False
0xece33326ea95f85c4770fb9266232fe8cd7116ab,110,0.19090909090909092,0.2857142857142857,70913.14588,-0.9149374211323372,-1.8298748422646745,0.9914183848204802,1.9828367696409603,-11.886610069579906,-23.77322013915981,3.862253345743851e-05,False
0x9a01f256dad5de92e3ef2c3f287ecaaecaf93888,53,0.5283018867924528,0.3928571428571429,70663.6,-2.388055614305448,-4.776111228610896,-6.049708990404544,-12.099417980809088,-3.1267405634249728,-6.2534811268499455,3.848661938988642e-05,False
0xc04f39444b44716fd98f3782efad400fe2711b3d,70,0.6285714285714286,0.13636363636363635,70432.75429000001,-2.263776070359079,-4.527552140718158,-7.433307666831081,-14.866615333662162,-6.577525968171844,-13.155051936343687,3.8360890287794846e-05,False
0xaf0fdd39e5d92499b0ed9f68693da99c0ec1e92e,2487,0.006433453960595094,0.0,70427.14476,-0.5812655779174551,-1.1625311558349103,4.603623377107011,9.207246754214022,24.180648041367405,48.36129608273481,3.835783508191705e-05,False
0x37d31be0256f89ca672a7f9bd937fdd98ae79c83,216,0.023148148148148147,0.0,70293.42547,4.244997761727602,8.489995523455203,5.099070708184552,10.198141416369104,-5.998343129678472,-11.996686259356943,3.828500545790531e-05,False
0xafe62f929c84b4a7730ae98a3835a936fd86bde0,242,0.5247933884297521,0.40157480314960625,69990.4458,-0.8148694245588406,-1.6297388491176812,-0.9700147345216531,-1.9400294690433062,-3.607455869693401,-7.214911739386802,3.811998891130758e-05,False
0x9a68d2fa5f39407e1c1e9119f56817019bddf38d,76,0.11842105263157894,0.0,69945.13098,2.223178794482459,4.446357588964918,16.10158414049028,32.20316828098056,40.99610544061467,81.99221088122934,3.809530839361444e-05,False
0xaf266b453d153cedc00768bde667eeed537655a0,55,0.5272727272727272,0.0,69805.81880000001,-0.4108939133130083,-0.8217878266260166,-3.234432111821383,-6.468864223642766,7.15621672141065,14.3124334428213,3.8019432626627824e-05,False
0x84f9ced63237634cdea962fe18a3a718364a7ce1,61,1.0,0.4918032786885246,69758.60363,8.243806152361433,16.487612304722866,3.2389838889888813,6.477967777977763,5.827513349821678,11.655026699643356,3.799371709165339e-05,True
0x05d95d21b9680b1ceab8fb1f1509fee72ca6d6a9,177,0.22033898305084745,0.20512820512820518,69479.49079999999,-0.887787236707699,-1.775574473415398,0.23298058036685168,0.46596116073370336,-8.682499660852248,-17.364999321704495,3.784169951463999e-05,False
0x2dd622eb76e88682e1865a30cd2ab555cbf755f5,1991,0.005022601707684581,0.4,68871.01618,1.34858026128971,2.69716052257942,3.9779206912256604,7.955841382451321,5.288632116260016,10.577264232520031,3.751029648523949e-05,False
0x7b947037d802962d27761b43a5c7dde96ddc011b,234,0.042735042735042736,0.0,68665.894,-1.8201048468681733,-3.6402096937363466,-1.1257242711298279,-2.2514485422596557,-19.897912259725427,-39.79582451945085,3.739857759078628e-05,False
0xb09a2468adb0d450877aef0d5ddbb52b144a3e9a,115,0.20869565217391303,0.0,68519.49878999998,-0.45256106917472616,-0.9051221383494523,-1.9704003039539468,-3.9408006079078937,-3.6782479700131323,-7.356495940026265,3.731884408261838e-05,False
0xe821ea2a135abc24ca3e50a1114b38062ba79673,445,0.9662921348314607,0.48604651162790696,68398.26183,5.832615501820035,11.66523100364007,5.855897633136205,11.71179526627241,5.082229310433943,10.164458620867887,3.725281290481954e-05,True
0x3045ff3c4e39a1e15a3c05cb0e7711d0da51e610,75,0.29333333333333333,0.0,68300.00000000001,-1.8329788021877418,-3.6659576043754836,-5.599890752563973,-11.199781505127946,-3.896098353068513,-7.792196706137026,3.719929503066986e-05,False
0xc7b83e2bc1f8aa81b563af55d32c0f48508ad6d9,2513,1.0,0.49263828093911655,67453.00722,-0.8150948271226753,-1.6301896542453507,-1.9964615773752143,-3.9929231547504287,-1.340082844125505,-2.68016568825101,3.673798413298219e-05,True
0xd359905a8d17331078d4db35693bc85e813187ed,225,0.8577777777777778,0.0,67243.81952,0.2483097638531775,0.496619527706355,-2.1217585373279113,-4.243517074655823,-0.08101154500826256,-0.16202309001652512,3.6624050970916493e-05,False
0x545d57c7fe4866d435b021a94382577f2959e961,131,0.40458015267175573,0.37735849056603776,67167.39713,0.7175297974503589,1.4350595949007179,-4.216686357574226,-8.433372715148453,2.111675507720114,4.223351015440228,3.658242785184535e-05,False
0xe7a90765bb71f0362cf4feff3a72a8c80a10f061,88,0.3409090909090909,0.30000000000000004,66986.00929999999,-0.14863696868437254,-0.2972739373687451,0.6045052647669885,1.209010529533977,-12.562074495726542,-25.124148991453083,3.648363576687986e-05,False
0x8c14e3341eb81a21358ae62fff9598e7d8505185,44,1.0,0.5,66643.55314,7.760209924168461,15.520419848336921,2.212985388745933,4.425970777491866,5.294296102122115,10.58859220424423,3.6297118523381907e-05,True
0x0ce048fe42c170e41740ee392e187f19515f339d,668,0.005988023952095809,0.0,66574.0,52.43559467258001,104.87118934516002,0.6881549492294212,1.3763098984588424,135.09454617155242,270.18909234310485,3.6259236711153946e-05,False
0x417e99d72cfef3a31d9a525c41236912752f2c1e,86,0.6976744186046512,0.25,66553.03467000001,6.480663462745905,12.96132692549181,-6.50503324756238,-13.01006649512476,-14.290167603024594,-28.580335206049188,3.624781803624787e-05,False
0xec31c16f2ec50d846580c74b0ed1645d94f0d4da,42,0.9047619047619048,0.02631578947368418,66131.93521000001,0.11976410603349712,0.23952821206699423,8.853863967643193,17.707727935286385,4.131279987663724,8.262559975327449,3.6018468064801375e-05,False
0xc99a2fbda9ca0cb8b298365f9c56387eb2aed9d5,80,0.3875,0.16129032258064513,65938.92545,-3.696768067438912,-7.393536134877824,-13.880838613434927,-27.761677226869853,-7.54497810599034,-15.08995621198068,3.591334614670417e-05,False
0xae5f7ac31ffe7c6608e20b088c1a3200cc4dd448,62,0.5161290322580645,0.1875,65900.93936,-1.7534475984929445,-3.506895196985889,3.990233253967963,7.980466507935926,-7.792954727755226,-15.585909455510452,3.5892657189618203e-05,False
0x11eee2e0a613af4f636e23ff295e2dac6a191d1d,117,0.24786324786324787,0.0,65777.4,2.7553579649881685,5.510715929976337,7.866975439390986,15.733950878781972,19.47895917939559,38.95791835879118,3.582537201977135e-05,False
0xf770f371cc66499a89ae56aa84f9506e083f99ea,67,0.11940298507462686,0.0,65515.55230000001,2.4650614880622985,4.930122976124597,-11.498389048541672,-22.996778097083343,-22.736718556779174,-45.47343711355835,3.5682757819985084e-05,False
0xfe348be771e68b900b7c5e718d161ae72e063c0c,33,0.8181818181818182,0.2222222222222222,65402.510120000006,-0.006458837347468714,-0.012917674694937428,-7.5581550138627325,-15.116310027725465,-18.56717741913954,-37.13435483827908,3.562118989312227e-05,False
0x8f42407b0c3aed926eb66321630c7b1a0042b75a,49,0.5918367346938775,0.0,65336.37969999999,-0.19230185318286666,-0.3846037063657333,-1.4270821736183357,-2.8541643472366713,-25.039725514407706,-50.07945102881541,3.558517225030993e-05,False
0xbf319873dfc47c335e3b65960f8d60751944358b,53,0.5471698113207547,0.4482758620689655,65012.05329,-2.816700941732005,-5.63340188346401,-8.15804916091954,-16.31609832183908,1.239302135540068,2.478604271080136,3.540852929552476e-05,False
0x562b439e6d4e1150e382303c3279e9f8adb7225e,98,0.4387755102040816,0.0,64989.476769999994,-1.6488272694592563,-3.2976545389185126,-7.645713921393905,-15.29142784278781,-1.231325396146848,-2.462650792293696,3.539623309306141e-05,False
0xfd375cbcd779ef10ecd2fd86f9a180a8f7e0c535,620,0.1774193548387097,0.0,64634.134939999996,0.7189536962411648,1.4379073924823296,0.5354302784932314,1.0708605569864629,-0.6913468262609463,-1.3826936525218927,3.520269772599102e-05,False
0xa9ac99be720210e61693c1426459829350417395,87,0.367816091954023,0.0,64616.1035,0.3787965152790105,0.757593030558021,-0.20703194107889056,-0.4140638821577811,19.350603424835572,38.701206849671145,3.519287698138798e-05,False
0xbc885517fe55982f9c4b006dca4abb22339061ef,40,0.4,0.5,64473.16574,-1.7264455133561523,-3.4528910267123045,-2.0882221999894854,-4.176444399978971,2.105475152052024,4.210950304104048,3.511502655817768e-05,False
0xbda495ebf6fc94d61f9a7f22b9877273378ed82b,154,0.21428571428571427,0.30303030303030304,64465.62031,4.379678706569173,8.759357413138346,24.774616054830062,49.549232109660124,34.20019134967535,68.4003826993507,3.511091697286724e-05,False
0xf0727e5f3c840aee6c90009eb377c4fe77ded854,45,0.5555555555555556,0.43999999999999995,64198.72568999999,0.25458433269223396,0.5091686653844679,4.509750320596462,9.019500641192923,36.01704696777831,72.03409393555663,3.496555399026872e-05,False
0x9d20a319ee8fb208621be1230945e55b78193002,126,0.29365079365079366,0.027027027027026973,63587.573399999994,0.5328974369459186,1.0657948738918372,-1.042975823439037,-2.085951646878074,0.6371049846156255,1.274209969231251,3.4632692579662873e-05,False
0x33578377dd2d850db9a4fef38f5a9190bb94e823,397,0.12594458438287154,0.0,63579.58356000001,-0.09704868988187396,-0.1940973797637479,-2.379313656106427,-4.758627312212854,-2.857828811962813,-5.715657623925626,3.462834094839776e-05,False
0xa1b6d8efbcb2fb750a84dbc05649fa4968034f04,171,0.49707602339181284,0.21176470588235297,63028.68316999999,-0.05942132876930883,-0.11884265753861765,5.247686407409285,10.49537281481857,5.248498487620849,10.496996975241698,3.432829547050432e-05,False
0x50e8db5da4198e49197743f8006b318cb6a08b49,178,0.20224719101123595,0.4722222222222222,62734.07743999999,4.920902988352079,9.841805976704158,3.8975604963105663,7.795120992621133,13.577007153241683,27.154014306483365,3.416783975354977e-05,False
0xc30a182aa60abea8df7030a68db21ad9698de19d,42,0.47619047619047616,0.0,62683.088359999994,-0.042160585823806225,-0.08432117164761245,2.369130546833314,4.738261093666628,-16.20996933071108,-32.41993866142216,3.414006877506862e-05,False
0x1bd8ccb2e13ed41752fb87de93095e1ef93000d8,376,0.026595744680851064,0.0,62584.5003,1.4694396558867973,2.9388793117735945,3.9733001555314735,7.946600311062947,32.30195431725418,64.60390863450836,3.408637322118222e-05,False
0xb83de012dba672c76a7dbbbf3e459cb59d7d6e36,638,0.17398119122257052,0.0,62454.1215,-0.03408326667986119,-0.06816653335972238,1.0020649386343219,2.0041298772686438,2.9022110185401195,5.804422037080239,3.401536298037776e-05,False
0xdd1116ac57cf27bd8ca3d5d8202f71951aa47b4e,54,0.37037037037037035,0.0,62287.50461999999,-0.6798486478521394,-1.3596972957042788,-8.99383644355625,-17.9876728871125,4.003009032751032,8.006018065502063,3.392461582845668e-05,False
0x25e7de497c501f102e88f1798c003042f14eb9bb,40,1.0,0.45,62249.38681999999,8.704133759630164,17.408267519260328,-7.284519474253,-14.569038948506,8.220748296678618,16.441496593357236,3.390385513609767e-05,True
0x50f41045b5ddec5b7cd2d0712d679cf320b6d6dd,66,0.5303030303030303,0.48571428571428577,62059.33831,0.04888020968147485,0.0977604193629497,-8.977200823480844,-17.95440164696169,-15.679303960636817,-31.358607921273634,3.3800346049807355e-05,False
0x1ad050a36b9ecd9aee4f5aae6e94e97f8b945e1d,354,0.8559322033898306,0.4752475247524752,61715.20357,-1.2978871145700663,-2.5957742291401327,-2.0310044234706917,-4.062008846941383,-0.7319838931628336,-1.4639677863256673,3.361291457508461e-05,True
0x435ac8a7611538bbaae08eb105aab4978517f8b4,90,0.044444444444444446,0.25,61653.322459999996,-6.615104206518882,-13.230208413037763,-13.666529514141793,-27.333059028283586,0.3404653917486693,0.6809307834973386,3.357921130030108e-05,False
0xe2fd97f5dba08a3dcd236b00b0380c23ab1c4f5b,45,1.0,0.48888888888888893,61653.19959999999,8.702653583471202,17.405307166942404,3.1185224972598684,6.237044994519737,0.970969755019718,1.941939510039436,3.357914438514167e-05,True
0x1937380616abd04ac4486c809d6ca57cd57dc3ef,400,0.1525,0.0,61493.261379999996,-0.5621102301809224,-1.1242204603618449,-2.7542885934270163,-5.5085771868540325,-1.6535483443541839,-3.3070966887083677,3.349203473605734e-05,False
0xbd470d2ab7e12b9eb0fc5c820b4c84e202bfd24d,129,0.12403100775193798,0.0625,60934.69462,1.2709605747712325,2.541921149542465,2.5399639578379,5.0799279156758,8.398843750709299,16.797687501418597,3.3187813803413634e-05,False
0x5f18420316279d1c7b504d24e20791e175cefe8e,65,0.3384615384615385,0.0,60842.0,-1.5948710927053091,-3.1897421854106183,-3.991687595004112,-7.983375190008224,3.722122361925541,7.444244723851082,3.3137328085739604e-05,False
0xac1b1cc2fee62d8dc215821a7afc1d8594ff2f92,237,0.04219409282700422,0.0,60359.689190000005,4.500249056716143,9.000498113432286,10.558633804952617,21.117267609905234,9.593392223583917,19.186784447167835,3.2874639621352035e-05,False
0xe36a124caa7ee0b75a96a934499ce68dac6d9562,120,0.03333333333333333,0.0,60198.55434,3.2425421530473986,6.485084306094797,-1.5835670979991692,-3.1671341959983383,-31.294302174765416,-62.58860434953083,3.278687823299372e-05,False
0x6b052156b9e0e6a6ef2434e26fc8b94dc246631d,80,0.1375,0.18181818181818182,60095.42026,-0.7587771547374089,-1.5175543094748178,-8.539364630035259,-17.078729260070517,7.233810341987399,14.467620683974799,3.273070670928015e-05,False
0x6b8c241920e684b6dd6769b74a01c92062e9ddb4,109,0.2018348623853211,0.5,59911.74339999999,-0.7189973925950438,-1.4379947851900876,-1.262555281245212,-2.525110562490424,-4.752750090415164,-9.505500180830328,3.263066791417844e-05,False
0x759daf06ddab2f2f3651f3b216e5853b7a073bf2,238,0.17647058823529413,0.0,59275.75363,-0.6661748395259511,-1.3323496790519023,-4.112767483429006,-8.225534966858012,5.223458625636276,10.446917251272552,3.228427887917525e-05,False
0xeed2f02986e1078d3935613f97f98f842578388a,5852,0.9232740943267259,0.48769202295021286,59079.22196,-0.45861476398204903,-0.9172295279640981,-1.5499897693395084,-3.0999795386790168,-1.317926129908636,-2.635852259817272,3.217723876826456e-05,True
0x6ac0b46b32dc429dbd129a503292f88649d2b8a0,175,0.10857142857142857,0.0,58947.840000000004,-1.8483709273189963,-3.6967418546379927,6.124686716791171,12.249373433582342,17.120927318296015,34.24185463659203,3.210568216077191e-05,False
0x1aa780bb10425b86bcf05ecbb7953f9a93729ed9,773,0.007761966364812419,0.0,58800.0,-0.34013605442218436,-0.6802721088443687,14.96598639455678,29.93197278911356,4.081632653060171,8.163265306120342,3.2025161754075946e-05,False
0xd8597fcacbc9080a808e24647efe3699277b12c5,49,0.46938775510204084,0.0,58670.00000000001,-0.9936986884751626,-1.9873973769503253,0.8897227152904293,1.7794454305808587,7.017613892998387,14.035227785996774,3.195435782502783e-05,False
0x3bbc80c9cde7aec0f8b52c824f0439e88880d068,57,0.2807017543859649,0.0,58560.810600000004,-1.007270252847017,-2.014540505694034,-2.797972924575524,-5.595945849151048,-1.231108086812941,-2.462216173625882,3.1894888297870844e-05,False
0x8df579c1ad861ea43519c903de20ce4b23d27989,107,0.9906542056074766,0.0,58499.0,-0.06294868787587467,-0.12589737575174934,3.269475911295202,6.538951822590404,4.810855889391298,9.621711778782595,3.186122342604913e-05,False
0x3ea004bbb1004936e526bf97cbd796f0c78273d7,141,0.1276595744680851,0.3888888888888889,58383.72549999999,0.27260240380967965,0.5452048076193593,-2.4254011610953925,-4.850802322190785,-3.7499258928933554,-7.499851785786711,3.179843967590253e-05,False
0x2d8f1ef6c05fdee6a7be8f9daf1b33a108e230fe,41,1.0,0.4634146341463415,58337.11059,9.901184472083175,19.80236894416635,-8.460208943972834,-16.920417887945668,13.181916007451056,26.363832014902112,3.17730510699008e-05,True
0x7d4886f385bf4cf5c8d5459736a17e800682206b,222,0.5585585585585585,0.4193548387096774,58204.03910000001,-0.031187482120566788,-0.062374964241133576,-4.872139330885324,-9.744278661770648,-2.606447575837475,-5.21289515167495,3.170057426731397e-05,False
0x318d7d2d83eb1370285aff604319b74241412c1e,203,0.15270935960591134,0.16129032258064516,57965.06042,1.6704654155210727,3.3409308310421455,6.93597940609025,13.8719588121805,-1.2263542908688445,-2.452708581737689,3.157041557883139e-05,False
0xc47bca726471967b06105873f03c9e1261321664,68,0.17647058823529413,0.3333333333333333,57637.457800000004,-1.6184289048220455,-3.236857809644091,2.4873812078119353,4.974762415623871,27.51109928748197,55.02219857496394,3.139198825065862e-05,False
0xd51419a8f1da3ff5347394d898dd4956392d8b3c,378,0.9365079365079365,0.47175141242937857,57095.07979,-0.8025702208592196,-1.6051404417184392,-2.021604676919994,-4.043209353839988,-1.193127997652239,-2.386255995304478,3.109658444960243e-05,True
0x166e9c3e0bc7f1045a251f01c7e3a2307623c68c,45,0.4222222222222222,0.0,57011.049999999996,16.14116713159815,32.2823342631963,4.1937909136227045,8.387581827245409,52.13572203990265,104.2714440798053,3.105081799353251e-05,False
0x99bdb315fdf0c85c594770da6674e4810f33eee7,51,0.803921568627451,0.41463414634146345,57007.86351,-0.5374657336672465,-1.074931467334493,-0.5399998449153594,-1.0799996898307187,3.6987772072310587,7.3975544144621175,3.104908248574888e-05,True
0x9549fd0926212664e9a00092d0813bd687c63d74,1249,0.9991993594875901,0.4823717948717948,56757.17619000001,-0.8701304271452154,-1.7402608542904308,-1.5970989765104446,-3.1941979530208893,-2.1718344760014143,-4.343668952002829,3.091254673791392e-05,True
0x7ec385cb10424d80521cc79e51a0bcc4d4278c6c,108,0.3888888888888889,0.0,56743.692,-0.39717424586934735,-0.7943484917386947,-1.8285696914698018,-3.6571393829396035,4.240435209216169,8.480870418432337,3.090520263305213e-05,False
0xf877bd0c6e05c84a05edb720557d0edbd4256660,154,0.22077922077922077,0.38235294117647056,56272.02771999999,-1.6391037002697462,-3.2782074005394923,-3.7982047362689295,-7.596409472537859,4.084112318419182,8.168224636838364,3.064831275447016e-05,False
0x56f328d9e3feb60ba9439627beb2f45ff40c26db,38,0.6578947368421053,0.48,55516.89591000001,-2.3063137152155044,-4.612627430431009,-1.3634823988635332,-2.7269647977270663,2.309905792989333,4.619811585978666,3.0237033530645368e-05,False
0x804cbcbebfb30861b07a0853b6d1a687627dbd00,57,0.21052631578947367,0.0,55493.0,0.7121851858820129,1.4243703717640257,1.9037625543921888,3.8075251087843776,-16.550861691262195,-33.10172338252439,3.022401872821321e-05,False
0xcc3938d6cf2d1dd16249686220278713973ab25b,105,0.4095238095238095,0.3953488372093023,55286.856700000004,0.2851606088371334,0.5703212176742668,2.6961488697839417,5.3922977395678835,8.718140306681645,17.43628061336329,3.0111743685236697e-05,False
0xf7bc827e4d1b5a37f6262e8be89400138a35bd07,81,0.08641975308641975,0.0,55212.23742,-0.0029505602701397826,-0.005901120540279565,-2.401793849946647,-4.803587699893294,-6.881101894901135,-13.76220378980227,3.0071102622107905e-05,False
0x673a2bd29b07dd2470a0465b44eb9bca29cd811b,151,0.10596026490066225,0.0,54375.266749999995,-2.6029859324586115,-5.205971864917223,-31.968647182127455,-63.93729436425491,-24.647838875806958,-49.295677751613916,2.9615250222615262e-05,False
0x9b4536fd71cc440e58d118d1eb36f0fedd9e16fb,83,0.5903614457831325,0.34693877551020413,54308.01944,0.3446490690138838,0.6892981380277676,-3.670900483110656,-7.341800966221312,5.241222334695856,10.482444669391713,2.9578624270569744e-05,False
0xe71e9636e31b838af0a3c38b3f3449cdc2b7aa87,40,1.0,0.0,54306.0,0.03373449012557692,0.06746898025115385,-5.092851965546049,-10.185703931092098,-7.422283218810469,-14.844566437620937,2.9577524391443e-05,False
0xea16545cf2e4c30b38b156cda0972be63ce71d50,220,0.38636363636363635,0.0,53650.01241999999,-0.04897530098495188,-0.09795060196990377,1.271642423428398,2.543284846856796,5.553519308971009,11.107038617942019,2.922024363705244e-05,False
0x6a013b21c31b06387ea660e863f7cc4315abfbcc,121,0.01652892561983471,0.0,53476.5,5.2452946621422445,10.490589324284489,9.256402344955612,18.512804689911224,42.2709040419625,84.541808083925,2.9125740859555144e-05,False
0x8cb7566b1c467b864923ac589566a8d24bfca7b7,72,0.4583333333333333,0.0,53434.93972999999,-1.799819392036643,-3.599638784073286,6.972800162317305,13.94560032463461,21.607127834102567,43.21425566820513,2.9103105241029747e-05,False
0x6e03af2ffb3fbb736334dde467b6049fe32528ff,54,0.24074074074074073,0.0,53237.8236,-1.4114326040934329,-2.8228652081868657,-4.668584767385163,-9.337169534770325,19.190054828728005,38.38010965745601,2.8995746806546975e-05,False
0x4ee36a93b7794c04bde3c8941a62c5bd12f13267,68,0.07352941176470588,0.0,51668.468799999995,-8.569405099150298,-17.138810198300597,16.076487252124167,32.152974504248334,23.15864022662877,46.31728045325754,2.814100460723514e-05,False
0xdb951b52356ebf874676950a5045b469783bbb49,34,0.14705882352941177,0.0,51467.886,-4.389528208623743,-8.779056417247485,-6.40973022882608,-12.81946045765216,-27.128330444913228,-54.256660889826456,2.8031758066162262e-05,False
0x523852be2db1a76a0e088ecbff32e849544054e5,3164,0.0003160556257901391,0.0,51458.251,-2.8340080971651407,-5.668016194330281,23.07692307692395,46.1538461538479,76.5182186234818,153.0364372469636,2.802651040572858e-05,False
0x39be8fad61f5fa0cdfa2fc97c30a59833f58705d,64,0.4375,0.0,50827.03873,-3.37132363872385,-6.7426472774477,-5.661131434038388,-11.322262868076775,-1.576758722967487,-3.153517445934974,2.768272341511791e-05,False
0x13f4411a80487c85adfd7f4879bca48149391f6a,3619,0.967946946670351,0.4701684270625178,50809.742809999996,-0.6563141655606732,-1.3126283311213465,-1.5427420043188984,-3.085484008637797,-1.5414681532668877,-3.0829363065337754,2.7673303268252505e-05,True
0xd53494f7d2d58a24e9a8fa8af94b6e2f3e36fa62,143,0.17482517482517482,0.24,50754.9,-0.11840872412262432,-0.23681744824524864,-14.071063444001862,-28.142126888003723,-2.7141279635502995,-5.428255927100599,2.76434333726522e-05,False
0x1eb39d46c9814c8f16ea657d9dc1029575f4d651,138,0.4782608695652174,0.0,50193.433800000006,-0.8349202047502133,-1.6698404095004267,-2.043190203027362,-4.086380406054724,-1.2894386964307054,-2.578877392861411,2.7337633272746653e-05,False
0xc1eb407f240edea7cf7e6b36bb4dbd7749efb981,152,1.0,0.4605263157894737,50186.25155,-0.7766298033771413,-1.5532596067542825,-3.2426954687981224,-6.485390937596245,0.5033115536220751,1.0066231072441503,2.7333721491828142e-05,True
0x51cc158d2047050ef186ba2fbe6b0f157296410c,86,0.4186046511627907,0.0,50168.552690000004,-2.2711134965456763,-4.542226993091353,-4.8073199283439685,-9.614639856687937,-43.421455284509406,-86.84291056901881,2.7324081885461432e-05,False
0xfe8c8076596dd917a20a31007ced69ce339129a1,479,0.027139874739039668,0.46153846153846156,50102.00616,-0.8034940512742594,-1.6069881025485189,-6.182595969943615,-12.36519193988723,-11.532329144435291,-23.064658288870582,2.7287837610165128e-05,False
0x3137dab4798758869ec683b221a0a8067ae30fae,256,1.0,0.49609375,50028.123550000004,1.3251165438737162,2.6502330877474325,-0.323338936979253,-0.646677873958506,1.6645541610149135,3.329108322029827,2.7247597771116435e-05,True
0x93fce39123abf7a52ab5b667023d92627c331fdc,31,0.03225806451612903,0.0,49999.845,6.122448979592068,12.244897959184136,-15.510204081632757,-31.020408163265515,-15.91836734693938,-31.83673469387876,2.723219598305656e-05,False
0x741a58844ac349d6195d0b8ccf7fa07501eba5c2,1103,0.015412511332728921,0.47058823529411764,49998.850959999996,-0.2824386608204634,-0.5648773216409269,-5.761350511157775,-11.52270102231555,-25.742015822104733,-51.484031644209466,2.7231654583536318e-05,False
0xaa61791a676e3f1ef2944596fee5d5926a86c26c,638,0.02821316614420063,0.05555555555555558,49983.0095,-5.454094829323859,-10.908189658647718,-11.49565660965257,-22.99131321930514,-19.656324008570824,-39.31264801714165,2.722302660192202e-05,False
0x773bf63a09152f127b0ffc734d6ed407090e5e2b,292,0.2363013698630137,0.05797101449275366,49905.16979,-1.2455453607421922,-2.4910907214843845,-13.618878126588779,-27.237756253177558,-6.199366163365857,-12.398732326731714,2.718063154573766e-05,False
0x31f4eb2a0372a6448ea345ade43f521be5dfcaab,78,0.23076923076923078,0.33333333333333337,49828.775,-0.4781477087092914,-0.9562954174185828,0.3938523588415968,0.7877047176831936,7.115160132137246,14.230320264274493,2.7139023458885305e-05,False
0x68a68ea09f8664fac750090e6006de18e282d333,177,0.02824858757062147,0.0,49777.5,-2.2299231580524226,-4.459846316104845,-7.352719602229916,-14.705439204459832,-1.9888503842093805,-3.977700768418761,2.7111096755331898e-05,False
0xe5250bf1ee0d01c54866702b3e4a12a57939693d,185,0.08108108108108109,0.0,49776.0,-0.673863001933371,-1.347726003866742,2.0111709333854413,4.022341866770883,-7.459339850216199,-14.918679700432397,2.7110279786919805e-05,False
0xd72f09ccc813f775ae1fd2f52029eadc3c837258,49,0.22448979591836735,0.0,49703.01172000001,-8.56486991719156,-17.12973983438312,-6.62634891097677,-13.25269782195354,-41.00498661784462,-82.00997323568924,2.707052704077777e-05,False
0x046c5d20555f53c561e94be5cbffa85011ca3eb7,216,0.5555555555555556,0.1,49702.383350000004,2.716417939773632,5.432835879547264,6.906974342976013,13.813948685952026,8.020447625274459,16.040895250548918,2.707018480181703e-05,False
0x390a671f39a8cd43f456de3976bea1bc9d9b14da,37,0.35135135135135137,0.3846153846153846,49536.5377,0.29315027860549703,0.5863005572109941,-2.586117108008226,-5.172234216016452,-16.732249185923262,-33.464498371846524,2.6979857696928255e-05,False
0xffce2c2d59f30f26ba8b4b1c980480f12a245047,47,0.1702127659574468,0.0,49419.83512,-2.769754283227733,-5.539508566455466,-3.5611126498636256,-7.122225299727251,14.244450599454503,28.488901198909005,2.6916296149281694e-05,False
0x861196712c6e7a6647545a8219b7d7d1f5a53012,33,0.48484848484848486,0.0,49048.055199999995,-12.441043761377356,-24.882087522754713,-11.689659297409985,-23.37931859481997,24.019701561110978,48.039403122221955,2.6713807848687854e-05,False
0xd080b654474d679c03df4fd676aa818c1adfa608,1092,0.29853479853479853,0.4141104294478528,49005.61392,-0.31715954048724193,-0.6343190809744839,0.2334934967910746,0.4669869935821492,2.5135113404478386,5.027022680895677,2.6690692391935307e-05,False
0x80460bc617ba20c0ce2b20bb1a10ed9a7305b810,216,0.8287037037037037,0.022346368715083775,48743.607149999996,-0.21618120368656313,-0.43236240737312626,3.3187808104924494,6.637561620984899,2.4683526490663374,4.936705298132675,2.6547991555372157e-05,False
0x547b324b3f9e1f9f436fede6e88ae1ca816db6f3,351,0.35327635327635326,0.3387096774193548,48102.18308,-1.6697798951365777,-3.3395597902731553,-3.2694656122409436,-6.538931224481887,-2.277456945095211,-4.554913890190422,2.6198642752741075e-05,False
0x20f2c7b31a05f318888119784cc7d193c03ebda8,80,0.1,0.0,47723.51512,-2.5091404401748054,-5.018280880349611,-9.008278149173712,-18.016556298347425,-1.6140169496660537,-3.2280338993321074,2.599240291141308e-05,False
0xda787ec62d2eb0c7ceb7d5d5c66bbf60628d300f,52,0.07692307692307693,0.0,47499.478,1.7027603326258127,3.4055206652516254,7.331733331357949,14.663466662715898,-20.050459938839126,-40.10091987767825,2.5870382077962108e-05,False
0x0ebba251c7875bc4108f43aef42670314c199feb,148,0.9932432432432432,0.4625850340136054,47432.28904,-2.2851490014940996,-4.570298002988199,-2.5525881608175185,-5.105176321635037,0.4216867361739769,0.8433734723479538,2.583378790598782e-05,True
0xba404c2d23830349a7dc5caa1bbab467945d7f55,201,0.09950248756218906,0.0,47296.32241999999,19.990729572479786,39.98145914495957,-11.256200856815681,-22.512401713631363,18.79116452278277,37.58232904556554,2.575973428356171e-05,False
0x5a313b2dd4820f79b5e0f8362863b34af1ec2fad,81,0.024691358024691357,0.0,47275.89121,-1.021681468511268,-2.043362937022536,2.8018660217896656,5.603732043579331,-31.833567200727312,-63.667134401454625,2.5748606514767813e-05,False
0xe873f63b159e3bc53c2b1c4eabf63a237ec516f4,127,0.08661417322834646,0.4545454545454546,47222.16021,-0.6170885063990852,-1.2341770127981704,-3.7878363229166068,-7.5756726458332135,-4.429754399664873,-8.859508799329745,2.5719342161601006e-05,False
0x936dc44065c4c3fe35dde363e9fb3fba3b2be696,128,0.2109375,0.0,47171.8,-0.8660968660969528,-1.7321937321939056,10.472934472934112,20.945868945868224,-22.871794871795093,-45.743589743590185,2.56919136944034e-05,False
0x6cd520c1a07c9b53b33d62d04d3c2a3175161968,162,0.006172839506172839,0.0,46305.245,-2.719033232628502,-5.438066465257004,0.3021148036268202,0.6042296072536404,-19.939577039273534,-39.87915407854707,2.5219948319508787e-05,False
0xf709deb9ca069e53a31a408fde397a87d025a352,178,0.011235955056179775,0.0,45862.494600000005,6.608668569201711,13.217337138403423,12.596392424765495,25.19278484953099,13.833330003642205,27.66666000728441,2.4978806258680865e-05,False
0x1c48475d94c1abaa5826008af56ebe7379a5468e,197,0.19289340101522842,0.5,45815.028940000004,-0.7828354723695984,-1.5656709447391968,1.4270285791357884,2.854057158271577,15.900831903914339,31.801663807828678,2.4952954295428077e-05,False
0xb00cf49bb9ce7a602bbe12f0e2690b5efe199910,710,0.9633802816901409,0.435672514619883,45713.03021999999,-0.19105901965129327,-0.38211803930258653,-0.6190935352302664,-1.238187070460533,0.2681540592101891,0.5363081184203782,2.4897401140552073e-05,True
0x02938da2e3e9e95bc5eeb068a09142ef0792ca17,69,0.17391304347826086,0.5,45454.20543,-4.5330881725844,-9.0661763451688,-15.213623334512034,-30.42724666902407,-10.053920364690962,-20.107840729381923,2.4756433355420875e-05,False
0x984e16e759ac515784f90dd88443260e482c63c1,134,0.11194029850746269,0.4666666666666667,45203.84781,2.663313805877652,5.326627611755304,-6.151089919185511,-12.302179838371021,-23.874656369851227,-47.749312739702454,2.462007717724289e-05,False
0xd7a11a9e063b38108a0a5a0c0dae6d293bccf957,68,0.014705882352941176,0.0,45202.0,-0.4424582983043535,-0.884916596608707,-0.884916596610279,-1.769833193220558,-58.84695367461578,-117.69390734923157,2.4619070775641853e-05,False
0xdd0ddad1ca7b57acac3e1ed2ceac6ebc5526431a,51,0.2549019607843137,0.0,45184.707,-1.3297572629534875,-2.659514525906975,-2.501746715047609,-5.003493430095218,-12.756654420879018,-25.513308841758036,2.460965221914163e-05,False
0x23cd398a0e46629334a99a4f4f9355099a77166b,400,0.9075,0.23140495867768596,45100.42685,0.7100793437783072,1.4201586875566143,-1.9333648941972936,-3.8667297883945873,-0.9073878129618967,-1.8147756259237935,2.4563749405597282e-05,False
0xa738c8a893034215bcfea03f2fc54111b6244c69,213,0.1267605633802817,0.37037037037037035,45060.32289,2.8408025865302675,5.681605173060535,-1.6842812448832984,-3.368562489766597,2.180632857320073,4.361265714640146,2.4541906959917366e-05,False
0x0e8245827225a007407849a29205080e48a68e28,357,0.10644257703081232,0.0,44895.19321,4.329466893720442,8.658933787440883,10.10153154180904,20.20306308361808,6.778648820718718,13.557297641437437,2.4451969804944596e-05,False
0x0131f07e8d7fc4bceed532120e08fa591a9af04f,203,0.07389162561576355,0.0,44861.87485000001,0.40612435527721663,0.8122487105544333,6.03771541512627,12.07543083025254,-5.008867048424295,-10.01773409684859,2.4433823106502754e-05,False
0xe1025e226b741cc121ad4e4d25017785f8c83c76,110,0.9090909090909091,0.0,44504.79549,-1.0149951738989402,-2.0299903477978805,-7.077593130043556,-14.155186260087111,-0.4487392780476387,-0.8974785560952774,2.4239341401348973e-05,False
0x5b7a84ac80c85bafc5610dba827a9d95f52419f2,98,0.30612244897959184,0.0,44467.80102,-1.5866911082427437,-3.1733822164854875,-1.5168032411555927,-3.0336064823111855,-11.540374064378682,-23.080748128757364,2.4219192525740873e-05,False
0x8469d67d13dbe12211a60008faa9547e27a1804d,278,0.11510791366906475,0.03125,44299.596789999996,0.2579889979140336,0.5159779958280672,2.904924605531129,5.809849211062258,24.435915305646326,48.87183061129265,2.4127580830613835e-05,False
0x4a77ecc2b1e94053d3d6533190e3b10aec75b101,101,0.2376237623762376,0.5,44228.668000000005,-0.6027997801042838,-1.2055995602085676,-2.9150157368361214,-5.830031473672243,-9.198923229700158,-18.397846459400316,2.408894977665515e-05,False
0x03b181f4ce1c490a7dc7be97dd105f9341224de0,104,0.2403846153846154,0.36,44207.116200000004,-0.07172728244271573,-0.14345456488543146,-3.046734963310306,-6.093469926620612,-3.3668366847153783,-6.733673369430757,2.4077211683439312e-05,False
0xc1cb2cc590a1714cdc871a2b4a78c691e3ce7a67,306,0.8300653594771242,0.22047244094488194,44168.10199,0.9807494638477581,1.9614989276955161,1.6586553258777827,3.3173106517555655,0.23135647346171728,0.46271294692343456,2.4055962765310782e-05,False
0x4da7394d1b52dea7d8f3ae5ff4b9f332dfaade4c,229,1.0,0.47161572052401746,43837.99891,-0.7587946003491706,-1.5175892006983411,-0.2575937845758103,-0.5151875691516206,4.942426529900303,9.884853059800607,2.3876173572580872e-05,True
0xd84317cf8dbf399b9c18d82540644e8737043caa,43,0.6511627906976745,0.3571428571428571,43743.49296,0.04386488881067468,0.08772977762134936,2.5547427701652814,5.109485540330563,15.227504181552845,30.45500836310569,2.3824701321977595e-05,False
0xed8cf2891d7bd5b01a8ee5b702b73b39b1967968,70,0.2,0.0,43607.874859999996,-0.2749871177905371,-0.5499742355810742,-8.115599666027947,-16.231199332055894,7.598533656065178,15.197067312130356,2.375083751943881e-05,False
0xf21cd17b9db49fdb21bfdf714558cf8bde3221bd,151,0.2185430463576159,0.12121212121212122,43530.498439999996,4.387273602085616,8.774547204171231,1.8431584867651962,3.6863169735303924,-1.470104629162731,-2.940209258325462,2.3708694792118208e-05,False
0xfb3ec1b4a86717988540aaecfcb3f2115c50d2e6,132,0.19696969696969696,0.34615384615384615,43510.30987999999,-1.7212461635603633,-3.4424923271207266,-7.084173405689763,-14.168346811379527,-3.251864590078831,-6.503729180157662,2.36976991815811e-05,False
0x1d0f3b3b2a997a004f5d0f64b46385107725923a,101,1.0,0.26732673267326734,43494.18167,1.0567486127208368,2.1134972254416735,11.09482103966328,22.18964207932656,21.887717126684745,43.77543425336949,2.3688915022838692e-05,False
0xe24c322324e02cdd9989d3092be456e92cde53f2,150,0.06,0.0,43305.40696,2.089173184905036,4.178346369810072,4.353597202175867,8.707194404351734,6.705162007129468,13.410324014258936,2.358609970612392e-05,False
0xfa12489013aeea22230ded23e879fb71205eed62,196,0.09183673469387756,0.0,43224.32616,0.49756837947672583,0.9951367589534517,0.2124158718885827,0.4248317437771654,-8.871749675164251,-17.743499350328502,2.3541939404505723e-05,False
0xecd4d983a7a5be0f76ceda89bdb6928517116be8,130,0.6538461538461539,0.05882352941176472,43132.49392999999,0.3867276221494345,0.773455244298869,0.7076207957508194,1.4152415915016388,-1.3953139106610508,-2.7906278213221016,2.3491923383757632e-05,False
0xd0868e73a4cf27319c6d36778f17594dbf88aeab,65,0.2923076923076923,0.0,42941.936100000006,-0.3697056587248884,-0.7394113174497768,0.4359018649971373,0.8718037299942746,5.375218164440235,10.75043632888047,2.3388136898566217e-05,False
0xcacb1c65ad44fd2fba91b80005166eb7473323e2,49,0.2857142857142857,0.0,42855.5458,-0.2612440468773043,-0.5224880937546086,-3.2116625991755265,-6.423325198351053,-21.848922081147144,-43.69784416229429,2.334108480109201e-05,False
0x4d26bc95c771d1d0a5c5e76297c8f53ffe5f6c19,131,0.030534351145038167,0.0,42839.382359999996,-0.14955731036151323,-0.29911462072302647,0.7413788758630298,1.4827577517260595,22.821220564267456,45.64244112853491,2.3332281454484826e-05,False
0x3465859eb28288e6697fdd9a9172ca964252779e,61,0.2459016393442623,0.2666666666666667,42687.862100000006,-0.9417689554694932,-1.8835379109389865,-1.8619670705509654,-3.723934141101931,-5.700849926715279,-11.401699853430557,2.324975661034334e-05,False
0xa920db7180ec7ef20c42963137271e3f9739142a,78,0.9102564102564102,0.3943661971830986,42587.42572,-2.8357571288007515,-5.671514257601503,-2.0467411979026244,-4.093482395805249,-3.1754870467675227,-6.350974093535045,2.319505437708664e-05,True
0x15c15e372fd1dfed15297c2ca5772502d03ed4ac,55,0.2727272727272727,0.06666666666666665,42369.221399999995,-3.613655508222266,-7.227311016444532,-7.320586959014684,-14.641173918029368,-15.612111143739586,-31.224222287479172,2.307621035253837e-05,False
0xab78c7ae71bb3be93dd4ada209350cfef1432718,138,0.18840579710144928,0.0,42209.988309999986,-0.8166550553846632,-1.6333101107693264,-3.431896817310701,-6.863793634621402,-6.290065004721308,-12.580130009442616,2.298948474941164e-05,False
0xd70c9e61ba506a8cf1c25b54d14b25abdc048fd4,128,0.0078125,0.0,42095.05655,0.0,0.0,5.3862381614975785,10.772476322995157,6.732797701871973,13.465595403743945,2.2926887671100755e-05,False
0x3552d5edacea14180399faece9e57a899906506a,152,0.7105263157894737,0.4537037037037037,41857.66327,0.23369030992321374,0.4673806198464275,-0.7456182240933484,-1.4912364481866969,2.3543679823012393,4.708735964602479,2.2797592463765197e-05,True
0xc8ebb698b3c0cb4ade666dbdeb0c83ebfcb3a1b1,33,0.15151515151515152,0.0,41746.792,26.000954927424925,52.00190985484985,-0.21842373312920954,-0.4368474662584191,33.34052711993886,66.68105423987772,2.2737206913499385e-05,False
0x4dd4f4536e2ad0aaf44d5eda7c9a4e05dad570b3,123,0.11382113821138211,0.3571428571428571,41704.583699999996,0.4832649701579178,0.9665299403158356,-2.5181780897160193,-5.036356179432039,7.112788660335502,14.225577320671004,2.2714218348280598e-05,False
0xc6bef031affaac388b3dfd55b4dfd684d6a00f06,64,0.109375,0.4285714285714286,41662.98954,26.90731298831446,53.81462597662892,11.664976844994039,23.329953689988077,42.787496444620714,85.57499288924143,2.269156427171555e-05,False
0xe94a5b3f1c020fa5b6352dd0f8931cc489e3e365,144,0.10416666666666667,0.0,41468.10960000001,-0.17531978994805925,-0.3506395798961185,-1.8770845336447881,-3.7541690672895762,-1.3389775778244792,-2.6779551556489585,2.258542376829507e-05,False
0x21e255539e7801e0533c65b186eff586072950a5,50,0.32,0.375,41397.6709,-1.423985015156336,-2.847970030312672,0.5808654094751557,1.1617308189503115,-11.771204313544384,-23.54240862708877,2.2547059639702427e-05,False
0x4ee5694c3fd94f0abe14ea1a48b523bf3e458cb3,48,0.3125,0.0,41366.399999999994,9.592880202064572,19.185760404129145,2.568360916703973,5.136721833407946,35.462366613167276,70.92473322633455,2.2530028081357263e-05,False
0xe6a8fce2ac5bc33cf88386e67f7d7dac2c655244,74,0.1891891891891892,0.07142857142857142,41129.96243,0.9375148544236699,1.8750297088473398,-1.6693698216819601,-3.3387396433639203,-21.946026311138645,-43.89205262227729,2.2401253397275793e-05,False
0xd28a9fb4c656b815bfa452d089673a7735ee2124,452,0.9889380530973452,0.44742729306487694,41033.75361,3.7557690729352267,7.511538145870453,1.1120879598241182,2.2241759196482365,-6.837030136035826,-13.674060272071651,2.2348853686005916e-05,True
0x8b9af0a4a822d6d6ccc72540b2a44bcc9a5a66ef,809,0.014833127317676144,0.0,40891.4452,3.318626243047501,6.637252486095002,0.6382557884525877,1.2765115769051754,-5.077469950030748,-10.154939900061496,2.2271346035509058e-05,False
0x6a4a256ac5d0505bb9045280dc5b0adfe89b8131,36,0.7222222222222222,0.23076923076923073,40722.32594,-0.5719229145943565,-1.143845829188713,2.5485554256456027,5.097110851291205,-9.573272378735824,-19.14654475747165,2.2179235973311277e-05,False
0x67cb2a595c76cefaf66a64392bbc8cf88dd3f46d,49,1.0,0.16326530612244897,40442.80089,-0.010931855239780184,-0.02186371047956037,0.06958322095862712,0.13916644191725425,23.56592894083026,47.13185788166052,2.2026993882485317e-05,False
0x6b00ea6fc7a9b699ce17bd7825bc16d45d2b3455,322,0.08385093167701864,0.4444444444444444,40400.105,1.683762739981977,3.367525479963954,-0.03996177128098171,-0.07992354256196342,5.341982565450975,10.68396513090195,2.20037397535145e-05,False
0xfc8b2f2b98705037ec9fa816f40c42077b237d3c,697,1.0,0.41750358680057387,40374.93367,-0.020315216537268078,-0.040630433074536156,-0.505727109572919,-1.011454219145838,1.9748800816257726,3.949760163251545,2.1990030299180907e-05,True
0xfbe4bd83d7b18ced445f4a7aeb99ec7631979446,58,0.7413793103448276,0.0,40225.31207999999,-1.9888615194926273,-3.9777230389852547,-7.950085709100923,-15.900171418201847,-12.467741451389667,-24.935482902779334,2.190853955731607e-05,False
0x9114a5161f18739ced233190861ea275c8b3a99b,61,0.6065573770491803,0.0,40042.52440999999,0.4083901045496459,0.8167802090992918,-1.0692244333459617,-2.1384488666919235,-6.9604692701633635,-13.920938540326727,2.180898505564259e-05,False
0x301749e9d496d00b6831e5fdbc320006bc4955ff,44,0.06818181818181818,0.0,39999.8508,0.48295180141038047,0.9659036028207609,3.984352361633602,7.968704723267204,2.0525451559933665,4.105090311986733,2.1785743061375924e-05,False
0x9a3664a58b6a6579319c44bdd06a381ec8b47b6a,30,0.26666666666666666,0.5,39986.31868,3.8847288296251667,7.7694576592503335,6.465354362873516,12.930708725747031,24.5370374712153,49.0740749424306,2.1778372851650146e-05,False
0xa62a5016436c1642a89d17b19cfc9ffad94d8125,123,0.016260162601626018,0.0,39939.00232000001,-0.3027917398427829,-0.6055834796855658,1.5139586992053085,3.027917398410617,-18.77308787016433,-37.54617574032866,2.1752602203986646e-05,False
0x6e922481ede8c287b0242558a7236aa525d7e44e,74,0.8783783783783784,0.4307692307692308,39619.56003,-1.9046191268933514,-3.809238253786703,-2.770680406664455,-5.54136081332891,-8.166582488434274,-16.33316497686855,2.157861936370871e-05,True
0x25fcb75a422f1eeef23c272f8712d6df16c49c38,36,0.19444444444444445,0.0,39583.93131,0.5172048182803517,1.0344096365607034,-0.6723662637638324,-1.3447325275276647,-9.51656865635292,-19.03313731270584,2.155921433783982e-05,False
0x6195e397e225cac7a04af74cba2d7ddbba1a419a,40,1.0,0.5,39538.570609999995,11.555751966264575,23.11150393252915,-2.3688626626076874,-4.737725325215375,11.263822386814722,22.527644773629444,2.153450883180618e-05,True
0xc02427f0b937f9905c47ddcc661374e0a49c8f03,40,0.275,0.0,39389.4278,-1.8232874691320333,-3.6465749382640666,-3.2203995092864712,-6.4407990185729425,-14.063127959315189,-28.126255918630378,2.1453278855365576e-05,False
0x3962db0a8fe242549a489724f2596df05747a5d7,63,0.49206349206349204,0.06451612903225812,39286.98432,0.21011349189911516,0.4202269837982303,7.80828113941485,15.6165622788297,9.768831670176315,19.53766334035263,2.139748346390894e-05,False
0x3cb800a5a8a4386bc87a09c85ec4b9c76ee95550,255,0.5137254901960784,0.3969465648854962,39256.409199999995,1.6005925083564803,3.2011850167129605,-0.04166638382684752,-0.08333276765369504,-1.4160454877353104,-2.8320909754706207,2.138083085908495e-05,False
0xe85e7a7724482cb62d01234dc242e4b0f93f5bc4,59,0.3559322033898305,0.0,39054.51569000001,-0.8706442736602318,-1.7412885473204636,-3.6001823365134076,-7.200364673026815,-3.8068351626500885,-7.613670325300177,2.127087044556713e-05,False
0xfc617b04c5b804e4ebf47627eb0d536cd12508a2,74,0.16216216216216217,0.16666666666666663,38746.61371,-0.33431408368736176,-0.6686281673747235,8.368514700693238,16.737029401386476,10.672169787159534,21.34433957431907,2.1103172984446372e-05,False
0x3b0167c768b217f3e4e92d1a2552a8a43e242c15,71,0.352112676056338,0.24,38570.0018,1.1521853204475563,2.3043706408951126,0.21770855735986772,0.43541711471973543,10.066745433876477,20.133490867752954,2.1006982083333342e-05,False
0xb1e860f5eb114bb4ed41aad1bfe7e268a41c718c,330,0.20606060606060606,0.42647058823529416,38411.399130000005,-1.1453796775896479,-2.2907593551792957,-1.6947494536467518,-3.3894989072935036,-1.3843583149613479,-2.7687166299226957,2.0920599835690856e-05,False
0x65c1ec85b539bf44041228df7502ac94f0bd8558,218,0.1651376146788991,0.0,38398.34999999999,0.6942495215096586,1.3884990430193171,-0.4714833216433188,-0.9429666432866376,15.86926080015762,31.73852160031524,2.091349268434731e-05,False
0x449d21dec2487cba7e480d5dc776038d5f2c2246,65,0.2153846153846154,0.0,38380.6146,-7.690788787014027,-15.381577574028054,-5.8399274705590845,-11.679854941118169,-3.9240266082748323,-7.848053216549665,2.0903833176630085e-05,False
0xfc55a72ec00ea3595ba5119882c7e7adb52985ca,39,0.10256410256410256,0.25,37917.01472,8.276245404080699,16.552490808161398,-6.196036793893219,-12.392073587786438,74.69724963403335,149.3944992680667,2.0651335538089774e-05,False
0x45eb12b612da4abe83acdda93e540c5f2769bf31,41,1.0,0.46341463414634143,37605.864890000004,9.344869898053126,18.689739796106252,0.6559660999557131,1.3119321999114262,5.719176258732058,11.438352517464116,2.0481869149730878e-05,True
0x702d5cbdd54d16a25b8db4c4ddcd096720944c4b,178,0.7191011235955056,0.4453125,37512.557349999995,-1.1626017955639816,-2.325203591127963,-4.7440836710484415,-9.488167342096883,-3.1629166875616628,-6.3258333751233256,2.0431049607870757e-05,True
0xe7d0aad24afd23674f3f343edf164887d4e637e9,121,0.3884297520661157,0.0,37320.936850000006,-0.5052403888228771,-1.0104807776457543,1.1448419558562282,2.2896839117124563,11.07163991587808,22.14327983175616,2.032668434413102e-05,False
0xb877df08df30c41e41ecd6b21368678aa78b80ba,35,0.6857142857142857,0.20833333333333334,37288.49419,1.4375161514666084,2.8750323029332168,4.1131542454000725,8.226308490800145,12.026474651730096,24.052949303460192,2.0309014591848148e-05,False
0x716d7ae407194c19592036097eac71109709a19b,45,0.022222222222222223,0.0,37040.432,73.81555377107827,147.63110754215654,-96.3617270986465,-192.723454197293,71.3447402557297,142.6894805114594,2.017390860953828e-05,False
0xc2e9b4597cc6e17e3adc17434eec500705d6581a,56,0.07142857142857142,0.0,36840.0,11.280059746078814,22.56011949215763,15.163181478715462,30.326362957430923,-24.76876400298754,-49.53752800597508,2.0064744201023095e-05,False
0x7fbab3bf2286daa18e680b857bf1fdbf666279cb,51,0.3137254901960784,0.0,36791.55,1.4448762848995416,2.889752569799083,-0.23238884167952278,-0.46477768335904557,-12.17828506061073,-24.35657012122146,2.0038356121312466e-05,False
0xba4c2102a4a831eb152a476a79669b3545dae63a,5300,0.0013207547169811322,0.0,36650.0,5.754236156907991,11.508472313815982,-14.265646212202315,-28.53129242440463,-5.987212459493365,-11.97442491898673,1.9961261535491215e-05,False
0x140366c380849e819a7b680e25bf8cfc050ed9ad,249,0.1606425702811245,0.30000000000000004,36638.52489,-0.1459019682103579,-0.2918039364207158,-0.5537174595521577,-1.1074349191043154,3.5089683289800533,7.017936657960107,1.995501166722768e-05,False
0xb4a9c8a36c502e1f799f3b984e1c91f1a13d3dcb,81,0.12345679012345678,0.0,36091.76316,-1.0324666498881234,-2.064933299776247,-3.1998255837765743,-6.399651167553149,-7.3710688879043404,-14.742137775808681,1.965722029232652e-05,False
0xfd4c01efd9b52b6355ab85c70ee7068f361fd331,30,0.06666666666666667,0.0,36015.884000000005,12.615536773961992,25.231073547923984,33.9282503146904,67.8565006293808,42.40873943535247,84.81747887070495,1.961589304108905e-05,False
0x68350a86f41bb9ad2a60778c733b4a11001901bc,222,0.5720720720720721,0.40157480314960625,35743.66559999999,1.8065245569210666,3.6130491138421332,-0.6103728458575549,-1.2207456917151098,2.433117073074558,4.866234146149116,1.946763048509524e-05,False
0x1c6b0efee2539999ef28bac36237122adfd0a089,35,0.42857142857142855,0.0,35649.7175,-0.7531328702267407,-1.5062657404534814,-0.7427079318838447,-1.4854158637676893,5.672079391065365,11.34415878213073,1.941646206504442e-05,False
0xde1e0538c2e7adbd63ad5ea1000c6d924e809f67,32,0.4375,0.2142857142857143,35590.4364,-1.6739246359080437,-3.3478492718160875,-1.0308151848336027,-2.0616303696672054,-4.661936361788624,-9.323872723577248,1.9384174874288308e-05,False
0x532bd5e853d8fe81cb46b51c7acc58718f38967d,253,0.9604743083003953,0.47736625514403297,35552.037,-1.0926552559960336,-2.1853105119920673,-2.6660839894524786,-5.332167978904957,-2.0592942658353577,-4.118588531670715,1.936326080972607e-05,True
0xed16a3fa47875df66501071d6fc1d808c436d7e6,57,0.3508771929824561,0.0,35549.920000000006,0.8041832739539462,1.6083665479078924,0.45553352831676275,0.9110670566335255,9.903977440795623,19.807954881591247,1.9362107794973806e-05,False
0x74805f6415654852fc77fc944ef9126a086c358b,94,0.010638297872340425,0.0,35148.18818999999,-9.985334040628947,-19.970668081257894,-9.361250663088944,-18.722501326177888,14.35391768340231,28.70783536680462,1.9143306329038297e-05,False
0xb06ce77db9421b22639fcac8c3a2b07def07c58f,60,0.23333333333333334,0.3571428571428571,34822.62587,0.3856812370566611,0.7713624741133221,-0.25505326035685755,-0.5101065207137151,11.800205570222648,23.600411140445296,1.8965990241299656e-05,False
0x87de85dd01d4b5fed3419ca7e9f1597646148b06,38,1.0,0.0,34780.67018,-0.2901692551108848,-0.5803385102217696,-2.318452247088091,-4.636904494176182,-9.729998763392937,-19.459997526785873,1.8943139259007925e-05,False
0xcb921a7687f8ae0534da8202f583a37f32d9cac5,39,0.41025641025641024,0.3125,34623.105339999995,-7.875110976149045,-15.75022195229809,-2.030811463820789,-4.061622927641578,2.5516716266205623,5.103343253241125,1.8857322260916848e-05,False
0x830e95e4a16c8302db2f1071d4ca4bd1d58faafb,61,0.639344262295082,0.48717948717948717,34604.913309999996,0.2682610890955689,0.5365221781911378,-2.282140688107917,-4.564281376215834,2.075476522394718,4.150953044789436,1.8847414051675607e-05,False
0x52533213eb5a8d5dad090680fdfd3517fff844a5,530,0.9962264150943396,0.34659090909090906,34120.80413,-0.798129359598939,-1.596258719197878,-1.2234600186645936,-2.4469200373291873,-1.0392826111023286,-2.078565222204657,1.858374611296586e-05,True
0x92f7bf437f874cea8e53ad7dab7221f194bf14eb,331,0.23867069486404835,0.2784810126582279,34067.2981,1.3601605477196885,2.720321095439377,1.3340357431875713,2.6680714863751427,4.245274405839463,8.490548811678925,1.85546042887215e-05,False
0x6c1448a89553f2c88628f6b8b050b5247e351280,54,0.037037037037037035,0.0,33685.0,-3.2812332647310463,-6.5624665294620925,-43.29929758876698,-86.59859517753397,-21.995407269452556,-43.99081453890511,1.8346387307585858e-05,False
0xf3f52329c5c7e4612e130333f8cf988d9e8b333c,181,0.022099447513812154,0.0,33416.5104,1.831501831501901,3.663003663003802,15.262515262516565,30.52503052503313,23.809523809524713,47.619047619049425,1.8200155626135394e-05,False
0xfc98b6ec7f59ea13354bae6171a9120692fb8777,392,0.01020408163265306,0.0,33286.0,-0.0016788167255814557,-0.0033576334511629113,3.410543257872688,6.821086515745376,-3.564958293137785,-7.12991658627557,1.8129073709968913e-05,False
0x058e2a0dd15e0f070275d189e7e3303d23f66649,117,1.0,0.36752136752136755,33196.80599,-1.1384113686655553,-2.2768227373311105,-2.12883954565538,-4.25767909131076,-0.6117441574874013,-1.2234883149748026,1.8080494584156927e-05,True
0x417c1e38b30e4eea20ddbc64e12f11c581b7ba85,76,0.17105263157894737,0.07692307692307687,33176.773610000004,-1.6845155801617238,-3.3690311603234475,4.120688207617784,8.241376415235568,8.900484996428,17.800969992856,1.806958403637089e-05,False
0x7faf16e47117bf7a530158096d70ed038559d6ef,362,0.049723756906077346,0.0,33107.0,-9.061527773582972,-18.123055547165944,-12.384087957230772,-24.768175914461544,7.551273144651761,15.102546289303522,1.8031582146125722e-05,False
0xd8592afc09c864df215d8012122aed08e4ae453f,529,0.07183364839319471,0.34210526315789475,32889.39927999999,6.573854530656953,13.147709061313906,1.224012818099288,2.448025636198576,35.12665492569666,70.25330985139333,1.7913066869666474e-05,False
0xb16ef7a52dde9222b2d99ff5165a10b13bed912b,37,0.8648648648648649,0.0,32793.66613,0.9371822776378327,1.8743645552756654,-1.7149321670619966,-3.429864334123993,3.970635152646592,7.941270305293184,1.786092622997299e-05,False
0xb2ea651a73f7f0a5477c4951d6756556701839e0,147,0.9251700680272109,0.5,32627.475730000002,-0.6026525107412922,-1.2053050214825844,-2.5196913141000503,-5.039382628200101,-3.265799967535485,-6.53159993507097,1.777041135851084e-05,True
0x9bda7f3510ff9cd5df02e0e9ec5393a85ee3c55b,394,0.012690355329949238,0.0,32596.3423,-10.568578447229159,-21.137156894458318,-12.502788600294792,-25.005577200589585,-44.2183054897882,-88.4366109795764,1.7753454672597418e-05,False
0xf1e54733978e34a19f3b74039f55cee8680602e7,57,0.14035087719298245,0.0,32574.96174,-2.105164836691516,-4.210329673383032,-4.554689954594699,-9.109379909189398,-23.591883470475302,-47.183766940950605,1.77418098444955e-05,False
0x5a7060b18957ae1e586114950342a08e50f48d63,63,0.4126984126984127,0.0,32418.35703,0.1259029217859139,0.2518058435718278,-5.724283138326742,-11.448566276653484,-2.085304962122749,-4.170609924245498,1.7656515776992095e-05,False
0xfae64be2993c489b82c92f1d60969c51b22c34f1,126,0.1111111111111111,0.35714285714285715,32332.800840000004,-0.008805095067896602,-0.017610190135793204,-0.13909486141235441,-0.27818972282470883,3.706659606736573,7.413319213473146,1.7609917973866033e-05,False
0x25554a80781ee62414c3747e81c3f50157c634b1,45,0.5555555555555556,0.0,32296.550000000003,5.88790985838799,11.77581971677598,-19.71591456454884,-39.43182912909768,-1.5653816702621404,-3.1307633405242807,1.7590174113071457e-05,False
0xbde9b08c550a61260fe7b36de1215a05a434fdae,62,0.0967741935483871,0.3333333333333333,32171.0,0.990865590115384,1.981731180230768,-5.008593978742652,-10.017187957485303,-30.851538416450328,-61.703076832900656,1.7521793856979208e-05,False
0xf6ae0ddeb280a25c77601c361b502fd1bc5cfc6f,52,0.17307692307692307,0.2222222222222222,32107.20597,0.20278989576977688,0.40557979153955376,-2.300114313295974,-4.600228626591948,-11.189245923284924,-22.378491846569847,1.74870487187191e-05,False
0x6ada4248e392c9f366929bd98732e512b93a8d97,76,0.9078947368421053,0.0,32073.201590000004,1.786455844871942,3.572911689743884,-9.181884700272358,-18.363769400544715,6.463481138236877,12.926962276473754,1.7468528382497213e-05,False
0xf5d13b0477c1ca0722cf1ed8879cc3c26530c5e9,43,0.6976744186046512,0.33333333333333337,31975.7007,-1.6768701407287534,-3.353740281457507,0.4124738542307952,0.8249477084615904,0.7690398167779678,1.5380796335559357,1.7415424950976523e-05,False
0x699a209015f04b1ba5d2d4a5b9535fa1a9cc832d,44,0.22727272727272727,0.0,31776.2136,1.8709995076317796,3.741999015263559,17.626784835056238,35.253569670112476,10.405383226653427,20.810766453306854,1.7306775178096395e-05,False
0xfc370c8c078ad53f5ea1df83a26c51f03b2321fd,148,0.5337837837837838,0.240506329113924,31771.08643,-0.042448732569340335,-0.08489746513868067,2.9868006204678355,5.973601240935671,3.456891484138062,6.913782968276124,1.7303982687474105e-05,False
0xa6a7728d4009af9fddb72790385f46cec8ebac0b,109,0.44954128440366975,0.4489795918367347,31678.142560000004,-1.2045144262417469,-2.4090288524834937,-4.821475512737347,-9.642951025474694,-7.698732538279797,-15.397465076559595,1.7253361216882274e-05,False
0x4732008afd44f2b6f23538f9ab7658fc6ae4395b,164,0.24390243902439024,0.35,31562.91224,-3.427694911837127,-6.855389823674254,-0.13648997264107904,-0.2729799452821581,-8.860780162558074,-17.721560325116148,1.7190601529178633e-05,False
0xf5ec6fa197f587657689677b49587e612e32cf93,248,0.9798387096774194,0.4979423868312757,31516.96043,1.5613614390160702,3.1227228780321403,0.04427701393881292,0.08855402787762584,0.46174876735354636,0.9234975347070927,1.716557407767961e-05,True
0x938bc7ec8a30aed3cad4af5955b45f1b323e495c,93,0.10752688172043011,0.09999999999999998,31336.903200000004,-9.941290753390618,-19.882581506781236,-8.28251027800648,-16.56502055601296,-42.81874964990918,-85.63749929981836,1.706750669816021e-05,False
0x85a0480eb0798e1a47cac33e1cc017cd605b2826,97,0.09278350515463918,0.0,31315.865999999998,-3.4772182254196538,-6.9544364508393075,-24.660271782573975,-49.32054356514795,-25.01998401278925,-50.0399680255785,1.7056048879574275e-05,False
0x855cb6adcd9c3521bb99d19e4f69660814722d75,48,0.3125,0.0,31249.229,1.0783923582430033,2.1567847164860066,4.346894869282949,8.693789738565899,26.614592737727037,53.229185475454074,1.7019755330189814e-05,False
0xdd8591007149631190f1013ac1067305f191cd0a,67,0.7313432835820896,0.0,30962.652359999996,2.627761072368929,5.255522144737858,-6.771960422873082,-13.543920845746165,6.385808056588091,12.771616113176181,1.68636726218405e-05,False
0x640936693f62356db076d6f4da8655a3b78eca13,126,0.1349206349206349,0.0,30945.13325,-2.1286372415159445,-4.257274483031889,-4.919206485999972,-9.838412971999944,-23.138215484444668,-46.276430968889336,1.6854130915521836e-05,False
0x01b002ac8c15de40eaee07fcbaa585400f7916fd,46,0.391304347826087,0.5,30890.715630000002,-1.3243326188048192,-2.6486652376096385,-7.643375110478494,-15.286750220956987,-1.8207233371068265,-3.641446674213653,1.6824492597787623e-05,False
0x3c689b2abca1a6e7bc47553788ba7b42ce062262,70,0.02857142857142857,0.0,30824.4866,6.091623656858768,12.183247313717535,4.638957593384819,9.277915186769638,21.644213742578145,43.28842748515629,1.678842124747188e-05,False
0xb4a9964201c213af0c9c7f62af561813c9a2f1f7,223,0.06726457399103139,0.0,30651.224149999995,0.31289769754226643,0.6257953950845329,-2.187438132083015,-4.37487626416603,14.229097059375231,28.458194118750463,1.6694054615037227e-05,False
0x74bb51c506f70cf80b3cb88dfc6e691aa45fe805,1268,0.9029968454258676,0.24978165938864627,30625.671029999998,-0.6317824762431695,-1.263564952486339,-1.7767522253660537,-3.5535044507321074,-3.086076258699627,-6.172152517399254,1.6680137220456934e-05,False
0x1ba4e1033219a33ad7353c84d3a97849cc0677e0,45,0.24444444444444444,0.2727272727272727,30550.242330000005,-0.8485458163535903,-1.6970916327071806,0.5824598923175379,1.1649197846350758,-11.659678003996264,-23.31935600799253,1.6639055310280073e-05,False
0xb62d0f26cee350c515191a53b6531cfc5ba323f9,48,0.375,0.05555555555555558,30439.95055,-0.6138608145835948,-1.2277216291671895,1.0562217074708884,2.112443414941777,-9.073175489086193,-18.146350978172386,1.6578985376697673e-05,False
0x0f9fd21f28d2e89a91714104a4e5bb4641980737,36,0.19444444444444445,0.0,30344.0,-2.6328622268997486,-5.265724453799497,-8.292006613021227,-16.584013226042455,9.812713904330963,19.625427808661925,1.652672633104899e-05,False
0x079d5bf7d498d7812409b45d18f63b4784e94167,161,0.11801242236024845,0.052631578947368474,30195.272859999994,0.20266886670260406,0.4053377334052081,-1.1666290544750049,-2.3332581089500097,-16.504390185959235,-33.00878037191847,1.6445722747448288e-05,False
0x67ab0e9e3bde49bab8feb9465b9dbc9ff4603ba6,62,0.2903225806451613,0.05555555555555558,30177.14458,-0.9973198518018377,-1.9946397036036754,-5.896816241833933,-11.793632483667865,-9.412204274622908,-18.824408549245817,1.6435849259364565e-05,False
0xe479b6329ff7f81f619b4642eeb6b989648ed9cf,41,0.5121951219512195,0.23809523809523808,30176.482330000003,-0.3047496577383099,-0.6094993154766198,2.6493397123302294,5.298679424660459,4.602032443336396,9.204064886672793,1.6435488567810626e-05,False
0x00edc3e69264ee4de0ca272d1ee10604c24bf450,56,0.7321428571428571,0.36585365853658536,30157.73981,0.3057763255812507,0.6115526511625013,-1.4378131438387614,-2.8756262876775227,-1.7569832287206546,-3.513966457441309,1.6425280536608598e-05,True
0x078cc4caa131eb9d6d3e31847946d5f37fd3f58b,120,0.18333333333333332,0.0,30072.48318,-0.8105132110601577,-1.6210264221203154,0.4009787769590162,0.8019575539180324,-3.3497324040347536,-6.699464808069507,1.6378845887520888e-05,False
0x1c0ec596303ce6666f5a4d24c29e78cf881cb5d3,120,1.0,0.32499999999999996,30048.494870000002,-0.8438734947969962,-1.6877469895939925,-1.6304281886345564,-3.260856377269113,-1.1314004752530138,-2.2628009505060276,1.6365780759834548e-05,True
0x886a3d9be0acb9082eb75a77473dc0f4e6f4812c,57,0.10526315789473684,0.0,29999.87304,-5.6579372777236285,-11.315874555447257,2.828968638862532,5.657937277725064,17.782088587132424,35.56417717426485,1.6339299093669083e-05,False
0x2e958d73d226584e8dea1f3f8d3d6b39faffe6d9,30,0.16666666666666666,0.2,29999.79116,-0.3507701477622332,-0.7015402955244664,-0.28638105229930966,-0.5727621045986193,-31.2627921522691,-62.5255843045382,1.63392544980867e-05,False
0x7ccf204e00d31b392ccb1a752b6855cfbd14db81,54,0.07407407407407407,0.0,29999.767,-2.9900332225914754,-5.980066445182951,2.9900332225914754,5.980066445182951,17.94019933554885,35.8803986710977,1.6339241339448806e-05,False
0x1890814c7d72455f2a080eae07e39979c5c5791d,227,0.11013215859030837,0.12,29992.7265,-2.115266583158168,-4.230533166316336,4.242452630267038,8.484905260534076,1.5211327353803137,3.0422654707606274,1.6335406762045242e-05,False
0xd3d123f0f62559c62745ef0b631a21a95916b6b1,1061,0.9802073515551367,0.43365384615384617,29973.06522,0.5644266965047166,1.128853393009433,-2.390259873141753,-4.780519746283506,-0.47451546751719975,-0.9490309350343995,1.6324698332244355e-05,True
0xd305ddaaa25f65c925c8aefb6b8d1ddd8b218951,112,0.07142857142857142,0.0,29909.083,0.1647262977035221,0.3294525954070442,-0.8839660536530625,-1.767932107306125,-5.105829801063329,-10.211659602126659,1.6289850697127263e-05,False
0xf15993fcac51b31037115cc21de7c6898570857a,530,0.045283018867924525,0.41666666666666663,28787.70072,-1.3957171887154087,-2.7914343774308175,-1.1628752064491605,-2.325750412898321,-5.97392826571199,-11.94785653142398,1.5679094763366133e-05,False
0xff9152cce6fbd30988b1aef70df6f086c99e2c55,33,0.8181818181818182,0.0,28694.25665,0.7797640369541697,1.5595280739083395,1.702782179198545,3.40556435839709,-4.962769373114556,-9.925538746229112,1.5628200861041148e-05,False
0x9609d05cd6f9239c82a7d11435f754f1a3975a78,34,0.11764705882352941,0.25,28535.000000000004,0.4552352048558594,0.9104704097117188,2.290601515231896,4.581203030463792,-0.08419493276846013,-0.16838986553692026,1.55414624260639e-05,False
0x3940bc411339515a3da4ba88639201de8421566a,76,0.013157894736842105,0.0,28400.0,-8.450704225352434,-16.901408450704867,-8.098591549295664,-16.197183098591328,-65.49295774647887,-130.98591549295773,1.546793526897546e-05,False
0x5647249079e257329ecb6f46ed41821d3c69e7de,127,0.4409448818897638,0.1607142857142857,28287.539269999997,-1.550895191976135,-3.10179038395227,-3.1537408700235985,-6.307481740047197,1.2782791092942012,2.5565582185884024,1.5406684026301453e-05,False
0x1d9fc558a0f39b35e77f0df0fb5bbf0fc8b71928,53,0.11320754716981132,0.0,28241.1342,0.9932180423214331,1.9864360846428661,1.6839013621649348,3.3678027243298696,11.835087888498114,23.670175776996228,1.538140970873412e-05,False
0x0fca969d5093eaf1e14abc9f02d42915d8bfb38d,103,0.7184466019417476,0.3513513513513513,27936.10243,-0.4341184101333645,-0.868236820266729,-2.0194036131391426,-4.038807226278285,-3.4337169390713687,-6.867433878142737,1.5215275494884085e-05,True
0xaeccb6a5c07f988f085f37c2d73a1c152c3edce0,45,0.3333333333333333,0.0,27929.889380000004,-2.5466565142016284,-5.093313028403257,-11.465728031623417,-22.931456063246834,-23.085640610183454,-46.17128122036691,1.5211891584488915e-05,False
0x880d9fceaad12126b493b10c4d7f73e45caa5bb8,97,0.09278350515463918,0.0,27805.203719999994,-5.402485143166299,-10.804970286332598,0.2667893897858204,0.5335787795716408,-12.705844688556507,-25.411689377113014,1.5143982087381533e-05,False
0xb8c94db85cda96a616ff1baf5fee1ed969ac280c,88,0.9886363636363636,0.26436781609195403,27748.76666000001,-1.0040914453195366,-2.0081828906390733,-3.0009354005330713,-6.001870801066143,-6.791079072793377,-13.582158145586755,1.511324389052058e-05,False
0x098909cace047f74bc38aeb05c4b369d13d2d0a5,32,0.4375,0.0,27489.875490000002,0.14382074182747698,0.28764148365495396,-17.018787782907236,-34.03757556581447,-18.025532975699146,-36.05106595139829,1.497223995181391e-05,False
0x29f1f6f8e1be389317a5c2e7c7a267f105f62886,311,0.028938906752411574,0.4444444444444444,27386.833740000002,-0.8288945368044052,-1.6577890736088103,1.0729358937703202,2.1458717875406403,5.397249027387942,10.794498054775884,1.4916118715229334e-05,False
0xb0609ebefd3282f74bc87e2a53eefbc5bc915216,289,0.03806228373702422,0.2727272727272727,27089.103759999998,-0.22201030113038103,-0.44402060226076207,-4.639222092691687,-9.278444185383375,-20.273966121707097,-40.547932243414195,1.475396138923379e-05,False
0x222a227a5dc77c643e836556e573cb266998a870,185,0.12972972972972974,0.375,26738.11245,-0.33339926393681907,-0.6667985278736381,-2.0348644386145858,-4.0697288772291715,-2.805737362987285,-5.61147472597457,1.4562795513774184e-05,False
0xfd8e68807349b37261bca87e3a98423b69e26412,155,0.01935483870967742,0.3333333333333333,26698.44872,4.193748238405471,8.387496476810941,7.164997580844811,14.329995161689622,16.832906794303728,33.665813588607456,1.4541192837430306e-05,False
0x54c183cb27fe2ea4a22fca0b4d46844ac885a10d,96,0.08333333333333333,0.375,26580.23918,-1.239157915406539,-2.478315830813078,-8.693901555869708,-17.387803111739416,-12.481456323637657,-24.962912647275314,1.4476810530638216e-05,False
0xa51297ac3ba6b7a195f19635a261afe8d7b7825a,119,0.3277310924369748,0.02564102564102566,26501.2063,-0.7416345517519359,-1.4832691035038719,-2.1663398805559866,-4.332679761111973,-1.5935596301868544,-3.187119260373709,1.4433765619653685e-05,False
0xad04c40bde723cfecb8524237e5239e327e92a2e,94,0.0851063829787234,0.0,26454.09492,0.09109459262476947,0.18218918524953895,8.608439003060619,17.216878006121238,5.465675557498791,10.931351114997582,1.4408106613446919e-05,False
0x8a9d0b2c2b81d26dc9e05cbd68d134431bdb7660,53,0.16981132075471697,0.1111111111111111,26348.926000000003,-1.7549073760186735,-3.509814752037347,-2.5872410989239185,-5.174482197847837,1.8831506461342933,3.7663012922685866,1.4350826823064244e-05,False
0x9eeda5348fd37eb2dcdd61caead60d7b56017e97,1575,0.9980952380952381,0.4866412213740458,26307.46516,-0.7414384234435408,-1.4828768468870817,-1.4692244381663149,-2.9384488763326297,-2.2390742310403366,-4.478148462080673,1.4328245358651659e-05,True
0x9d16d201422157c829b7a620d2359237773714bc,1163,0.9097162510748066,0.2826086956521739,26210.46761,-0.4208466528684575,-0.841693305736915,-0.9228461831061722,-1.8456923662123443,-1.5074564610932868,-3.0149129221865736,1.4275416069051335e-05,False
0xe3975bab96601b93195fee97d0b9eaad9249120c,337,0.6409495548961425,0.47685185185185186,26046.0213,-0.3624789027645044,-0.7249578055290088,-1.378585535538409,-2.757171071076818,-3.1117040950816204,-6.223408190163241,1.4185851108547747e-05,False
0x3ba5a73ba0e533fdfcf9eec8d92fa34d5f0d159a,83,0.1927710843373494,0.4375,26022.10544,-1.5601915446457597,-3.1203830892915194,-4.051261499101409,-8.102522998202819,-19.31079862985547,-38.62159725971094,1.4172825440435709e-05,False
0x057900425c955ba55fa1947fe65dc93b1ce7ae70,79,0.6329113924050633,0.0,26018.93006,7.679874798978392,15.359749597956784,-12.108689471608532,-24.217378943217064,22.530695492918923,45.061390985837846,1.417109598366478e-05,False
0x29c5236e38aad54bea26d196571b5eb1401ad052,71,0.09859154929577464,0.0,25734.407700000003,-4.459641905317941,-8.919283810635882,-8.9580640421205,-17.916128084241,-4.128291414015482,-8.256582828030965,1.40161321298952e-05,False
0x0253a7a317237a46b31250b7333f25c0d428c7d7,42,0.14285714285714285,0.33333333333333337,25732.20524,-1.407517483234918,-2.815034966469836,3.895912345150388,7.791824690300776,6.835822713064959,13.671645426129919,1.4014932569729264e-05,False
0x7baae4eab0e08ebb47f0b39acd77e390d4f321cf,111,0.1981981981981982,0.2727272727272727,25600.657820000004,-0.48890886897333385,-0.9778177379466677,-3.211586518924075,-6.42317303784815,-7.027905635671498,-14.055811271342996,1.3943285845174311e-05,False
0x598945346525e8cdcf6a8d441eb2c88bb36199b8,90,0.2777777777777778,0.0,25533.916150000005,1.1785925481303243,2.3571850962606486,6.359098657752645,12.71819731550529,27.68399833272568,55.36799666545136,1.3906935287734054e-05,False
0x10a0a14196469a8849af7a6dba3419b371010bc9,57,0.10526315789473684,0.0,25290.52459,6.95276667720659,13.90553335441318,12.23377621778441,24.46755243556882,10.769796504506814,21.53959300901363,1.3774373143540567e-05,False
0x0f7981ae60708d4d64040999e463f106b13f07c5,384,0.044270833333333336,0.0,25218.5392,0.2503974505479676,0.5007949010959352,-0.17546060024661522,-0.35092120049323045,10.562713289553464,21.12542657910693,1.37351666170324e-05,False
0x77dee11bbf0ad1143bf008a84ae776557e2ebade,123,1.0,0.42276422764227645,25174.218460000004,-0.6053637668205909,-1.2107275336411818,-0.8556362089130515,-1.711272417826103,-2.764930563141136,-5.529861126282272,1.371102752064532e-05,True
0x043d9df3fe441e3f19248cf494f68ed953b91a41,64,0.828125,0.0,25128.5296,4.8426276883125805,9.685255376625161,48.55715871254182,97.11431742508364,73.5294117647058,147.0588235294116,1.3686143283708936e-05,False
0x74c8b2b012b161c3f2b52ebb2b142944c79b86af,84,0.25,0.0,24999.704620000004,-1.5772559689283843,-3.1545119378567685,-9.998676231596821,-19.997352463193643,-7.75953606142298,-15.51907212284596,1.3615979324143196e-05,False
0x5ecb2831f504bfddb6ce38272f46145205a78c7a,57,0.17543859649122806,0.0,24757.388310000002,0.0,0.0,1.4456644014238929,2.8913288028477857,1.9333370438808928,3.8666740877617856,1.348400281013978e-05,False
0xaf6f7a06f7bfb3bdf7bcd2c751564f4990d1efc7,133,0.022556390977443608,0.0,24734.000000000004,-2.560577881998046,-5.121155763996092,0.4043017708412928,0.8086035416825856,-16.71113986146005,-33.4222797229201,1.3471264469818277e-05,False
0xa6c9c1886ebfc76a4f409cb325e85916c0c4632c,120,0.03333333333333333,0.0,24702.03267,-1.2925782293041261,-2.5851564586082523,-1.6931797205750123,-3.3863594411500246,1.9084425550442865,3.816885110088573,1.3453853603932289e-05,False
0x65aee08c9235025355ac6c5ad020fb167ecef4fe,43,1.0,0.0,24588.44949,1.1292691082928525,2.258538216585705,2.8537193504692095,5.707438700938419,-2.029019787145789,-4.058039574291578,1.3391991023795514e-05,False
0x17f9c6e2cca389e42553c00438f2224c0245b100,51,0.23529411764705882,0.33333333333333337,24517.123,-6.690437533888467,-13.380875067776934,-1.5802309766025868,-3.1604619532051736,3.739245888068908,7.478491776137816,1.33531433642785e-05,False
0x22b052cbbf01cfe2ec5a8424a7d361f376aeaeb0,549,0.00546448087431694,0.33333333333333337,24401.266000000003,5.764966740576715,11.52993348115343,-5.627045718508644,-11.254091437017289,-13.277043078871797,-26.554086157743594,1.3290042358065202e-05,False
0x70d442d833ecaca12b0edb0e92df5059ad2366a2,282,0.0070921985815602835,0.0,24265.8444,-11.683483802442094,-23.366967604884188,18.764383076651026,37.52876615330205,24.42910249601792,48.85820499203584,1.3216285578388403e-05,False
0x2eb3b88a5fa4a8928c4c9ba1916a84ddc230d79f,88,0.045454545454545456,0.0,24258.3834,-7.318676066435579,-14.637352132871158,2.9872147209946123,5.9744294419892245,15.234795077070718,30.469590154141436,1.3212221977506648e-05,False
0x7d91d4ce1f5c42e5ae45a88c506826ddb6d8c0a2,169,0.7100591715976331,0.0,24231.012319999998,0.21603313005053604,0.4320662601010721,0.7013670315789456,1.4027340631578913,2.919416850674583,5.838833701349166,1.3197314438996719e-05,False
0x2e4e548f953df67c7522ba71fa5cbd8c7dffa75c,31,0.6129032258064516,0.0,24114.584600000002,-0.22132707715418198,-0.44265415430836397,4.603603204816435,9.20720640963287,5.688105882874529,11.376211765749058,1.3133902592641989e-05,False
0x8d56d30d58d1a2709befccea6642252bab6ed51e,30,0.4,0.0,24070.0,1.4546006421773978,2.9092012843547956,-8.052187263068026,-16.104374526136052,-9.49085417163642,-18.98170834327284,1.3109619786064764e-05,False
0x58a722b5f37435cab8957a17fc575bb136e0b48b,107,0.2336448598130841,0.0,23997.516520000005,1.9892291694612185,3.978458338922437,4.447804232530286,8.895608465060572,3.2246081350396025,6.449216270079205,1.3070141977025678e-05,False
0x0223687db3a44b02f6ae714b39bfe96d575d96d7,2923,0.0013684570646595963,0.0,23830.92096,0.30384054448154757,0.6076810889630951,-12.229581915411975,-24.45916383082395,-14.28050559066728,-28.56101118133456,1.297940643694896e-05,False
0x5fed9c9a4d6e693e2cd43d36d33240f603e8aedf,362,0.2983425414364641,0.43518518518518523,23818.644,-0.4141507830124453,-0.8283015660248906,-1.4035169300459296,-2.807033860091859,-4.763912416127772,-9.527824832255543,1.2972719844604603e-05,False
0x074c9faa69a2d9a4acb75844e3afc82ad04a06cc,763,1.0,0.39842726081258195,23678.790070000003,0.22678140859083729,0.45356281718167457,-1.5412866402929568,-3.0825732805859136,0.9231637673729257,1.8463275347458514,1.2896549015859821e-05,True
0xa2a0d0f2ded00850a2e800e011562bd49dd4d9b7,41,0.4146341463414634,0.35294117647058826,23646.04304,-1.5951588941076884,-3.190317788215377,6.577708707336521,13.155417414673042,-12.283695265855679,-24.567390531711357,1.2878713489793229e-05,False
0x746186654c31badbda26687bedff384b96b8205c,100,0.4,0.5,23593.078869999998,0.9555366588526679,1.9110733177053358,1.6387019863246786,3.277403972649357,7.244178892619085,14.48835778523817,1.284986678721805e-05,False
0x34940c3f11485eae09e649cb9ae80b8c5fda055f,201,0.7910447761194029,0.18867924528301883,23584.82268,0.49442453306090345,0.9888490661218069,-1.6422409405858513,-3.2844818811717027,3.2738164231987827,6.5476328463975655,1.2845370089595222e-05,False
0x63adc2a8b98d8fff84b8089bc7257b0d9f5dcdd1,86,0.1511627906976744,0.07692307692307693,23538.62588,0.2752331458995115,0.550466291799023,0.711012121198019,1.422024242396038,-1.8122688753929226,-3.624537750785845,1.2820209205368679e-05,False
0x62016b340492521827fc3837571553227d54481d,52,1.0,0.4423076923076923,23537.1699,1.6062753373737888,3.2125506747475776,-0.043786997812864284,-0.08757399562572857,-0.9811828381036072,-1.9623656762072144,1.2819416212256253e-05,True
0xcff0af3d7de4436a49adac745a2e992d49125c62,102,0.0196078431372549,0.0,23499.0,6.383250351078256,12.766500702156511,4.2555002340516666,8.511000468103333,-34.04400187242089,-68.08800374484179,1.2798627143861067e-05,False
0x056e605539c52902c5f0a14147d5f4295051b751,115,0.33043478260869563,0.4473684210526315,23405.135809999996,1.1217153386005732,2.2434306772011463,1.6119460476962457,3.2238920953924914,0.8556602554402105,1.711320510880421,1.2747504425023219e-05,False
0xa14853140d166aee1a4ecc62deb9b9cf411ce9d2,52,0.019230769230769232,0.0,23349.12,-15.937500000000604,-31.875000000001208,-160.00000000000014,-320.0000000000003,-47.18750000000105,-94.3750000000021,1.2716995660124656e-05,False
0x40cf7a904ec99cf9efc15425a483acbb2ff9626e,528,0.928030303030303,0.44897959183673475,23261.24797,0.28294251976264745,0.5658850395252949,-0.2930744535995166,-0.5861489071990332,-0.6714901604445591,-1.3429803208891182,1.2669136544913619e-05,True
0x6ecba7527448bb56caba8ca7768d271deaea72a9,31,0.967741935483871,0.33333333333333337,23243.197519999998,4.109381760073534,8.218763520147068,-1.4329085459056998,-2.8658170918113997,8.144582837036982,16.289165674073963,1.2659305446597565e-05,True
0xc862f584c4b15fcff71babdfa27df3f8f4b255db,30,1.0,0.5,23032.785060000002,12.538530620045679,25.077061240091357,1.3170219458380867,2.6340438916761735,13.160572032843335,26.32114406568667,1.2544705224376938e-05,True
0x4b30f55490179e4b690bd1409e861ac9ba602391,165,0.4,0.015151515151515152,22937.43493,-2.70964662831431,-5.41929325662862,-2.2517390654641853,-4.503478130928371,2.2358955086737446,4.471791017347489,1.2492773194844247e-05,False
0xc0db5661240f253e480f7d3351e715cc725562df,164,0.07317073170731707,0.0,22915.8,-3.3597461071243626,-6.719492214248725,-3.7937837497160287,-7.587567499432057,-3.0713493073453955,-6.142698614690791,1.2480989825239008e-05,False
0x1cafc9aafb2d77c0a342e5b7881cbd175b4f4b1b,103,0.9223300970873787,0.3052631578947368,22825.505329999996,0.5046996376797022,1.0093992753594043,2.7731883732167777,5.546376746433555,5.829501990970873,11.659003981941746,1.2431811229792051e-05,True
0x5110876db6d2dddd17dcb3da3d798e48b51d2689,888,0.8378378378378378,0.49731182795698925,22819.96671,-1.048929517080017,-2.097859034160034,-2.8682353355163412,-5.7364706710326825,-1.8032900313163625,-3.606580062632725,1.2428794644734326e-05,True
0xdb48868ee9043a2e210d5ee706ca270bce9c1d37,49,0.16326530612244897,0.0,22764.664549999998,-0.3463338218742595,-0.692667643748519,2.009661362806207,4.019322725612414,40.64097784898906,81.28195569797812,1.2398674566173955e-05,False
0x6e9989debf991affd8dfe4a73efcbfc8cb658473,38,0.5,0.0,22756.858559999997,-0.41793207210656946,-0.8358641442131389,-8.188372820173617,-16.376745640347234,-10.711444218450668,-21.422888436901335,1.2394423068003873e-05,False
0x7efebce5c98e5c4666095c271e2c8df7753c332c,48,0.14583333333333334,0.2857142857142857,22496.05263,-0.6885903851560292,-1.3771807703120584,4.0444015339848125,8.088803067969625,-6.7930841894530545,-13.586168378906109,1.2252376263672714e-05,False
0x6c7dd680bca6ae0669ffd9332ab9af015910346b,81,0.06172839506172839,0.0,22333.39756,-4.170563767065447,-8.341127534130894,4.140186484005191,8.280372968010383,-9.794405724170748,-19.588811448341495,1.2163786894168115e-05,False
0x847ae9472a5a66b671627c9be059bb7c78017c72,123,0.44715447154471544,0.4727272727272727,22308.0315,-0.5421688789198533,-1.0843377578397067,2.085785012863017,4.171570025726034,-2.0906865783976274,-4.181373156795255,1.2149971380995265e-05,False
0x2fef2bd40f8dc6e0986a462c1117054faa965071,51,0.3333333333333333,0.0,22197.55727,2.4512176763741698,4.9024353527483395,2.9239510685113315,5.847902137022663,-3.9585171064237366,-7.917034212847473,1.2089802076821676e-05,False
0x92eabda862d24d290b5ee28ecc8e29587907804a,218,0.5825688073394495,0.40944881889763785,21971.282699999992,1.5102670332448986,3.0205340664897973,0.29251567162307507,0.5850313432461501,1.0361232080898162,2.0722464161796323,1.1966562626054937e-05,False
0x09f2b610f85a5fea4d35b42cccdc52f1f71d6bc7,241,0.29045643153526973,0.4,21889.714899999995,2.5047898878075388,5.0095797756150775,1.6989699801051756,3.3979399602103513,2.841238938570525,5.68247787714105,1.1922137082025617e-05,False
0x6da3738e1fc7325765facb5eae488e2e16b10512,83,0.03614457831325301,0.0,21864.8724,9.51026533997102,19.02053067994204,-0.9033132853855689,-1.8066265707711378,-13.883269475657698,-27.766538951315397,1.1908606723507327e-05,False
0xf23f6bd1a912c34d1d06c3989441d88ec0204917,31,0.25806451612903225,0.375,21849.10423,-0.5022582366561965,-1.004516473312393,-5.61102895226051,-11.22205790452102,-6.67805017886847,-13.35610035773694,1.1900018658969644e-05,False
0x3fc56e944aa7b1594c85861b2d46a07f82a2c0c1,553,0.09764918625678119,0.0,21826.107639999995,1.031470552679438,2.062941105358876,-18.44392981369255,-36.8878596273851,-52.61803997589526,-105.23607995179051,1.1887493667225727e-05,False
0x2260385ed3b866526cdae6b279729ea7c7694943,360,0.5666666666666667,0.4411764705882353,21710.61363,-0.39525149679579963,-0.7905029935915993,-0.8479951191499275,-1.695990238299855,1.8412668995254782,3.6825337990509563,1.1824590361921701e-05,False
0x8318a9aa3993365cd200f17eab2e71e56250e5be,217,0.5576036866359447,0.3801652892561983,21694.491400000003,-0.6013830109445223,-1.2027660218890446,0.6542935925471882,1.3085871850943764,-3.6465615688601587,-7.293123137720317,1.1815809460160028e-05,False
0x53b5eadb3f5e379c3e4b90e0c143ec2ec549c07e,116,0.1810344827586207,0.09523809523809523,21558.11572,-0.34926254745377155,-0.6985250949075431,0.7084303151445429,1.4168606302890858,-0.12959947723323376,-0.2591989544664675,1.174153304500149e-05,False
0xf8ea66ada33511b8d78110c5b3df248ed22bae3c,113,0.8849557522123894,0.45,21274.728189999998,-0.8294617961247055,-1.658923592249411,-4.02457104330233,-8.04914208660466,-3.941683097320214,-7.883366194640428,1.1587187271407302e-05,True
0x131ab0c5032079bb9286ffc1828e11d5931e77bb,328,0.1524390243902439,0.4,21243.11555,-0.8810506717223312,-1.7621013434446624,0.9767262217520924,1.953452443504185,0.8641711927147523,1.7283423854295046,1.1569969585872042e-05,False
0xa811c97b3006406f302dc0c2c2d50a22869ec80b,39,0.3076923076923077,0.3333333333333333,21170.52039,11.819480942611676,23.638961885223353,4.2889506421179755,8.577901284235951,10.49606485349563,20.99212970699126,1.1530430950811447e-05,False
0x7b666af4f977342446f43f02268b48dd081181e0,74,0.04054054054054054,0.0,21116.1655,8.535273519963381,17.070547039926762,8.352727377246726,16.705454754493452,17.726279384291605,35.45255876858321,1.1500826798696226e-05,False
0xe8e840d49202ca67b74fa41e33011be4f1c23fbd,51,0.27450980392156865,0.3571428571428571,21098.2865,-0.6593112716657161,-1.3186225433314323,-6.260135583327048,-12.520271166654096,-14.098133469461319,-28.196266938922637,1.1491089079869675e-05,False
0xa8b695817a4054dd278f04746585dea6487e775d,8017,0.036796806785580644,0.0,20874.370000000003,-0.4485087586240905,-0.897017517248181,-0.8319730576357995,-1.663946115271599,-3.2854573572349928,-6.5709147144699855,1.1369133941571946e-05,False
0x29998ebd5be758fdaa06f0ef48d6c890978b65de,2763,0.0025334781035106766,0.0,20692.273439999997,1.865226154142107,3.730452308284214,-0.015962677131970082,-0.031925354263940164,0.27501834609958414,0.5500366921991683,1.126995584992465e-05,False
0xe56a946bf6aca580fa1356d3c61e86b7c89dc7b7,157,0.5859872611464968,0.42391304347826086,20682.61745,1.4165045418436475,2.833009083687295,1.6833815764615943,3.3667631529231885,4.916697087641702,9.833394175283404,1.1264696757379658e-05,False
0xbed04ceed6bed9f94101cf060e335b08f8985dd1,54,0.05555555555555555,0.0,20606.039999999997,-5.88235294117739,-11.76470588235478,-24.80392156862746,-49.60784313725492,-17.64705882353008,-35.29411764706016,1.1222989185560528e-05,False
0x42ecdd47265e5412973de30b074f9b944a1d8453,50,0.28,0.0,20575.160640000002,0.17994787252611216,0.3598957450522243,-6.760348297982987,-13.520696595965974,-23.713343114556743,-47.426686229113486,1.1206170877756749e-05,False
0x2724f817e2631cbe9989dd9a5f5a0195fef09447,99,0.010101010101010102,0.0,20542.018500000002,0.0,0.0,11.802394199966326,23.60478839993265,-8.093070308547414,-16.18614061709483,1.1188120156763957e-05,False
0x179f1bd06b749f4c2d56defaeacc795ed2b5b805,86,0.06976744186046512,0.0,20480.4949,-0.6924865212446405,-1.384973042489281,-3.9570658356831085,-7.914131671366217,-10.041054558044653,-20.082109116089306,1.115461159823176e-05,False
0xaa08f2cba62eae23cabd901245cc5a1bc67f1c77,73,0.3698630136986301,0.11111111111111116,20453.078199999996,-0.2966530647822149,-0.5933061295644299,3.5977847049563647,7.195569409912729,9.144598175238286,18.289196350476573,1.1139679212989191e-05,False
0xf1702a21d7d3a5d4ce73d5f0fa4df35ade384f24,129,0.3333333333333333,0.11627906976744186,20334.033499999998,0.04697363844438373,0.09394727688876746,1.2761378102761012,2.5522756205522024,-0.05008395250203551,-0.10016790500407102,1.1074842039971072e-05,False
0x41f054f025e6e4d9052aa8081e34a59311e26e60,1684,1.0,0.4269596199524941,20246.12998,-0.6471272976236782,-1.2942545952473563,-1.4099406071783442,-2.8198812143566885,-3.4727857591254008,-6.9455715182508015,1.1026965773869838e-05,True
0x13c1f4964452453b63d77ef44bf68ea8d761c0ba,280,0.007142857142857143,0.0,19999.8939,3.636058981233155,7.27211796246631,4.924837227115584,9.849674454231168,-11.173879739563795,-22.34775947912759,1.0892854374351306e-05,False
0x6ecbb68c07bd4be7adb7f0365e9263e382aeca2d,69,0.21739130434782608,0.4,19928.88642,4.398328135125824,8.796656270251647,18.578683485782637,37.157366971565274,68.31159225154757,136.62318450309513,1.085418046222972e-05,False
0x4045e3a8f40a64fb8bf255fb36a5d55a12b9a08d,549,0.9872495446265938,0.47785977859778594,19836.64825,-0.30067759668690525,-0.6013551933738105,0.10909305450293952,0.21818610900587904,-0.4967740417693986,-0.9935480835387972,1.0803943348043496e-05,True
0x49a7820a8ea74049b763473977819cca6aeec647,53,0.5471698113207547,0.13793103448275867,19618.720810000003,-2.868193364641259,-5.736386729282518,-2.1144923189792775,-4.228984637958555,-4.533587791611273,-9.067175583222546,1.0685250124971191e-05,False
0x8029743e299591f2cd890a0332199fe6ced6d6ea,1660,0.9915662650602409,0.45929526123936815,19579.11562,-0.08036136599691399,-0.16072273199382797,-1.763558733015217,-3.527117466030434,-0.7145719658483811,-1.4291439316967622,1.0663679332181208e-05,True
0x1fbf4789ac39de79936ccc29fa6789db6848a275,951,0.029442691903259727,0.0,19446.96715,-0.38015523101532483,-0.7603104620306497,-5.283533725016874,-10.567067450033749,0.27023508981028027,0.5404701796205605,1.0591705248383527e-05,False
0x9a568bfeb8cb19e4bafcb57ee69498d57d9591ca,136,0.04411764705882353,0.0,19415.0,1.6514998584591651,3.3029997169183303,-32.70716549862191,-65.41433099724382,-27.92533792617323,-55.85067585234646,1.0574294480533751e-05,False
0xcd59b5d986d2755bf91d47c4dbe0ca7dd8ed3022,388,0.05412371134020619,0.23809523809523808,19397.40403,-0.33725081484444164,-0.6745016296888833,4.185702235816611,8.371404471633221,-7.2070201487248315,-14.414040297449663,1.0564710912753652e-05,False
0x362b086c7551ff2c16868fd77ac5ac717fb1a80f,162,0.006172839506172839,0.0,19319.99034,-21.61305428478755,-43.2261085695751,-36.021757141312584,-72.04351428262517,-49.34980728359945,-98.6996145671989,1.0522547886491238e-05,False
0xab10fe88ace8bc8113769f510b80bd811d09a5c5,59,0.3220338983050847,0.0,19260.401159999998,-2.4857473639350514,-4.971494727870103,3.0679796933268206,6.135959386653641,8.734669697984035,17.46933939596807,1.049009290131619e-05,False
0x3c797c356ead723692b8b646a8defdb13a309286,33,0.6363636363636364,0.47619047619047616,19202.13826,-0.8913848359448829,-1.7827696718897659,-0.6342576856661566,-1.2685153713323132,-1.4140721268180898,-2.8281442536361796,1.0458360268718206e-05,False
0x9d003d4ea17b01542128f8aa4df8dbfb9afa764d,1140,0.09473684210526316,0.4351851851851852,19125.429539999997,-0.42572209234033553,-0.8514441846806711,-2.6352410640403465,-5.270482128080693,-2.775745826650843,-5.551491653301686,1.0416581201270106e-05,False
0x6986060e76998e7db6f092f93aa6997ddd9d8227,40,0.225,0.11111111111111116,18996.35568,-0.8052889402766603,-1.6105778805533206,10.951095290309675,21.90219058061935,20.002403392891264,40.00480678578253,1.0346281690305432e-05,False
0x6c8031a9eb4415284f3f89c0420f697c87168263,483,0.10766045548654245,0.0,18971.405210000004,-1.7025260493955776,-3.4050520987911552,-2.761842435562711,-5.523684871125422,-4.445942480367386,-8.891884960734773,1.033269252640084e-05,False
0xddfe74f671f6546f49a6d20909999cfe5f09ad78,30,0.8333333333333334,0.31999999999999995,18753.218530000002,2.2366228795444534,4.473245759088907,-0.7822677476890283,-1.5645354953780566,-0.04482381727733056,-0.08964763455466113,1.0213858109401096e-05,True
0x97bff6e46d556ad271f2b1d048c9129cdcf03e2f,30,0.7666666666666667,0.0,18732.349759999997,1.0276603350293319,2.0553206700586637,1.1365472357003967,2.2730944714007935,1.592537269137671,3.185074538275342,1.0202492025474927e-05,False
0xb786074078d2cd10146521b500cfd8a154c13b2d,41,0.4878048780487805,0.35,18715.790459999997,-1.7441925400758376,-3.488385080151675,-3.3578064207345903,-6.715612841469181,4.375480998311393,8.750961996622786,1.0193473075457337e-05,False
0x9c8ac02c995e202b9d107ba6836bae0676b303d2,59,0.4576271186440678,0.0,18689.29524,-0.3335606766012712,-0.6671213532025424,-0.3676629256222125,-0.735325851244425,-5.715550426109423,-11.431100852218846,1.0179042570249689e-05,False
0x3dca7a9135e87c62ac74084bc73973948649d021,268,1.0,0.2462686567164179,18551.9725,-0.10673670772814056,-0.21347341545628112,-0.10240729902754167,-0.20481459805508334,9.026976841649276,18.053953683298552,1.0104250343021578e-05,False
0xe0bee868a78ee5dd1ec7509db3e7a20a42ac3e75,150,0.08,0.0,18538.5915,-7.393522857441464,-14.787045714882929,26.502134749556614,53.00426949911323,-3.5405602415914275,-7.081120483182855,1.0096962440140093e-05,False
0x2fc7c86587b05255e6398cff253bd773358f88d1,31,0.22580645161290322,0.0,18524.374,-5.272699394803082,-10.545398789606164,-0.8499213815201274,-1.6998427630402548,22.2424154964098,44.4848309928196,1.0089218941207464e-05,False
0x5ce13340da671127fe33e26da61eb6cc6140e9a5,52,0.038461538461538464,0.0,18520.075780000003,-1.5308009630855826,-3.061601926171165,7.200920005831543,14.401840011663086,4.266171384280579,8.532342768561158,1.008687793456198e-05,False
0x464f483fac0dc3295493c8817861a912c0b4ba6b,33,0.42424242424242425,0.35714285714285715,18494.757360000003,2.0869925224773853,4.173985044954771,0.3323904311321226,0.6647808622642452,-5.059606961395987,-10.119213922791975,1.0073088368305898e-05,False
0x169bce819a3fa8b538bfaecdd1e7bbd2aca15850,48,0.875,0.33333333333333337,18470.67288,1.427841810758925,2.85568362151785,-5.056427671750118,-10.112855343500236,-14.542948726021363,-29.085897452042726,1.0059970862051426e-05,True
0x0b80aaa02dea4d4560a95b188f44e1252203688e,59,0.3728813559322034,0.0,18228.42351,-1.7826108780565066,-3.5652217561130133,-2.793079922059528,-5.586159844119056,11.316749976606875,22.63349995321375,9.928030806625014e-06,False
0x66d30445acf1716c9e08d05071c9804bc1b9ea8b,62,0.1935483870967742,0.0,18217.67241,-0.011321285961420716,-0.022642571922841432,-6.915422230085258,-13.830844460170516,-15.730071359189479,-31.460142718378957,9.922175267228173e-06,False
0xe7bf7acbad9f29495a8d1dd1b825a8169cb4c128,76,0.7894736842105263,0.2666666666666667,18123.192140000003,-1.039489149997693,-2.078978299995386,1.9882505675102267,3.9765011350204533,6.512805065366954,13.025610130733908,9.870717003124115e-06,False
0x76dfe5d18078574a26ddeaa560e7031f140e264e,135,1.0,0.437037037037037,18096.92496,-0.29182958028872763,-0.5836591605774553,2.824832545831987,5.649665091663974,-1.1755131615816057,-2.3510263231632114,9.856410698900925e-06,True
0x4515957daf1c5a1cd2e24d000e909a0ff6be1975,412,0.04854368932038835,0.0,18058.100000000002,-0.33217817548025347,-0.6643563509605069,1.613181267460861,3.226362534921722,2.6825635514611412,5.3651271029222825,9.835264854953724e-06,False
0xde58c7b2335c895c53571a6f237c78b066924370,150,0.04,0.0,18046.867929999997,-0.5965430331229863,-1.1930860662459726,-1.2676539453859152,-2.5353078907718305,0.2982715165616256,0.5965430331232512,9.82914735735877e-06,False
0xeba2d8f29079a4c08e67cb0e17cfd966de145c23,46,0.8695652173913043,0.125,18010.39843,0.5815324126502791,1.1630648253005582,-1.764448969397069,-3.528897938794138,-8.296847045601393,-16.593694091202785,9.809284404355537e-06,False
0xd487e26c62ed8c28ce3cc70b5791e501c2934982,209,0.2966507177033493,0.0,17888.197249999997,-0.8955805160520103,-1.7911610321040206,1.572124780359063,3.144249560718126,0.3778468892992574,0.7556937785985148,9.742728068368478e-06,False
0xd70cd6e8758ddd21206b2db3f428c6ec5e98769c,299,0.013377926421404682,0.0,17765.342,0.4479283314675127,0.8958566629350254,8.398656215006316,16.79731243001263,55.54311310190434,111.08622620380868,9.675815496028558e-06,False
0xde32070c123932ef517f7b8d06f197e13bcb5f0f,81,0.2345679012345679,0.26315789473684215,17721.84272,0.2181253280554016,0.4362506561108032,-1.9133004778785412,-3.8266009557570824,-15.357605061314915,-30.71521012262983,9.652123804222675e-06,False
0xd24f866d9891fbc6000d87abaf8c48079295067e,61,0.3442622950819672,0.09523809523809523,17693.34055,-0.5339559433948009,-1.0679118867896018,-0.9893037989889073,-1.9786075979778146,-7.647590356383278,-15.295180712766555,9.636600222511925e-06,False
0xc492e4280607f506b9dd36b918673d915993ea12,36,0.4166666666666667,0.4,17675.632670000003,-0.3641922997349333,-0.7283845994698666,-1.621935815574807,-3.243871631149614,-2.331828791204051,-4.663657582408102,9.626955703441828e-06,False
0x83b00972aafcc3d06d45b1b823079f9a414da46e,126,0.8174603174603174,0.0,17648.69243,17.659050030380747,35.318100060761495,-15.18620704913588,-30.37241409827176,30.846503185626432,61.693006371252864,9.612282820045675e-06,False
0xdbc12fc11e0a06b52a71b5bd940c6f26676cd99d,207,0.5797101449275363,0.3916666666666667,17630.7853,0.5505887057916551,1.1011774115833102,-0.5864285523620221,-1.1728571047240441,-0.6282050868537418,-1.2564101737074835,9.60252978033817e-06,False
0x4bdf1130109e9c1bc921d8979ea66284d9c92f37,240,0.8291666666666667,0.10050251256281408,17533.31741,-0.3222502614706508,-0.6445005229413016,1.721413756280974,3.442827512561948,8.29985709362153,16.59971418724306,9.549444322122551e-06,False
0xdb74bbe8d68759303682c9eef6bfbe06a355f413,65,0.6153846153846154,0.19999999999999996,17495.72128,0.11159563151662386,0.2231912630332477,-0.09013255751806452,-0.18026511503612905,-4.734959998894941,-9.469919997789882,9.528967755037904e-06,False
0xdd7ee7e92ff7675965d08385ec7279448f17e80b,47,0.1702127659574468,0.25,17432.09601,-2.312655102529058,-4.625310205058116,-1.530584840077236,-3.061169680154472,-12.792490665013986,-25.584981330027972,9.494314531170612e-06,False
0x819d06c03a978a86d6884b11fbca4d228ea0d106,89,0.2808988764044944,0.4,17396.087009999996,-0.17743107192817437,-0.35486214385634873,2.8307842359632303,5.6615684719264605,-1.1595322454582138,-2.3190644909164275,9.474702387469885e-06,False
0x25bdd0a95d95319033360a2989219c697fc8a7d9,79,0.4810126582278481,0.02631578947368418,17384.89709,-0.055911706900030576,-0.11182341380006115,-4.737312703213118,-9.474625406426236,-5.267499745698096,-10.534999491396192,9.468607846687317e-06,False
0xa578cc433e915b79e8532fad8236005c81fef55d,401,0.9551122194513716,0.4725848563968668,17327.882359999996,-1.0346874382666642,-2.0693748765333284,-2.0504363734351254,-4.100872746870251,-3.5888254981696157,-7.177650996339231,9.437555024397945e-06,True
0xb4fcde4c66f8eaa4c1bc52cc8762f21a0e93fb6d,39,0.46153846153846156,0.05555555555555558,17313.246750000002,-1.828390582773697,-3.656781165547394,-2.0111077308469407,-4.0222154616938814,5.214662341827546,10.429324683655093,9.429583803690133e-06,False
0x27c3d759e2c02b6bbd999a387f2eb67a6fbcaeed,32,0.46875,0.1333333333333333,17310.542679999995,0.24531682997965673,0.49063365995931346,-3.518640345143348,-7.037280690286696,-20.63608000891709,-41.27216001783418,9.428111043840735e-06,False
0x5280172565587fa7a741702a72d7f748ed57e812,222,0.018018018018018018,0.0,17230.03372,-2.5732583136381812,-5.1465166272763625,-1.0540485697559445,-2.108097139511889,-26.177251330209977,-52.35450266041995,9.384262192367056e-06,False
0x40f06d99c50c41739513042c1a43df049c4c74c9,33,0.36363636363636365,0.0,17209.148800000003,-0.8242327452338359,-1.6484654904676719,12.764228563678927,25.528457127357854,11.526087981918868,23.052175963837737,9.372887312414322e-06,False
0xc6c9df98912fd675cce3800fcad7f24b195a0c5b,114,0.6491228070175439,0.32432432432432434,17205.803310000003,0.5585691339088104,1.1171382678176207,0.5441622566878894,1.0883245133757788,6.819433459475342,13.638866918950685,9.371065205979004e-06,False
0xe0e4adefc6aaa58114982321a5357425c64458ae,215,0.05116279069767442,0.4545454545454546,17171.52916,-3.471747257643014,-6.943494515286028,-3.8903667350526736,-7.780733470105347,-22.304573056376192,-44.609146112752384,9.352397940711426e-06,False
0xdd0895ecb55fdace0ca460c2db93ea540f0ebf79,87,0.19540229885057472,0.11764705882352944,17103.40882,-5.621198658676362,-11.242397317352724,-10.724975726746038,-21.449951453492076,-0.927501956081815,-1.85500391216363,9.315296496710703e-06,False
0x7c6db5dcfab3be735ac65e019b1ffb2bda214ff9,467,0.014989293361884369,0.0,17052.027960000003,0.8520645524107248,1.7041291048214495,4.373931369040819,8.747862738081638,7.043733633260188,14.087467266520376,9.287312136973228e-06,False
0xac659ecb7e6397994e443b5e983c9c3a51f8cd33,70,0.8857142857142857,0.467741935483871,16967.255439999997,-0.8746566777267265,-1.749313355453453,-1.5988487536915086,-3.197697507383017,-3.2502277279990284,-6.500455455998057,9.241141156270834e-06,True
0x2797ce6e88cfdc4a3a1ae822fa44a37587f6ba19,207,0.8309178743961353,0.023255813953488413,16936.88095,-0.20988641083211734,-0.4197728216642347,3.3213232580575767,6.642646516115153,2.3917468470995784,4.783493694199157,9.224597823695196e-06,False
0xed9b723adedd2c82f16d4bcb1c23e4bf91d53403,106,0.009433962264150943,0.0,16823.24,-6.071428571428379,-12.142857142856759,-16.07142857142918,-32.14285714285836,-5.714285714285085,-11.42857142857017,9.162703779381645e-06,False
0x19009a7f9f171dd2e1015c418303e18354df4d23,230,0.4217391304347826,0.020618556701030927,16768.817730000002,0.011242122288866743,0.022484244577733487,-0.11685730047291709,-0.23371460094583418,-4.024381586238113,-8.048763172476226,9.133062929045352e-06,False
0xaea713222e2c666cf230d84fcd428b151e6d3373,34,0.08823529411764706,0.0,16719.36,-2.0238095238094598,-4.0476190476189196,20.83333333333299,41.66666666666598,26.07142857142871,52.14285714285742,9.10612599361611e-06,False
0xdd1659449c0be7ccc6600c8f78e7807fb6cd91e2,69,0.07246376811594203,0.0,16688.36776,-3.6672681762626818,-7.3345363525253635,-5.47179696140768,-10.94359392281536,-0.11642121194578592,-0.23284242389157184,9.08924620621609e-06,False
0xea23991c20c911221e963bad1d6c10e85d52083e,48,0.20833333333333334,0.4,16640.7025,-2.6880983327262067,-5.376196665452413,-6.754530067072052,-13.509060134144104,-6.578998162202417,-13.157996324404834,9.063285531699932e-06,False
0xd4c1f7e8d876c4749228d515473d36f919583d1d,14025,0.0037076648841354726,0.3846153846153846,16613.87717,-0.13320079445243144,-0.2664015889048629,1.1362531099905266,2.2725062199810533,-4.113070511769354,-8.226141023538707,9.048675233530604e-06,False
0x3bb32e260511874126a59785abf23df96a139c6b,1678,0.005363528009535161,0.4444444444444444,16563.81928,1.8761614946565883,3.7523229893131766,-10.84771342039853,-21.69542684079706,6.867884198351781,13.735768396703563,9.021411423593228e-06,False
0xf346d7118d40b6ea804b43fe7c8539eeb23dd377,67,0.2835820895522388,0.2631578947368421,16485.2832,2.4070657415972234,4.814131483194447,9.28214979840077,18.56429959680154,6.381649960788809,12.763299921577618,8.978637092546783e-06,False
0x90abcf1598ed3077861bcfb3b11efcd1d7277223,32,1.0,0.0,16480.0,0.05960440564934849,0.11920881129869698,-2.337620637398725,-4.67524127479745,-2.0162431071927065,-4.032486214385413,8.975759620870266e-06,False
0x429d821e190fd37fb8572322922efee78bfb9a01,37,1.0,0.0,16400.90418,0.837652988013279,1.675305976026558,-1.7680209238881768,-3.5360418477763536,12.195907074700784,24.39181414940157,8.932680429891164e-06,False
0x1ed924cef3b93a63d4d9d808513fbdc7bf64a552,40,0.675,0.07407407407407407,16347.1,0.26823072989315805,0.5364614597863161,9.865612275437694,19.73122455087539,2.591309784012151,5.182619568024302,8.903376219558758e-06,False
0xfb5ad031cbbad80d59d6e72c9764e2c17d956b04,875,0.001142857142857143,0.0,16274.193839999998,8.019567745298357,16.039135490596713,9.222502907093183,18.445005814186366,-4.811740647179299,-9.623481294358598,8.863668199714054e-06,False
0xf5d4d37b5563db58deb809396620a3811c1516ca,185,0.3945945945945946,0.0547945205479452,16220.60564,-3.822393873075152,-7.644787746150304,2.7112315620649032,5.4224631241298065,8.885274846687668,17.770549693375337,8.834481621940079e-06,False
0x74a71f9ef0b8cdaf96768cb6d49c3a48e9e7fe91,55,0.38181818181818183,0.38095238095238093,16204.376839999999,-2.384523216660042,-4.769046433320084,-25.455284977564144,-50.91056995512829,-5.769008973905753,-11.538017947811506,8.825642677295953e-06,False
0x98cfe73b64cbd4dc013a2d6e61e6a2488c40b3af,85,0.2235294117647059,0.10526315789473684,16124.74571,-1.3616016997336147,-2.7232033994672293,0.3349787787397553,0.6699575574795106,-9.798312719276742,-19.596625438553485,8.782271932076398e-06,False
0xb2553f059977e29884c1288c0e362233acba59f1,263,0.060836501901140684,0.1875,16062.133360000002,0.5152989122082018,1.0305978244164036,4.5576224862954415,9.115244972590883,17.186560763529116,34.37312152705823,8.748170390638426e-06,False
0x485b22c605e46454068e5ae22f57fa638eb960b5,49,0.3877551020408163,0.21052631578947367,15717.39075,-0.8852995269435343,-1.7705990538870686,-4.66969107049737,-9.33938214099474,-1.2450808054199278,-2.4901616108398557,8.560407842189917e-06,False
0xd43c32db22f20ae68d3050f5296da8314a37068a,37,0.35135135135135137,0.07692307692307687,15635.475899999998,0.39785503191283333,0.7957100638256667,1.397818986504133,2.795637973008266,4.310063042693047,8.620126085386094,8.515793278902315e-06,False
0x469bc5524456efa6932cac83294f31a09b8159b8,44,0.36363636363636365,0.0,15620.063929999997,-0.6006402056074818,-1.2012804112149635,1.4343148389373377,2.8686296778746754,-0.32956164859340653,-0.6591232971868131,8.507399217130223e-06,False
0xdf925a859b873863a8db3d1709a6aceb5e51930c,143,1.0,0.2797202797202797,15617.682940000002,-0.8236110291724943,-1.6472220583449886,-1.340536691319922,-2.681073382639844,1.7967958678186629,3.5935917356373257,8.506102421383885e-06,False
0xa09f946260f0d02c8d84a56710af5d43485dfe8d,115,0.09565217391304348,0.0,15480.04669,-1.7577414548708228,-3.5154829097416456,-2.4286374235515877,-4.8572748471031755,8.341734938149584,16.683469876299167,8.431139442311189e-06,False
0x5184f0668cfe58ba3873a39461a7e909508fc662,42,0.07142857142857142,0.0,15434.211989999998,-3.324970528669008,-6.649941057338016,-15.71804249916864,-31.43608499833728,-24.786143940997118,-49.572287881994235,8.406175774259326e-06,False
0x86016e233eac61d7a961d92c916ba932fa63056d,376,0.015957446808510637,0.16666666666666666,15193.358839999999,-1.128381042557216,-2.256762085114432,4.05981330951524,8.11962661903048,7.951289148343714,15.902578296687429,8.274996163923805e-06,False
0x6dd63a892ff754ad7f67337892789f8728edcd27,38,0.34210526315789475,0.3846153846153846,15020.666780000001,1.27559821429901,2.55119642859802,-4.002047012244884,-8.004094024489769,-8.258142966889634,-16.51628593377927,8.180940191897538e-06,False
0x899e32394e7c797baf48b6f77f7657799875393e,47,0.02127659574468085,0.0,14999.850199999999,2.9779630732572993,5.9559261465145985,0.5955926146501902,1.1911852293003804,-5.955926146516715,-11.91185229303343,8.169602533025654e-06,False
0x7f725a5f3e5534493cb895fdfdaed6e124c8ea82,85,0.03529411764705882,0.0,14999.849999999999,-1.2991362594747518,-2.5982725189495035,-7.675930822414462,-15.351861644828924,-23.932775413473337,-47.865550826946674,8.169602424096531e-06,False
0xde459b9c93be0cf2ca2a833e893b58d7431f30c2,71,0.056338028169014086,0.0,14999.786499999998,-7.794865572643547,-15.589731145287095,-8.4255935501923,-16.8511871003846,-16.334355450881553,-32.668710901763106,8.16956783910042e-06,False
0xdc5289909be4f3ce2604806bdd1448fd307f19f5,44,0.1590909090909091,0.0,14999.70018,-3.087602749148273,-6.175205498296546,3.0840705919802254,6.168141183960451,23.81578631881523,47.63157263763046,8.169520825291533e-06,False
0x3a5d01b7376c44c26ab8cf5935b22a4eeb948e93,381,0.9973753280839895,0.3973684210526316,14910.0663,1.384439971786049,2.768879943572098,-0.9169077064573015,-1.833815412914603,4.049085679333766,8.098171358667532,8.120702126215931e-06,True
0x5587a3a7a9b34383ec8bf6dd5c9d47a3f0720d86,74,0.32432432432432434,0.0,14861.457999999999,0.33947483325202815,0.6789496665040563,-2.2277665257179504,-4.455533051435901,-5.34862263183533,-10.69724526367066,8.094227829105544e-06,False
0x18ac02100dc7a14c97325c7b89070bbde602b4ed,700,0.9542857142857143,0.4655688622754491,14663.411950000002,-0.6979669815300835,-1.395933963060167,-0.7484654502732425,-1.496930900546485,-1.8940071061621793,-3.7880142123243585,7.986362917778916e-06,True
0x092ece1b859211cedca465c07ddea26fff4db68f,488,0.8688524590163934,0.4834905660377358,14629.4536,-0.3600922387262686,-0.7201844774525372,-0.8599884135831533,-1.7199768271663065,1.7026547543138804,3.4053095086277607,7.967867651594366e-06,True
0xa9952844b2bea051ee0c38c34cf7e2f8308da5ce,34,0.08823529411764706,0.0,14329.889460000002,0.3756623538870392,0.7513247077740784,6.644351674251361,13.288703348502722,8.51876622858574,17.03753245717148,7.804711358410342e-06,False
0x05e66f8373d0364c2501a3ac69727fbb833e5679,43,0.11627906976744186,0.0,14312.41375,-1.1502951415173341,-2.3005902830346683,-1.4530043892850082,-2.9060087785700164,15.801422733463388,31.602845466926777,7.795193289711067e-06,False
0xa2809a06f8ac3acf13d17ab9d68f470b24bc3320,128,0.1640625,0.4285714285714286,14197.568600000002,-0.22113804683589958,-0.44227609367179915,1.2467129769946481,2.4934259539892962,-0.11276117588917516,-0.2255223517783503,7.732643383156288e-06,False
0xec612df9f5427f84de9ce38d878b46274619e1c9,59,0.1694915254237288,0.0,14187.5,-22.403712171547316,-44.80742434309463,-26.36956611704871,-52.73913223409742,-34.52853975849061,-69.05707951698122,7.727159564386947e-06,False
0xb80fe326edfda0bfa71cb5289faa79e0889e9742,223,0.04932735426008968,0.0,14115.890360000001,-0.0066751456013638,-0.0133502912027276,4.284591932504676,8.569183865009352,12.355832437648337,24.711664875296673,7.68815768846601e-06,False
0x9989920c7562a51ef056b632350529ddf01d0096,114,0.043859649122807015,0.0,14089.083120000001,-6.84816510597868,-13.69633021195736,-40.712176058882875,-81.42435211776575,-27.22111302361069,-54.44222604722138,7.673557242935732e-06,False
0xc05e9f8ffc23c74ab2e0cfadd5996f3f2cb406fc,41,0.34146341463414637,0.0,14086.2804,-0.6125273750793649,-1.2250547501587299,-2.701692552093877,-5.403385104187754,3.83428746334551,7.66857492669102,7.672030753797103e-06,False
0x9a4c59a02d0bc9237868b1f7217a322ca8126cbb,41,0.5609756097560976,0.30434782608695654,14065.181600000002,-1.3656438071267825,-2.731287614253565,-3.2115832122215093,-6.423166424443019,-2.6223890242851313,-5.244778048570263,7.660539385041715e-06,False
0xd83f67db941a38f38f75db3e6246d6c75b3fca54,116,0.8793103448275862,0.019607843137254943,13974.96946,3.5300538309180274,7.060107661836055,-2.6922224136297275,-5.384444827259455,2.13904026654585,4.2780805330917,7.611405739196793e-06,False
0x34a5793ef5afc4728ebe070b1fd195bf491d4044,34,0.17647058823529413,0.3333333333333333,13965.562800000002,-0.8833069282046421,-1.7666138564092841,1.578337509443904,3.156675018887808,5.797905008630927,11.595810017261854,7.606282443141257e-06,False
0x0b65c77db7dc94cf46af52078a5fd65f3b0d3ef1,679,0.004418262150220913,0.0,13929.627499999999,-2.609090358894186,-5.218180717788372,-25.44574229861455,-50.8914845972291,-5.913978494623625,-11.82795698924725,7.5867104398218456e-06,False
0x33518e8b8c47cb7815eda98b983f244b8e2bf577,98,0.061224489795918366,0.0,13876.175,-1.339370773783668,-2.678741547567336,0.4539709230583539,0.9079418461167078,4.528889364287588,9.057778728575176,7.557597770456885e-06,False
0xd3efffb8c6c714ea0ce470cce196675ec86c68ce,40,0.2,0.5,13799.549200000001,-2.1101031012212204,-4.220206202442441,-8.651803572119082,-17.303607144238164,0.5519658599334676,1.1039317198669352,7.515863865022609e-06,False
0x9f318fd18cccb46fc7f433f81072439a825854b6,576,0.9479166666666666,0.4706959706959707,13737.548480000001,-0.678468559501114,-1.356937119002228,-1.8371053392969292,-3.6742106785938584,0.0009059090333404115,0.001811818066680823,7.482095445177895e-06,True
0x45e750e74b4f9025d1ea4726390bf3ecb96393c6,34,0.5588235294117647,0.0,13696.337,-0.7915040560565068,-1.5830081121130135,1.0117795700913652,2.0235591401827304,22.30898663677505,44.6179732735501,7.459649793594138e-06,False
0xfed459402e31f2e16260f2d89cd8e654498d35f1,56,0.2857142857142857,0.5,13585.4,19.072875072108737,38.14575014421747,2.414081699071678,4.828163398143356,31.03383959654031,62.06767919308062,7.399228443772507e-06,False
0x4a1531766a9a4fa92b263d70dc8ac2923a6ab97a,95,0.010526315789473684,0.0,13481.65135,6.0275257007000915,12.055051401400183,-6.69725077855526,-13.39450155711052,-7.03211331748344,-14.06422663496688,7.342722197207592e-06,False
0x428cbb506337bcc550f02bd3689671f52a7fa766,65,0.06153846153846154,0.0,13430.0,-3.8892290083445618,-7.7784580166891235,-18.252436660145428,-36.504873320290855,-10.968630634706999,-21.937261269413998,7.314590516279592e-06,False
0x5d8265f9f86d0b354d24ce76146aa7b6054001f8,99,0.9292929292929293,0.0,13360.004,-0.8860535936320121,-1.7721071872640242,-1.0312720139195959,-2.0625440278391918,3.5167345503466625,7.033469100693325,7.276467502297648e-06,False
0xa956091ffcc27b117619052401679caee55c8f27,47,0.2978723404255319,0.3571428571428571,13360.0,-0.8050609550100376,-1.6101219100200752,-5.578626723370135,-11.15725344674027,-15.542900232197145,-31.08580046439429,7.276465323715215e-06,False
0xc2d4ff17906940004b25884779c74aecda24fb83,548,0.5091240875912408,0.4731182795698925,13342.80228,-0.32880967595795424,-0.6576193519159085,-0.9184125346442343,-1.8368250692884687,-2.785705542510122,-5.571411085020244,7.267098661048527e-06,False
0xc22db2c04e054786426671cec0b766c07304fb20,41,0.5365853658536586,0.2272727272727273,13341.666860000001,1.2524358427814741,2.5048716855629483,5.511545706377401,11.023091412754802,10.326438163864472,20.652876327728944,7.266480259532221e-06,False
0x3f3789bd5abea9ee40db5fd8420371effdf2373a,38,0.42105263157894735,0.0,13269.234,-1.3851861372095464,-2.770372274419093,-0.7622539590735372,-1.5245079181470744,-1.8734056623722761,-3.7468113247445523,7.227030020453814e-06,False
0x2e64dbd60ca36bb0f0a333c97bc28582ab39d2a0,72,1.0,0.45833333333333337,13251.91512,0.14044487241655096,0.2808897448331019,2.6761210222285743,5.352242044457149,4.685224679838836,9.370449359677671,7.217597368525252e-06,True
0x2bd6745f4c7f91401611134b61b839ee2ebdb8d8,50,0.1,0.0,13233.72435,0.727890331190703,1.455780662381406,2.5071778074324724,5.014355614864945,2.872369009310205e-13,5.74473801862041e-13,7.207689845537476e-06,False
0x03ce7863a2b62f4e227fd98605b79beb32618c76,56,0.08928571428571429,0.0,13224.900000000001,1.561174497481165,3.12234899496233,2.737785349579891,5.475570699159782,14.284839728195006,28.569679456390013,7.202883702065971e-06,False
0x3ba0d17c62e6d817231cd40bad0f4c882ca58225,116,0.16379310344827586,0.47368421052631576,13123.338259999999,-1.87069897816339,-3.74139795632678,-0.15488431342396836,-0.3097686268479367,-3.1342911713874924,-6.268582342774985,7.147568546427782e-06,False
0xef2ac5c3952a6917396e3a63eac93f4e2c692b42,125,0.064,0.0,13054.091910000001,0.26934555250134473,0.5386911050026895,0.852868157853595,1.70573631570719,5.567211165591992,11.134422331183984,7.109853826025923e-06,False
0x944deef7bea7a5960c2d2ff5a639d35f9624db63,30,0.1,0.33333333333333337,12984.434000000001,-3.5883658927556787,-7.1767317855113575,-10.232426322304141,-20.464852644608282,-26.731346948711963,-53.462693897423925,7.07191495127761e-06,False
0x510bb5851d8f2561889b298dfc9857dfbf858119,60,0.95,0.33333333333333337,12936.04038,-1.1132398593044681,-2.2264797186089362,-2.3791824476946792,-4.7583648953893585,-3.9222667074847135,-7.844533414969427,7.045557578686363e-06,True
0x98262fa40fc1876964105b858ecab409e7f3c3cf,1225,0.06612244897959184,0.0,12915.787699999999,1.6527385655423685,3.305477131084737,2.651216607938276,5.302433215876552,-11.401271931818647,-22.802543863637293,7.034527045472866e-06,False
0x433afeb4b2a913824754a5f0ca335a4f7a6760f1,100,0.06,0.0,12872.35905,0.5416140097492864,1.0832280194985728,6.6197267858221425,13.239453571644285,19.377745682132705,38.75549136426541,7.0108738219862825e-06,False
0x01cf983c0b8ab8299b0420f425fa42a4713270e6,36,0.5833333333333334,0.47619047619047616,12694.534020000001,17.16789212995014,34.33578425990028,-1.2937191373765566,-2.5874382747531133,13.086262228981226,26.172524457962453,6.914022200393198e-06,False
0x6a83ef766a10b21ae76b3db9d9b5d301ad8d368c,123,0.13008130081300814,0.0,12616.057999999999,-0.38504217364204324,-0.7700843472840865,1.1911821605469153,2.3823643210938306,8.248681995492767,16.497363990985534,6.8712805807619705e-06,False
0xa7a839ce2041213c0ce04d21ed72e95f45491c5f,46,0.717391304347826,0.45454545454545453,12569.55166,-0.0748023773822017,-0.1496047547644034,-0.407459980259414,-0.814919960518828,4.374280914743761,8.748561829487523,6.8459511069339085e-06,True
0x7d5f00b356a3120446a4bfb88483644661199fdd,72,0.7222222222222222,0.4807692307692307,12523.195179999999,0.4524575322694899,0.9049150645389799,-0.6537145978652729,-1.3074291957305457,2.9955740614064044,5.991148122812809,6.820703253696671e-06,True
0xdab1d785788be01f22731660e10a214169f118df,198,0.005050505050505051,0.0,12475.0,-2.0040080160316656,-4.008016032063331,10.821643286573558,21.643286573147115,1.6032064128247627,3.2064128256495255,6.794453960579889e-06,False
0x9a3ce1c68a9798d812adf47206799b5f6d98a3cc,54,0.46296296296296297,0.12,12432.66709,-0.17530022987425004,-0.35060045974850007,-2.4355149624910557,-4.871029924982111,-1.8793371057591173,-3.7586742115182346,6.7713975270718836e-06,False
0x3e9f1b07ab306435d31adb1f017346e94041cd53,39,0.10256410256410256,0.0,12424.9398,-1.9692087361258919,-3.9384174722517837,-14.232008592910752,-28.464017185821504,-2.148227712137568,-4.296455424275136,6.767188892511157e-06,False
0xeff973c7cc39ec333496de38ca54106150b64c07,834,0.001199040767386091,0.0,12371.16287,0.0,0.0,24.712511120629767,49.42502224125953,36.24501631025715,72.4900326205143,6.737899523771572e-06,False
0xe0c51be41333d116393f4035b82ac9d2ab1f0d0e,77,0.16883116883116883,0.23076923076923073,12343.974370000002,0.6891188279378053,1.3782376558756106,-1.325648406855794,-2.651296813711588,-0.3014623752342144,-0.6029247504684287,6.723091426656766e-06,False
0x77aec1bd719c446b2ba87b2433c99fecb8d469bd,257,0.9961089494163424,0.42578125,12321.13681,-0.2586590011180332,-0.5173180022360664,-0.42434090213361314,-0.8486818042672263,0.5074471193609219,1.0148942387218438,6.7106530499039004e-06,True
0x9822c731b38009a05384ffd757c854f71ce751f9,179,0.994413407821229,0.1629213483146067,12274.307510000002,0.42561296470758303,0.8512259294151661,1.362863431039662,2.725726862079324,1.4856092029408499,2.9712184058816997,6.68514767733026e-06,False
0x634b58342adc1373cb38c49c2c6701ea9e982563,30,0.7666666666666667,0.0,12245.072199999999,0.8711979871199482,1.7423959742398965,-1.8589570497679941,-3.7179140995359883,0.6122419021305755,1.224483804261151,6.6692247941384115e-06,False
0xd13fda4f2d9beff3c31321930cc2812a16d1ba0e,92,0.8043478260869565,0.0,12141.25038,9.690199408341588,19.380398816683176,-10.18056175888119,-20.36112351776238,27.450794391528053,54.901588783056106,6.612678695854355e-06,False
0x23a40bfff772eb20e7868646f0d7c4869acbd9ea,30,0.6666666666666666,0.19999999999999996,12128.939970000001,-0.5252091818648364,-1.050418363729673,0.6351482536839613,1.2702965073679227,4.593947569569385,9.18789513913877,6.605973885114407e-06,False
0xa182839d6e29eb55d18fdfc650f36f3c123d9f74,449,0.9977728285077951,0.3080357142857143,12110.59612,1.5491031956755985,3.098206391351197,-0.17106091251390834,-0.3421218250278167,-6.375136481951708,-12.750272963903416,6.595982987776949e-06,True
0xc512f7be1fd53c8ff526e6a067bebca18169b5c8,342,0.02046783625730994,0.0,11968.830380000001,2.4011937560849406,4.802387512169881,3.527539669189569,7.055079338379138,-2.503381282007454,-5.006762564014908,6.518770900112217e-06,False
0xdac65d9157fa73a5f6ccabb69528930dabd1454b,61,0.06557377049180328,0.0,11966.800940000001,3.1103632875467837,6.220726575093567,-2.55676836200568,-5.11353672401136,-28.995437653002426,-57.99087530600485,6.517665574529391e-06,False
0xcb6da35104917836873bc1d5b7ad205221c3ac15,68,0.5441176470588235,0.027027027027026973,11956.19766,-0.04286365819840809,-0.08572731639681617,-1.7865792291339595,-3.573158458267919,-1.7336957710713639,-3.4673915421427277,6.511890544646333e-06,False
0xa1406199484382d1913b6fc3cbfe70440c533b68,661,0.3086232980332829,0.4411764705882353,11946.96285,-0.36845596551682663,-0.7369119310336533,-0.9994619788927673,-1.9989239577855347,1.7990127047340414,3.598025409468083,6.506860845938541e-06,False
0x01bac8aef1adcaf091626bb977c89e8f2192b443,48,0.08333333333333333,0.0,11858.5,-1.5856236786469946,-3.171247357293989,-8.843663189758503,-17.687326379517007,11.072246349458911,22.144492698917823,6.458679943209348e-06,False
0x9db82c502472d76742fdd69609dfcc6e01327401,102,0.9117647058823529,0.24731182795698925,11830.672229999998,1.7748963550293197,3.5497927100586395,2.1653567192786665,4.330713438557333,5.780263527520112,11.560527055040223,6.443523670496673e-06,False
0x8bca9d21825f245126132f02c6e3947d52463d86,478,0.9058577405857741,0.4295612009237876,11620.62093,-0.4504845166585219,-0.9009690333170438,-0.9593626223268827,-1.9187252446537655,-2.949837098551672,-5.899674197103344,6.329120152483851e-06,True
0xde608db80607b89aeb261625fa26ec48b79b0a7a,212,0.5801886792452831,0.10569105691056913,11573.89897,3.020900891251385,6.04180178250277,-2.176300518951894,-4.352601037903788,2.8850377578475808,5.7700755156951615,6.30367324216978e-06,False
0x76236768c75a6320dbd73a46d74e20e41223a64a,65,0.07692307692307693,0.0,11564.222960000001,-1.3995331041447436,-2.7990662082894873,8.55674965973823,17.11349931947646,5.83303502975261,11.66607005950522,6.2984032458197106e-06,False
0x6e67ee72645e674a4bfd7d955930c3118ee6ce37,59,0.0847457627118644,0.0,11538.788,-0.23633677991124272,-0.47267355982248543,2.836041358936592,5.672082717873184,9.335302806499334,18.670605612998667,6.284550206564464e-06,False
0x736dde3e0f5c588ddc53ad7f0f65667c0cca2801,124,0.08064516129032258,0.09999999999999998,11493.225,-0.6739752986907082,-1.3479505973814163,-0.72430794849071,-1.44861589698142,0.6090704047060382,1.2181408094120765,6.259734518724312e-06,False
0xe5097737e9147cc030114baddf8b2f37f1aa7f2f,297,0.6060606060606061,0.4222222222222223,11447.92845,-0.1925981531945612,-0.3851963063891224,-0.7506093951425459,-1.5012187902850918,2.00236504920624,4.00473009841248,6.235063951706428e-06,False
0x5f5af39b166e5ddc2658233b3d16cf0cbb8c40d1,165,0.006060606060606061,0.0,11333.528880000002,-14.004323073644283,-28.008646147288566,-3.6533016713856528,-7.3066033427713055,10.351021402258628,20.702042804517255,6.172756728341688e-06,False
0x0ef737b99a363ae836b75ca7e216d1819bef2dbe,885,0.992090395480226,0.46924829157175396,11291.56809,-0.5689266695439193,-1.1378533390878387,-1.2779723531818483,-2.5559447063636966,-1.6377210807876286,-3.275442161575257,6.149902968357355e-06,True
0x0bd49175f805d378b037a7f9cc520118fce6dcce,399,0.5513784461152882,0.18181818181818177,11157.42975,-2.3803802535638967,-4.760760507127793,-5.549736820942611,-11.099473641885222,5.080245088322189,10.160490176644378,6.076845110603557e-06,False
0x2eb5cf55484a4209d89b7578e079ec0c98fc079f,293,0.515358361774744,0.052980132450331174,11157.122560000002,0.8462176153645531,1.6924352307291062,0.48604877797702506,0.9720975559540501,-3.033696923662414,-6.067393847324828,6.076677800919218e-06,False
0x31c5640258bbda28c421f9d102e0966bd581c39c,43,0.06976744186046512,0.0,11110.7409,-5.269858623554077e-13,-1.0539717247108153e-12,-0.8900756564313573,-1.7801513128627147,-1.1867675419081254,-2.373535083816251,6.051416233505569e-06,False
0x3a6f0d3f4e012e1e7b581a44236d3630ea070242,81,0.9012345679012346,0.0,11098.5024,41.877787701228094,83.75557540245619,-43.20042967309699,-86.40085934619398,73.49727460449321,146.99454920898643,6.044750588231294e-06,False
0x45ce71ce739a60d43f953c78d08665b6d4bf3dac,144,1.0,0.4722222222222222,11081.981930000002,-0.6252469352208296,-1.2504938704416593,-2.1411252378347827,-4.282250475669565,-4.550858108045271,-9.101716216090542,6.035752786802667e-06,True
0x06507b2d9898689519846f1b8f0e936c6c2ffa30,300,0.06666666666666667,0.0,11025.874999999998,-2.199269981976442,-4.398539963952884,26.80577036514225,53.6115407302845,47.08991779294606,94.17983558589212,6.005194393796294e-06,False
0x0fecd389bd9a340e85ec7d88618a3bad4b128df3,103,0.07766990291262135,0.0,10999.783599999999,1.4662978786635286,2.932595757327057,-5.611697259457026,-11.223394518914052,-23.310724005562108,-46.621448011124215,5.990983827378092e-06,False
0x54dbd62595aa8ac47408e9e29dcabfe0320f280b,49,0.24489795918367346,0.08333333333333337,10999.188700000002,-1.7865462190531691,-3.5730924381063383,-4.531766781236815,-9.06353356247363,-18.933465346861425,-37.86693069372285,5.9906598177058575e-06,False
0x00897e2d7168165b81558c3cd9257efb007f2410,2104,0.0014258555133079848,0.0,10945.104749999999,0.418497593639348,0.836995187278696,4.603473530026881,9.206947060053762,18.83239171374836,37.66478342749672,5.961203231871683e-06,False
0x28f0233472b6a44e170e002a72845ca100be4a7e,737,0.694708276797829,0.033203125,10892.0452,0.5767422704674596,1.1534845409349193,-0.20189435419436008,-0.40378870838872016,12.783747299601464,25.567494599202927,5.9323045809984105e-06,False
0x1de8fc67f90451f0ddd8d5fa17d67c9af31606f2,71,0.056338028169014086,0.0,10776.919999999998,1.3392857142854477,2.6785714285708955,11.785714285714414,23.57142857142883,16.160714285714054,32.32142857142811,5.86960214644109e-06,False
0x2abdef4788a3f941181e1c5e8e26a7f04727de04,53,0.3584905660377358,0.21052631578947367,10772.69055,-1.2053247166509982,-2.4106494333019963,-8.531869954634468,-17.063739909268936,-16.301225724469184,-32.60245144893837,5.867298595074071e-06,False
0x4b128473ba2e81dce030b9c82eee062ccc9616c2,783,1.0,0.388250319284802,10754.788690000001,0.38367903522504304,0.7673580704500861,-2.335342682681941,-4.670685365363882,1.422334545707738,2.844669091415476,5.857548425648922e-06,True
0x0297c7990f733b355aad0e5b4cf69dd2abe25f26,68,1.0,0.0,10751.038319999998,13.058251360048633,26.116502720097266,-12.62129409018542,-25.24258818037084,25.09448685732454,50.18897371464908,5.855505803099811e-06,False
0xd22c20dbe28b9b91f9b2dbcaa1a772c409a35a72,927,0.19201725997842503,0.101123595505618,10680.97007,0.3259771751525187,0.6519543503050373,7.121589792876822,14.243179585753644,1.291952672909243,2.583905345818486,5.8173434384726855e-06,False
0xa1273df77a51bbd2788fb4b16f4fd6bed870671d,60,0.016666666666666666,0.0,10617.226,-0.3649635036487845,-0.729927007297569,-11.31386861313825,-22.6277372262765,55.10948905109482,110.21897810218964,5.782625510707156e-06,False
0xdbe452f1a0d0190e161b5fae8ee3a530f099d9a3,443,0.006772009029345372,0.0,10591.661,-0.40245497535012453,-0.8049099507002491,2.0122748767477634,4.024549753495527,-8.552168226180497,-17.104336452360993,5.7687016457370375e-06,False
0x3d7faee90c7cf2b67e6d808f26921d1db083212d,108,0.6481481481481481,0.34285714285714286,10572.228790000001,0.9467393544730831,1.8934787089461662,-1.3956063839822792,-2.7912127679645584,-5.904843622070347,-11.809687244140694,5.7581179779055895e-06,False
0xff9bf51ae623586297b9fa75ecb588eb4b785035,166,0.0963855421686747,0.1875,10529.02959,-0.2712891031463438,-0.5425782062926876,1.6459224179344925,3.291844835868985,7.287887588969571,14.575775177939143,5.734589723353775e-06,False
0x1755e9a4e305f8528f0b0705fd4d0e0c860b5fb8,35,0.4857142857142857,0.4117647058823529,10521.18765,-1.214510224570556,-2.429020449141112,-1.6604867830113663,-3.3209735660227326,-3.8054797420788162,-7.6109594841576325,5.730318645174085e-06,False
0x0dd7dfbfe8d8062871a8b7161d3eb1076a2a1761,40,0.525,0.23809523809523814,10424.48896,-3.574889069239895,-7.14977813847979,-6.0863868204042415,-12.172773640808483,-1.01678764343997,-2.03357528687994,5.677652128360187e-06,False
0x3cd22b8f539ef327f4e40aa6e1de27c978658408,72,0.013888888888888888,0.0,10400.880000000001,-14.58333333333318,-29.16666666666636,69.34523809523931,138.69047619047862,85.11904761904802,170.23809523809604,5.664793611985264e-06,False
0x041867c358c1d2c51d16188d1db479424b0ea1db,169,0.46153846153846156,0.14102564102564108,10387.22555,-0.14956077309258595,-0.2991215461851719,-2.663879354157229,-5.327758708314458,-0.4721510874385652,-0.9443021748771304,5.657356775762253e-06,False
0xb7e7d0fdeff5473ed6ef8d3a762d096a040dbb18,41,0.1951219512195122,0.0,10382.73593,-1.8177858821391242,-3.6355717642782484,19.588159669326153,39.176319338652306,22.89887524705508,45.79775049411016,5.654911523947385e-06,False
0x03449eade411f84543752ba4352f48243bd743ce,226,0.11504424778761062,0.46153846153846156,10346.587739999999,-1.284869249557412,-2.569738499114824,-2.1350454107210695,-4.270090821442139,-2.804591727581394,-5.609183455162788,5.635223571024474e-06,False
0x404108cd2e2ad1f23b90c369c8d5a88ac77eba7e,52,0.09615384615384616,0.0,10334.912,-3.676470588234563,-7.352941176469126,-15.808823529411494,-31.61764705882299,-9.191176470587713,-18.382352941175427,5.628864430512595e-06,False
0xc5afffbb7ec43da92bad958d6c43d8b3bc0b268a,41,0.7073170731707317,0.13793103448275867,10334.79497,0.05626608913445658,0.11253217826891317,-1.0975398084758812,-2.1950796169517623,-1.831754562341491,-3.663509124682982,5.628800690637084e-06,False
0x8d21bb8de44d76bf30c46360dc43a7e6e1fbdb9a,1594,0.03513174404015056,0.0,10309.71441,-1.6216781571436119,-3.2433563142872237,3.710348629326748,7.420697258653496,7.116027276440142,14.232054552880284,5.615140673785335e-06,False
0xc79f65905cdb4f8ab80f642c73820365c4506f45,44,0.9545454545454546,0.11904761904761904,10286.69078,-0.7962587107932376,-1.5925174215864752,-0.7716253116550317,-1.5432506233100634,4.498675557216221,8.997351114432442,5.6026009548241785e-06,False
0xee621cac3443ea9511e4b6050d92ee2a8b80f93d,109,0.01834862385321101,0.0,10244.81885,-2.104820037888265,-4.20964007577653,20.146134648344763,40.292269296689526,58.93496106082869,117.86992212165738,5.579795592048577e-06,False
0x90c34c45cb55f4f88c8b1a29fc51698dec60df59,288,0.4479166666666667,0.03100775193798455,10195.784899999999,-0.12266709702563498,-0.24533419405126997,-2.3731406908812747,-4.746281381762549,2.799550748353238,5.599101496706476,5.55308946653512e-06,False
0xf07ff7b685b1b2a6a8fd0532fb24f900c9668de8,66,0.09090909090909091,0.5,10168.58397,0.8108440023332752,1.6216880046665505,0.45106061137813924,0.9021212227562785,7.99033014185531,15.98066028371062,5.538274599475404e-06,False
0xd9d870eea60fe5ee868b4f7c8227b422c8520f2f,2340,0.004700854700854701,0.0,10108.40328,2.911136866963554,5.822273733927108,-8.488548621426798,-16.977097242853596,-29.247403102673616,-58.49480620534723,5.505497450976733e-06,False
0xcac013d36b73330a0fddccf9282f9aae5504088c,38,0.5,0.0,10103.091960000002,2.3324633700968596,4.664926740193719,-0.3453204180618775,-0.690640836123755,2.5378905643204894,5.075781128640979,5.502604663865719e-06,False
0xe4caf31cf6293264ea9aa062d90bd7ca200bc480,317,0.0031545741324921135,0.0,10088.268,-11.347517730496465,-22.69503546099293,0.7092198581556354,1.4184397163112707,12.411347517730547,24.822695035461095,5.494530859157623e-06,False
0x610cfde5bda84f9b8d3e283d0f0a41b1bfa3494f,125,0.056,0.2857142857142857,10046.484890000002,1.0186296036399416,2.037259207279883,4.130920693974085,8.26184138794817,14.432154835910021,28.864309671820042,5.471773871804932e-06,False
0xcfaf057efab9945f2057bc34c48d105df44e1e1d,50,0.08,0.0,9999.9552,-3.9308176100621113,-7.861635220124223,-13.75786163522018,-27.51572327044036,11.399371069183054,22.79874213836611,5.44643168050192e-06,False
0xf06e19eb5d2ed5015fa0f8d48243027d959f9a25,93,0.010752688172043012,0.0,9999.844000000001,-6.284658040665235,-12.56931608133047,-105.73012939001767,-211.46025878003533,-66.91312384473233,-133.82624768946465,5.446371115910304e-06,False
0x70f2470004a76040836bbfbcb4fb8af0396e9039,50,0.1,0.0,9999.269,1.0621214501397112,2.1242429002794223,7.274091916704535,14.54818383340907,8.466251243650035,16.93250248730007,5.446057944685668e-06,False
0xec12ba357aa2a9943ffa03a95146835a8f2e85fb,45,0.24444444444444444,0.0,9987.846160000001,-0.8315473800095655,-1.663094760019131,-3.187172583054416,-6.374345166108832,1.4098861646126595,2.819772329225319,5.439836545048067e-06,False
0xdbc0513ae340a4b12df945c9d5b5a3fe8b9e9642,106,1.0,0.4811320754716981,9983.63876,-0.45122075659246286,-0.9024415131849257,-0.5764382203653693,-1.1528764407307386,-2.1277150391859947,-4.255430078371989,5.437545003116705e-06,True
0xc6a65ea7ed6e8bb33c608b3ba1583183147d44d6,231,0.017316017316017316,0.0,9972.33266,3.269069482692394,6.538138965384788,7.687952823842017,15.375905647684034,26.104577689554944,52.20915537910989,5.431387185407389e-06,False
0x1b00f379613c65ab7d2605addc3587cfa5beb9b4,69,0.4492753623188406,0.3548387096774194,9968.867240000001,-0.9596363805106406,-1.9192727610212812,-1.3488386805546086,-2.6976773611092173,-9.100293095998195,-18.20058619199639,5.429499759624298e-06,False
0x96d5ff8d6f6d94381c3e25e63984f28ffcd6256e,48,0.041666666666666664,0.0,9897.76788,-2.8350028350029426,-5.670005670005885,-28.035028035028727,-56.070056070057454,-65.20506520506544,-130.41013041013088,5.390775805464241e-06,False
0x705f95654ab855abebb5aca678887c3333fb99c4,43,0.06976744186046512,0.0,9839.44,2.6331481528219745,5.266296305643949,7.438170773763582,14.876341547527163,-11.922155801202045,-23.84431160240409,5.359007781794644e-06,False
0x70695e765f8e3809a14a5e85271205a95dd2d9b8,105,1.0,0.49523809523809526,9835.58963,-1.4925514559250403,-2.9851029118500807,-2.4250759015889085,-4.850151803177817,-5.0543515740584954,-10.108703148116991,5.356910694684728e-06,True
0xd0306273818b6686f031cc8d35ee4058b07629b6,62,0.12903225806451613,0.0,9834.35821,-1.6766095917760047,-3.3532191835520093,-5.503377193971904,-11.006754387943808,-0.42230701031317697,-0.8446140206263539,5.356240007190048e-06,False
0xb38acb7e37ba427883a89f517bef10e1d8ab8469,106,0.05660377358490566,0.0,9786.403509999998,2.5333055166446976,5.066611033289395,-2.731996145402494,-5.463992290804988,0.49672657189113795,0.9934531437822759,5.3301216904490915e-06,False
0x2ecc1882246674aa76c4656cfa5e1b6bbeccaa69,269,0.9925650557620818,0.46441947565543074,9771.79934,-0.7704933356236447,-1.5409866712472895,-2.411686477826235,-4.82337295565247,-2.2947498546337215,-4.589499709267443,5.322167593399194e-06,True
0xcbabae2bbb0cb2e33fb30b8c89d245b1d2a2fffd,81,0.4691358024691358,0.052631578947368474,9760.28329,-0.1324526102958096,-0.2649052205916192,0.5431640556859945,1.086328111371989,-3.8340846563385576,-7.668169312677115,5.315895427344465e-06,False
0xa5d925a5204c30a2f0b965cc382d6e243acb96e9,178,0.16853932584269662,0.3666666666666667,9674.65944,0.07145353626475828,0.14290707252951657,2.382822229332276,4.765644458664552,5.076478985007657,10.152957970015313,5.269260773496562e-06,False
0x7fb2e3ee2cacf71fac2f7aec0037de34fa915b2d,39,0.10256410256410256,0.5,9599.7646,-2.7473963735946003,-5.494792747189201,-5.520569685904631,-11.041139371809262,-14.591043940085722,-29.182087880171444,5.228469627824017e-06,False
0x38acc7d1d1b82a3931885031da72ce418a798069,49,0.4897959183673469,0.041666666666666664,9492.7225,-0.8111623052501585,-1.622324610500317,0.8836269180225452,1.7672538360450905,9.580663877578276,19.161327755156552,5.170169618181228e-06,False
0x59348d6a5bdd62dbb8e24694ee7e99e0a9b2ebed,50,0.28,0.5,9486.158190000002,0.8480120540977054,1.6960241081954108,1.0904674753505985,2.180934950701197,9.48616174484521,18.97232348969042,5.1665943955697685e-06,False
0xafa5f42b75d033d4ec8af18f7a502dced2792d1a,159,0.9937106918238994,0.4493670886075949,9396.735059999999,0.425722797480241,0.851445594960482,-0.42546706111420507,-0.8509341222284101,2.6925850017681525,5.385170003536305,5.1178904805560635e-06,True
0x5c605f2d505db0de201c51bcf88afaa9be55e273,223,0.017937219730941704,0.0,9343.999,1.9926425505821774,3.985285101164355,3.295524218270398,6.591048436540796,36.09748620478153,72.19497240956306,5.0891680170905426e-06,False
0x3e051c89cd06e6867ce98c758fcc665d2148e1bb,169,0.08284023668639054,0.2142857142857143,9290.5,9.135567668315902,18.271135336631804,9.314212548591366,18.62842509718273,17.353034860186476,34.70606972037295,5.060030021704806e-06,False
0x1ca4cd432343298e46aface331e83a476ee78d9d,43,0.27906976744186046,0.5,9238.933480000002,-0.9690358448095698,-1.9380716896191397,-0.7164079459989493,-1.4328158919978986,-5.357030518665616,-10.714061037331232,5.031944543063739e-06,False
0x2bd4caffd5f377be7b4cfdf5f858f0c17136e799,326,0.018404907975460124,0.0,9226.98102,-1.9266460741699785,-3.853292148339957,-16.642289397177695,-33.28457879435539,-25.101440119606256,-50.20288023921251,5.025434688219195e-06,False
0x6e28520e5e4c821f55086805bfe8354d1b6df5f5,109,0.06422018348623854,0.0,9196.22115,3.0274914665109356,6.054982933021871,5.368044388949693,10.736088777899386,1.1175678658307677,2.2351357316615355,5.008681460119121e-06,False
0xe419221e9701ffada0c3236df4eaebb66882af47,236,0.9830508474576272,0.43534482758620685,9158.48508,-0.34377700634642244,-0.6875540126928449,-1.683172125655532,-3.366344251311064,0.7026339355500172,1.4052678711000344,4.988128675328082e-06,True
0x6bee6f27111277bf4fd158274e40a16dfde99e13,242,0.03305785123966942,0.0,9093.92823,-0.563634314057228,-1.127268628114456,-7.890880396798856,-15.781760793597712,1.5030248374846065,3.006049674969213,4.952968070505231e-06,False
0xce4e6809757dc0caa7eacb069cdd6c21126e8f21,48,0.7916666666666666,0.07894736842105265,9053.05542,0.05736778520989034,0.11473557041978068,0.34880392247653447,0.6976078449530689,-3.165155984552188,-6.330311969104376,4.930706874049558e-06,False
0xe9c8d9798661c2c86589fea6272f746ad9d3a0b9,196,0.8979591836734694,0.30113636363636365,8972.252639999999,0.8669054844516001,1.7338109689032002,0.7549851744380001,1.5099703488760001,-2.5471059054798904,-5.094211810959781,4.886697994803315e-06,True
0x8df3751ef1e5dc42ef732ee88d229a277076eb65,535,0.4691588785046729,0.0,8884.449989999997,-0.44718692096015805,-0.8943738419203161,-1.9479506782422267,-3.8959013564844533,-4.605149945986076,-9.210299891972152,4.838876667104564e-06,False
0x413b06977ee339fc503522ba3ca527a8702f6394,255,0.043137254901960784,0.0,8831.905770000001,2.3468026151368093,4.693605230273619,-5.529414359537041,-11.058828719074082,-23.480412526626548,-46.960825053253096,4.8102586884524956e-06,False
0x9869f01cb0bf8d45d92a827ad3f80c5cf63951f8,355,0.7464788732394366,0.47547169811320755,8827.988,4.679110791461287,9.358221582922575,5.195979455316633,10.391958910633265,10.955557725585017,21.911115451170033,4.808124892228595e-06,True
0xf55f9ad7bb566c41ea315ff21735e9ca6f92dabf,30,0.8333333333333334,0.4,8809.39659,0.35021610427831434,0.7004322085566287,-0.521419078091695,-1.04283815618339,2.020521316192045,4.04104263238409,4.7979991624244065e-06,True
0x0202ef0ff22c58039de970c4460c9ebd2ed6b309,52,0.5,0.19230769230769232,8662.18433,-2.862445794580933,-5.724891589161866,-1.949537481183275,-3.89907496236655,-10.870074873707198,-21.740149747414396,4.717820651562449e-06,False
0x750913836c2c16989e15dcb06a9d1ba740e0543d,34,0.23529411764705882,0.25,8615.65004,-0.37836889613034763,-0.7567377922606953,-0.8347639743253579,-1.6695279486507157,7.633675347823953,15.267350695647906,4.6924759548896414e-06,False
0x6d7537927e0e4ee2f81b9d4e8537c7fd3fcf6e69,32,0.40625,0.46153846153846156,8601.493199999999,-0.8643502725467672,-1.7287005450935344,-0.15621885921973527,-0.31243771843947055,-3.112749991525897,-6.225499983051794,4.684765494159597e-06,False
0x7cfdbbbd489199701f9d72f3afee1029708c5360,41,0.2926829268292683,0.16666666666666666,8599.54875,-0.07542742684687553,-0.15085485369375107,9.96517537780899,19.93035075561798,-4.6850930331289975,-9.370186066257995,4.683706458007001e-06,False
0x3e5882df582b5f4d573aa8df9e24092228a5d494,38,0.2631578947368421,0.0,8586.9766,-3.0509413254069484,-6.101882650813897,-4.663861347517399,-9.327722695034797,-3.0789246171441618,-6.1578492342883235,4.676859091725597e-06,False
0xa41bbc2063daeaa250d5cd624ccdc4d5904f46b4,79,0.9620253164556962,0.0,8573.10642,-0.43920161404583036,-0.8784032280916607,-1.9498371760133115,-3.899674352026623,6.4836059051218236,12.967211810243647,4.669304759105561e-06,False
0xaa2a33c424b92cdc042e40c522cb48e586e83026,68,1.0,0.0,8450.396340000001,-0.8803862987925406,-1.7607725975850812,-0.6506881520879256,-1.3013763041758513,-4.324976251804773,-8.649952503609546,4.602471252968562e-06,False
0x5fabb3c1a39599b9419da54c12ca3095d1b47ca5,85,0.16470588235294117,0.4285714285714286,8422.521750000002,-1.5561536813955033,-3.1123073627910065,-2.273637023911125,-4.54727404782225,10.556473499500129,21.112946999000258,4.587289479948518e-06,False
0x33a1a233d9779116a9889469bec23263a65850b6,64,0.0625,0.0,8357.84,-1.1962912709185383,-2.3925825418370765,-9.132745364089,-18.265490728178,101.17367706919904,202.3473541383981,4.55206084888922e-06,False
0x0911c544ac2e4dbdf0a8db9c0f336886e610dc84,50,0.7,0.02857142857142858,8351.97331,-0.8592014210479074,-1.7184028420958148,-2.5063722596379945,-5.012744519275989,-2.9040772910323693,-5.808154582064739,4.548865581946855e-06,False
0x1e771e1b95c86491299d6e2a5c3b3842d03b552e,51,0.0196078431372549,0.0,8332.5,4.800480048004272,9.600960096008544,-18.001800180018684,-36.00360036003737,5.100510051003873,10.201020102007746,4.5382595291809155e-06,False
0x5aeb8e9fddb391940bd71f5429641ee64b5ae317,59,0.3220338983050847,0.42105263157894735,8311.78562,-1.4943556799534543,-2.9887113599069086,0.2132294767966456,0.4264589535932912,-9.930456346814093,-19.860912693628187,4.526977533090178e-06,False
0xe6976d916b648bc23616299e5a4c0b42abf0a0be,63,0.07936507936507936,0.0,8297.36435,1.2613453856766603,2.5226907713533206,1.7711364874688733,3.5422729749377466,11.59830348103111,23.19660696206222,4.519123051721994e-06,False
0x868247ac3a31fbf0757af3bc6239cfb8f2c1e89c,45,0.15555555555555556,0.0,8270.59519,-2.22706151692689,-4.45412303385378,1.0447508641739813,2.0895017283479627,-8.183708798503485,-16.36741759700697,4.504543346296471e-06,False
0x677cf3b2e19b52a016d042113107e2bf2e55a3f1,846,0.03664302600472813,0.4516129032258065,8202.963860000002,4.371622062274607,8.743244124549214,4.85865884029545,9.7173176805909,10.550669683410915,21.10133936682183,4.467708239444545e-06,False
0x63198a1688fd2302c5e576ade7b2570bb44bb537,33,0.12121212121212122,0.0,8190.66291,0.126777628985959,0.253555257971918,1.155896480036493,2.311792960072986,-27.59072656206738,-55.18145312413476,4.461008581052048e-06,False
0x8e32209749102c44a847c5cbb7b4706ae8baafbd,33,0.12121212121212122,0.0,7999.5357,-0.17892288423711256,-0.3578457684742251,-2.9522275899091794,-5.904455179818359,-1.6997674002503445,-3.399534800500689,4.356911985544306e-06,False
0x7c0b0f501035ecefa5cfcd9f14d8977799c0ecb8,32,0.15625,0.0,7867.487799999999,-1.2802164965661698,-2.5604329931323395,-17.184884964014856,-34.36976992802971,-13.509505154861454,-27.01901030972291,4.284992676755427e-06,False
0xc5b46513ea71294ba740e115f88b697c26d25c8b,37,0.08108108108108109,0.0,7851.618,-2.5089605734772222,-5.0179211469544445,-2.1505376344086837,-4.3010752688173675,-21.1469534050183,-42.2939068100366,4.276349259884597e-06,False
0xc5866fc7da8de447646c241a2de083a35ca66b34,517,0.988394584139265,0.48532289628180036,7828.76829,-0.6966018993617523,-1.3932037987235046,-1.0335349789552177,-2.0670699579104355,-1.40466247613465,-2.8093249522693,4.263904265687595e-06,True
0xfae20dc42ca6f569c70f2157b3929bc3f3b8aed4,38,0.3684210526315789,0.0,7789.21411,-1.9171825348627345,-3.834365069725469,-10.950547010743678,-21.901094021487356,-5.274783621388006,-10.549567242776012,4.242361255270081e-06,False
0xc94c7152f483b568971a397a00b6657c09facf73,63,0.047619047619047616,0.33333333333333337,7788.255520000001,0.12077294686005097,0.24154589372010193,-4.939305740618956,-9.878611481237913,-5.618027483476847,-11.236054966953693,4.2418391634366485e-06,False
0x764d095b77d3cc2014a949fa0cb23a1f512b34ea,98,0.6530612244897959,0.0,7759.47229,1.5436234393939565,3.087246878787913,-6.25502909189278,-12.51005818378556,0.20726322347438764,0.4145264469487753,4.226162503631295e-06,False
0x1f6ec64d3fe467317d135605dd3f7a7925315c6c,32,0.625,0.05,7726.363000000001,0.9239775030353371,1.8479550060706742,0.02623597442728056,0.05247194885456112,-11.411463715593111,-22.822927431186223,4.208129674246727e-06,False
0x8eae98924e9754316e5b9ef96002d9159bdf5ee5,97,0.4948453608247423,0.20833333333333337,7609.392989999999,1.0510764263268928,2.1021528526537856,-0.26646520413049934,-0.5329304082609987,-0.21295288961186878,-0.42590577922373757,4.144422472025197e-06,False
0x831264ee318912e3a42dae9439ec9dde7f22311d,67,0.1044776119402985,0.0,7599.56272,-3.4097202817217913,-6.819440563443583,0.9137066021559702,1.8274132043119404,-16.041283515059483,-32.082567030118966,4.1390684586436295e-06,False
0x598538581ef94ccc182b2f04dcb3e3d03c1297ed,40,0.025,0.0,7575.254400000001,-2.653693056169937,-5.307386112339874,0.44228217602727526,0.8845643520545505,-35.82485625829258,-71.64971251658515,4.125829038916252e-06,False
0xa55c14cd3b2b11bf854a4191c028cc1ad6e9de6e,113,1.0,0.4336283185840708,7556.36995,-0.7262898353795805,-1.452579670759161,-1.206950185205725,-2.41390037041145,-0.26732742778626384,-0.5346548555725277,4.115543706163075e-06,True
0xd405f0f2d5dfb6763743e52f2bae44de8dd349d3,69,0.057971014492753624,0.0,7499.74288,0.0,0.0,-9.895645915797957,-19.791291831595913,-9.445843828715724,-18.891687657431447,4.0847020211901255e-06,False
0x2119ebde934fac7d0a67cd7261970a745b6c68bb,198,0.03535353535353535,0.4285714285714286,7393.54103,-0.7936641180324037,-1.5873282360648073,-2.9423987509559413,-5.8847975019118826,-3.7069095635377116,-7.413819127075423,4.026859650019512e-06,False
0xed0eb4f29fe044a17b791d13a3ed596fa008df3e,68,0.22058823529411764,0.06666666666666665,7364.42083,0.5380196747256193,1.0760393494512386,3.154877837132059,6.309755674264118,6.619915449714144,13.239830899428288,4.01099946098361e-06,False
0x734459d20d57cb748090dec99375efa3c8c42ebc,247,0.9959514170040485,0.43089430894308944,7343.59231,-0.7712338782086837,-1.5424677564173674,-1.6488518929760492,-3.2977037859520983,-2.052749193336387,-4.105498386672774,3.999655299043168e-06,True
0x5ed4a0b9df8fbf96c8442c808ed080e2f304ce2b,253,1.0,0.4980237154150198,7306.82424,-0.9303640737149199,-1.8607281474298398,-1.0994010768757883,-2.1988021537515765,-1.3383609130944578,-2.6767218261889156,3.979629731200733e-06,True
0x9d867571850ca26a74c7497aa8be370cfbb86018,134,0.014925373134328358,0.0,7292.67504,6.259884027411745,12.51976805482349,22.733263046915873,45.466526093831746,36.07670005271501,72.15340010543002,3.971923431563135e-06,False
0x6e098ae113561cba9fa4b96a47c95a460de09bcb,50,0.24,0.0,7254.247869999999,-2.992036519215095,-5.98407303843019,-17.488643450417694,-34.97728690083539,10.648329926662976,21.296659853325952,3.950994242192362e-06,False
0x81b4587535820244a39e872e0a0072734bfd7a26,85,0.24705882352941178,0.38095238095238093,7205.506899999999,-0.3999689465903004,-0.7999378931806008,1.066286863464857,2.132573726929714,-2.055713902731366,-4.111427805462732,3.924447686949155e-06,False
0x9c723d843cf2c059d25a643c0d8a2a8a76f6bab7,465,0.35913978494623655,0.3652694610778443,7151.3544999999995,-0.41662770963039836,-0.8332554192607967,-3.4302128349497236,-6.860425669899447,-0.9301324241233415,-1.860264848246683,3.894953820123111e-06,False
0x8d3b38316f4fa5db1779ee372d1ddae465b55769,1577,0.05580215599239061,0.0,7140.349,2.4907118138362976,4.981423627672595,2.162799321810184,4.325598643620368,1.935768285408622,3.871536570817244,3.888959722883579e-06,False
0x5d1e1facc44e8f5013cf34845eef86e50f8dace3,75,0.21333333333333335,0.375,7095.9529,3.174319420849688,6.348638841699376,-6.225825919734157,-12.451651839468314,11.645942494786059,23.291884989572118,3.864779582003475e-06,False
0x87fc17325d497c415b53af1c1c0bc8d12c78b24c,301,0.9767441860465116,0.4727891156462585,7093.6432,-0.02687514053512704,-0.05375028107025408,-0.7565528891537854,-1.5131057783075708,0.9200368399314377,1.8400736798628754,3.863521614042533e-06,True
0xb71848a90900c35cb15fdfe8fe2edae3d71de6fa,189,1.0,0.4708994708994709,7058.111500000001,-1.2968592481961438,-2.5937184963922877,-1.5672499077750455,-3.134499815550091,0.26255797560894634,0.5251159512178927,3.844169429690538e-06,True
0xa228e01571c3e303dcececabd8e9ad06af3eb0c3,55,0.14545454545454545,0.125,7024.9,8.355474212133066,16.71094842426613,-11.23862448860939,-22.47724897721878,-5.841305129402761,-11.682610258805521,3.8260809320783696e-06,False
0x622cb899544322b5955747c5458e2e6ff5a8cef5,31,0.16129032258064516,0.0,6999.6206,0.9398005932318709,1.8796011864637419,6.7224843946791335,13.444968789358267,9.215920700343062,18.431841400686125,3.8123126178939144e-06,False
0xe28c4c37c93a9c2f14e91e89c44443dff25579ff,32,0.25,0.0,6943.73847,-3.6139248137322384,-7.227849627464477,-3.7526466046308045,-7.505293209261609,-7.195488570557827,-14.390977141115654,3.7818766612202354e-06,False
0xc99ce538a514dd520996e06ed7a85acd2ff4f13c,1089,0.5353535353535354,0.0,6872.2385300000005,0.027956076405145868,0.055912152810291736,-1.3132341535353982,-2.6264683070707964,0.04843172927892968,0.09686345855785936,3.7429345329225024e-06,False
0xd4d4cc462723276b7703786f240b09d45558bcda,31,0.41935483870967744,0.38461538461538464,6864.5,1.3065305737730706,2.613061147546141,3.129293611404658,6.258587222809316,-6.660436749178919,-13.320873498357837,3.738719776545142e-06,False
0x90b49ee80c658a058cd0b11a1733f2b95833bbef,171,1.0,0.05847953216374269,6856.496640000001,0.6638758189850055,1.327751637970011,-4.266817605690668,-8.533635211381336,-5.080760776062362,-10.161521552124723,3.7343607816713995e-06,False
0x20003e1a82c61f539299de2879ed089bacfaab8b,40,0.2,0.25,6820.45,-0.12943986661521167,-0.25887973323042335,1.662350428406447,3.324700856812894,-8.990803502104749,-17.981607004209497,3.714728137509988e-06,False
0x71d5a2c13020f0eb621922fcc4645ef5fb34f4ea,43,0.32558139534883723,0.14285714285714285,6762.877339999999,-0.08191420640727487,-0.16382841281454974,-0.28943723844560004,-0.5788744768912001,1.6082255651646438,3.2164511303292875,3.683371441096511e-06,False
0xa5ab762aee588cb38d00ff162bba990451de71f3,102,0.0196078431372549,0.0,6713.88132,-4.833803147884842,-9.667606295769684,-9.657887758494992,-19.315775516989984,18.14063629528843,36.28127259057686,3.6566859739909687e-06,False
0x93dcb9d401bea3e63b0f703bca66ee1d0d4c06da,39,0.15384615384615385,0.3333333333333333,6705.153679999999,-2.101954039265829,-4.203908078531658,-5.686537678180876,-11.373075356361753,-5.767568869355679,-11.535137738711358,3.6519325031962173e-06,False
0x919bea57e3d2439e8bddd7e6be3281dbd2cfc2a8,39,0.07692307692307693,0.0,6670.69123,0.19926074264503135,0.3985214852900627,-2.9888664677166035,-5.977732935433207,-11.457769668194139,-22.915539336388278,3.633162681160644e-06,False
0xe4042c9b91e090abc2e08a711d357fadd6c0a9a3,55,0.9636363636363636,0.2264150943396226,6644.475,0.31234977623679283,0.6246995524735857,-3.913945951517164,-7.827891903034328,-2.3209185413912956,-4.641837082782591,3.6188841266311874e-06,False
0x47943bb50546364ed8dd82890af882c389142d93,323,0.9164086687306502,0.2635135135135135,6626.998949999999,-0.9088559123369695,-1.817711824673939,-1.6352431104343699,-3.2704862208687397,-1.4707827930406183,-2.9415655860812366,3.609365872752406e-06,False
0x5a37640437ed4f7a5532024d6601c7ef366d56d9,1230,0.0016260162601626016,0.5,6614.9784,-5.973715651135941,-11.947431302271882,-3.5842293906811395,-7.168458781362279,-25.686977299880084,-51.37395459976017,3.60281893298841e-06,False
0x549de4f045f71d962fff89e8c023b52b9db89c2c,288,0.013888888888888888,0.25,6581.195100000001,-1.4776055202803642,-2.9552110405607284,-3.6474067910056975,-7.294813582011395,-6.429757331999154,-12.859514663998308,3.584419007017552e-06,False
0xcfbeabe899fade3a19d18e5ea24ee37924fe5604,67,0.19402985074626866,0.15384615384615385,6551.65468,-0.1390683241556245,-0.278136648311249,3.278104533520771,6.556209067041542,-3.5076346759396078,-7.0152693518792155,3.5683299470042293e-06,False
0x17ce36805f5a3fe362dfdf29fff9513847b7266d,205,0.6878048780487804,0.3900709219858156,6537.99509,-0.619043096472721,-1.238086192945442,-3.624509326752047,-7.249018653504094,-5.055178395125062,-10.110356790250124,3.560890311302795e-06,False
0xc88fe8b125a79c619f0528883fb73b8a6cd8ceab,81,0.024691358024691357,0.5,6507.23332,6.771752183989857,13.543504367979715,21.04000935742018,42.08001871484036,4.137060890250428,8.274121780500856,3.5441360483760657e-06,False
0x5e5f2989908bf34d5d94e4916e39c7b5d109990c,40,0.025,0.0,6500.0,5.000000000000645,10.00000000000129,17.307692307692964,34.61538461538593,49.999999999999616,99.99999999999923,3.540196452406355e-06,False
0xdaec2c114162743546a3c68becc780d5ceac440b,127,0.031496062992125984,0.0,6443.25,1.316866197214071,2.633732394428142,3.6484935476007117,7.296987095201423,-10.371228999599525,-20.74245799919905,3.5092878141488072e-06,False
0x3bb1a2120eb8c1886d102b14cc67d2d0cf40a646,1969,0.004062976130015236,0.25,6438.972,5.127226730694116,10.254453461388232,9.630625967718238,19.261251935436476,3.0488920662522556,6.097784132504511,3.5069578202375156e-06,False
0xba208f8ba2fa377dfa9bae58a561d503c3f4d96c,87,0.16091954022988506,0.21428571428571427,6438.724319999999,-1.0001423565292984,-2.000284713058597,-2.6454692212635362,-5.2909384425270725,11.465310797999882,22.930621595999764,3.5068229224133105e-06,False
0x6b47759b5a568580edb80b5e5321a6e07753b7cd,39,0.1282051282051282,0.0,6326.32554,-2.2467259881153874,-4.493451976230775,-18.21030537736043,-36.42061075472086,11.943122357880533,23.886244715761066,3.445605420534726e-06,False
0x639bd9255907cb915a117c7a82e31e516d2bf05b,100,1.0,0.43999999999999995,6324.098290000001,-0.26547939059762427,-0.5309587811952485,-0.2247712685030699,-0.4495425370061398,-1.041147133407536,-2.082294266815072,3.444392358604169e-06,True
0x5235bf673dc6fd609fe3c8c9e476dd8215115cea,396,0.8636363636363636,0.4707602339181286,6323.1513,-0.8500282482180078,-1.7000564964360156,-1.1439690546303636,-2.287938109260727,-1.0463888491888143,-2.0927776983776285,3.4438765846597895e-06,True
0xc3f449389734c3f54a162fd30d0495350db61bb4,34,0.7941176470588235,0.4444444444444444,6259.18216,1.498714749818924,2.997429499637848,1.7651972432807759,3.5303944865615517,6.890032425887381,13.780064851774762,3.4090360735072535e-06,True
0xce741d86bff090a94740f81a80bbb6a335e0271e,199,0.04020100502512563,0.0,6240.5999999999985,-2.025646540062768,-4.051293080125536,-1.0212567886050004,-2.0425135772100007,3.7193107504798877,7.438621500959775,3.3989153816749374e-06,False
0xc540ac1c7e436c69e186ad0c81a87d8e8ca8c853,42,0.14285714285714285,0.16666666666666663,6226.72873,1.0666439664395309,2.1332879328790617,7.3170768415702305,14.634153683140461,6.409938888147146,12.819877776294293,3.3913604553911887e-06,False
0x2dd506b91052313cbd720a6b549d48dc8d0778e6,168,1.0,0.0,6112.21349,8.149028072726741,16.298056145453483,-8.88863820374267,-17.77727640748534,14.563336876498633,29.126673752997267,3.328990232868964e-06,False
0xe4dc407c18198f64fe39e9003da84334aa1b9ab8,110,0.5181818181818182,0.21052631578947367,6099.52118,0.19261362924418385,0.3852272584883677,0.7506168747775893,1.5012337495551786,1.9489047379680526,3.8978094759361053,3.3220774219712957e-06,False
0x215356192a720abe3c8ba2ab2d98924548873fe5,160,0.18125,0.27586206896551724,5999.77183,-1.8361173420928898,-3.6722346841857796,-11.860748914044944,-23.721497828089888,12.313085094439455,24.62617018887891,3.267749376586705e-06,False
0x75e6e34a78cd19054bd0f298eb47b6ddfa2c4127,118,0.3898305084745763,0.0,5989.56075,6.441295098026386,12.882590196052773,2.625099608609822,5.250199217219644,15.131092135895388,30.262184271790776,3.26218795671113e-06,False
0xc7b0e4ca0cbc6d94ac6cba5563e83b48730fbc45,353,1.0,0.34560906515580736,5989.27866,2.592221942372696,5.184443884745392,-1.413649043010414,-2.827298086020828,5.39684063119722,10.79368126239444,3.2620343176315517e-06,True
0x8e0fcc28828e5488400f23c7ab7eaf0ce3d77a46,215,0.6930232558139535,0.013422818791946308,5944.40286,-0.43283178738059347,-0.8656635747611869,-3.148965813352101,-6.297931626704202,-5.987004595836272,-11.974009191672543,3.23759291025326e-06,False
0x51f686c821e5940a0db064664526d7a5d47c92ae,305,0.49508196721311476,0.44370860927152317,5924.012100000002,0.8084984262996708,1.6169968525993417,3.7477223889355087,7.495444777871017,2.523322173295421,5.046644346590842,3.2264871723742043e-06,False
0x85ebb8892406e7663d780595c886e477ae04364a,208,1.0,0.34134615384615385,5846.5216199999995,-0.31138374088600157,-0.6227674817720031,-1.0215447834620868,-2.0430895669241735,-3.287753049633304,-6.575506099266608,3.1842823227755465e-06,True
0xc105d7d1db395462b49889b1c15c79165384172c,58,0.5344827586206896,0.0,5822.75193,-2.5837070500977455,-5.167414100195491,1.0177908803801956,2.035581760760391,1.3353653383551671,2.6707306767103343,3.1713362655120396e-06,False
0x4c1363ecd9851ceb48d1f59a94eafe40e3b5aedc,31,0.0967741935483871,0.0,5822.5300799999995,0.24070864625401245,0.4814172925080249,3.1292124013090032,6.2584248026180065,48.14172925091366,96.28345850182733,3.1712154358838903e-06,False
0x00417037b51dd14e9c2044bd2b795a95dcdf914f,57,1.0,0.47368421052631576,5809.213159999999,-1.2072858117631629,-2.4145716235263257,-1.1407307437695102,-2.2814614875390204,4.18062069456755,8.3612413891351,3.1639624338929706e-06,True
0x5d9f101c092e41b16358d1111fc8db086623a970,60,0.6666666666666666,0.44999999999999996,5799.57239,-0.19545013174442777,-0.39090026348885554,-2.6744382360690886,-5.348876472138177,-6.631113737683011,-13.262227475366021,3.1587116308541302e-06,False
0xf70d5a0e488d31533bfdbf726242cf311322a19e,75,0.9066666666666666,0.4852941176470588,5794.26733,-0.1849122952365621,-0.3698245904731242,-1.8189016234335653,-3.6378032468671306,-0.8601077763926123,-1.7202155527852245,3.1558222532246218e-06,True
0x250ed2c1a0b5762648fffd9e25ae4719331533bd,44,0.09090909090909091,0.0,5743.8756,-0.8609591490364724,-1.7219182980729448,-1.8390512049194583,-3.6781024098389166,8.192960679194366,16.38592135838873,3.12837661879745e-06,False
0x5eacf2a1da3f7d8c9c576cb51dc8fa7233d7ebdd,57,0.03508771929824561,0.0,5740.29984,0.0,0.0,-14.64494927846785,-29.2898985569357,4.643520502929589,9.287041005859178,3.126429096817964e-06,False
0x4932a4bd0675b817fd7212e199407012c998e105,149,0.8523489932885906,0.03149606299212604,5691.31397,0.4013873278392585,0.802774655678517,2.796764154401022,5.593528308802044,3.9667492306312964,7.933498461262593,3.099749157865343e-06,False
0x27a694f072df54b099fa5e09929f5f6f02a21801,33,0.06060606060606061,0.0,5665.0,-9.470251501502572,-18.940503003005144,-102.22222222222278,-204.44444444444557,-19.839996246246987,-39.67999249249397,3.085417369674154e-06,False
0x6392769b7ada2617f2f7bc5e1b1447303f086e0f,91,0.5824175824175825,0.41509433962264153,5657.354170000001,-1.0291685715174799,-2.0583371430349597,-3.916127150683143,-7.832254301366286,-7.335141460210504,-14.670282920421007,3.081253101944662e-06,False
0xd142c0df4b4f63c4d6afe8b35249162fdf73b73c,278,0.0035971223021582736,0.0,5632.0389000000005,6.2555853440574305,12.511170688114861,2.9788501638361664,5.957700327672333,4.170390229372327,8.340780458744653,3.067465251322245e-06,False
0x1d6c55de5e337d4d77920888085628094d915f5e,61,1.0,0.47540983606557374,5625.3992100000005,-0.6172594647985744,-1.2345189295971488,-0.26990502981530734,-0.5398100596306147,5.800273610117737,11.600547220235473,3.063848973324848e-06,True
0x9aba7e558a55ab45991915b07dc8dfb0b3de4f87,39,0.23076923076923078,0.3333333333333333,5579.868820000001,1.004552792601418,2.009105585202836,-0.5897925752428108,-1.1795851504856216,20.29058858720527,40.58117717441054,3.039051046377975e-06,False
0xc837287e0ee4a917893843b0e83e6948655ff538,43,0.09302325581395349,0.0,5553.550080000001,-0.8911596958175243,-1.7823193916350486,1.930846007605867,3.861692015211734,13.367395437262864,26.73479087452573,3.0247166602272355e-06,False
0x72678034ceb50c11fb599f850ed3dfa55edc78bb,221,0.18099547511312217,0.375,5523.84381,-1.2832961461088446,-2.566592292217689,-16.476764851971545,-32.95352970394309,-4.701410070164395,-9.40282014032879,3.008537270739816e-06,False
0x98d0e60828e17d1deba5b3924536909fe1387830,631,0.012678288431061807,0.0,5477.39501,0.015832256282674373,0.031664512565348746,1.779542070914422,3.559084141828844,-11.779011385296878,-23.558022770593755,2.9832391358200417e-06,False
0xebc4724fbee10cf3ab51a857c131cf56270f7ac8,191,0.9842931937172775,0.0,5305.00812,-2.7179669827690756,-5.435933965538151,-0.6031286447082418,-1.2062572894164836,0.2349131447754177,0.4698262895508354,2.889349373293986e-06,False
0x3fcd0c15f572907085aa6cc7a6ee5d0813ce8ef6,39,0.07692307692307693,0.33333333333333337,5290.304999999999,2.785346654556426,5.570693309112852,2.300938540719928,4.601877081439856,-8.840448077505348,-17.680896155010696,2.881341383561169e-06,False
0xb8c0938397f3a7eacdf9209334161d0436f28b25,180,0.9888888888888889,0.4269662921348315,5287.34886,0.28521100055695986,0.5704220011139197,0.3525241628524078,0.7050483257048156,2.8504453525603326,5.700890705120665,2.8797313348933518e-06,True
0xea3b70eca2cace8c44aa6eb3458b59e953325162,164,0.024390243902439025,0.25,5282.73632,1.5893188009985582,3.1786376019971163,-0.8676597079569393,-1.7353194159138785,6.953634667151711,13.907269334303422,2.877219135240339e-06,False
0x76fe081d8ef339c381d3b1a87fe8161be6b77777,246,0.0040650406504065045,0.0,5270.1197600000005,-3.294498188024703,-6.588996376049406,12.27949324627989,24.55898649255978,9.284494893529578,18.568989787059156,2.870347581247482e-06,False
0x1726b3f1068b8858107f0123821ceae33698228e,909,0.1419141914191419,0.17829457364341084,5187.9832,-4.0330919000862195,-8.066183800172439,-8.238481674038383,-16.476963348076765,-5.984535423311013,-11.969070846622026,2.825612264582118e-06,False
0xaf85abb00044552c98e595e9cf9d1f0f0f7da8ea,218,0.25229357798165136,0.0,5183.07881,-3.467835327270961,-6.935670654541922,-0.32619629707913267,-0.6523925941582653,-2.2894957451522475,-4.578991490304495,2.8229411101083926e-06,False
0xe8f09e04fdf161f1d6fa3a1b18f23a284c77cf78,100,0.85,0.4117647058823529,5152.9999800000005,1.7156302265025922,3.4312604530051845,-1.568769769721235,-3.13753953944247,2.9748032117722274,5.949606423544455,2.806558807453234e-06,True
0xda0a78e5da27d871092fe7dcd40bb6befc68af56,40,0.5,0.19999999999999996,5143.84022,-1.5687550553192477,-3.1375101106384955,-1.7109637936917017,-3.4219275873834034,-7.388877606195952,-14.777755212391904,2.801569984398327e-06,False
0x9371b66c542cd897c5f1a7d00b38f069e546df2e,77,0.03896103896103896,0.0,5111.5,3.50024126114126,7.00048252228252,-4.91263482998277,-9.82526965996554,1.5358430969084012,3.0716861938168023,2.7839560256115514e-06,False
0x622fc18a3f1a616a331b96e4c17f1b457feb5c6f,5846,0.0008552856654122477,0.0,5086.016970000001,-3.2414495387373767,-6.4828990774747535,-3.2693737437249695,-6.538747487449939,14.827072142656315,29.65414428531263,2.770076805241926e-06,False
0x3f29c5035a596935565defa394a297917620dddd,32,0.375,0.33333333333333337,5066.0,-0.6732564541769254,-1.3465129083538507,5.419975196693283,10.839950393386566,-0.35382732599396743,-0.7076546519879349,2.7591746504447066e-06,False
0x36f710405eb044e78ef790e9f424f3cf1d8fc098,83,0.3855421686746988,0.0,5051.85249,1.6621467598849633,3.3242935197699266,-3.206406744973153,-6.412813489946306,-10.261223625376928,-20.522447250753856,2.7514692712581865e-06,False
0x600e4b5de210b8fa6566c3a8cdad62f917205402,71,0.7605633802816901,0.5,5051.227540000001,-0.9215265611131055,-1.843053122226211,3.822970784340822,7.645941568681644,5.471509090609301,10.943018181218601,2.751128894985428e-06,True
0x99e3327611c4d5abfeaa9c64c151817a9554fb5d,85,1.0,0.4117647058823529,5028.69937,-0.38276513176429344,-0.7655302635285869,-2.0611813111242774,-4.122362622248555,-0.9378463740403146,-1.8756927480806291,2.738859026137242e-06,True
0xca5773a9258dd2046b17721b50d8b6a08ffe1b35,38,0.02631578947368421,0.0,5000.23264,-1.073230064751588,-2.146460129503176,-3.935176904088732,-7.870353808177464,-41.14048581547669,-82.28097163095337,2.7233547466668407e-06,False
0x0d2c2f4f806ed65b4c55230d185833404e97c0fe,32,0.21875,0.0,5000.103,-2.4929030960244556,-4.985806192048911,-2.939979874789683,-5.879959749579366,4.736573125383733,9.473146250767465,2.7232841388102113e-06,False
0x106722f691a52daf0ea0dcd1eb86920c4cb061e4,145,0.013793103448275862,0.0,4999.14954,0.44173513561322647,0.8834702712264529,1.32520540683811,2.65041081367622,8.834702712255112,17.669405424510224,2.722764841008748e-06,False
0x2ba90dba46da390ca15d2ac24078d3a81bc85399,70,0.21428571428571427,0.0,4987.561139999999,-0.8133889359647407,-1.6267778719294814,-2.0669786138062496,-4.133957227612499,-6.470402522455127,-12.940805044910254,2.716453269844276e-06,False
0x93632628516a47cbf059db47426ff83e0969ec74,30,0.23333333333333334,0.2857142857142857,4987.53446,-0.25298981705686974,-0.5059796341137395,-9.971645119244599,-19.943290238489197,-2.287536701845012,-4.575073403690024,2.716438738699453e-06,False
0xb0ff9c9b8f7d80f24aef49ddcf6b35bb5a775d79,181,0.0055248618784530384,0.0,4939.5662,14.737488486337678,29.474976972675357,14.123426466072882,28.246852932145764,51.27417869204839,102.54835738409678,2.6903130365640525e-06,False
0x607f04f3c1c97a89704c83d4bc3aef8b791ae59f,143,0.027972027972027972,0.0,4926.450000000001,-5.6328593612036935,-11.265718722407387,-18.95381055323885,-37.9076211064777,1.5985141430426177,3.1970282860852355,2.683169355839583e-06,False
0x5d53c4df879ed574543a0cb450bb058a656679ea,88,0.48863636363636365,0.0,4924.81108,-0.4643728429645255,-0.928745685929051,-2.2267232477356043,-4.4534464954712085,-4.838704960259343,-9.677409920518686,2.682276725259617e-06,False
0x13cf159898b037f73029b23a9ec78dab16337453,165,0.26666666666666666,0.4772727272727273,4912.9235499999995,-0.7179457781107657,-1.4358915562215313,-1.6120868222424278,-3.2241736444848557,-1.9766540381315238,-3.9533080762630477,2.675802234254405e-06,False
0xca5390ac4366b23df221a040e65844a9b260e7d4,33,0.45454545454545453,0.1333333333333333,4889.216100000001,0.6976831689697053,1.3953663379394106,7.53854270338107,15.07708540676214,-1.2132872831620072,-2.4265745663240144,2.662890075733544e-06,False
0xce349bab5698f889e516c9dbf7bfe83a740fcbab,445,0.7101123595505618,0.379746835443038,4881.13996,-0.39150583092943403,-0.7830116618588681,-0.8674577873017038,-1.7349155746034075,-2.983090740679187,-5.966181481358374,2.658491441552446e-06,True
0x48a98e3c95c90c81953566695e71c5f43d430fd6,319,0.003134796238244514,0.0,4864.357100000001,-6.395809222148015,-12.79161844429603,0.3045623439110889,0.6091246878221778,4.872997502588243,9.745995005176486,2.649350730562718e-06,False
0xfcb38d692a77c6389838a942eee52416748fe630,39,0.05128205128205128,0.0,4807.4099,1.878449845388857,3.756899690777714,-5.202900439848399,-10.405800879696798,3.0442926116408304,6.088585223281661,2.6183346881912596e-06,False
0x5b7e7f9005f18e1c2b07fe7cf5944daef50a4744,34,0.35294117647058826,0.0,4747.56764,-2.9558972529665017,-5.9117945059330035,-7.993464969269411,-15.986929938538822,10.089839899763389,20.179679799526777,2.585741864105725e-06,False
0xe071f9f8ea69eaf2e28c7cc82ab4f545ed5a45fb,572,0.005244755244755245,0.0,4732.1443,0.14514209410979553,0.29028418821959107,2.757699788092303,5.515399576184606,22.206740398850286,44.41348079770057,2.57734160971307e-06,False
0x653f58447302d8168e68afbd5c1bb887241ce021,51,0.3333333333333333,0.3529411764705882,4725.46836,-0.11980619247237086,-0.2396123849447417,-1.8274969060502857,-3.6549938121005714,-8.942447550463738,-17.884895100927476,2.573705588312381e-06,False
0xc52d2d6b04bd36ab2ae887eff667ff2733ee8873,102,0.08823529411764706,0.0,4715.357500000001,5.370355616162147,10.740711232324294,5.320658351830573,10.641316703661145,12.846097555090758,25.692195110181515,2.5681987528196466e-06,False
0xb28ab6ab51cf540aed994a8aac011a8785ddeb41,326,0.003067484662576687,0.0,4677.1919800000005,2.3087356786227136,4.617471357245427,-14.141006031573863,-28.282012063147725,-35.20821909901587,-70.41643819803174,2.547412069972224e-06,False
0xb43214607e960dd6780a2725a612e78fe7abbdeb,43,0.3488372093023256,0.4,4673.05961,-2.7840884479745367,-5.568176895949073,-4.269634769695426,-8.539269539390853,-3.3389102465722122,-6.6778204931444245,2.545161392800835e-06,False
0xcad85e1ec294f71f3ca68ef3261f894f50c1c4c3,36,0.5833333333333334,0.3333333333333333,4635.69,-0.0209019391255357,-0.0418038782510714,0.1173718759056814,0.2347437518113628,2.671726844943739,5.343453689887478,2.524808198839325e-06,False
0x2f37066fd7eebf55335640fce0dbb0b3fcbf926b,572,0.243006993006993,0.4028776978417266,4619.735549999999,-0.5498591213359076,-1.0997182426718153,-2.968699619228041,-5.937399238456082,-3.1292636499247113,-6.258527299849423,2.516118677717772e-06,False
0xb82c1d245333461c11e5b5210e69c14f0fcae8a0,38,0.6842105263157895,0.0,4607.97888,-1.8686746806574586,-3.737349361314917,2.0887009188987937,4.1774018377975874,-4.461897124649326,-8.923794249298652,2.509715459036832e-06,False
0x4467e048eb991ac263933d1cb81002dcee0ec4b6,36,0.08333333333333333,0.0,4605.01158,-0.5788041905430469,-1.1576083810860938,-2.6046188574406264,-5.209237714881253,-5.7880419054243,-11.5760838108486,2.5080993321240284e-06,False
0x420f93b04b85b384484a18b860de9a356a712a2d,38,0.23684210526315788,0.2222222222222222,4565.191790000001,0.8355492093615928,1.6710984187231857,-4.013235905343819,-8.026471810687639,-10.742840449721713,-21.485680899443427,2.486411658386557e-06,False
0x5a19bfe9c095c3bd188eca00a690b95200797aba,54,0.2037037037037037,0.2727272727272727,4504.45848,-0.661670890755646,-1.323341781511292,-12.016172168197205,-24.03234433639441,-24.848776699885846,-49.69755339977169,2.4533335278319575e-06,False
0xfadb480b9b02fa0c6313dc1026877859610dcd99,52,1.0,0.5,4486.96786,-1.0506345725060315,-2.101269145012063,-0.4980005804564979,-0.9960011609129958,-1.4156785907630949,-2.8313571815261898,2.443807338466667e-06,True
0x35ef9a6a61172229f30c645fa474ecabdb9782c2,49,0.6326530612244898,0.032258064516129004,4477.80014,-1.9689399031619248,-3.9378798063238496,-2.839226929010569,-5.678453858021138,-8.729932051091343,-17.459864102182685,2.43881418003272e-06,False
0x529047b34659f75a868342557bfb7ab8d19cfe7a,39,0.6153846153846154,0.4583333333333333,4429.33472,1.191345642020119,2.382691284040238,-1.07049947920434,-2.14099895840868,-1.03735537930255,-2.0747107586051,2.4124177018868144e-06,False
0x375155cebe185bec39238de94e079838c09d84f8,32,0.1875,0.16666666666666663,4418.22161,3.484608839131694,6.969217678263388,7.896919903772851,15.793839807545702,-5.725112822231693,-11.450225644463385,2.4063649953333986e-06,False
0x00febe8795ad5ffe487196ad2920cf0d7c25d409,55,0.2909090909090909,0.125,4393.473660000001,-1.0735484246043148,-2.1470968492086295,0.5541165523977596,1.1082331047955192,-14.145414200158005,-28.29082840031601,2.3928861330573488e-06,False
0x589b0d3b6d171e2e636dc3211ec9e18263a3fd34,386,0.3626943005181347,0.23571428571428577,4377.09001,0.6164315889864775,1.232863177972955,2.2061840763231064,4.412368152646213,-2.504166510030368,-5.008333020060736,2.383962850040815e-06,False
0xb40794eb7e9c965e0b16c2b5a8983ec369f71c76,59,0.288135593220339,0.0,4340.76818,-0.8648733180112584,-1.7297466360225169,-2.962759162254789,-5.925518324509578,6.636808878678596,13.273617757357192,2.3641803248545215e-06,False
0xdded7fdfbe3a150b3d00dbfb59edba78c93bff21,155,0.025806451612903226,0.25,4334.96267,-0.5692426795390279,-1.1384853590780557,8.699312451166398,17.398624902332795,-2.7117418421767274,-5.423483684353455,2.3610183793304583e-06,False
0x95432ec080c5c3be1fd86bfd4937dbf19f327936,34,0.14705882352941177,0.4,4333.6057,-4.875521542905803,-9.751043085811606,3.954609501718758,7.909219003437516,-0.8754232972493314,-1.7508465944986629,2.360279311579686e-06,False
0x430da63ea3b2806a227184e481fcbfb8af749324,150,0.9466666666666667,0.1267605633802817,4318.7122,-0.4594743354035721,-0.9189486708071442,-6.869281329328656,-13.738562658657312,3.0566748497175946,6.113349699435189,2.352167632216007e-06,False
0x747368332d5b52cb65e6fcfc0473f1287f9c36ed,61,0.16393442622950818,0.4,4296.180300000001,2.097580856015864,4.195161712031728,-3.2213412530579375,-6.442682506115875,3.507575616135746,7.015151232271492,2.3398957318397037e-06,False
0x5ff759703ebe83802f98f2bc67ee4429cd5b7489,239,0.3723849372384937,0.0,4288.897019999999,2.3348193543348854,4.669638708669771,1.930686300301151,3.861372600602302,-1.3853633691249891,-2.7707267382499783,2.335928925375413e-06,False
0x2879dd147456cf74fe87fb9d42c0ef6b1e2fa455,53,0.9811320754716981,0.0,4288.0363800000005,-18.045852930186808,-36.091705860373615,-31.072968522075875,-62.14593704415175,-7.385264223972762,-14.770528447945525,2.3354601815792907e-06,False
0x8e1318a226582c4b8f8f8023b4c39ff0a65c0f58,30,0.06666666666666667,0.0,4286.125,13.515695067264563,27.031390134529126,1.3114100647733453,2.6228201295466906,7.77777777777781,15.55555555555562,2.334419156856952e-06,False
0x75ee7dfabcbbb47f8b2abaf1f533b59d3e25354f,136,0.9632352941176471,0.0,4275.79658,-1.2719770516213311,-2.5439541032426622,-3.8443629903999477,-7.688725980799895,1.4183408170478553,2.8366816340957106,2.328793828265727e-06,False
0x3683eb09e793563b1107b77cb7684f4246cbbe82,34,0.38235294117647056,0.23076923076923073,4275.499020000001,1.5454446552946197,3.0908893105892394,-3.2418955272357874,-6.483791054471575,-2.5656544268916788,-5.1313088537833575,2.3286317635185923e-06,False
0xa24d0fdd64800fb0aaa45058710966f1e698f0bf,312,0.04487179487179487,0.0,4255.00614,0.6631623457618249,1.3263246915236497,1.1432869126707423,2.2865738253414847,10.352923904487259,20.705847808974518,2.3174704064300397e-06,False
0x6c398aca95b4d8a4a04f5bb532467c79983503d0,46,0.5869565217391305,0.0,4235.66521,2.6290803996633674,5.258160799326735,-11.48745461687616,-22.97490923375232,23.116037196430746,46.23207439286149,2.306936453849695e-06,False
0x39f2299440a87c89761861777f8d9e803e25196c,37,0.3783783783783784,0.0,4213.9400000000005,-1.206304995827209,-2.412609991654418,-5.8001369418791215,-11.600273883758243,-8.418041863144234,-16.836083726288468,2.2951039136389597e-06,False
0x73f5a1855a2c3b8d0a96aca0b1d69b37e7f98b51,39,0.15384615384615385,0.0,4213.53044,-1.6621071483146508,-3.3242142966293016,-5.858663325689222,-11.717326651378444,11.88495391217937,23.76990782435874,2.2948808485837216e-06,False
0x6ed65c062ac8bcc0e8e89b836835d854f8709224,205,0.44390243902439025,0.19780219780219777,4211.798390000001,0.3925493959475013,0.7850987918950026,1.8017407989706864,3.603481597941373,3.339595876971639,6.679191753943278,2.293937495158277e-06,False
0x37122ea734b3eb8afe61f4effe2039f81c22c379,30,0.5333333333333333,0.0,4209.10825,0.2034712974608237,0.4069425949216474,-4.331163074579307,-8.662326149158615,-13.635541090187212,-27.271082180374425,2.2924723222222033e-06,False
0xc5a51e00cb969301703ddb2e7be28dd959978afe,80,0.8875,0.0,4208.44535,7.614195074023093,15.228390148046186,-10.001061090792161,-20.002122181584323,15.347565825888324,30.69513165177665,2.2921112766486187e-06,False
0xd73136ecc91a9e19a5b9bb207f4c91886b2cf2f1,39,0.07692307692307693,0.0,4207.801799999999,0.30275507114781175,0.6055101422956235,1.816530426884719,3.633060853769438,4.844081138359609,9.688162276719218,2.2917607699675493e-06,False
0xd3d2a054df425665d6d7bf2f82cdae8e7a830967,38,0.21052631578947367,0.0,4190.08785,-0.05635713739682918,-0.11271427479365836,1.12906158779339,2.25812317558678,12.599166478277825,25.19833295655565,2.282112944898611e-06,False
0xbeec40cd2711645a363fcd75c898fcaf70bce7b4,262,1.0,0.3969465648854962,4121.24492,2.186915157697407,4.373830315394814,-0.6060063682634171,-1.2120127365268343,4.795821455900312,9.591642911800625,2.2446179454279556e-06,True
0xd656eef46050bdc43071050c033fcfbb9fabf252,228,0.2894736842105263,0.0,4110.25145,0.7422138139627917,1.4844276279255835,-3.471221576717294,-6.942443153434588,3.3669974822462687,6.733994964492537,2.2386304002750886e-06,False
0x0b5447deb1e73ad890c7e56e07d6dc7fd7f41ca3,42,0.07142857142857142,0.0,4079.85642,-0.32604088552628524,-0.6520817710525705,-6.520817710540762,-13.041635421081525,-3.260408855269803,-6.520817710539606,2.22207588067866e-06,False
0x2b12c65e5c78fb95bf3eb0507a679548d35eed96,162,0.04938271604938271,0.0,4069.1866,-1.2002726056564588,-2.4005452113129175,-2.3297239242469123,-4.659447848493825,-13.291198773547482,-26.582397547094963,2.216264610076843e-06,False
0xd1cc304e00ba78c09a9cf8e7f8fd176e2737ddfc,40,0.925,0.0,4044.898190000001,-1.6871684092898003,-3.3743368185796005,-2.0018657094637384,-4.003731418927477,5.051103793521482,10.102207587042964,2.2030360342435215e-06,False
0xbd013d5a6e50c5f09affa06be6d86effa4491336,40,0.325,0.3076923076923077,4021.1716199999996,2.198911006205482,4.397822012410964,3.395990233670015,6.79198046734003,10.634045034340302,21.268090068680603,2.190113462098633e-06,False
0x4af8ffa33db1c603d1207c6285ba55a48e71e1c2,41,0.024390243902439025,0.0,3999.8700000000003,0.0,0.0,-15.555555555555394,-31.111111111110787,19.365079365079346,38.73015873015869,2.178511628321017e-06,False
0x565b1c32936bdaa526947178acc95c5b08cfacc4,33,0.48484848484848486,0.1875,3999.048,1.1735400951964743,2.3470801903929486,-3.6816233957644897,-7.363246791528979,7.568936697544424,15.137873395088848,2.178063929631189e-06,False
0x00d4c6a4ae009d24f7a63f7150375d56f6947ca9,66,0.16666666666666666,0.4545454545454546,3996.3409599999995,0.40790891499715815,0.8158178299943163,-2.390822447491209,-4.781644894982418,2.63395319081871,5.26790638163742,2.176589552184339e-06,False
0xe656366bf01edafc31b920b6687508e5dfbeee3b,155,0.0064516129032258064,0.0,3974.5661999999998,1.450221158725902,2.900442317451804,14.502211587266748,29.004423174533496,-1.4502211587271903,-2.9004423174543805,2.164730024783724e-06,False
0xa7bf121024b8fe562e23277cbf027c749775dfcd,40,0.125,0.0,3967.51407,-0.218842324104972,-0.437684648209944,14.662435715068108,29.324871430136216,-2.7720027720022724,-5.544005544004545,2.1608891131517385e-06,False
0xb1871843e16d700c0fe39a55e4d7c3c874576f98,117,0.37606837606837606,0.43181818181818177,3943.93799,-1.4325497239275042,-2.8650994478550085,-3.304592619524234,-6.609185239048468,2.3956454254103905,4.791290850820781,2.1480485047244078e-06,False
0x14261696e629e97643bd126d47e46a29bf8e44d3,42,0.47619047619047616,0.5,3902.94313,5.095655143416493,10.191310286832985,-1.2888324464388208,-2.5776648928776416,-0.5800557168939261,-1.1601114337878522,2.12572083427227e-06,False
0xef43cdc09f3017e4c3cb57dc321d14729f6010c9,154,0.8701298701298701,0.4552238805970149,3857.5697200000004,-1.3928987393257266,-2.785797478651453,-0.7432940452632304,-1.4865880905264608,0.5548455616523368,1.1096911233046736,2.1010084057929505e-06,True
0xe0602e67b98075a993e8932dc4260f2d4fd14a97,30,0.36666666666666664,0.0,3824.95897,-0.2503621677022816,-0.5007243354045632,4.804182770693266,9.608365541386531,-1.8545732561211954,-3.709146512242391,2.0832471040298257e-06,False
0xeea048359dcc800128c5c01520e38a94b8c22e43,147,0.9251700680272109,0.05147058823529416,3778.20388,-0.2472363725902514,-0.4944727451805028,-3.2987605411684084,-6.597521082336817,-2.26868257593995,-4.5373651518799,2.0577821496067576e-06,False
0x5717979b503789041076f5c9c4213e059547b6f0,275,0.7018181818181818,0.12435233160621761,3776.1890099999996,0.5864522447133809,1.1729044894267617,1.9757772782215386,3.951554556443077,4.371733075865838,8.743466151731676,2.0566847595104407e-06,False
0xe687b524903fea10a648326d90130ffabe0215f9,226,0.8053097345132744,0.31868131868131866,3771.03356,0.25282264675219207,0.5056452935043841,0.1713885322969693,0.3427770645939386,-19.751643496808402,-39.503286993616804,2.053876866310355e-06,True
0xa15591153511ad516948b466e029188027d70507,257,0.058365758754863814,0.0,3769.89984,-0.04931696010246432,-0.09863392020492864,6.608472653746078,13.216945307492155,34.37392119149824,68.74784238299648,2.0532593906915822e-06,False
0x7111764e354e91c8c07f08433ef5b0d20001002d,34,0.11764705882352941,0.25,3721.08676,-0.24960214138633036,-0.4992042827726607,3.43453854661762,6.86907709323524,8.342176494027829,16.684352988055657,2.0266735610535784e-06,False
0x39a94149e514ea5c3d0643242eb20092a6cbc418,212,0.7735849056603774,0.34146341463414637,3708.9053499999995,-0.0022178020619274216,-0.004435604123854843,-1.0455807838731925,-2.091161567746385,3.876019336571891,7.752038673143782,2.020039009597069e-06,True
0x5ade8fc6abec1e673ca8abaa95ee09bdfbe44dd5,199,0.8190954773869347,0.3496932515337423,3703.524950000001,0.053593923880785384,0.10718784776157077,-0.9698272180294565,-1.939654436058913,3.9298411036737626,7.859682207347525,2.0171085983674503e-06,True
0x59d9eff3379f44156866b187eb1a8d99fa51b551,35,0.08571428571428572,0.0,3671.47325,0.3016500256395493,0.6033000512790986,-3.9214503333241413,-7.842900666648283,-14.680301247827112,-29.360602495654224,1.999651780731512e-06,False
0x6563540d8a8b2c0a2e8f31e6254b990d7c9d0192,81,0.9135802469135802,0.04054054054054054,3637.13482,0.7252317817464616,1.4504635634929233,-0.3100321095304879,-0.6200642190609758,-9.867084678987766,-19.73416935797553,1.98094950564425e-06,False
0xdbc1bbb2713a44eba36e1b91a3ee9bf7ed7272e5,42,0.09523809523809523,0.0,3614.77779,-2.7344011627324285,-5.468802325464857,-2.3697567843884713,-4.7395135687769425,-23.783110834209996,-47.56622166841999,1.9687728474454283e-06,False
0xe5aa47dbdab2973f539a29cbc89289e65d6a9b2a,305,0.013114754098360656,0.25,3594.5906400000003,-1.953641655412895,-3.90728331082579,-5.941108895274481,-11.882217790548962,-27.91594452250064,-55.83188904500128,1.957778004858629e-06,False
0x8e5ca70951327178c2ece5e78e606983ac1278dc,60,0.31666666666666665,0.26315789473684215,3586.88634,0.5925310986918353,1.1850621973836706,-1.6768504406307534,-3.353700881261507,-9.834275760989778,-19.668551521979555,1.953581891700433e-06,False
0x42967bfe83090846a191956fb1a30888f804a8e5,156,0.4423076923076923,0.0,3564.15464,1.16288509670677,2.32577019341354,2.0002964113165427,4.000592822633085,1.4757458541852244,2.951491708370449,1.9412011711316385e-06,False
0xcd8698cedd45bc250e0856408371b39506c3f907,235,0.01702127659574468,0.0,3548.2442300000002,1.4422259210478687,2.8844518420957375,2.42933367782405,4.8586673556481,33.103558256963815,66.20711651392763,1.9325356362026647e-06,False
0x0ac21bc6920f40be69068e143054fc0b29c8725f,103,0.11650485436893204,0.5,3502.45673,0.7748791724978572,1.5497583449957144,-5.710174167704722,-11.420348335409445,-9.868445894220022,-19.736891788440044,1.907597675423502e-06,False
0x47710ad680144b4c0489ee8bf9d9a9f868175cbe,50,0.24,0.25,3488.6380599999998,3.8201018739323,7.6402037478646,5.676538865136359,11.353077730272718,5.287722574532222,10.575445149064445,1.9000713974987365e-06,False
0xad2879fef02116f17349ccdad53661df11e28d8f,40,0.6,0.41666666666666663,3466.69989,-0.38794196323455193,-0.7758839264691039,0.03732675977876195,0.0746535195575239,1.5234004490168775,3.046800898033755,1.8881228695593077e-06,False
0xeeaf9c85f4ae3463119e040f80ab0365426923f7,147,0.02040816326530612,0.0,3451.6391599999997,-2.538875400583182,-5.077750801166364,-1.353469768189715,-2.70693953637943,6.197605105149837,12.395210210299673,1.8799201091105922e-06,False
0x76deb8e3504efec99c49b7ee7b8e5de5cffb70a3,59,0.0847457627118644,0.0,3429.9999999999995,-0.4664723032075672,-0.9329446064151344,-1.8658892128286115,-3.731778425657223,-28.921282798834778,-57.842565597669555,1.8681344356544302e-06,False
0x68862f8f466103f5c38df3f0f388b82357ecd103,336,0.01488095238095238,0.2,3414.73587,-1.0795573814736366,-2.159114762947273,-13.882011904026566,-27.764023808053132,-33.72472697542257,-67.44945395084514,1.8598208942890351e-06,False
0x17d746bb34bdbec4f4b0f3883bb4d2bf54048134,58,0.3620689655172414,0.1428571428571429,3358.28311,0.12562536303201935,0.2512507260640387,5.999098359393158,11.998196718786316,5.098361297121324,10.196722594242647,1.8290741464920277e-06,False
0x1bc4e557654c769fa3017f539cfb0926ad1fecdf,54,0.018518518518518517,0.0,3345.55886,-0.7052932256594295,-1.410586451318859,-1.763233064146068,-3.526466128292136,21.158796769756577,42.317593539513155,1.8221439396136384e-06,False
0xd3aa6214a0757ffd6f45d3225094e516c687fe0d,142,0.007042253521126761,0.0,3306.9399999999996,0.3344481605343376,0.6688963210686752,-0.6688963210710516,-1.3377926421421031,14.715719063544125,29.43143812708825,1.801110347126257e-06,False
0xfa63260309f4521af1d82316dae1ff5c9b5e9326,56,1.0,0.44642857142857145,3278.05913,-1.2612703188957473,-2.5225406377914945,-4.2573791962893415,-8.514758392578683,-5.314412170887825,-10.62882434177565,1.7853805081237328e-06,True
0xaa34d677736af2191bfced40a3648e6b4a686c74,43,1.0,0.4651162790697675,3268.9824999999996,-0.11331609011033929,-0.22663218022067858,1.272781716971917,2.545563433943834,5.675579136700739,11.351158273401477,1.780436961458224e-06,True
0xe840eb17b5ac94a539b50d68f18f0ec3cc09aa42,63,1.0,0.4126984126984127,3261.89821,-0.05829456223221638,-0.11658912446443276,-0.35515299571321257,-0.7103059914264251,1.1467591535799826,2.293518307159965,1.7765785340234828e-06,True
0x28233e5edddfc9f71f0cecf58ca98f6a2ca11f43,960,0.004166666666666667,0.25,3229.15457,19.52906297598215,39.0581259519643,3.528751168036992,7.057502336073984,66.25773043124127,132.51546086248254,1.7587448543055028e-06,False
0xfba8e46891ccd2a64d45873554e78b046867891a,122,0.6885245901639344,0.3214285714285714,3224.8075000000003,-0.03132680539244938,-0.06265361078489876,-1.3395947172425666,-2.6791894344851332,-2.702312414861484,-5.404624829722968,1.7563772417220627e-06,False
0x1716dcd4a3a2306d2cc3820b1c25170f2a575ef8,142,0.9295774647887324,0.0,3185.67252,0.5418849113278765,1.083769822655753,1.8059820900273869,3.6119641800547737,14.263663812355961,28.527327624711923,1.7350625467434482e-06,False
0x0a61d0fec85894717d4a40460a9e295208d819ac,1168,0.2568493150684932,0.0,3131.25434,-0.36580255697032765,-0.7316051139406553,-0.6674927178316936,-1.3349854356633872,-1.4870283677515317,-2.9740567355030634,1.7054239240076927e-06,False
0xbbd3672dd94e30fdf552aead6bcd064b90a95f6f,63,0.8412698412698413,0.39622641509433965,3106.25105,2.9766285301143767,5.953257060228753,-3.8435076346902166,-7.687015269380433,1.932941208678784,3.865882417357568,1.691805991922079e-06,True
0xf1747cb745f15e9f8d81f61455dee46fd3daafe9,75,0.013333333333333334,0.0,3106.0,-3.2195750160983785,-6.439150032196757,-8.370895041854412,-16.741790083708825,-45.074050225370435,-90.14810045074087,1.6916692586421752e-06,False
0xf352c4e38870d4b69042fd71f29bb87fe8c602ea,36,0.4722222222222222,0.4117647058823529,3059.159,-0.21232921986131081,-0.42465843972262163,7.946013464938074,15.892026929876147,21.238858043215235,42.47771608643047,1.6661575137149189e-06,False
0xaf722e3766d4e8d4d9dddaf39a910d45277c55a8,326,0.018404907975460124,0.0,3055.0000000000005,-2.509547190397832,-5.019094380795664,-4.746317512274945,-9.49263502454989,-44.62629569012535,-89.2525913802507,1.663892332630987e-06,False
0xaf1ac2168134cb8c5c0f9e57f982e00e62a224ce,61,1.0,0.360655737704918,3050.4903,0.36553664952898474,0.7310732990579695,1.8009293165149194,3.6018586330298388,9.932574767010347,19.865149534020695,1.6614361443323072e-06,True
0xae5aaed93b59e36ce22f28d5b712c07a2b5adf53,172,0.45930232558139533,0.3924050632911392,3046.10613,-0.3358969081996679,-0.6717938163993358,-0.9340920826423977,-1.8681841652847955,-3.646624887633579,-7.293249775267158,1.6590483253968078e-06,False
0x0e7fcdc85f296004bc235cc86cfa69da2c39324a,189,0.015873015873015872,0.0,3045.98815,-2.1753317380901414,-4.350663476180283,-11.633345411595656,-23.26669082319131,-28.50327506550009,-57.00655013100018,1.6589840681079687e-06,False
0xab98a398ee7929ed859432090de82aab3568ee87,81,0.037037037037037035,0.0,3020.52114,-2.101723413198192,-4.203446826396384,-2.401969615083038,-4.803939230166076,1.801477211313345,3.60295442262669,1.6451135729609843e-06,False
0x9616d5c71583b7f4f5af526d272080e84c56eb83,37,0.05405405405405406,0.0,3018.0552,1.6727493917268368,3.3454987834536736,12.469586374694895,24.93917274938979,30.261557177614193,60.52311435522839,1.6437705095702386e-06,False
0x854c461ba1aa95bcb3ac11d8e902ee89983c6e21,39,0.10256410256410256,0.25,3012.01503,-11.103581570292524,-22.20716314058505,-15.92501951177947,-31.85003902355894,-11.399953181140004,-22.79990636228001,1.6404807575077878e-06,False
0x7079b5814032c0b02425135f06f32a0084cdf2d2,702,0.005698005698005698,0.0,2983.6576800000003,0.22568269013794223,0.45136538027588446,2.932958555885314,5.865917111770628,4.963919483943444,9.927838967886888,1.6250360513739963e-06,False
0x4f2f913c350eb49857a7742308590725d7d027fc,80,0.6625,0.49056603773584906,2976.1319200000003,-1.6997527455321986,-3.399505491064397,-1.3922610422713635,-2.784522084542727,-5.1708207004396565,-10.341641400879313,1.6209371792426638e-06,False
0xa18bd56af8c9248517f4ef97f90c08f9dd62d559,151,0.7417218543046358,0.3571428571428571,2973.1185,2.565965288481145,5.13193057696229,-2.340373325767125,-4.68074665153425,7.41445386318742,14.82890772637484,1.6192959332744159e-06,True
0xdb43f7d4b5519e826e83bf90dd18a8cf9708d67d,90,0.8444444444444444,0.0,2966.31777,2.6675273634290506,5.335054726858101,5.218106434115203,10.436212868230406,2.6681690706857197,5.3363381413714395,1.615591945548297e-06,False
0xc604d9bce1fbbef6a00df8d1ab81384bcf9de135,31,0.5161290322580645,0.3125,2962.1411,-1.241779003051323,-2.483558006102646,2.760158322332601,5.520316644665202,6.032505393912238,12.065010787824477,1.6133171405764703e-06,False
0xbaeafb1a59d71b6c86a57f6cf3bcb70b92e96975,48,0.4375,0.04761904761904767,2947.1228699999997,-0.7424916544137167,-1.4849833088274333,-1.3278716705564055,-2.655743341112811,-6.02982133768729,-12.05964267537458,1.6051375275660975e-06,False
0x2610c563fb7cd34318e0978d2f496448e44bf321,142,1.0,0.49295774647887325,2927.10642,-0.8049657279918333,-1.6099314559836666,-1.4680092220275696,-2.936018444055139,-3.713353601822683,-7.426707203645366,1.5942356559845949e-06,True
0xca8d014c0bac3df36fe3b8834658992d318f4a3a,110,1.0,0.0,2904.86002,-4.402288041432027,-8.804576082864054,3.289817841972127,6.579635683944254,10.41357058463934,20.82714116927868,1.5821192519293928e-06,False
0x6ed854878355d74b3ccd2826aadd5ed6622d7430,30,0.13333333333333333,0.0,2889.6758,-1.4747329094842272,-2.9494658189684544,-1.8024513338144434,-3.604902667628887,-11.715933669790974,-23.43186733958195,1.5738492331945377e-06,False
0xce0c2121a987ae638a5a3d68cd26fa3f8b46b2e9,242,0.01652892561983471,0.0,2873.8736400000003,1.2332483762226527,2.4664967524453054,4.727452108854659,9.454904217709318,14.285127024582685,28.57025404916537,1.5652426561526368e-06,False
0x3c8ba08b9d89b9c69a3bd85dd71439d909ffcccb,47,0.0425531914893617,0.0,2860.66092,-2.5091404401754427,-5.018280880350885,-0.7168972686210093,-1.4337945372420187,16.13018854398226,32.26037708796452,1.5580464062340766e-06,False
0x40250d079f65cf28381693d36fbed60f820c4d39,32,1.0,0.4375,2843.74158,-5.287868542842052,-10.575737085684104,-14.057002193518603,-28.114004387037205,-35.27699869016158,-70.55399738032315,1.5488313620117604e-06,True
0x6e400e4c5419e889388141e89c8761338f841ed8,286,0.01048951048951049,0.0,2836.3392,-5.7471264367814,-11.4942528735628,-17.121647509578626,-34.24329501915725,-48.132183908045675,-96.26436781609135,1.5447996882555506e-06,False
0x427ef03ccdcd6f9a97e51b3280de8ec4966d3e90,109,0.963302752293578,0.0,2831.9999999999995,2.3794896326525516,4.758979265305103,1.0174443432059799,2.0348886864119597,-6.817188962497624,-13.634377924995247,1.5424363620330455e-06,False
0x1bfcfde0b5f0916bc6d8274e882c0dca3bc30959,140,0.02857142857142857,0.0,2801.1102899999996,1.8916873851479432,3.7833747702958864,-4.6841782870319975,-9.368356574063995,49.99459517889955,99.9891903577991,1.5256124171472208e-06,False
0x4f7f36299e4ff4f54352cdd537e4f8d86cb2386c,30,0.03333333333333333,0.0,2800.0,5.35714285714306,10.71428571428612,7.500000000000284,15.000000000000568,32.857142857142414,65.71428571428483,1.5250077025750452e-06,False
0xb4dbb02eaa3bf817a63b9d0e8f86dd618652e554,39,0.15384615384615385,0.16666666666666666,2796.68785,1.2836088495257754,2.5672176990515507,4.533453133178572,9.066906266357144,-4.874998897763461,-9.749997795526921,1.523203754624301e-06,False
0x0d52a9cffbbd592e32623f93b4449c7d8c674af3,38,0.6052631578947368,0.04347826086956519,2781.1557099999995,0.6961076636070055,1.392215327214011,8.64614913095785,17.2922982619157,4.047806004375056,8.095612008750113,1.5147442427894886e-06,False
0x8b7cb86196b486b37e14b2249e13b28948291e4f,137,0.7591240875912408,0.0,2773.9700000000003,-0.15050569926808707,-0.30101139853617415,-4.004125378942299,-8.008250757884598,-4.2245184377913265,-8.449036875582653,1.510830577397178e-06,False
0x9c3fc764be4e6bd200f4dad19c43e8b4c8c73d20,38,0.02631578947368421,0.0,2760.0,3.768115942028442,7.536231884056884,32.75362318840566,65.50724637681132,28.695652173912073,57.391304347824146,1.5032218782525446e-06,False
0xa63fe8eb2f2e365873c08a50a650f94dedc86806,34,0.029411764705882353,0.0,2757.9959000000003,4.145691442107134,8.291382884214269,-6.514657980457676,-13.029315960915351,12.14095350903074,24.28190701806148,1.5021303539894267e-06,False
0x1404109f8cd4a79a0447365edbb7a13acd0b2f27,61,0.11475409836065574,0.0,2742.84481,-2.305655353840051,-4.611310707680102,4.8255475182659735,9.651095036531947,9.035323653654316,18.070647307308633,1.4938783793635667e-06,False
0x5661a200da135c16fbc69831e0481caec8d84a82,53,0.33962264150943394,0.2222222222222222,2726.99801,-1.6364339054724708,-3.2728678109449416,-2.4159285698190143,-4.8318571396380285,-5.525337378971299,-11.050674757942598,1.4852474893417215e-06,False
0x99839f2a225afa61f902d11aa1fdb7d2296364e4,47,0.02127659574468085,0.0,2698.3580799999995,-4.36887901845868,-8.73775803691736,-4.732952269997334,-9.465904539994668,-37.13547165689748,-74.27094331379496,1.4696488772520034e-06,False
0x6c36bdc1b0a00d793ec9c0c13b402d1a855e7519,43,0.9767441860465116,0.30952380952380953,2678.33803,-7.726508622768666,-15.453017245537332,-7.8128269892608895,-15.625653978521779,-12.336172717275076,-24.672345434550152,1.4587450449463116e-06,True
0x557b5d4495ddb0b9ce6329b29b4da05a7df4bfb0,94,0.925531914893617,0.11494252873563215,2645.59998,22.05169943218097,44.10339886436194,-20.365344290899742,-40.730688581799484,38.096828412407625,76.19365682481525,1.4409144097972805e-06,False
0xf1fa97f117bb6e8c5eef1d0f761611a2c9b5f303,77,0.8701298701298701,0.0,2633.602250000001,2.496789576070582,4.993579152141164,-0.03822301124696292,-0.07644602249392583,-10.40013492695281,-20.80026985390562,1.434379898846061e-06,False
0xda39fe65b5a42a6f5b0dffdd0fa43a0dcba0dd1d,53,0.07547169811320754,0.0,2596.06285,5.34538235454581,10.69076470909162,-14.162755003397344,-28.325510006794687,-17.961342028273037,-35.922684056546075,1.4139342295067585e-06,False
0xeda8c8ed0a08a1b145eff9bbc2e3d3f8a3b708a3,42,0.09523809523809523,0.25,2531.622,8.76641212987002,17.53282425974004,13.67546689059674,27.35093378119348,37.84194389726477,75.68388779452954,1.3788368035744432e-06,False
0xf1e50d3909be3ad3d1cd4878030228f4d3124fb3,1002,0.000998003992015968,0.0,2508.1,3.987081854791102,7.974163709582204,6.7780391531436,13.5560783062872,25.118615685179552,50.237231370359105,1.3660256495815966e-06,False
0xab12f690378c1abe54269e8dfdeadd8a04b48b2a,223,1.0,0.34080717488789236,2504.95875,-0.6604102062926974,-1.3208204125853948,-1.6726998584699324,-3.345399716939865,-1.3334166090913322,-2.6668332181826644,1.3643147815652703e-06,True
0xec5fd4e8e1cef67f4834dfeb0510d60db3046d4a,31,0.1935483870967742,0.0,2443.70028,-0.5489878134713627,-1.0979756269427254,2.2629313901002117,4.525862780200423,-3.18114843752366,-6.36229687504732,1.330950624923141e-06,False
0x3b1df4f6067505e445e7b48b4c09593196865b68,96,0.010416666666666666,0.0,2438.492,2.993653454675491,5.987306909350982,8.980960364026473,17.961920728052945,-25.44605436474699,-50.89210872949398,1.3281139580955812e-06,False
0xa4e0c985b2c3ec5990f625f83b360a515a08d60e,31,0.16129032258064516,0.0,2424.745,-0.9709005562364077,-1.9418011124728154,0.20096733589887972,0.40193467179775944,6.6546396571310185,13.309279314262037,1.3206267149215456e-06,False
0x8e2b6a7ac8c2ecd9a7130ebbae5f76160f96f0ca,121,0.4793388429752066,0.05172413793103448,2407.56382,0.9051606649298086,1.8103213298596172,-0.6874724297841699,-1.3749448595683398,0.9532968155545096,1.9065936311090192,1.3112690606932141e-06,False
0xf8a5e3fd4676123f121a7308c5fb6795cd70a6f6,51,0.7058823529411765,0.33333333333333337,2344.94231,-1.6310083633218229,-3.2620167266436457,-3.6453664449366556,-7.290732889873311,3.99502441420887,7.99004882841774,1.2771625303014712e-06,True
0xf582a7c87888714ca875a70b0971f55bde6eb148,36,0.3333333333333333,0.0,2312.15384,-1.848486348868316,-3.696972697736632,-0.9109448476185372,-1.8218896952370744,-6.107146987969727,-12.214293975939453,1.2593044341208817e-06,False
0xf53a0480ca2e28afdb385d25f94c8ca3dd453033,294,0.013605442176870748,0.5,2310.9968,-1.6129032258067038,-3.2258064516134075,-6.3483547925606185,-12.696709585121237,15.327772393742347,30.655544787484693,1.258674257366529e-06,False
0x5d6d3be688e7c3dfd90e8cc41833c3a8c3cfde39,104,0.9711538461538461,0.0,2281.5,-3.5480110580989974,-7.096022116197995,-7.88473617086868,-15.76947234173736,-3.95500870747318,-7.91001741494636,1.2426089547946307e-06,False
0xc4ff5a6ec8bc6a691d5b98fe4ce98173331a1f84,91,0.03296703296703297,0.0,2254.34958,-1.4011495761178814,-2.8022991522357628,0.27945044989778883,0.5589008997955777,-4.9078378885381975,-9.815675777076395,1.2278215977845778e-06,False
0x5f17ac20c855321449d24fbc7a03d0ac9c8c4aa0,35,0.4,0.2857142857142857,2248.26667,-0.9775510071675048,-1.9551020143350095,-6.835766008875561,-13.671532017751122,-3.6267004184974274,-7.253400836994855,1.2245085675688383e-06,False
0xe8f99950a2274f18b22d1240df57bcb2e93e9c38,41,0.024390243902439025,0.0,2190.958,2.305475504323536,4.610951008647072,1.7291066282421401,3.4582132564842802,47.83861671469853,95.67723342939706,1.1932956521494344e-06,False
0x3225d836b9de0ee49a6f4f8e5221a8d629b872c0,97,0.9896907216494846,0.44791666666666663,2159.64415,-0.22222367932021603,-0.44444735864043206,-0.778096328317799,-1.556192656635598,3.990598176564303,7.981196353128606,1.1762407012754058e-06,True
0x506449adbb27bdb748142bcb62c23da148d98744,42,0.8571428571428571,0.0,2146.5272800000002,32.64576165477606,65.29152330955212,-40.89335056619265,-81.7867011323853,63.93376214105946,127.86752428211892,1.169096655638379e-06,False
0x87b3b88da84f04d9673db048d3d34dbf4d9a3c99,67,0.23880597014925373,0.0625,2126.8515899999998,0.09948823129196585,0.1989764625839317,0.45173418202270155,0.9034683640454031,2.897446685171065,5.79489337034213,1.1583803774942792e-06,False
0xe49175608c326c3554666438c0e5e6528aa10e37,47,0.6595744680851063,0.06451612903225812,2064.8141299999997,-1.0856905091175555,-2.171381018235111,-2.9936941412170928,-5.9873882824341855,-0.36372292502418285,-0.7274458500483657,1.124591947369925e-06,False
0x3d9c717e6e58e4b2698d9a829f067becebf5eb42,342,0.4093567251461988,0.0,2061.28176,-1.2937106990880798,-2.5874213981761596,-2.1179616998273407,-4.2359233996546815,-3.371524793578896,-6.743049587157792,1.1226680575633734e-06,False
0x35817a9b3bd164f846359fdf543a3578770a7e15,114,0.5,0.0,2044.79291,1.0016349193541823,2.0032698387083645,4.468365804864109,8.936731609728218,7.126668739931888,14.253337479863776,1.1136874778288717e-06,False
0x6823cac08b24dd73d7a148e4c4159a3fd99db4e4,95,0.9157894736842105,0.47126436781609193,2033.61816,0.23822369305198607,0.47644738610397214,-1.6849391596736198,-3.3698783193472397,-1.2476084490556172,-2.4952168981112344,1.1076011993201753e-06,True
0x258cba98939c09211971a670d569f48daf036515,43,0.2558139534883721,0.36363636363636365,2022.46853,-1.3047364744504248,-2.6094729489008497,-16.503201789222725,-33.00640357844545,5.709570787253767,11.419141574507535,1.1015286023091532e-06,False
0x0e4a0c920e8e125b4f04242e8ca6c451e2fd1abf,84,0.9166666666666666,0.0,2012.049,0.27148789605669454,0.5429757921133891,-6.455867207134564,-12.911734414269128,-0.25837693798264694,-0.5167538759652939,1.0958536510565776e-06,False
0xa1d20f06a98456b00a8f193622ed06afe174d7ef,274,0.3467153284671533,0.41052631578947374,2011.19257,-0.6286288394107699,-1.2572576788215397,-2.8703326739766113,-5.740665347953223,-4.078297952544373,-8.156595905088746,1.0953872002184645e-06,False
0xdc18dbdd2bb4989df627d48d4d33ecf3fb86546c,37,0.10810810810810811,0.0,1999.3480000000002,39.5289915531285,79.057983106257,-104.36612713647537,-208.73225427295074,76.66643496230864,153.33286992461728,1.0889361071885757e-06,False
0xb2df11f2f0fc4d5953154510583d85af51d42391,71,0.5633802816901409,0.22499999999999998,1994.04123,-1.1965101378135778,-2.3930202756271557,-5.744856945751013,-11.489713891502026,-2.4627533712912584,-4.925506742582517,1.0860457982150777e-06,False
0x7546bff852cff04b1f08e6535f98ed05cede6e81,543,0.003683241252302026,0.0,1988.6291800000001,-1.0857502282525955,-2.171500456505191,-3.438953085319621,-6.877906170639242,3.9754199480625663,7.9508398961251325,1.0830981489519629e-06,False
0x5de9ed0c3b6b428c9fde75edccdcb569c93b5ebd,78,0.07692307692307693,0.0,1966.3641799999998,-0.7883567753138269,-1.5767135506276537,-1.3103269948261154,-2.6206539896522307,1.1493418016181571,2.2986836032363143,1.0709716144884508e-06,False
0xd24dd878aba6120cef1f5142e9b14182d206d5c5,87,0.011494252873563218,0.0,1961.3074,1.3501198231335552,2.7002396462671103,5.400479292536619,10.800958585073237,8.100718938804928,16.201437877609855,1.0682174614705125e-06,False
0x23e0a232977d245a9b9377936ec144c1e11ad03d,42,0.11904761904761904,0.0,1960.6799999999998,-0.46300036376591247,-0.9260007275318249,-2.2653346882439984,-4.530669376487997,20.43377416999646,40.86754833999292,1.067875750816014e-06,False
0x255e7abaca5ac048f3cd95afead4fd764dc5cad8,41,0.12195121951219512,0.0,1926.475,7.034026546898484,14.068053093796967,-3.396439815659236,-6.792879631318472,-9.783487057314531,-19.566974114629062,1.0492461477922357e-06,False
0x52ac3ec87fd99585de0559fca92955994008af0a,53,0.6226415094339622,0.48484848484848486,1921.1221999999998,0.04475951651530457,0.08951903303060914,0.41455454651266005,0.8291090930253201,2.757332608714343,5.514665217428686,1.0463307687813985e-06,False
0x4e5ac8bc43cec91f4255e326cbb166b0b1eb4e0a,50,0.02,0.0,1911.975,-6.153846153847116,-12.307692307694232,-7.076923076924073,-14.153846153848146,-6.153846153847116,-12.307692307694232,1.0413487864753293e-06,False
0x3e7bd2fc1fb63b18006895c98cd7343800d32073,51,0.21568627450980393,0.45454545454545453,1905.94989,0.687266904986625,1.37453380997325,3.3210817288272705,6.642163457654541,1.7693606433851863,3.5387212867703726,1.0380672367757359e-06,False
0x7358c5c7f16574d9f008e5b537fb11ebe1180c88,30,0.4666666666666667,0.0,1885.20261,-0.9858751200083856,-1.9717502400167712,-12.765079287865612,-25.530158575731225,1.3300032852436718,2.6600065704873437,1.0267673218444925e-06,False
0x8ccbbcaa626f4db69c7233a811cd6968b88867fe,92,0.532608695652174,0.0,1876.8919299999998,-0.43519287981438376,-0.8703857596287675,0.31026247409922764,0.6205249481984553,-8.330576390965076,-16.661152781930152,1.0222409464824793e-06,False
0x494d085100c43fa2b34194b6a3eba66c337feb2c,54,0.8333333333333334,0.4444444444444444,1849.7712900000001,-0.7035527176211475,-1.407105435242295,-0.053658518150373286,-0.10731703630074657,3.7740639593765617,7.548127918753123,1.0074698090186349e-06,True
0x6fba5ede24f68114367376884ca549af9d4432e6,51,0.17647058823529413,0.2222222222222222,1849.6682600000001,1.64485452906722,3.28970905813444,3.979999920364399,7.959999840728798,18.32890637766606,36.65781275533212,1.0074136941816363e-06,False
0x8d869fb7760a8afe8265872df4495b1f1bb62ff7,167,0.11377245508982035,0.0,1841.4648200000001,2.3526708617903487,4.705341723580697,2.26380229512637,4.52760459025274,3.0913827402133824,6.182765480426765,1.002945726614632e-06,False
0xb4d857efdfe6b79c9c7e0f16728484120b3e44e3,136,0.7794117647058824,0.49056603773584906,1835.93659,3.6598212043946226,7.319642408789245,-6.122149261854955,-12.24429852370991,0.6909464954744382,1.3818929909488764,9.999348004247724e-07,True
0xe0e8c1d735698060477e79a8e4c20276fc2ec7a7,12365,0.00016174686615446826,0.0,1817.1999999999998,0.0,0.0,6.355932203390072,12.711864406780144,16.646489104116135,33.29297820823227,9.897299989712042e-07,False
0x7af269638734ad674f8113e3afa9b67450b4ff6e,39,0.2564102564102564,0.4,1797.28004,0.012793510516328155,0.02558702103265631,-1.0908454620872239,-2.1816909241744478,5.825478774612931,11.650957549225861,9.788806802444233e-07,False
0x29faa1cabab9ef732165f77d781571784dd24b63,70,0.9,0.06349206349206349,1789.8600599999997,2.581083176246959,5.162166352493918,0.07828387370379361,0.15656774740758722,-7.229998595796232,-14.459997191592464,9.748394207255115e-07,False
0xbe62cc862836ad5d98918cb414abd09a26f53e1f,112,0.6875,0.1428571428571429,1773.1144000000002,-2.5072995564944374,-5.014599112988875,-8.030896309436333,-16.061792618872666,-9.267294730065595,-18.53458946013119,9.657189705524035e-07,False
0xaf1dfdd58edbb7fdf18315db5bfcfd2c8a261e22,110,0.9,0.0,1753.8345000000002,32.28716820348242,64.57433640696485,-31.788973440429153,-63.577946880858306,56.019834136608615,112.03966827321723,9.55218257693519e-07,False
0xf656e3f81c08ea65a5059135992ebff94d646dcf,132,0.36363636363636365,0.0,1734.70293,1.3840916174847866,2.768183234969573,-0.28246051088967733,-0.5649210217793547,-6.084552640261403,-12.169105280522807,9.447983321176783e-07,False
0xba15f01097ec800d722b0de4ec1259d878c7fe45,150,0.12666666666666668,0.0,1717.04356,1.9974956207003034,3.994991241400607,1.336371402592188,2.672742805184376,2.0664576616253747,4.132915323250749,9.351802338060275e-07,False
0x916c5a7e958924e850e3c434ddcf65d1d660339d,86,0.011627906976744186,0.0,1693.254,-1.5503875968983654,-3.1007751937967307,7.751937984495958,15.503875968991917,18.217054263566123,36.434108527132246,9.222233544342876e-07,False
0xaf3a3c709c7f3391adfcebeba1ec1a45a2c4fb1b,90,0.18888888888888888,0.0,1637.98176,-0.5358217589338907,-1.0716435178677814,-5.576125156310335,-11.15225031262067,-22.611774215620844,-45.22354843124169,8.921195716705103e-07,False
0x1093017072fc2c411ad14c80fc0de07c6d51f71c,71,0.2535211267605634,0.0,1597.9791500000001,1.1881871722561128,2.3763743445122256,2.726600318599907,5.453200637199814,16.403769585178,32.807539170356,8.703323258229728e-07,False
0xebc07f90e20df3b959805911c3649dc40fea2c28,118,0.9661016949152542,0.38596491228070173,1583.0725300000001,-0.7460948780276297,-1.4921897560552595,-1.8317143234408828,-3.6634286468817656,-5.328036290129816,-10.656072580259632,8.622135007089159e-07,True
0x006dca20be3b8d404256378a9764c435942347ee,62,0.03225806451612903,0.0,1567.62179,-1.641658731983052,-3.283317463966104,-0.8208293659912343,-1.6416587319824687,-23.639885740551982,-47.279771481103964,8.537983230265999e-07,False
0x493f4ee400c8ae660017769072b6f69724878ef1,69,0.2463768115942029,0.0,1558.79205,0.7592397337431548,1.5184794674863096,3.7101238330186646,7.420247666037329,-26.325182115597304,-52.65036423119461,8.489892439152661e-07,False
0xc4b5a11070af3d2d0c59d0c91ea9c537f139318c,102,0.00980392156862745,0.0,1547.2160000000001,4.661016949153722,9.322033898307444,3.8135593220340427,7.627118644068085,-2.1186440677961884,-4.237288135592377,8.426843991240541e-07,False
0x6d104aa91bf166f1330be2457286470a5ddc6635,30,0.3333333333333333,0.5,1546.12024,0.12941477751625136,0.2588295550325027,-1.1397462635402733,-2.2794925270805466,2.975281601869977,5.950563203739954,8.420875982525634e-07,False
0xf4e7e6b600286ffba8154f5125420a0f78db835d,80,0.8,0.453125,1541.0303900000001,-1.293929936385696,-2.587859872771392,-1.4531951273442898,-2.9063902546885796,0.4574592560525992,0.9149185121051984,8.393154338043664e-07,True
0x4af7e37b75a367a2ec0c777546133c9abcce887b,47,0.7446808510638298,0.4,1522.6622899999998,-0.8288698958851192,-1.6577397917702383,-4.365246186238062,-8.730492372476125,-6.390166065807558,-12.780332131615117,8.293113288109132e-07,True
0x06f1c0e0a550d722e791529f52921471f4ac299a,93,0.15053763440860216,0.0,1516.5950699999999,0.6178493390701449,1.2356986781402899,1.8452744488799906,3.690548897759981,-8.742127710960885,-17.48425542192177,8.260068440847641e-07,False
0x615da5bb122164d657d69d6201d28ef969d1dd38,48,0.6041666666666666,0.0,1511.8622200000002,0.608501899889724,1.217003799779448,-2.1032483941463163,-4.2064967882926325,4.167904246876052,8.335808493752104,8.234291181186457e-07,False
0x27ed853e559b91de6ca0d244b5464a189349b2dd,69,0.043478260869565216,0.0,1511.1327,1.3830684757199576,2.7661369514399152,4.702432817448151,9.404865634896302,-14.245605299918614,-28.491210599837228,8.230317882546519e-07,False
0x68c86aca8f3a3d2ecb293ddd5225de33f8352250,87,0.9770114942528736,0.24705882352941178,1500.14383,-0.3018462238240958,-0.6036924476481916,-2.6857691025511294,-5.371538205102259,3.783333612946119,7.566667225892238,8.170467484715818e-07,False
0x26407a88d2f1d894e05bb7bd3807a48383c0e527,52,0.9615384615384616,0.26,1496.1190000000001,5.481801959846372,10.963603919692744,-2.423654405511655,-4.84730881102331,6.382420603461064,12.764841206922128,8.148546424888836e-07,False
0x8c545379fc0022bb6070e18ee642f01d619093e7,57,0.2982456140350877,0.05882352941176472,1489.2065,0.9935999491249573,1.9871998982499146,1.6599991450841927,3.3199982901683853,-4.7724907346579055,-9.544981469315811,8.110897797231515e-07,False
0xc2bcecb8cd9bc2a216f861ea4e3a2f311b702062,44,0.8636363636363636,0.07894736842105265,1472.7741699999997,-1.3457446475164228,-2.6914892950328455,-2.730085336766236,-5.460170673532472,-3.1303288147962585,-6.260657629592517,8.021399833584173e-07,False
0x20d29719170ed56d92ed330008918ffa041a89e4,37,0.1891891891891892,0.2857142857142857,1463.4660000000003,-3.6168397771267276,-7.233679554253455,-5.417705554145086,-10.835411108290172,-9.685327190166422,-19.370654380332844,7.970703294488184e-07,False
0x55c97370f353f3fd0fcd9ffb2153d6924c247414,63,0.8412698412698413,0.22641509433962265,1446.71011,0.03887684704158659,0.07775369408317317,-1.548027813868503,-3.096055627737006,-7.797601943850771,-15.595203887701542,7.879443075511396e-07,False
0xfd02e9799614c75d5c6a4471fcdcf9b2f1676059,33,0.6666666666666666,0.0,1442.41331,-4.763015313382535,-9.52603062676507,3.940186775941776,7.880373551883552,9.261899605673987,18.523799211347974,7.856040743024166e-07,False
0xbae303013ce873ac9f5011ad074a5c21c19a69c2,30,0.8333333333333334,0.19999999999999996,1434.4941800000001,18.562747296188792,37.125494592377585,-15.761390354536239,-31.522780709072478,35.449010077517116,70.89802015503423,7.812909549282406e-07,False
0x490af7d4a048a81db0f677517ed6373565b42349,31,0.8064516129032258,0.36,1428.9955800000002,-1.4986359782361922,-2.9972719564723844,-2.2198983336634637,-4.439796667326927,0.5436425491221951,1.0872850982443902,7.782961665877481e-07,True
0x3d7a23552dfddc40b5872cbd148f4f1b4f055c36,61,0.01639344262295082,0.0,1419.06,15.522388059701374,31.044776119402748,-23.58208955223899,-47.16417910447798,56.417910447761216,112.83582089552243,7.728847965771941e-07,False
0x46c9ccc6857e33a8209706bb5043700b4608dda8,500,0.002,0.0,1418.3999999999999,-1.7625493513827404,-3.5250987027654808,-9.51776649746229,-19.03553299492458,1.0575296108291432,2.1150592216582864,7.725253304758728e-07,False
0x7f7ddf7ddef95204da15e4ecb0d3dc6694ce8f6e,89,0.033707865168539325,0.0,1416.3464900000001,0.2909598766323342,0.5819197532646684,-0.7758930043549586,-1.5517860087099171,0.0,0.0,7.714068952732605e-07,False
0x36050b5b3b2a9b6a4fa67956cbbc1d0bcc03044b,192,0.5625,0.2962962962962963,1406.7827800000002,-1.0423102962638116,-2.084620592527623,-1.754621333778667,-3.509242667557334,-1.5020792574414938,-3.0041585148829877,7.66198062624977e-07,False
0x465a6bc1295d923f8e6e81f1b9f8dcd5e668c183,83,0.5060240963855421,0.47619047619047616,1383.10077,-0.801920126980818,-1.603840253961636,-1.3330692852750095,-2.666138570550019,-3.6183885638739315,-7.236777127747863,7.532997598883843e-07,False
0xe46eafafb60af2eea3a59768106a9342aec59ec3,41,0.024390243902439025,0.0,1379.0,-6.163886874546578,-12.327773749093156,-13.778100072515123,-27.556200145030246,-17.403915881072614,-34.80783176214523,7.510662935182098e-07,False
0xf861c5c93a113ecbcc552b34422d848e1cc033fc,123,0.5203252032520326,0.203125,1359.0003,-0.045217757632654315,-0.09043551526530863,3.2980713362089005,6.596142672417801,4.556988448483386,9.113976896966772,7.401735447506418e-07,False
0xfd17a139d71bf7f7b2d90291b8101de68e599e44,30,0.06666666666666667,0.0,1342.0,-1.043219076004589,-2.086438152009178,-2.0864381520112962,-4.1728763040225925,6.557377049181989,13.114754098363978,7.309144060198967e-07,False
0xd4df205488181dffdbe304b6aeef7170c07aad33,294,0.2755102040816326,0.16049382716049387,1310.3907900000002,-0.6323705205376837,-1.2647410410753674,3.3552255272555174,6.710451054511035,1.775657438479937,3.551314876959874,7.13698588619071e-07,False
0x245159c305f4eb3c6063fea4198b2b6223c7898e,205,0.17073170731707318,0.42857142857142855,1268.93462,0.415936419436251,0.831872838872502,2.4563417706347956,4.912683541269591,2.594770303564481,5.189540607128962,6.911196677014779e-07,False
0xae38cfa0ca2125e35f6318e4457abe4d72aef08f,62,0.41935483870967744,0.34615384615384615,1253.00861,-0.860077774277157,-1.720155548554314,1.9588322802374651,3.9176645604749303,-0.869997306258556,-1.739994612517112,6.824456363010182e-07,False
0x3dd70902a804e8a5d3dedbe4e8c858de1bbbd399,71,0.8028169014084507,0.49122807017543857,1252.9162700000002,-0.6264521147722176,-1.2529042295444353,-3.251042323755302,-6.502084647510604,-6.5044126444428265,-13.008825288885653,6.823953437255698e-07,True
0x1044566e87c868cf9a642eb9809d70a0fc0af997,39,0.15384615384615385,0.0,1250.16359,2.002925607523166,4.005851215046332,-15.064713330383077,-30.129426660766153,-30.92485378412682,-61.84970756825364,6.808961086531682e-07,False
0xc6dcefcbf59e5e457f06ebacae3f4c3fe86cac38,35,0.11428571428571428,0.0,1249.3676699999999,-6.85284330351285,-13.7056866070257,-3.723458819314647,-7.446917638629294,-1.3937112863829872,-2.7874225727659745,6.804626143207989e-07,False
0x7010adeba86ecc1de29e4ad227e5f534f8ba768d,73,0.0136986301369863,0.0,1238.68758,-4.757373929591479,-9.514747859182958,15.735929151723363,31.471858303446727,-13.540218107296726,-27.08043621459345,6.746457502085866e-07,False
0x9a392f0d6213b142c664785aebe8b49f823710f2,65,0.03076923076923077,0.0,1238.1312,-2.0559210526311698,-4.1118421052623395,12.129934210526532,24.259868421053064,-1.6447368421058126,-3.2894736842116252,6.743427202851728e-07,False
0xc197254e462a552d1781c730b6b6a4f9030b14d9,43,0.16279069767441862,0.0,1230.5066,4.98326095894311,9.96652191788622,8.880057724586136,17.76011544917227,17.02146968984082,34.04293937968164,6.701900153819393e-07,False
0x6aba2628d29a4ba13b2a4737d1a5350ea35f3aa5,1753,0.02338847689674843,0.4390243902439024,1217.9822700000002,-0.014132914875937718,-0.028265829751875436,-1.6416158493667443,-3.2832316987334886,1.5865458421339804,3.173091684267961,6.633686940535139e-07,False
0x16433d9aa9627f92f47530ddd61bd70fcc0ea1f4,95,0.9578947368421052,0.20879120879120883,1205.97372,1.3238921645294288,2.6477843290588576,-0.4900357928984838,-0.9800715857969676,-3.6719271752603437,-7.3438543505206875,6.568282900368145e-07,False
0x99df690ecf43274a7d70e311b0ba7647006279fe,102,0.06862745098039216,0.0,1203.4198,-0.3573981415295567,-0.7147962830591134,2.9102420095988033,5.820484019197607,-6.994792198508799,-13.989584397017598,6.554373087254715e-07,False
0x8824bd7382ef715a5a716d6110c28f8d6e77db0b,649,0.004622496147919877,0.0,1199.612,10.888325554378476,21.77665110875695,16.674934155357835,33.34986831071567,0.224374632481954,0.448749264963908,6.533634071790911e-07,False
0xcae253230ba6687fcc8ab0f8f711bf22d7b059dc,45,0.08888888888888889,0.25,1166.0994099999998,2.143405027648981,4.286810055297962,7.941649690061652,15.883299380123304,3.872366841327147,7.744733682654294,6.351109222207912e-07,False
0xa1fedbd85c61c41d966996199146d15b9f59f6d6,48,0.5,0.0,1152.01465,-1.4750296036177672,-2.9500592072355345,0.5033218159294579,1.0066436318589158,17.49465841176983,34.98931682353966,6.274397195461768e-07,False
0x92e56b9e4b9f9e5ac533bf1dc9b9d3e13b8f26ff,262,0.05343511450381679,0.35714285714285715,1142.67361,7.979181456785993,15.958362913571985,12.182820749078848,24.365641498157697,7.366674476822678,14.733348953645356,6.223521631354404e-07,False
0x1442ad477ded1b0028b57621aa7b6f7eadb8f568,170,0.0058823529411764705,0.0,1129.59297,1.4620310535382475,2.924062107076495,6.725342846280925,13.45068569256185,32.457089388577764,64.91417877715553,6.152278500087935e-07,False
0x4966b8332c4565c99e18c999747801cb2b3611c1,143,0.006993006993006993,0.0,1121.8597,-1.4212115828748753,-2.8424231657497505,4.618937644341135,9.23787528868227,-1.776514478592647,-3.553028957185294,6.110159584673319e-07,False
0xef629261993a1ee4f6f64f651820cb3f44a58ba9,60,0.016666666666666666,0.0,1110.78,0.0,0.0,1.8518518518514835,3.703703703702967,8.14814814814758,16.29629629629516,6.049814485236817e-07,False
0xd6d69fe1230615f6dd2982345859ceff001f3f86,42,1.0,0.38095238095238093,1106.64497,-1.1151620700371854,-2.2303241400743707,-1.2361806060807417,-2.4723612121614833,3.9852884288586754,7.970576857717351,6.027293225949749e-07,True
0xc63f7e5fb9b9be708035e94bbaac56c755fb34dd,64,0.890625,0.19298245614035087,1106.36832,3.158924295901762,6.317848591803524,5.389206403593758,10.778412807187516,8.120939114678198,16.241878229356395,6.025786463875044e-07,False
0x4d3ca21089a3cada92d5d1addfd88596566e6484,33,0.12121212121212122,0.0,1104.43048,0.798612439063234,1.597224878126468,2.16031286656308,4.32062573312616,-11.752028810175705,-23.50405762035141,6.015232103423765e-07,False
0x5338fab05c8012848a5e31dfc951a85947c0a094,49,0.6326530612244898,0.32258064516129037,1103.4085,-2.1132972530465444,-4.226594506093089,-3.9515556616804797,-7.903111323360959,5.204742282245786,10.409484564491573,6.009665934238488e-07,False
0x6fe9749eab7f66f002d7541d6c1e3bb3df19c701,36,0.027777777777777776,0.0,1095.0,-2.283105022830596,-4.566210045661192,-7.3059360730585565,-14.611872146117113,-0.9132420091319141,-1.8264840182638282,5.963869408284552e-07,False
0xa993ad31ef46873c0193448dbb2f04c0d3854731,2771,0.00036088054853843375,0.0,1085.01354,0.0,0.0,-0.8991592860670286,-1.798318572134057,-4.49579643033674,-8.99159286067348,5.909478592493631e-07,False
0x0821fd216b16d548a52a31e97cdaa4a3fff3da66,45,1.0,0.3555555555555555,1080.6826200000003,0.588682256671013,1.177364513342026,-0.9034358600801708,-1.8068717201603417,1.1656356937456294,2.3312713874912587,5.885890426924932e-07,True
0x7403b8b8d267bce8f2ca055d10a800af8b618453,138,0.2246376811594203,0.0,1063.4890000000003,-0.657878572679439,-1.315757145358878,3.446135848171535,6.89227169634307,10.713529233119342,21.427058466238684,5.792246130727974e-07,False
0xc2837366221b6341e8b0c41e3fc59de034f66612,51,0.0196078431372549,0.0,1057.968,-0.29301453352017975,-0.5860290670403595,5.274261603375727,10.548523206751454,29.887482419127043,59.774964838254085,5.762176246706841e-07,False
0xf939450f68a1186707519af0db622472096b1281,48,0.6458333333333334,0.3548387096774194,1057.67943,-1.6596149594583243,-3.3192299189166485,-3.74974022607148,-7.49948045214296,4.701043345891201,9.402086691782403,5.760604562875655e-07,False
0xee9e949829ca987feecf90381050fdf43c6fdbd6,105,0.0380952380952381,0.0,1050.65229,0.4366812227074401,0.8733624454148802,-4.304937055137153,-8.609874110274307,-12.99077899388861,-25.98155798777722,5.722331553493251e-07,False
0x7128e89d7c8dd3b0bcc9530d552e2c92533f3f63,35,0.02857142857142857,0.0,1047.74222,-1.501896143880818,-3.003792287761636,0.0,0.0,-9.386850899259784,-18.773701798519568,5.706481985046706e-07,False
0xf77a75616ff4aa16c890fabb4ab725a732d7e2b7,40,0.425,0.0,1043.59187,-0.7156523318113588,-1.4313046636227176,4.345852084081654,8.691704168163309,-0.9132020328489499,-1.8264040656978997,5.683877286052483e-07,False
0x06db34fc291e5cb565993ed124f9e12c6a5bb054,305,0.04918032786885246,0.0,1038.85033,1.0935343261469732,2.1870686522939464,2.1389838524038978,4.2779677048077955,18.638293454386332,37.276586908772664,5.658052696687955e-07,False
0xcecf173c2d8c4b243d7756a798ebfdeeb20e6b8c,35,0.17142857142857143,0.5,1032.558,1.8555728495253827,3.7111456990507654,-0.9926721969464628,-1.9853443938929256,3.7295200281442615,7.459040056288523,5.623781797698156e-07,False
0x15b82504cb8d5758111a02db63be9d03f8bf0e96,39,1.0,0.3846153846153846,1021.0944299999996,1.2978012958615248,2.5956025917230496,4.186952111568818,8.373904223137636,2.4446232537043717,4.8892465074087434,5.561345967165981e-07,True
0xa287ae93b0658874404a77f9360778729eecfb1e,120,0.425,0.2549019607843137,1011.85088,0.1985786411751649,0.3971572823503298,2.145840585536473,4.291681171072946,9.435834446166348,18.871668892332696,5.511001378061921e-07,False
0x3a896fa9f5919f7ab0d5312b154c0af606a082df,191,0.06806282722513089,0.0,1003.96993,-1.180093546661832,-2.360187093323664,-1.3072500111747756,-2.614500022349551,7.403981804804302,14.807963609608604,5.468078130013317e-07,False
0x1fc9db9853fbcc293e99478935be4a6bc18a982e,67,0.05970149253731343,0.0,1000.3,-0.8747706275758234,-1.7495412551516467,8.926940751978435,17.85388150395687,17.637263389168766,35.27452677833753,5.448090017449349e-07,False
0xa43a2648ce5d572ed663a31ed25d8658f90def42,57,0.017543859649122806,0.0,1000.0038,3.7579857196548527,7.5159714393097055,0.0,0.0,4.885381435551175,9.77076287110235,5.446476777158268e-07,False
0xd7e0294c0523af1639d536c43f5965adc1fc4469,35,0.02857142857142857,0.0,999.7388000000001,-2.894356005788393,-5.788712011576786,-1.447178002893554,-2.894356005787108,12.301013024601634,24.602026049203268,5.445033466296902e-07,False
0x58a6d0a01211180e1553344a898bd85e27ddc48a,50,0.5,0.24,999.35784,-0.19432224372012555,-0.3886444874402511,-1.170918514359774,-2.341837028719548,4.902700017193762,9.805400034387524,5.442958584388427e-07,False
0x984910783a54f58fabf1d72862d12beac142396d,126,0.2857142857142857,0.11111111111111116,949.4650600000002,-0.3744665237833407,-0.7489330475666814,0.011987747898572475,0.02397549579714495,3.9656068720425015,7.931213744085003,5.171219749378135e-07,False
0x2576288180592adf6828777b0322791022161ddc,133,0.015037593984962405,0.0,948.1767699999999,-1.0457438226415334,-2.091487645283067,-1.1951357973043064,-2.390271594608613,11.951357973049431,23.902715946098862,5.164203134474025e-07,False
0xdf0ac4977091a5de1d32b280c45f7a09c97f381c,42,1.0,0.38095238095238093,941.21001,-0.9916795967332678,-1.9833591934665356,-0.6717828772732085,-1.343565754546417,-3.2615499506601955,-6.523099901320391,5.12625898210977e-07,True
0xc245a6565825504eb0e2bb0e7cdcb8acbe3fe531,38,0.9473684210526315,0.2777777777777778,924.6969600000001,0.16441779229297243,0.32883558458594486,3.9711880391091117,7.942376078218223,3.6640555382902766,7.328111076580553,5.036321380527602e-07,False
0xec938c0e8a2f73dfecb5076cd6a3aa72e906fc5b,31,0.06451612903225806,0.0,922.4,-5.118441244652847,-10.236882489305694,23.85354425833474,47.70708851666948,16.39607209325203,32.79214418650406,5.023811088768648e-07,False
0x6609588a0972f687aedf31627bdc81f9dd91f8aa,68,0.11764705882352941,0.0,917.75,-0.23394241348825728,-0.46788482697651457,1.3943371813256378,2.7886743626512756,-2.7428955185767734,-5.485791037153547,4.998485067993742e-07,False
0xca613c5eabd96abe1973ae93493b9a80c79fb04f,103,0.038834951456310676,0.0,917.0999999999999,-9.56861099152766,-19.13722198305532,-27.47780072034075,-54.9556014406815,-9.893559112749287,-19.787118225498574,4.994944871541335e-07,False
0x213f3839391efeae168838834fd3ae6f555d23d7,299,0.05016722408026756,0.26666666666666666,912.24731,1.5342239946211946,3.0684479892423893,4.7441654116015055,9.488330823203011,4.577073601285586,9.154147202571172,4.968514908583446e-07,False
0xac176c26ba9f7a851fb0d678bab97059616bcf53,147,0.5782312925170068,0.0,907.7770799999998,-3.356120088145923,-6.712240176291846,-4.225183425723513,-8.450366851447026,2.317126151400421,4.634252302800842,4.944167997218153e-07,False
0x6a76507d352948a86c35ab2ae3766567063a72bd,57,0.9298245614035088,0.4528301886792453,900.85763,-0.5408111368269722,-1.0816222736539445,-1.1985564976950154,-2.3971129953900308,0.4367649522367817,0.8735299044735634,4.906481516691072e-07,True
0xdb1ac6e87843bd55e02d09c544bf53a2cf8615d6,34,0.058823529411764705,0.0,898.216,-0.5780346820795776,-1.1560693641591553,2.60115606936426,5.20231213872852,64.45086705202282,128.90173410404563,4.89209399491481e-07,False
0x2031cbfb35a356f3cc917e5a357637308e3ea8c9,36,0.19444444444444445,0.2857142857142857,860.9936,2.9091053749119475,5.818210749823895,1.6291461239653098,3.2582922479306196,5.460460180326066,10.920920360652133,4.6893638280993483e-07,False
0x075267ffca613e8a86cb8eca03655281a0e2137b,32,0.03125,0.0,846.06126,0.0,0.0,-4.062471788390512,-8.124943576781025,1.3541572627968375,2.708314525593675,4.608035494108385e-07,False
0x172f5a1147c2b65e88b8d1f14af55c9fa304b639,1542,0.0025940337224383916,0.0,840.23138,-1.1107767140194076,-2.221553428038815,3.701635361673301,7.403270723346602,15.14893625642446,30.29787251284892,4.5762833087330704e-07,False
0x38df7a26476ef90a4f61c4bab5f37ffa9960f72c,82,0.07317073170731707,0.5,822.35196,0.8018712289103626,1.603742457820725,-4.3489747251242985,-8.697949450248597,-2.3094672516339885,-4.618934503267977,4.4789038329560193e-07,False
0x1b8153ac948d5538424ee5764bdfad73ecf6efae,83,0.891566265060241,0.45945945945945943,814.5873499999999,0.7527977374685436,1.5055954749370872,0.9308103422318939,1.8616206844637877,3.77370293228373,7.54740586456746,4.4366142256078363e-07,True
0x5f5413551316a498f85914048e50b6a98203772d,147,0.4965986394557823,0.0136986301369863,813.6743699999998,-0.33500215329902255,-0.6700043065980451,-2.2341151296635964,-4.468230259327193,-0.3150907087790876,-0.6301814175581752,4.4316417201353463e-07,False
0x29fb2c4b16b6826be2b14d07f87d09cf58aead72,76,0.02631578947368421,0.0,810.4234399999999,1.788100331528983,3.576200663057966,-24.240758988351892,-48.481517976703785,-52.21780280618965,-104.4356056123793,4.41393567266916e-07,False
0x58240c3ab236fcdf4bd9e3ab1df3b66da3b4fb0e,53,0.6792452830188679,0.38888888888888884,807.82487,-2.0058720182675405,-4.011744036535081,-2.4975566991448246,-4.995113398289649,5.25764864643443,10.51529729286886,4.3997826752917305e-07,False
0x5183503657526011cc0d185d70b0cb92c172c03e,48,0.020833333333333332,0.0,805.11,-7.452397808994885,-14.90479561798977,-8.197637589895301,-16.395275179790602,-4.844058575847403,-9.688117151694806,4.3849962550721236e-07,False
0x131282fbdc9eadaaee1dc321b14eeef0326e1c46,88,0.20454545454545456,0.0,775.99297,-0.8542234713854044,-1.7084469427708089,0.2632218421199053,0.5264436842398106,10.005519143402559,20.011038286805118,4.2264116299788783e-07,False
0x5bb50f8eb792f654732e5f9960f5b596c9f08382,111,0.2072072072072072,0.3913043478260869,764.8990499999999,-0.5728520243272446,-1.1457040486544892,-3.5685782756691906,-7.137156551338381,0.4811397755294187,0.9622795510588374,4.165989081936909e-07,False
0x23ac3677e37752cea9484ca0340632bf09c1f7d6,31,0.6129032258064516,0.1578947368421053,760.9019599999999,-2.2428733910929863,-4.485746782185973,-4.218298168387643,-8.436596336775287,-7.740230421812168,-15.480460843624336,4.144219106801603e-07,False
0x09cdd486901c6060eab6349ec05cbe059523bb0d,30,1.0,0.4,748.9840899999999,-1.1067594408561228,-2.2135188817122455,-6.333526615482967,-12.667053230965934,-4.065927051391794,-8.131854102783588,4.0793089512720025e-07,True
0x5c0ee38e286eb1f2bef5312db381baed8360b33c,36,0.7777777777777778,0.4285714285714286,748.439,-1.5384559265244242,-3.0769118530488484,-3.593255037293094,-7.186510074586188,1.9341825916255562,3.8683651832511123,4.076340142527015e-07,True
0x72e3dc26496ceaef2804c861c6d3ec3aa0939515,32,0.125,0.0,742.95072,6.4809607360730315,12.961921472146063,16.376913167980067,32.753826335960134,39.551222792193435,79.10244558438687,4.046448466548842e-07,False
0x85f3d753adc05f7f511196f54a405f8dc649a562,46,0.021739130434782608,0.0,732.336,-2.334993773350026,-4.669987546700052,-9.729140722292236,-19.458281444584472,-1.167496886675013,-2.334993773350026,3.988635860260708e-07,False
0xe0ce778b2eee5f49ecfb056e3560b4e8538e31ad,31,1.0,0.32258064516129037,723.3090199999998,0.14714215161011077,0.29428430322022153,0.42152107409214445,0.8430421481842889,-1.2480487287781694,-2.496097457556339,3.9394708101500254e-07,True
0xa09da1d479ed04d69b61ccb6377aa9c5c901d0e7,225,0.29777777777777775,0.02985074626865669,717.9737299999999,-0.17762713485288353,-0.35525426970576707,9.468010747358466,18.936021494716933,19.491821120514064,38.98364224102813,3.9104123874876276e-07,False
0x18a7203b633686a016315d7c8e3306c4aee851ee,40,0.35,0.21428571428571427,695.3456,0.44198499763070437,0.8839699952614087,-5.7473123733285005,-11.494624746657001,6.066795487497359,12.133590974994718,3.787169271255951e-07,False
0x3478a2b34c8207a85fcf8b9c0ecc8bb0e1df06e0,72,0.5694444444444444,0.4634146341463415,695.1814599999999,-1.4602593894560811,-2.9205187789121623,-1.8345468269954803,-3.6690936539909607,-0.8480395810917154,-1.6960791621834308,3.786275289954877e-07,False
0xe6f52abb3732b028dbd1653e09779d6eb84ec6a4,50,0.1,0.2,692.4738000000001,1.3600165259006212,2.7200330518012423,-6.238221044070193,-12.476442088140386,-8.979016286228122,-17.958032572456244,3.7715281386836124e-07,False
0xd4f0bed8b8a625239b22776882e28b101bdff3a0,64,0.015625,0.0,680.0,-5.88235294117739,-11.76470588235478,-26.176470588234892,-52.352941176469784,-17.64705882353008,-35.29411764706016,3.70359013482511e-07,False
0x4251ca51f6e4ff3eee3ae897ecb1bbbba9fabc34,44,0.045454545454545456,0.0,674.9461000000001,-2.4487978628671487,-4.8975957257342975,-6.2141412287933875,-12.428282457586775,-10.817187299030879,-21.634374598061758,3.676064290439239e-07,False
0xe4b06fd2ea5b47369d7a93ee1f7d4cb922cf0972,34,0.47058823529411764,0.0,671.6533,0.13691008761041443,0.27382017522082885,5.506286007843552,11.012572015687104,2.427799966067315,4.85559993213463,3.6581301998569553e-07,False
0x22cca50880e523daef4629609785040efc8da5f5,33,0.15151515151515152,0.0,669.545,13.923304422052558,27.846608844105116,-29.13534171442917,-58.27068342885834,38.18585330422261,76.37170660844522,3.6466474365021736e-07,False
0x7c26f5029acdbfad5a297ca276fc43cd89c02e25,40,0.65,0.3846153846153846,642.8702,0.568997314426742,1.137994628853484,1.4690671551034349,2.9381343102068698,1.6296377330590706,3.259275466118141,3.5013643098427135e-07,False
0x0e2f961297cf286645539ab48e52fc1d10097131,31,0.03225806451612903,0.0,630.135,-84.21052631578891,-168.42105263157782,-95.0877192982459,-190.1754385964918,-45.96491228070184,-91.92982456140368,3.432002602364736e-07,False
0x99f1fe0a2e25892d0300331c0153085589e690be,52,0.40384615384615385,0.23809523809523808,625.0640099999999,0.6363077997852956,1.2726155995705912,0.5182025098297908,1.0364050196595815,1.778577747597051,3.557155495194102,3.4043836780444466e-07,False
0x5a65bd9c8f9e5a0e434dd5d7c90d95b042c9ba8e,245,0.012244897959183673,0.0,619.0713000000001,0.0,0.0,2.980270608572783,5.960541217145566,14.503983628380908,29.007967256761816,3.3717446462255237e-07,False
0x732ba53204b5cc9e3ea2ff0800f819e0eb909351,44,0.3181818181818182,0.0,590.5201999999999,-2.0146804863476606,-4.029360972695321,-5.438011138829358,-10.876022277658716,3.864549047115478,7.729098094230956,3.216242334021986e-07,False
0x4ca68df84fb80a0942910f62eb2a2bd411bfcbb2,75,0.06666666666666667,0.0,587.9789999999999,-3.4930503431312117,-6.986100686262423,-1.7474279868594895,-3.494855973718979,-20.97559039554192,-41.95118079108384,3.2024017998299013e-07,False
0xaaf662a0d36bbbc60ae7c4f03013e4f8c7e2b10e,40,0.475,0.0,578.94353,-0.7005325942870124,-1.4010651885740248,-19.017824134862966,-38.03564826972593,-13.560100351640227,-27.120200703280453,3.153190509307096e-07,False
0x584d09ff32014dcc57416653cdb7d45639fe1ce3,43,0.9302325581395349,0.5,574.46614,-1.2735117645676652,-2.5470235291353305,-2.693249346972472,-5.386498693944944,-4.0500939107101095,-8.100187821420219,3.1288046013162655e-07,True
0x4b1d33556b6b21f11242c905d187f951e76241f4,356,0.07865168539325842,0.0,570.0509800000001,-0.9123450069737287,-1.8246900139474573,-28.534836766285377,-57.069673532570754,-5.030211092062367,-10.060422184124734,3.104757626287333e-07,False
0xa5f58e092c3cb6479eebce341394003eef1c68e8,30,0.6666666666666666,0.0,568.08637,3.0858938493238948,6.1717876986477895,10.795317888394157,21.590635776788314,11.02690191999774,22.05380383999548,3.0940574642067753e-07,False
0x0748e296e5a350ec36c8487a1cea406e1b57d4b2,237,0.008438818565400843,0.0,562.65,9.090909090909436,18.181818181818873,22.121212121212242,44.242424242424484,38.48484848484922,76.96969696969845,3.064448513763747e-07,False
0x4b1edb86325ee0c1b9bff34dfe88366f8e5ed216,138,0.028985507246376812,0.5,558.03243,-2.534237361971745,-5.06847472394349,-3.269017288553804,-6.538034577107608,-6.422085047871027,-12.844170095742054,3.039299121559535e-07,False
0x9a0daa98309448135195bfa0cb95e3b63fed3e22,102,0.029411764705882353,0.0,532.95803,0.9885635441500537,1.9771270883001073,1.3065916397217963,2.6131832794435925,0.9653950166391366,1.9307900332782733,2.9027325032115074e-07,False
0x8413a1b72e7990d034cf97fc248b3990f1f14f81,39,0.46153846153846156,0.16666666666666666,530.0095600000001,0.23165637841677458,0.46331275683354917,6.309363645892024,12.618727291784047,9.675465958069296,19.35093191613859,2.886673790851467e-07,False
0x161e9e73dcf6612bb7b0243f770bfe3fc06d959c,34,0.058823529411764705,0.0,519.1731,2.690432150663904,5.380864301327808,1.5133680847486701,3.0267361694973403,-6.726080376660955,-13.45216075332191,2.8276534873920147e-07,False
0x335db86287ee34425903247443052643fe33987b,40,0.625,0.12,489.6475,0.5663207605608287,1.1326415211216574,1.525572299737757,3.051144599475514,0.7775073471297237,1.5550146942594474,2.6668436037379087e-07,False
0x5aaaa7a46a1288623f4dbf7efe5b3ad520519399,44,0.022727272727272728,0.0,466.032,9.523809523808474,19.047619047616948,1.7857142857143533,3.5714285714287066,31.24999999999907,62.49999999999814,2.538222820165905e-07,False
0x5bc87ab5cbca5f566186076ba45b20fd3c1fd419,35,0.02857142857142857,0.0,461.61656,-6.532694580974552,-13.065389161949104,-19.287003048590062,-38.574006097180124,-48.21750762147736,-96.43501524295472,2.5141743201292695e-07,False
0x6479bd9e5b4bce3fd2537de1f4434829ac4aae52,35,0.6857142857142857,0.20833333333333337,453.66348,4.549868109687083,9.099736219374167,-10.595733266753228,-21.191466533506457,15.214507470527352,30.429014941054703,2.470858219203571e-07,False
0xac6fcc2eebcc7db48520cf76f3c9383e84681e95,71,0.28169014084507044,0.0,448.34062000000006,2.06305932616771,4.12611865233542,1.4367092490183395,2.873418498036679,2.3352553364098125,4.670510672819625,2.4418674959902554e-07,False
0xc3f43a41a396e5049d6f96c7d444fc6c315b738a,752,0.014627659574468085,0.45454545454545453,447.1620000000001,0.4699625127518811,0.9399250255037622,29.454901252236024,58.90980250447205,-49.83869882628124,-99.67739765256248,2.435448193924509e-07,False
0x9d87dc025a697f8cfbd262daa883aedd50cc1a57,178,0.028089887640449437,0.4,412.74316,-1.2161190230522025,-2.432238046104405,-0.40260126777050226,-0.8052025355410045,-11.376623773801747,-22.753247547603493,2.2479874935184437e-07,False
0x9572edebc6bdef0d12dd0db821d54c0b4b77b374,81,0.037037037037037035,0.0,412.74,-0.3563949319572591,-0.7127898639145182,6.546145053340568,13.092290106681135,7.875414206114662,15.750828412229325,2.2479702827172292e-07,False
0x30d2bf71f11471dd8e610e9fb6c99d021ccc6dad,34,0.058823529411764705,0.0,399.83889999999997,-2.613964752754622,-5.227929505509244,-0.38077357303690973,-0.7615471460738195,-7.172415995822925,-14.34483199164585,2.1777050081754756e-07,False
0x0b2f3cabfeeb27ac5bfb99ae129ac2e0a2eb306e,44,0.5454545454545454,0.08333333333333337,380.955,1.7283642767482361,3.4567285534964722,-11.846910920440365,-23.69382184088073,16.12073688505853,32.24147377011706,2.0748546761945582e-07,False
0x23181e703991e776d7ad6f42b205e74c2652d8c1,82,0.32926829268292684,0.48148148148148145,368.1299599999999,-1.148831011872072,-2.297662023744144,-1.7904397742076752,-3.5808795484153504,-3.8696912336240836,-7.739382467248167,2.005003659102297e-07,False
0x6ce09818e6e5751cdf6652c102a7e6e908abf6d1,35,0.8571428571428571,0.23333333333333328,366.46538999999996,-0.7133760662577796,-1.4267521325155592,-5.191181364207306,-10.382362728414613,-1.8106191709025803,-3.6212383418051606,1.995937651704171e-07,False
0x5fbd0c50d414a58c1194696391cccdb0a3750d1c,30,0.4666666666666667,0.0,362.368,1.0259885093610233,2.0519770187220465,2.5413901778444994,5.082780355688999,5.244185606470488,10.488371212940976,1.9736213970239785e-07,False
0x851e0a9bdb648b6ed836edf40ddeac672b1b047d,52,0.6538461538461539,0.23529411764705888,349.98805,2.008917221126586,4.017834442253172,-1.783617366943373,-3.567234733886746,-9.006929413129772,-18.013858826259543,1.906194543068643e-07,False
0x2611724220ae377c528059130772bcebb2b3da22,45,0.4444444444444444,0.44999999999999996,324.7968,-1.748988124095635,-3.49797624819127,-2.6472782152219776,-5.294556430443955,-8.230691524620141,-16.461383049240283,1.7689915063275946e-07,False
0x76d18a5f097d1ba33827401866bc009c007abbc1,37,0.08108108108108109,0.0,315.5464,-2.049269506825421,-4.098539013650842,8.246416398093439,16.492832796186878,24.010553153006423,48.02110630601285,1.7186096089993796e-07,False
0xc842d577ec041a97a7c95cad511184d20cd89904,40,0.05,0.0,314.4433,-0.9111340581911297,-1.8222681163822594,3.6445362327645188,7.2890724655290375,-13.363299520137288,-26.726599040274575,1.712601623296842e-07,False
0x326d3cedbafa209fa2308904948e042f978ba1f1,39,0.46153846153846156,0.3888888888888889,302.21836,0.33475810300020237,0.6695162060004047,0.34035268210216635,0.6807053642043327,0.4776975247721214,0.9553950495442428,1.6460190244985641e-07,False
0x4cfe234f45df89a7bf731cf6f6f1f9596e16e14e,31,0.41935483870967744,0.3846153846153846,289.59922,1.253776385982925,2.50755277196585,0.3279036579877437,0.6558073159754874,2.426530476145669,4.853060952291338,1.5772894327133038e-07,False
0x8bd8a7d57ca75e67e1d5257b89260402f28cabd7,94,0.02127659574468085,0.5,281.14799999999997,-2.9650357099219264,-5.930071419843853,-9.804877310127276,-19.609754620254552,-9.507042253520861,-19.014084507041723,1.5312602341556026e-07,False
0xfdf275dacaf167d048b0fe6f3bb5fd6bb4a0dd0e,51,0.27450980392156865,0.0,278.14773,0.04426857662074535,0.0885371532414907,0.368380401717688,0.736760803435376,2.361395278601951,4.722790557203902,1.5149193953705857e-07,False
0x60c284c19137a1bc6253ee8b7665c781a767a0fa,116,0.02586206896551724,0.0,277.5348,-0.5549389130322141,-1.1098778260644282,-3.337957825568578,-6.675915651137156,3.877639351210956,7.755278702421912,1.5115810990450883e-07,False
0xaed022949be3988afef024762f1286f3294348af,2777,0.0014404033129276198,0.0,275.67985,0.2598122423522542,0.5196244847045084,5.975681574115691,11.951363148231382,-5.542661170194652,-11.085322340389304,1.5014781953383323e-07,False
0xc67ba312785a5db4e1dd407bacf96ab5050aa9a4,36,0.3611111111111111,0.3076923076923077,257.94967,1.477708962413255,2.95541792482651,5.442289922856803,10.884579845713606,-7.436595352051285,-14.87319070410257,1.404911548666754e-07,False
0x5d033b7f2c28c9765026a872de8700e7e756f9d4,40,0.325,0.0,257.49321000000003,5.044753312708464,10.089506625416927,14.9125327058955,29.825065411791,19.11842467612429,38.23684935224858,1.4024254593241917e-07,False
0xa18b00e3ec649b88d8ab8e11e3195adb0b4d625b,30,0.26666666666666666,0.0,242.94713000000002,8.865930414640609,17.731860829281217,7.483664666352695,14.96732933270539,2.2150943691109433,4.4301887382218865,1.3232008734589316e-07,False
0xbc261e8ba345dfff4d5bbc3276e3428708a21416,47,0.06382978723404255,0.0,235.71715999999998,0.5622557701495295,1.124511540299059,27.97222456495383,55.94444912990766,18.132748587332067,36.265497174664134,1.283823159389694e-07,False
0x91cfcb3bda040f234b4a64a45698bdebe9734865,1731,0.0005777007510109763,0.0,217.08245999999997,-8.99658129910455,-17.9931625982091,-61.17675283392117,-122.35350566784234,-67.174473699993,-134.348947399986,1.1823300842640683e-07,False
0xa42df8f9746c7b7c42ee9f2610b35976b4832f7f,46,0.021739130434782608,0.0,199.928,0.7462686567173299,1.4925373134346598,0.7462686567173299,1.4925373134346598,31.343283582089413,62.686567164178825,1.0888990712872272e-07,False
0x35e83c330f4eaa881e5580ab8ee3ac06b2dc30cb,70,0.014285714285714285,0.0,199.79199000000003,-7.545347538707204,-15.090695077414408,-2.1126973108375022,-4.2253946216750045,-2.1126973108375022,-4.2253946216750045,1.0881582987957016e-07,False
0xb5e3ccdd44cc898ec0cc04aa69d5f34e8ed6b6c5,114,0.15789473684210525,0.5,191.38388,-1.0381433071179762,-2.0762866142359524,-3.991741043022326,-7.983482086044652,0.21714278753554575,0.4342855750710915,1.0423638969596363e-07,False
0xf17de447fdfa1778db06111e3cbdc878332adab2,3893,0.0010274852298998202,0.0,178.58107,9.587236817498233,19.174473634996467,13.797936841562176,27.595873683124353,35.64818686014462,71.29637372028924,9.726339545860477e-08,False
0xc78b38a4d9afd84e9113236ecf0bf0bf82c97c10,35,0.45714285714285713,0.375,174.75895,0.05193370127554678,0.10386740255109356,4.331652389388241,8.663304778776482,-1.4106427062727414,-2.8212854125454827,9.518169458711685e-08,False
0x36da3fc59c6b9b67888bb9c750ad7162d3ba2456,70,0.014285714285714285,0.0,169.89000000000001,-0.5886161633984751,-1.1772323267969502,-57.095767849783826,-114.19153569956765,-4.7089293071982565,-9.417858614396513,9.252984235374088e-08,False
0xc48a947f8b0d987c5f47eef6f5db690d6d8c0fad,50,0.14,0.4285714285714286,168.3061,0.545193245475216,1.090386490950432,4.885751935014409,9.771503870028818,9.882177593090631,19.764355186181263,9.166717817513065e-08,False
0x2ac4416fdb95cae6f5332a028c1973d2b001e95e,258,0.003875968992248062,0.0,167.75659000000002,-1.0855013206933146,-2.1710026413866292,0.7236675471284479,1.4473350942568959,5.065672829901707,10.131345659803413,9.136788996704422e-08,False
0x764891f7bcf37f5efe4e71a06bead9d028f715cd,63,0.015873015873015872,0.0,166.10655,0.0,0.0,-8.746795355151098,-17.493590710302197,6.635499924596129,13.270999849192258,9.046920292791674e-08,False
0x2f7bfe41306b4fadace770a08005fd7637566934,1190,0.0033613445378151263,0.0,151.03516000000002,3.3109285801691866,6.621857160338373,42.84377178449864,85.68754356899728,-64.36629357000062,-128.73258714000124,8.226063655701943e-08,False
0xbdc39f3a73782692ff7c6a4504583c3d856d22f5,35,0.37142857142857144,0.23076923076923073,142.867,-2.0505220081055695,-4.101044016211139,-11.162652220586029,-22.325304441172058,-2.6566884509899285,-5.313376901979857,7.78118840870675e-08,False
0x59b48e0a091e274d7c62870ac6c86a42a644100c,70,0.07142857142857142,0.19999999999999996,142.69608,-0.2659669817686082,-0.5319339635372164,4.515836724031987,9.031673448063975,0.07101167624905216,0.14202335249810433,7.771879325973745e-08,False
0xc1d68ce6ecbbc573a099c2098b2dd6d61ae698f0,35,0.14285714285714285,0.0,132.13398,-1.4386737960564044,-2.877347592112809,1.52760868161678,3.05521736323356,19.17754112166857,38.35508224333714,7.196619188282036e-08,False
0xc75688361386b54c83869d9786918c831b070ad5,111,0.009009009009009009,0.0,121.14000000000001,-1.6509823344881058,-3.3019646689762117,-19.399042430244776,-38.79808486048955,-46.2275053656919,-92.4550107313838,6.597836896069321e-08,False
0x369b681447fa8436edaaed03b0cc436a952040d8,30,0.03333333333333333,0.0,119.93520000000001,7.969303423847082,15.938606847694164,27.15466351829951,54.30932703659902,21.841794569066725,43.68358913813345,6.53221799320995e-08,False
0xc6944a7736de1925b7efd3d0903bd7a851043503,165,0.05454545454545454,0.0,118.35640000000001,5.334429974988036,10.668859949976072,-1.350023375160403,-2.700046750320806,8.34184915639543,16.68369831279086,6.44622934460904e-08,False
0x33ee89717d3f9a59b0136e7166512dfdcef4dc97,80,0.0125,0.0,118.17734,0.5974072525247758,1.1948145050495516,8.064997909074922,16.129995818149844,46.29906207061388,92.59812414122776,6.436476920351071e-08,False
0xafb923c625a519c36b9526970592801cc813c0c3,49,0.02040816326530612,0.0,99.89649999999999,0.9029345372471532,1.8058690744943064,-2.708803611738252,-5.417607223476504,-13.092550790067682,-26.185101580135363,5.4408189985817136e-08,False
0xb87f1e64e409edcc1a08189522c91161de19fac0,59,0.05084745762711865,0.0,95.34302,-29.25203387494636,-58.50406774989272,-29.13577167172728,-58.27154334345456,-18.571303058040613,-37.142606116081225,5.1928157102416634e-08,False
0x638b9e1f2a9c1524623c86b26142a3c50969ac69,161,0.043478260869565216,0.0,90.86784000000002,5.718872713579008,11.437745427158015,12.907456436643367,25.814912873286733,18.80006563739868,37.60013127479736,4.9490769970127433e-08,False
0xee772e29e31b9972e1b683b04944bd9937ac0304,43,0.023255813953488372,0.0,89.98704,8.445660619573184,16.891321239146368,20.26958548697636,40.53917097395272,26.688287557852988,53.376575115705975,4.9011046118545956e-08,False
0x6059b042591e59ffb8bea82e3d538fd5f798a0a9,36,0.2222222222222222,0.25,89.35585,0.7007872691303868,1.4015745382607736,2.6068720513791157,5.213744102758231,5.88117217163496,11.76234434326992,4.8667271257192984e-08,False
0x1e12c9921f9bf2f8694406479227301c098e9563,40,0.025,0.0,80.52,-2.121212121211484,-4.242424242422968,-3.6363636363637744,-7.272727272727549,-1.8181818181818872,-3.6363636363637744,4.3854864361193795e-08,False
0x7eff48641e3abf5caa3351bd0f285567358ef4a9,31,0.16129032258064516,0.0,75.80479000000001,-0.08984563323045419,-0.17969126646090838,-3.412782530507458,-6.825565061014916,-2.525154447425326,-5.050308894850652,4.1286745943601346e-08,False
0xc351d5602227ed4d6746275840cb55cb7d2ff5c6,214,0.028037383177570093,0.0,61.902269999999994,-5.578480673584675,-11.15696134716935,-12.946200996590024,-25.892401993180048,-20.882864415974634,-41.76572883194927,3.371479948460005e-08,False
0xbb1599a5cf4e8f99ac981278f6fe87eb30c8e4a6,30,0.03333333333333333,0.0,60.5,7.59999999999934,15.19999999999868,13.2000000000005,26.400000000001,22.799999999999443,45.599999999998886,3.295105928778223e-08,False
0x6a1a6a974fcad302580f9192ea07a360863ad663,33,0.09090909090909091,0.0,56.18976,0.24203698325090658,0.48407396650181317,7.503146480782404,15.006292961564808,0.7261109497531498,1.4522218995062997,3.0603506002086846e-08,False
0x68c0ebe0968ebbbc5e3701d98e38a9dea096bea7,139,0.007194244604316547,0.0,56.15284,-8.270285171685309,-16.540570343370618,-11.945967470212112,-23.891934940424225,0.9189205746317008,1.8378411492634017,3.0583397686237176e-08,False
0x4833b5222c81c5b9cb8430d24fde8b45b513e704,367,0.005449591280653951,0.5,53.00962,3.0769876660637228,6.1539753321274455,-5.1027980135309114,-10.205596027061823,0.6251669261961807,1.2503338523923615,2.8871456718062917e-08,False
0xd378e6ed38bb33799e0701bc71acd1e00b85f380,73,0.0273972602739726,0.0,50.052060000000004,-2.9357483201737935,-5.871496640347587,-2.1270335465231835,-4.254067093046367,7.962936151730216,15.925872303460432,2.7260634653481546e-08,False
0xf475bcf0573bd38d641852c559a079aaf9509c45,4278,0.0002337540906965872,0.0,43.6845,11.331250214606222,22.662500429212443,18.198674587095173,36.397349174190346,39.487690141811775,78.97538028362355,2.3792571065406986e-08,False
0x9c6383ffd9ff6c1a2a7ea0361e245c6cfc5cb6aa,2973,0.0013454423141607804,0.0,42.62052,2.6728301209365926,5.345660241873185,1.3089065192021718,2.6178130384043437,0.7410510060143389,1.4821020120286779,2.321307903134063e-08,False
0x5363c06616c2129d2afec88ff04161d5607eb1bc,36,0.027777777777777776,0.0,38.1039,-9.888751545117803,-19.777503090235605,16.89328388957576,33.78656777915152,-30.902348578491676,-61.80469715698335,2.075312178505331e-08,False
0x7678182c4fb6f9eb6b4bf52745ac083900baa50b,60,0.016666666666666666,0.0,34.311,3.2059689312473507,6.411937862494701,-1.748710326134542,-3.497420652269084,-23.607589402816316,-47.21517880563263,1.868733545823299e-08,False
0x1ffacffe9bf3ba898d30349aa58747661c8dcf78,54,0.037037037037037035,0.0,30.006899999999998,-0.764799963817914,-1.529599927635828,-1.1072277176991672,-2.2144554353983343,-3.624368576736444,-7.248737153472888,1.6343126296571113e-08,False
0xa67d0b529f55c4b1c246fd8b100fe042df4c9d2f,34,0.058823529411764705,0.0,29.310000000000002,8.502660861151561,17.005321722303123,-103.16884373488166,-206.33768746976332,-68.64719400096759,-137.29438800193518,1.596356277231235e-08,False
0x4d2efd937bfb2023554de41de0f649f3f06bce14,69,0.028985507246376812,0.0,27.50364,4.144905910636476,8.289811821272952,10.77675536765307,21.55351073530614,5.8028682748913605,11.605736549782721,1.497973673173254e-08,False
0x842e932ec5eeecc36252bd4015ead08f75e32db0,85,0.011764705882352941,0.0,24.915,5.418422636965889,10.836845273931779,14.148103552078311,28.296207104156622,17.760385310055568,35.520770620111136,1.356984532487759e-08,False
0x9118334ea03c80f2caa417389cef24f8a016d8ea,54,0.018518518518518517,0.0,20.010759999999998,0.3648037355906983,0.7296074711813966,13.862541952429687,27.725083904859375,23.347439077776176,46.69487815555235,1.0898772547993075e-08,False
0xb177d1710a110b520a73c6dc1a0557fed7bec490,90,0.011111111111111112,0.0,20.006190000000004,3.2389975302640264,6.477995060528053,4.85849629539532,9.71699259079064,51.41908579294663,102.83817158589326,1.0896283517564232e-08,False
0x936aade0d4d835271c9c11b89880244330864a63,202,0.0049504950495049506,0.0,12.105,3.7174721189583684,7.434944237916737,7.806691449813101,15.613382899626203,10.780669144981381,21.561338289962762,6.592935085596758e-09,False
0x990f4b1cba709de5a78df791ed71768f6e8e0206,35,0.02857142857142857,0.0,10.1052,0.0,0.0,-7.570359814748603,-15.140719629497205,3.1172069825442863,6.234413965088573,5.503752798593338e-09,False
0xa6ee1ed1ae80b8352603654b39f5e7b9bedd5078,2049,0.0004880429477794046,0.0,6.0984,4.427390791027322,8.854781582054644,8.854781582052546,17.70956316410509,29.811097992915904,59.62219598583181,3.3214667762084483e-09,False
0x35519de6193f0e6581032d87236988629e35a281,198,0.005050505050505051,0.0,0.242,9.50413223140483,19.00826446280966,25.20661157024791,50.41322314049582,33.05785123966872,66.11570247933744,1.318042371511289e-10,False
