wallet,n_fills,maker_share,two_sided,volume,markout_1,realized_spread_1,markout_10,realized_spread_10,markout_60,realized_spread_60,volume_share,is_mm
0xe3b6e3443c8f2080704e7421bad9340f13950acb,34935,0.5176470588235295,0.43751382437513825,549489498.92214,0.4906606248722009,0.9813212497444018,0.1720462832539854,0.3440925665079708,-0.09811330411878012,-0.19622660823756025,0.10537868701246231,False
0xb8eb97eaed8367079894d2f1bed69bd220ec1dd5,19791,0.16659087463998787,0.43554746739460115,504919728.43529004,-0.10957369046826927,-0.21914738093653854,0.6991309069882579,1.3982618139765157,1.6569927607507124,3.313985521501425,0.09683129183282023,False
0xecb63caa47c7c4e77f60f1ce858cf28dc2b82b00,10318,0.9991277379337081,0.48986322630711027,497704480.34123003,0.18203935767341006,0.3640787153468201,-0.3948959719775154,-0.7897919439550308,-0.6595406911260842,-1.3190813822521683,0.09544758318668112,True
0xd911e53d53b663972254e086450fd6198a25961e,12902,0.2584095489071462,0.4553089382123575,353021109.17859006,0.16213773626982822,0.32427547253965644,0.44418389377470635,0.8883677875494127,0.4790877733633842,0.9581755467267684,0.06770084059093932,False
0x7b7f72a28fe109fa703eeed7984f2a8a68fedee2,22100,0.5415837104072398,0.4742250814604395,205183848.14714,0.002051074104299789,0.004102148208599578,-0.005455884054954093,-0.010911768109908185,-0.6123073102104383,-1.2246146204208765,0.039349258823549955,False
0xf9109ada2f73c62e9889b45453065f0d99260a2d,11998,0.941656942823804,0.3599752168525403,196430845.0546,-0.05911928148012655,-0.1182385629602531,-0.5269353931779807,-1.0538707863559613,-0.8443506147638803,-1.6887012295277606,0.03767064626568088,True
0x023a3d058020fb76cca98f01b3c48c8938a22355,23979,0.999916593686142,0.44513492096592566,184832458.77348,-0.49475784094775,-0.9895156818955,-0.8776338952064507,-1.7552677904129015,-1.0753083072958043,-2.1506166145916086,0.035446358594733114,True
0x57dd78cd36e76e2011e8f6dc25cabbaba994494b,10717,0.7890267798824298,0.4971617786187323,111850603.35108,-0.5849450887628824,-1.1698901775257649,-1.0973276831248457,-2.1946553662496915,-1.8281557191241864,-3.656311438248373,0.02145021833139461,True
0x3bcae23e8c380dab4732e9a159c0456f12d866f3,28739,0.46630014962246424,0.03089321692411014,110780614.24916,-0.9509629554591388,-1.9019259109182776,-1.2948399553740064,-2.589679910748013,-0.6945913259310965,-1.389182651862193,0.021245020512511543,False
0x39475d17bcd20adc540e647dae6781b153fbf3b1,1040,1.0,0.41057692307692306,106187941.40314999,0.3523902326043791,0.7047804652087581,-0.9590100732698102,-1.9180201465396205,-1.9237078004223713,-3.8474156008447427,0.020364257849458542,True
0x162cc7c861ebd0c06b3d72319201150482518185,13832,1.0,0.4646471949103528,91397560.78472,0.06784787433994723,0.13569574867989445,0.04990450990758523,0.09980901981517046,0.23184926637719044,0.4636985327543809,0.017527823498953207,True
0x654086857e1fad6dcf05cf6695cce51ea3984268,8896,1.0,0.4648156474820144,64764676.58558,0.06578054519929086,0.13156109039858171,0.1832278146483728,0.3664556292967456,0.30560775052278155,0.6112155010455631,0.012420285732052222,True
0xebcfa0e05df4c406f4a166b1318581134a8537c0,2116,1.0,0.3270321361058601,62182335.35430001,0.050425381864426085,0.10085076372885217,0.2572719075962373,0.5145438151924746,0.15580630096058942,0.31161260192117884,0.011925055652306896,True
0xb317d2bc2d3d2df5fa441b5bae0ab9d8b07283ae,5317,0.42185442918939253,0.3580026749888542,58487858.066199996,-0.060757909422156,-0.121515818844312,0.7166957638667862,1.4333915277335725,4.044619654381829,8.089239308763657,0.01121654499544991,False
0x621c5551678189b9a6c94d929924c225ff1d63ab,549,0.9435336976320583,0.31467181467181465,48575267.83947,-0.04918487247174984,-0.09836974494349968,0.18128447483378768,0.36256894966757536,-0.42726497576927636,-0.8545299515385527,0.009315551900887816,True
0xba00868d28781a5c6f0862b53b2ea72379ddb129,1578,0.7338403041825095,0.3031088082901554,47723500.0,-1.6414959937476068,-3.2829919874952136,-3.172534379009847,-6.345068758019694,-2.1435145669608566,-4.287029133921713,0.00915220359898422,True
0x67f7aa8fb95c47e6ea9c517b623e0701cbf9d9ba,11188,0.536735788344655,0.46711074104912575,47179491.19996001,-0.001636741150441399,-0.003273482300882798,-0.050045412588510085,-0.10009082517702017,0.30756541372821533,0.6151308274564307,0.009047875976374705,False
0xfc667adba8d4837586078f4fdcdc29804337ca06,15040,0.9280585106382979,0.35320246453646653,46324087.918460004,-0.3390366324892412,-0.6780732649784824,-0.9752947693396962,-1.9505895386793923,-1.4542404749842157,-2.9084809499684314,0.008883830485337224,True
0xe86b057f5eb764c9738d6b0d38170befd0723664,634,1.0,0.444794952681388,41915842.504319996,0.200360983444787,0.400721966889574,-0.963262974537237,-1.926525949074474,-0.7766652261661482,-1.5533304523322964,0.00803843650659514,True
0x34fb5ec7d4e939161946340ea2a1f29254b893de,414,1.0,0.3140096618357488,41274858.849039994,-0.11177964849727354,-0.22355929699454707,-0.4605603215177156,-0.9211206430354312,-0.4424699412484089,-0.8849398824968178,0.007915511471408204,True
0xe90bf24e807df04f1513d50002d78bfc22ee84d9,10358,0.47103687970650704,0.4773519163763066,41234984.86638,0.01470325239341738,0.02940650478683476,0.06776027069592735,0.1355205413918547,0.052388754091547335,0.10477750818309467,0.007907864613830562,False
0x7717a7a245d9f950e586822b8c9b46863ed7bd7e,7942,0.9974817426340972,0.4939409240090886,40620496.09332,-0.7807548398152254,-1.5615096796304508,-1.2563584645652148,-2.5127169291304297,-0.7383659579021441,-1.4767319158042882,0.007790020650996002,True
0x8d8a7c2498e0a9d3349ed686c4541736fac2e4f5,3713,1.0,0.4971720980339348,40547491.10815,0.19743689839840897,0.39487379679681794,-0.4134830726510334,-0.8269661453020668,-0.7099873199912247,-1.4199746399824493,0.007776020075011074,True
0xfbb64f9fb18aa6bcf9fe1a2097b3b79435008113,9814,0.5712247809252089,0.465037459864431,38660480.9432,-0.010072557844171973,-0.020145115688343946,0.06779863707114363,0.13559727414228726,0.16824918794932833,0.33649837589865667,0.007414137538672056,False
0x152e41f0b83e6cad4b5dc730c1d6279b7d67c9dc,566,0.842756183745583,0.0,37439986.61167,-0.6237979842518957,-1.2475959685037914,0.1673172153795434,0.3346344307590868,4.46559358007409,8.93118716014818,0.007180076486704604,False
0x847bd1ef4fede0fe191129894d63044843f4d473,10798,0.6910538988701611,0.48056821227552937,36469140.19304,-0.02880798076016706,-0.05761596152033412,-0.06130352783128451,-0.12260705566256902,0.042108978097390566,0.08421795619478113,0.006993891816958117,False
0x95995f302ad58138d791ce49f9f3b1274e80c60a,306,1.0,0.4150326797385621,36257002.1759,-0.39847600140495804,-0.7969520028099161,-0.7534417636333276,-1.5068835272666552,-0.577709015628433,-1.155418031256866,0.006953208918093824,True
0xe2990ce029db870c805e90a1a8a1d8a1c52255d6,1475,1.0,0.4833898305084746,35566567.78581,-0.3170933771335274,-0.6341867542670548,-1.7563980596144442,-3.5127961192288883,-5.199123460190667,-10.398246920381334,0.006820800437788647,True
0x793660578d2628b0ec7e0e2b5c75a4847ae80706,7496,1.0,0.4471718249733191,33528223.88133,0.07982436736745727,0.15964873473491453,0.16518667871236367,0.33037335742472734,0.09061600677458186,0.1812320135491637,0.006429895780365167,True
0xa775d1bd91ee2cc4cae6113e5fd9c0c17b355277,16591,0.2913025134108854,0.4612042209807573,31549638.16533,0.008764151319999986,0.017528302639999972,0.09204934983342763,0.18409869966685527,0.5179395296408316,1.0358790592816631,0.00605045128633447,False
0x0eecd62efb05009e2b72964b4bcdbcf653afd4c5,3885,1.0,0.44350064350064355,31096934.90349,0.15526699284232412,0.31053398568464824,0.371289493052795,0.74257898610559,0.2990187376900805,0.598037475380161,0.00596363383953606,True
0xaf9f722a676230cc44045efe26fe9a85801ca4fa,167,0.9700598802395209,0.45679012345679015,30144803.007719997,0.9843756346094854,1.9687512692189708,-1.5434787663587417,-3.0869575327174834,-3.2860869324359068,-6.5721738648718135,0.005781038158934807,True
0x8f63c88fccae90c1f9eb8b447f830bce7b71dd74,923,0.9360780065005417,0.4837962962962963,29761427.58168,-0.33674814501641587,-0.6734962900328317,-1.0335454712268417,-2.0670909424536834,-2.220185988792903,-4.440371977585806,0.00570751610053663,True
0x31dea2516beee92135b96f464eeec3cf292a13f2,27067,0.9494218051501829,0.4935792668690171,29523476.53961,-1.064606118155313,-2.129212236310626,-1.6907896665330169,-3.3815793330660338,-1.5685344500028413,-3.1370689000056826,0.005661882892921617,True
0x33b84e11ee5d632d5ba65f52a8594be7d3b06e9a,1878,0.9675186368477103,0.4551458447991194,27740917.32738,-1.2764014316374515,-2.552802863274903,-2.4488042407438733,-4.8976084814877465,-2.659562275600884,-5.319124551201768,0.005320031502357768,True
0x9da9ccc7563bc4c420a7a30819d3875d9499f376,2694,1.0,0.2620638455827765,26022247.51062,0.10471545769829041,0.20943091539658082,-0.25193185456772005,-0.5038637091354401,-0.1442273857962948,-0.2884547715925896,0.0049904325399510625,False
0xaf68caebaa151dd592112a07e2344b3950e13561,10460,0.26137667304015294,0.44879297732260426,25902383.215460002,0.1339336874514495,0.267867374902899,0.12572856392578605,0.2514571278515721,0.503450122748188,1.006900245496376,0.0049674454909384574,False
0xcde682fc64f38967b71cfd00803d4ba3d60e49d1,10512,0.2240296803652968,0.4394904458598726,24484608.68892,0.09056260351582554,0.18112520703165108,0.26353505011834355,0.5270701002366871,0.2666107231110186,0.5332214462220372,0.004695550908094626,False
0x72d73fea74d7ff40c3e5a70e17f5b1aaf47dfc26,2305,1.0,0.4490238611713666,23876401.74436,0.1440091518544777,0.2880183037089554,0.10846490261791202,0.21692980523582403,-0.7094965582642412,-1.4189931165284824,0.004578911646788787,True
0xb6a766f531fa8e222f460df11d62b0f84b7b65f3,5648,1.0,0.44405099150141647,23448472.912649997,0.10726373369992627,0.21452746739985254,-0.11214809629172781,-0.22429619258345562,-0.22591363330717282,-0.45182726661434564,0.004496845331583795,True
0x339030695894d065719b8ee501459a467ef1388a,5112,1.0,0.45011737089201875,22678929.194509998,0.12756630502850846,0.25513261005701693,0.1572016638865437,0.3144033277730874,0.39278666599330225,0.7855733319866045,0.004349265611179035,True
0x469e9a7f624b04c24f0e64edf8d8a277e6bf58a5,442,0.8959276018099548,0.1994949494949495,22345097.4415,-0.24557605157756104,-0.4911521031551221,-13.727175193409632,-27.454350386819264,-31.189840110246966,-62.37968022049393,0.004285244821183471,False
0x25ad068ba92b61ce2217c41270a9a69c247679af,2513,1.0,0.4572224432948667,22129011.19957,0.30095472944139834,0.6019094588827967,0.1266352457863041,0.2532704915726082,0.4245819114425132,0.8491638228850265,0.004243804749078895,True
0x0dd5db9c3748486e747c6a123727f472668cf6ee,5117,1.0,0.47625561852648035,21964355.63094,0.04889639539737523,0.09779279079475046,-0.3047737830789969,-0.6095475661579938,-0.2163519533477538,-0.4327039066955076,0.00421222782601566,True
0x82b409e6c2e617929cf22bd7e4b08564c207abc1,4628,1.0,0.4595937770095073,21541133.9716,0.16380150580205122,0.32760301160410243,0.27709056644977476,0.5541811328995495,0.5047917481792044,1.0095834963584087,0.0041310642316904405,True
0xee162a5a60829bd346f0c1ac3514b21fe5f4b290,2661,0.9161969184517099,0.4474979491386382,20983242.96083,0.5847249344274259,1.1694498688548518,-0.5444628680385339,-1.0889257360770679,-1.2308980769358997,-2.4617961538717994,0.0040240743395699935,True
0x4129c62faf652fea61375dcd9ca8ce24b2bb8b95,16063,0.6540496793874121,0.4979059584999048,19606538.01437,-0.14653892642088023,-0.29307785284176047,0.09109285338047639,0.18218570676095278,0.2287803687696589,0.4575607375393178,0.003760055900735236,False
0x9266865bb6afb4c4f618544dd3b8c970f17aa664,5556,1.0,0.4836213102951764,19596249.22293,-0.6365167091135763,-1.2730334182271525,-1.0783653246253708,-2.1567306492507416,-1.2627227120217015,-2.525445424043403,0.003758082761421347,True
0xdfd50d93227ad4f896e1ed00c75aa422950a4a51,817,0.9118727050183598,0.4845637583892617,19152930.4461,-0.1608174739810662,-0.3216349479621324,-0.10414124048401201,-0.20828248096802401,-2.1504449779492094,-4.300889955898419,0.0036730650300143713,True
0xc926ddba8b7617dbc65712f20cf8e1b58b8598d3,116,1.0,0.0603448275862069,18615724.78084,-1.455700764293325,-2.91140152858665,-15.402438581895119,-30.804877163790238,-40.78588572317825,-81.5717714463565,0.0035700420827664264,False
0x49cba59fce90bfdb2ac76f84b6d5144a84bcb3a8,2044,1.0,0.49951076320939336,18466904.89238,1.2402087470655074,2.480417494131015,-0.417601458948368,-0.835202917896736,-1.0694966561080368,-2.1389933122160736,0.003541502057018859,True
0x0a8817c801b0801c2f2acfc8778a7cd807161e07,6566,1.0,0.48339932988120626,18253065.17814,0.09677493672510074,0.19354987345020147,-0.11049298169238231,-0.22098596338476462,-0.2927884520127985,-0.585576904025597,0.003500492814145367,True
0x6a9e7566877b52b13b28230b5543cbccf3685870,6044,1.0,0.45268034414295166,18210413.804399997,0.174622342675983,0.349244685351966,0.17545637991306354,0.3509127598261271,0.0060805731016057765,0.012161146203211553,0.003492313320683134,True
0x4cf1aa03b2ee27f922c2b089dc9f7d3a2551e717,885,1.0,0.4,17955016.071030002,0.7099733235837825,1.419946647167565,1.0170427069051882,2.0340854138103763,0.9654805050641547,1.9309610101283095,0.003443334263100994,True
0xd83516572789f1c782c8298efce58a5600318fd7,7641,0.05457400863761288,0.0407673860911271,17389326.775300004,-0.020169730797112703,-0.040339461594225405,-0.24914316496802502,-0.49828632993605004,4.523390788065092,9.046781576130185,0.003334848850080429,False
0x6be2564feecd30ed141696dd4cbbb27f2abf570c,5794,1.0,0.44494304452882294,17346484.76402,0.1431640347872609,0.2863280695745218,0.09645670420695505,0.1929134084139101,-0.046155034932762316,-0.09231006986552463,0.003326632796986574,True
0x6c48fc6a1fb77121c7ccc818fa333f9c435f66ad,1960,1.0,0.4806122448979592,17339796.46959,0.1272731762893848,0.2545463525787696,0.0385507609836056,0.0771015219672112,-0.11925514417347718,-0.23851028834695437,0.00332535014520384,True
0x4ef1c5ae65ab5b37629b7aa523e7e95e7da528e3,1871,0.15927311598075894,0.4731543624161074,16242081.314599998,1.74228833984549,3.48457667969098,-0.15647851261644494,-0.3129570252328899,-1.2449249027147626,-2.4898498054295253,0.0031148351454205253,False
0x0de52cf07a1c9f48e8a812cd5c1239688144664a,542,1.0,0.47785977859778594,15642661.85964,1.1115491343137762,2.2230982686275524,0.830320888302626,1.660641776605252,0.47259172284127987,0.9451834456825597,0.002999881110343759,True
0x0873ca7cb967af8c35642d903a950d256c1701df,5252,1.0,0.45487433358720486,14061713.81541,0.10963181267476273,0.21926362534952545,0.08537111141264626,0.17074222282529253,0.5684607412425391,1.1369214824850782,0.0026966938256683085,True
0x49ba9baa20d355ba042af2be9772d2b2cd892f44,1340,0.8791044776119403,0.4949066213921901,13635500.895849999,-0.024275409004833597,-0.04855081800966719,-0.014370530011428795,-0.02874106002285759,-1.0800765568853254,-2.160153113770651,0.002614956580572483,True
0x07fd7e702ba749ffa49c3a6c17fcd9e6c7b7082a,135,0.9925925925925926,0.39552238805970147,13327897.60831,1.25568310131924,2.51136620263848,0.036212419466742606,0.07242483893348521,-4.731242754656465,-9.46248550931293,0.0025559657706930115,True
0xaca2d79168f9e9072c089e5f7d6eb0daefc13915,8164,1.0,0.464233219010289,13309135.80934,0.10537898895896852,0.21075797791793704,0.09156256189011273,0.18312512378022547,0.16711533128580705,0.3342306625716141,0.002552367715142672,True
0xa289ee1e56c0d5d041db762e6123e78af0f7d9ad,1396,1.0,0.42335243553008595,12581859.69726,0.11414172449152367,0.22828344898304734,0.06879995375522004,0.13759990751044007,-0.2397560651948214,-0.4795121303896428,0.0024128938909170005,True
0xf05359fe3426248c3eb48ca9474160dc4510b99d,10962,1.0,0.46049990877577085,12371040.215209998,0.18338492261710546,0.3667698452342109,-0.10402430628982456,-0.20804861257964913,-0.3576263037251397,-0.7152526074502794,0.0023724638549315,True
0xf517639a8872e756ac98d3c65507d2ebc25cc032,594,0.8484848484848485,0.39682539682539686,12273541.80866,-1.6860896137016967,-3.3721792274033935,-3.33432754674107,-6.66865509348214,16.950017153449153,33.900034306898306,0.0023537660379792207,True
0x880ac484a1743862989a441d6d867238c7aa311c,3578,0.8432084963666853,0.386145177328472,12047883.661710002,-0.6962917999277664,-1.3925835998555327,-1.4289223537657172,-2.8578447075314344,-1.392547991465204,-2.785095982930408,0.002310490307895386,True
0x494421b7809a78be5011f39dd688e597c82bda18,1055,0.16587677725118483,0.13714285714285712,11745000.0,-1.9846027961935622,-3.9692055923871243,3.191119258602953,6.382238517205906,6.976645659443584,13.953291318887167,0.002252404607165645,False
0x6ba2ad09aa6629a423b59b71f3564d84ce66c001,947,1.0,0.470960929250264,11093243.966820002,0.777434231483056,1.554868462966112,0.31964065798129354,0.6392813159625871,0.8655170740186865,1.731034148037373,0.0021274136925736793,True
0xfdc7c22506e166206858df11d22acaa5bd195ba6,3379,1.0,0.4690736904409588,11035432.22509,-0.17201494421447197,-0.34402988842894394,-0.035319565678417895,-0.07063913135683579,-0.06209303278091931,-0.12418606556183862,0.002116326810204933,True
0xae822bb60e9b636a79e692c0ee13e9a2ded7e5c9,3396,1.0,0.48557126030624265,10754191.3369,-0.2399122807900463,-0.4798245615800926,-0.1482365154550459,-0.2964730309100918,-0.10384037505746012,-0.20768075011492024,0.002062391665693863,True
0x0191ee7b28282188e1b333a31bd82eba26848d2b,3216,1.0,0.48134328358208955,10436349.10064,-0.12781132719956695,-0.2556226543991339,-0.175376339474531,-0.350752678949062,-0.26109088198026115,-0.5221817639605223,0.0020014372751188227,True
0x7fdafde5cfb5465924316eced2d3715494c517d1,6381,0.1377527033380348,0.24914675767918093,10385044.115309998,-0.4474797827333072,-0.8949595654666144,-1.2446410280625049,-2.4892820561250097,-0.8006021902405569,-1.6012043804811138,0.001991598229965322,False
0xcaa1aa01a516bf4ee4d30f6258ae285c787a904d,3064,1.0,0.4663838120104439,10212472.543979999,-0.2067362316059019,-0.4134724632118038,-0.3362696752298207,-0.6725393504596414,-0.8235350132689254,-1.6470700265378508,0.001958503210609894,True
0x73939b2be96e2e321f4c217e6d98d77696cf8f4d,4279,0.9429773311521383,0.4929368029739777,10085684.79296,0.385653630636708,0.771307261273416,-0.26520939401208693,-0.5304187880241739,0.026474915408458033,0.052949830816916066,0.0019341884115865121,True
0x44871d62caaeb8b91777be8aae0e23ee68b4c92d,1181,1.0,0.3522438611346317,9913149.932829998,-0.2689677558288192,-0.5379355116576384,-0.38620303555744334,-0.7724060711148867,-0.24727097215112695,-0.4945419443022539,0.001901100432544069,True
0x6e00947f2e02a295332721b9cbc0a2a7dcffbdb9,3179,1.0,0.4460522176785152,9903898.706050001,-0.024983278149512695,-0.04996655629902539,-0.0629787824855462,-0.1259575649710924,0.16760248571763603,0.33520497143527206,0.001899326272831749,True
0xd0f9337179d095d744be87b33d569e5c1aa8ce0b,3911,0.9394016875479417,0.4850299401197605,9513883.38466,0.4041126307938367,0.8082252615876734,-0.1659969970842586,-0.3319939941685172,-0.06437696664374926,-0.1287539332874985,0.0018245308444142072,True
0xf6fb1452dffd2535ad6b506bb9d763864e048fb0,1481,1.0,0.4834571235651587,9478911.22221,-0.14742448351090803,-0.29484896702181607,-0.24087808558787763,-0.48175617117575525,-0.07244284669469854,-0.14488569338939708,0.0018178240364257077,True
0x21b5eb0ca859383f7d8b6906cddb115e92e80913,1467,1.0,0.4396728016359919,9349089.38781,-0.09059891178709786,-0.18119782357419573,0.009528133734591016,0.019056267469182032,0.14693033318738807,0.29386066637477615,0.0017929273741938425,True
0x42885bfee595c7bf079609433fa3f2bc24e72096,1440,1.0,0.47708333333333336,9147807.049600001,-0.04769603018955529,-0.09539206037911058,-0.11681140575828751,-0.23362281151657502,-0.5842272371309647,-1.1684544742619294,0.0017543263298409031,True
0x02c31a0b4f07f3d5f840991f0efea578aae2d102,613,1.0,0.49592169657422513,9077616.35276,0.35158166645702543,0.7031633329140509,-0.3389057015690919,-0.6778114031381838,1.180638564041004,2.361277128082008,0.0017408654657334033,True
0x1101bae8585db0607781710dcbc8feaa4b669c1b,366,0.4644808743169399,0.0,8764538.065779999,-0.9274768612426183,-1.8549537224852366,-2.363635248059947,-4.727270496119894,-7.341146434969856,-14.682292869939712,0.0016808246844650097,False
0xf5d81a135f756ca16544e53c20fc20643ec3ad53,19920,0.11541164658634538,0.46020008699434534,8759940.37944,0.025920747074653167,0.05184149414930633,0.11813305391093538,0.23626610782187077,0.012427537241614939,0.024855074483229878,0.0016799429603360598,False
0x5483dd0f8b7d2544a6ac14ba8659988178fd9f4a,1025,1.0,0.4868292682926829,8745285.14456,0.9287247576274665,1.857449515254933,1.1620451110405536,2.3240902220811073,0.04432992422796211,0.08865984845592421,0.00167713244364276,True
0xa920834b468e29c0789bf7c4586d42e49892bb6b,291,0.35051546391752575,0.0,8657000.0,-2.553811325060886,-5.107622650121772,-4.844237673251607,-9.688475346503214,-9.567245724093794,-19.13449144818759,0.0016602015056818209,False
0x15271757b398cd1d3d7cca05c4f7b0c159afa7c2,441,0.4580498866213152,0.34158415841584155,8630797.852370001,-0.1255081453614212,-0.2510162907228424,-0.8004234013163922,-1.6008468026327844,-3.5296889874493402,-7.0593779748986805,0.0016551765726856998,False
0x823ecdcdfc67ab8885f4d24ba595050611fe76c9,746,1.0,0.4973190348525469,8411173.56736,0.8247879031867323,1.6495758063734647,1.408688443436614,2.817376886873228,0.28606690858695716,0.5721338171739143,0.001613057990190852,True
0x0a97692d91fa9195a52da81cca2051c032c5347d,1113,1.0,0.43665768194070076,8236234.731389999,-0.14890330457715573,-0.29780660915431145,-1.3181425776812226,-2.636285155362445,-1.3513702136726098,-2.7027404273452196,0.0015795089872014075,True
0x922db3364d2e18c1c69457ecbca73ceea0b7d2e6,2045,1.0,0.4860635696821516,8139274.65624,0.49535052344290775,0.9907010468858155,0.4485002817617181,0.8970005635234362,1.0574414888351025,2.114882977670205,0.0015609144090848487,True
0x6e6f2ca77afaee5a22dc3cf0f903f39a548a82a6,1026,1.0,0.43664717348927873,8079338.426480001,-0.2058004957554544,-0.4116009915109088,-0.7870019279889601,-1.5740038559779201,-1.312473716118994,-2.624947432237988,0.001549420101715963,True
0x2025137a136bea7446deba681cbfc7cf1970840e,3008,0.914561170212766,0.311886586695747,8048007.242369999,-2.07501648524218,-4.15003297048436,-4.348829291005449,-8.697658582010899,-3.1485811417050344,-6.297162283410069,0.0015434115445906056,True
0xa70ac79d24b8ea7dc8899d6c2df26488130b4be9,1006,1.0,0.47614314115308154,7937269.947450001,-0.35573017431518456,-0.7114603486303691,-0.7802673118958648,-1.5605346237917297,-1.308631470519967,-2.617262941039934,0.0015221748316691186,True
0xd6e1a6f7bb47aca69aaa511210227d40926ff256,92,1.0,0.3913043478260869,7893342.986719999,2.874390491759211,5.748780983518422,0.8831237863653874,1.7662475727307747,-5.646183425714879,-11.292366851429758,0.0015137507117264162,True
0xd7b8209d95d4c05faaa505671211058d51529f55,478,0.497907949790795,0.2857142857142857,7605871.224680001,-5.264622295518464,-10.529244591036928,-6.4644466949042805,-12.928893389808561,4.750470415730708,9.500940831461415,0.0014586206375460059,False
0xe091330c53b971ed4e886f902f18e8544a8d6705,138,1.0,0.0,7530800.0,-1.1432747004289747,-2.2865494008579494,-2.0719440066532835,-4.143888013306567,-8.732021741203267,-17.464043482406534,0.0014442238072067295,False
0xc1914d36f97dc5557e4df26cbdab98e9c988ef37,761,1.0,0.35611038107752957,7434877.25158,0.3822215474135227,0.7644430948270454,-1.6260372406328987,-3.2520744812657973,-3.906959241780716,-7.813918483561432,0.0014258281630625661,True
0x4cd4d7d6e1c022fb9ff9decb149be49f469653f5,2847,0.9536354056902002,0.4968692449355433,7422514.67535,0.5616295949710011,1.1232591899420021,-0.4305546625147842,-0.8611093250295684,-0.6743960123624125,-1.348792024724825,0.0014234573223936102,True
0x4e614a1dc65a06d55203e55ac33b295a068d4684,1350,1.0,0.4925925925925926,7054110.88923,-0.45736886313256203,-0.9147377262651241,-0.6903891294882364,-1.3807782589764728,-0.3152281020354781,-0.6304562040709561,0.0013528064594601104,True
0x351126a070c9cadef8064ddd7b2d289fc33163aa,951,1.0,0.4773922187171398,7021196.65343,0.9342566568814077,1.8685133137628154,1.0656231671345515,2.131246334269103,0.7937170888119683,1.5874341776239367,0.001346494311622115,True
0xa801bb18551016ab0721555f59a27d2b31a8ffbb,1886,1.0,0.4835630965005302,7018195.7257199995,-0.11971481623234155,-0.2394296324646831,-0.2967157833313061,-0.5934315666626122,-0.6841081783677532,-1.3682163567355063,0.0013459188068626617,True
0xf36c562be0598b8ce109998b6aa2d53ffcd8316b,1860,1.0,0.45268817204301076,7016951.43647,-0.1845048435030697,-0.3690096870061394,-0.4486803793096916,-0.8973607586193832,-0.012256357611897141,-0.024512715223794283,0.0013456801825255528,True
0xfdd6eb36cb17c4b06310e29475b5f052e9b92b5c,357,0.4733893557422969,0.3431952662721893,6830042.6552099995,-0.4835475567573173,-0.9670951135146346,-1.4329762475353662,-2.8659524950707325,2.927937307309124,5.855874614618248,0.0013098356359074394,False
0xa38f19c4ccbcfd64cff676d72c436f7e6239dccf,843,0.8125741399762753,0.3868613138686131,6777575.28118,-0.6001634018647324,-1.2003268037294648,-0.8108256927803533,-1.6216513855607066,-0.24311452288884328,-0.48622904577768655,0.001299773672945238,True
0x7a6d5fc57f6906f337c48fe2763c3a501304f79c,517,0.9903288201160542,0.408203125,6634545.50433,-0.7286263658359894,-1.4572527316719788,-1.9770664820689825,-3.954132964137965,0.5711132432889092,1.1422264865778184,0.0012723440494170292,True
0xffbd3e51ae0e2c4407434e157965c064f2a11628,700,0.27,0.0,6630923.5518000005,0.07012598132538737,0.14025196265077475,-0.8888468133000986,-1.7776936266001973,-7.6104221233444145,-15.220844246688829,0.0012716494472403152,False
0x56cf6a15408d6e928122427e8d2b55206a95ea80,4657,0.3880180373631093,0.4322080796900941,6402374.67168,-0.17598509155936903,-0.35197018311873807,-0.44828143698411993,-0.8965628739682399,-0.3362032662323684,-0.6724065324647368,0.0012278193450227896,False
0xae7a0f9f663bb54bfe95378c7e3de7dd6e28d6bc,1029,1.0,0.4120505344995141,6396462.868949999,-0.19704679183946427,-0.39409358367892855,-0.4439351745678104,-0.8878703491356208,-0.8328531795801996,-1.665706359160399,0.0012266856054139598,True
0xaf2825f73a90cf08baf2577818826b79e3faca9b,4631,1.0,0.459511984452602,6392580.571769999,0.17221281367391783,0.34442562734783566,-0.03767906511499427,-0.07535813022998854,-0.263940369807235,-0.52788073961447,0.0012259410754816805,True
0xac7476e14f768e3e67c195e79c2490dd20c70127,5473,0.6318289786223278,0.47888953152111047,6286138.23243,0.14611816203196581,0.29223632406393163,-0.9261443631118689,-1.8522887262237377,-1.0946715343384537,-2.1893430686769073,0.0012055280303112333,False
0x6ba889db7f923622d3548f621ecc2054b80c1817,2377,0.9486748001682793,0.46784922394678496,6261231.68396,-0.2793948004809226,-0.5587896009618452,-0.7207956978753606,-1.4415913957507211,-0.053709205546873744,-0.10741841109374749,0.001200751561641806,True
0xff4cd3826ecee12acd4329aada4a2d3419fc463c,4265,0.9978898007033997,0.4948308270676691,6208901.8340799995,-0.1652102673704866,-0.3304205347409732,-0.18175277951999402,-0.36350555903998805,-0.031569182077398214,-0.06313836415479643,0.0011907159724581535,True
0xbff945932b5ff40699e9f12fa40927c5667df619,357,1.0,0.4565826330532213,5965669.57823,1.0036956470069542,2.0073912940139085,0.479781737801788,0.959563475603576,0.9145594358988518,1.8291188717977036,0.0011440699568184914,True
0xe49a2d027b1b0fed0a6a9f6fa81f8c579a13177c,928,0.17780172413793102,0.4121212121212121,5630880.40087,-0.6779108328200149,-1.3558216656400297,0.2781298427462877,0.5562596854925754,3.611105178415372,7.222210356830744,0.0010798655561786565,False
0x76bf72092bbfe1c935b6d834f70dd9e75b057fd6,195,0.4564102564102564,0.4269662921348315,5584833.9622599995,2.6649061227741955,5.329812245548391,-0.1847301312799319,-0.3694602625598638,-1.3477393371845492,-2.6954786743690984,0.001071034972060416,False
0x35f11d72d09fce228a4d59622c3265eecc7c0309,772,0.25906735751295334,0.17500000000000004,5448710.236579999,-0.7761185229456136,-1.5522370458912271,-2.4800965171839815,-4.960193034367963,1.1475564091947164,2.2951128183894327,0.0010449297607478417,False
0xa9b91ec3cd32ba4e5841b2bf6ec5d2c222e60243,1131,1.0,0.41025641025641024,5433977.223239999,-0.7455180102790692,-1.4910360205581383,-1.017886024597575,-2.03577204919515,2.2246918124480315,4.449383624896063,0.0010421043280424821,True
0x859801b3305919287e2cf4ea307f78da1b6074bb,400,1.0,0.43999999999999995,5416206.54157,-0.9207858085178938,-1.8415716170357876,-2.31353868206779,-4.62707736413558,-0.9706786048234405,-1.941357209646881,0.0010386963446226455,True
0x99bfe8e92dcd439ec785c8d809ee2b4c929734c3,5488,1.0,0.45098396501457727,5315439.2171,-0.9994710807178946,-1.9989421614357892,-1.7012768778382237,-3.4025537556764474,-1.054311518931975,-2.10862303786395,0.0010193716289233707,True
0xc06dd151c27dbe535ae95797e8aab1bb8b8cc7c0,189,0.48148148148148145,0.4505494505494505,5314679.6451200005,2.5252347098421946,5.050469419684389,1.0905372069890011,2.1810744139780023,1.5673381744194463,3.1346763488388927,0.001019225961539188,False
0xba5f4f92f396e6de20d3dae5eefa65f4ecca806a,1529,1.0,0.47939829954218444,5303608.71603,1.0387709162784573,2.0775418325569146,0.1379096904758434,0.2758193809516868,0.2756094629758954,0.5512189259517908,0.001017102827295857,True
0xb2b1d1a7a034d9209a627e754ebb8d24988ca23a,1101,1.0,0.4368755676657584,5303245.07839,-0.05670885134929632,-0.11341770269859264,-1.1241751564492082,-2.2483503128984164,-2.00645824829016,-4.01291649658032,0.0010170330904635306,True
0x6859da14835424957a1e6b397d8026b1d9ff7e1e,269,0.6691449814126395,0.2,5033864.55427,-0.33224297637593414,-0.6644859527518683,-1.400802150928439,-2.801604301856878,-1.4163435162779228,-2.8326870325558455,0.0009653724745751881,False
0x634fe24f2f7396f5d967ec3936df04f49a3e6951,500,0.342,0.0,5008725.315300001,-2.4598869021919696,-4.919773804383939,-3.7881440019161308,-7.5762880038322615,9.158466493823061,18.316932987646123,0.0009605513815418407,False
0x0c4926daf1250b8da7b9fc339f304d923b94d346,440,1.0,0.49772727272727274,4925443.7564,-0.7750475360305232,-1.5500950720610465,-0.8858147686153537,-1.7716295372307074,-1.3614484490401442,-2.7228968980802883,0.0009445800093018835,True
0x14f8e042905350cee7ae0cec27f092f10dd912bb,953,1.0,0.4858342077649528,4919953.23355,-0.5675766342339861,-1.1351532684679722,-1.2021543354334798,-2.4043086708669597,-1.1249414001059166,-2.249882800211833,0.0009435270609014501,True
0x9c80801cdbd3280dfca2dc787aadfba8d2d6cb8f,1183,1.0,0.3888419273034658,4850766.50693,-0.7224707725908084,-1.4449415451816168,-2.426652824570539,-4.853305649141078,-3.141750924255125,-6.28350184851025,0.0009302587338011013,True
0x010461c14e146ac35fe42271bdc1134ee31c703a,6900,0.6476811594202898,0.4023271425374804,4810165.917850001,-0.5275352587204961,-1.0550705174409922,-0.9424220569693403,-1.8848441139386807,-0.4353556638338909,-0.8707113276677818,0.0009224725308298429,False
0xd8f3afed9ca8350777471d9fad357ca6babc117b,1180,1.0,0.3779661016949153,4731539.76265,-0.5407534212066962,-1.0815068424133925,-2.1043088295119623,-4.208617659023925,-2.5878006057778964,-5.175601211555793,0.00090739395150109,True
0x6daec5ff434924e0839358e710e6ae5f158590de,95,1.0,0.0,4605364.83419,0.0687654556107424,0.1375309112214848,0.8757909691580302,1.7515819383160605,4.072651506988846,8.145303013977692,0.0008831966769015072,False
0x3f5a5c6b29a95dc27f33b257ac216d4b922a9b0d,1206,1.0,0.3731343283582089,4603555.1274999995,-0.3079512781760662,-0.6159025563521324,-0.7058944181645941,-1.4117888363291882,-2.035077621445686,-4.070155242891372,0.0008828496192866774,True
0x97991003fd631e2923f40cab2a4fdc35e60dc807,1314,1.0,0.45662100456621,4441162.37673,1.174269610956683,2.348539221913366,0.008060357608827805,0.01612071521765561,1.1223726826864173,2.2447453653728346,0.0008517066495119095,True
0x31ca8395cf837de08b24da3f660e77761dfb974b,6659,0.5568403664213846,0.37351672060409924,4025681.473,-0.14171038043079437,-0.28342076086158874,-0.45478338537515794,-0.9095667707503159,-0.309469610024159,-0.618939220048318,0.0007720275433602878,False
0xb7373a09fdd43ab1b4ce266eaa400a61af5f8fc0,951,1.0,0.4794952681388013,3953353.1544100004,0.6352624297161517,1.2705248594323033,-1.084139019075337,-2.168278038150674,-1.2321095555095314,-2.4642191110190628,0.0007581567355254082,True
0x3440f23a87f1950e7a88cd248fd270e92d1132c5,538,1.0,0.36988847583643125,3917966.42429,-0.7358788411021315,-1.471757682204263,-2.069162894154905,-4.13832578830981,-2.147626453328319,-4.295252906656638,0.0007513704235667181,True
0x34efcd07bb59121a9b6011097f7845302654febe,257,1.0,0.39688715953307396,3811077.2,-3.9481535449398018,-7.8963070898796035,-4.482602222859674,-8.965204445719348,5.5713311453518815,11.142662290703763,0.0007308716767598081,True
0x7469cbaedb847ddac296b6f7c857e3127f239be8,776,1.0,0.48067010309278346,3649120.2191899996,-0.5095195804514733,-1.0190391609029466,-1.3757750100403072,-2.7515500200806144,-2.3432760082751347,-4.686552016550269,0.0006998122770374511,True
0xce75a235d1a055e4b3eb88545f7215c6f963055a,700,0.9928571428571429,0.48345323741007196,3607363.4853800004,-0.2361254530649577,-0.4722509061299154,-0.3081599578262052,-0.6163199156524104,-0.9919092900972845,-1.983818580194569,0.0006918043536986829,True
0x020ca66c30bec2c4fe3861a94e4db4a498a35872,2107,0.0322733744660655,0.0,3306960.0000000005,-2.0831145858469458,-4.1662291716938915,-2.8003720158288394,-5.600744031657679,-2.739776160729399,-5.479552321458798,0.000634194290311835,False
0x440888714a6afed60ff44e9975a96e6a36f7fac4,1546,0.9987063389391979,0.41321243523316065,3287064.32466,-1.7582193492870979,-3.5164386985741958,-2.200531500325597,-4.401063000651194,-2.1400792149210774,-4.280158429842155,0.0006303787849224362,True
0x1700acdd94010de35087b45b601d0e1b90c2697f,4034,0.5666831928606841,0.35870516185476814,3286661.3780699996,-0.8115241947544997,-1.6230483895089993,-1.5786680822065786,-3.1573361644131572,-2.0132995181171647,-4.026599036234329,0.0006303015095920182,False
0x1eb720d520b6d5993f04310b66b51a96775c9a55,762,0.04199475065616798,0.34375,3188840.2734199995,-2.657019551983553,-5.314039103967106,-3.002943894638865,-6.00588778927773,-16.93677663461211,-33.87355326922422,0.0006115418070129044,False
0x7e698eea0709e4a0dbbd790fc493d60691801157,790,1.0,0.310126582278481,3174423.16965,-0.8771258808565554,-1.7542517617131108,-3.253507566767103,-6.507015133534206,-3.75504730988817,-7.51009461977634,0.0006087769580598578,True
0xd6f52e2ab58a678eced4a4d1693757b0677631c8,34,1.0,0.0,3077633.0130000003,0.0,0.0,-8.026755852843113,-16.053511705686226,1.3377926421407722,2.6755852842815444,0.0005902149661682661,False
0x202486b34776b26b474aedb348658aaab5d2dff4,641,0.9921996879875195,0.19496855345911945,3060779.8249000004,-2.4746157442309245,-4.949231488461849,-2.6154490560314367,-5.2308981120628735,-1.920676667517408,-3.841353335034816,0.000586982935642777,False
0x7a420aebedabd3b8f6c7a3e1df73924c71194bac,905,0.3911602209944751,0.0,3020680.8404,-0.5766458892741338,-1.1532917785482677,-0.4896734202395404,-0.9793468404790808,-2.0228474411717765,-4.045694882343553,0.0005792929281987188,False
0x2e4634304d58856d003545badbfef5ec1a442c1d,285,0.32280701754385965,0.42391304347826086,2922764.8058,-2.083196151497827,-4.166392302995654,-1.2298034294240603,-2.4596068588481206,7.602841420731408,15.205682841462815,0.000560515020369989,False
0x905f996c9e2452b42e93a877c53fa650940f8b1e,161,0.484472049689441,0.0,2919771.068,-4.034023251070911,-8.068046502141822,-6.671421097152101,-13.342842194304202,-7.1913375337066165,-14.382675067413233,0.0005599408944599536,False
0xdcb240af2c0812177a41399fecd8b82f23f9006c,209,0.3492822966507177,0.0,2907867.9305199995,-2.0610022876138134,-4.122004575227627,-7.717015655362865,-15.43403131072573,11.492229781575071,22.984459563150143,0.0005576581629401853,False
0x99b1098d9d50aa076f78bd26ab22e6abd3710729,105,0.7428571428571429,0.0,2903999.9999999995,0.2207388571022525,0.441477714204505,-1.8453768453767339,-3.6907536907534677,-8.048138729957426,-16.09627745991485,0.0005569163881829741,False
0x41206f8efb51e5039e5b46e04e7866a4849f72d2,102,1.0,0.0,2887046.196800001,-0.0713802979490455,-0.142760595898091,-1.8542177409491014,-3.708435481898203,0.7325001803550009,1.4650003607100017,0.0005536650621347275,False
0xa5b0edf6b55128e0ddae8e51ac538c3188401d41,203,0.2857142857142857,0.0,2835000.0,-0.16420361247926987,-0.32840722495853975,0.2554278416344781,0.5108556832689563,-11.196253724989544,-22.39250744997909,0.0005436838706951556,False
0x5f6eb0dceaae65eca27c926bdccb0a7fb13bc25e,701,0.7161198288159771,0.22908366533864544,2783107.5,-3.1625362727445685,-6.325072545489137,-4.218723195647269,-8.437446391294538,-5.002464568526379,-10.004929137052757,0.0005337321545540451,False
0xf1c0dab1ff187f1dc13482cb675f54b8be362a5c,252,0.1865079365079365,0.0,2736084.754759999,0.18808360171422428,0.37616720342844856,2.5752916607865495,5.150583321573099,4.470545479596786,8.941090959193572,0.0005247143386306603,False
0xeb2c29a8917422b3ff466f74539b206318c40118,80,0.8625,0.463768115942029,2682376.8890499994,-0.9824562920609998,-1.9649125841219997,1.2332011073368645,2.466402214673729,0.2889616082170274,0.5779232164340548,0.000514414479612675,True
0x856c35038594767646266bc7fd68dc26480e910d,533,1.0,0.011257035647279534,2609007.74498,-0.33985715677321054,-0.6797143135464211,-0.9833887549014652,-1.9667775098029303,-1.3410875172999421,-2.6821750345998843,0.0005003440668304641,False
0xb250ad89208f50f255dde9a7d540bd84b37b56da,77,1.0,0.0,2608416.034,-0.23298960176035022,-0.46597920352070044,-0.9233291625320991,-1.8466583250641981,1.721534279673779,3.443068559347558,0.0005002305910929195,False
0x15e2e8f2ca76c2f2df2d030993d290d408dfa3f1,88,0.38636363636363635,0.2647058823529412,2597709.8084099996,-0.2980573972607915,-0.596114794521583,-4.378695981444548,-8.757391962889097,-7.335218348691843,-14.670436697383685,0.0004981773980878729,False
0x218a65e21eddeece7a9df38c6bbdd89f692b7da2,168,0.6726190476190477,0.0,2593063.1497,-1.8036056082222922,-3.6072112164445844,-2.382002093727571,-4.764004187455142,9.535117362986476,19.070234725972952,0.0004972862822525107,False
0x5a2bb7053789932cf954067bbc5b91e001e93b15,135,0.5703703703703704,0.0,2401362.2624,0.10793605119420031,0.21587210238840063,4.59259935337271,9.18519870674542,-11.65089625977959,-23.30179251955918,0.00046052272654776297,False
0xde82f068fdf3bbf7e81e11c910331732ac8df60c,504,0.39087301587301587,0.4010152284263959,2366481.57553,-2.0030720512839792,-4.0061441025679585,-2.0762318812504295,-4.152463762500859,1.3370363642169951,2.6740727284339902,0.0004538334613449456,False
0x936cf4fb95c30ce83f658b5bbb247e4bb381bb0f,888,0.5304054054054054,0.15923566878980888,2341225.2414,-0.7140144975967814,-1.4280289951935627,-1.6477337668510372,-3.2954675337020745,-2.961153697122858,-5.922307394245716,0.00044898991231518597,False
0xcc982ae47f0d3ca2d26728bc0aea49e60e42e9db,1185,0.1949367088607595,0.33333333333333337,2266527.73309,-1.1878551357278235,-2.375710271455647,-2.2383353584240133,-4.476670716848027,-6.365715179984601,-12.731430359969202,0.00043466475166288815,False
0x7258d00a24d6829ac4bf355127bfbc9e2303aed4,389,0.2416452442159383,0.21276595744680848,2264355.5060500004,-0.123210663591986,-0.246421327183972,-1.3714791084178313,-2.7429582168356625,-0.7978751928032519,-1.5957503856065038,0.00043424817148470977,False
0x1e3001537d0c6799e59245597c541127bac57120,3005,0.9993344425956738,0.49184149184149184,2090952.00973,0.12870160466948652,0.25740320933897304,0.19179135240408804,0.3835827048081761,-0.5058847996400686,-1.0117695992801372,0.0004009936092020533,True
0x25ddff2f25a73b8dc3711871f09525ebdc6253db,90,0.5111111111111111,0.4782608695652174,2051856.0940500002,-0.8783234132080691,-1.7566468264161381,-4.219965119807584,-8.439930239615167,-2.9201302858847766,-5.840260571769553,0.0003934959658986058,False
0x96ccc32214260052e6fd971c4d34dda9f85c6888,408,0.16666666666666666,0.23529411764705888,1899865.6665999999,-0.13623743701933166,-0.27247487403866333,-1.793511214906907,-3.587022429813814,-0.0861721164584675,-0.172344232916935,0.0003643479080839224,False
0x8f8b4759dc93ca55bd6997df719f20f581f10f5c,2616,0.04510703363914373,0.2542372881355932,1854587.6622599997,-0.45355974674252525,-0.9071194934850505,-1.2816786443608186,-2.563357288721637,-0.7309930307008428,-1.4619860614016855,0.0003556646909209865,False
0x51f63885534cb494f4592a0311551f369bff2b39,617,1.0,0.2560777957860616,1846875.1628200002,-0.16963711333471404,-0.3392742266694281,-0.9331041852628953,-1.8662083705257906,-1.3316867921244013,-2.6633735842488027,0.0003541856215917896,False
0x79d26d4f2f19decb3f679ab2b1e540886d54b642,146,1.0,0.13013698630136983,1840091.0,-0.6993848405846791,-1.3987696811693582,-0.3250547146089908,-0.6501094292179816,-4.8944165593690325,-9.788833118738065,0.00035288458458953073,False
0x61ceef212ff4a86933c69fb6aca2fe35d8f2a62b,6286,0.008908685968819599,0.0,1833510.2470999998,0.2012405890428588,0.4024811780857176,-1.3554145556137034,-2.7108291112274068,-3.403333491169035,-6.80666698233807,0.0003516225566499327,False
0xd6ef5649200101eb44ce8949f4cfb167b0c5a07a,171,1.0,0.19298245614035092,1790015.2134100003,3.6819738838946,7.3639477677892,1.9445322355224763,3.8890644710449527,3.5138503366593725,7.027700673318745,0.00034328126978129243,False
0x1af68b9a13200553d4c48e0c8da9c376ecccc454,53,1.0,0.49056603773584906,1787380.0,-1.8479421026667946,-3.695884205333589,1.8409887109917014,3.6819774219834027,-4.92341540918956,-9.84683081837912,0.00034277590010691616,True
0x80b196bdb41b8c78c2083cb86f836e1509778a50,160,0.2875,0.10869565217391308,1761300.0,-0.2915717499012786,-0.5831434998025572,-1.8875233592960405,-3.775046718592081,-5.0078094500283825,-10.015618900056765,0.0003377743920477523,False
0x337c8f57be536a4848a8b69d3d66199a404b9b4e,565,0.17168141592920355,0.3917525773195877,1737337.8526400002,-1.404155293980661,-2.808310587961322,-1.7479845175675917,-3.4959690351351833,3.525516420883348,7.051032841766696,0.00033317903648272495,False
0xbcc7fd5f27cba04dca862b94509133c453dde764,45,1.0,0.0,1723471.116,0.4782928623987222,0.9565857247974444,1.3024282560707605,2.604856512141521,-2.6563649742454274,-5.312729948490855,0.00033051973452493104,False
0x1643e9aba4fcfb4e8c1a887090239e34f488cad6,80,1.0,0.5,1708253.41976,2.697830543614498,5.395661087228996,0.3377537992061853,0.6755075984123706,-1.8782334407804016,-3.756466881560803,0.0003276013514579729,True
0xd4c1f7e8d876c4749228d515473d36f919583d1d,17807,0.020385241758858877,0.4490358126721763,1633268.2222199999,-0.5283559969902518,-1.0567119939805036,-1.9148375986519979,-3.8296751973039957,-1.6200617406844409,-3.2401234813688817,0.0003132210190264427,False
0xf4a8e405481a15923c13022016ea33827ae87469,290,0.35517241379310344,0.03883495145631066,1628615.0,-4.2850319579660585,-8.570063915932117,-3.159579066131257,-6.319158132262514,-5.762300244215488,-11.524600488430975,0.0003123286444699086,False
0xe912cac1a6641004a8803687ee7699227fdb0550,43,0.9767441860465116,0.0,1501901.94116,-1.2656773495421976,-2.531354699084395,-0.6946433088116751,-1.3892866176233503,-2.493704254099898,-4.987408508199796,0.0002880281695853392,False
0x9eeb863e43ae9b71b6d08e0f0e44280c047b8a08,281,0.18505338078291814,0.0,1486926.06,-1.1643816714928532,-2.3287633429857064,-1.2185503448191315,-2.437100689638263,14.34512878079091,28.69025756158182,0.0002851561607542495,False
0x9c2a2a966ed8e47f0c8b7e2ec2b91424f229f6a8,441,0.8435374149659864,0.034946236559139754,1456645.95591,-2.312706893042046,-4.625413786084092,-1.7533800665636292,-3.5067601331272584,-0.21503202086578294,-0.43006404173156587,0.00027934917514694667,False
0xd103fdac9ae59354ade450c8e90e8f6abe2456f1,505,0.06534653465346535,0.0,1403434.0008000003,-1.0079135567605795,-2.015827113521159,-2.078642207057252,-4.157284414114504,-7.04454294784627,-14.08908589569254,0.00026914441968964103,False
0xbf1935fe7ab6d0aa3ee8d3da47c2f80e215b2a1c,68999,1.0,0.497108653748605,1336715.00487,-1.0807114750465923,-2.1614229500931845,-1.7215478645687812,-3.4430957291375623,-1.6797308390435008,-3.3594616780870017,0.00025634934316191025,True
0x15cf9649c5d5f3cde56279c5cef856894110c84f,61,1.0,0.360655737704918,1319096.0,-2.2394483692989153,-4.478896738597831,-1.1716417404093191,-2.3432834808186382,-4.131572389361467,-8.263144778722934,0.00025297044765379087,True
0xe0beac8b7449772d85312c326b12b2a55a4a35cd,341,0.9736070381231672,0.4819277108433735,1292231.2306000001,-0.6304189870625848,-1.2608379741251696,-2.3750231519280915,-4.750046303856183,1.7296981034923156,3.459396206984631,0.00024781843995970806,True
0xe438197a24407445a58e0240a7a549e4738c2679,548,1.0,0.4051094890510949,1284294.4649099999,0.0543632377192767,0.1087264754385534,-0.8269677372718369,-1.6539354745436738,-1.3910731169713615,-2.782146233942723,0.0002462963618323219,True
0x4e14fc11f58b64740e66e4b1aa188a4b007c0eab,138,0.5072463768115942,0.0,1231905.8730000001,-0.558320184488497,-1.116640368976994,-2.184731156693861,-4.369462313387722,-2.709066634300398,-5.418133268600796,0.00023624950735969485,False
0x4b1c09fa8322548360a76a3747e32a60a864bc38,164,1.0,0.36585365853658536,1231801.20633,-0.20139541467093341,-0.40279082934186683,-0.6672010416293243,-1.3344020832586485,-2.9389009666796246,-5.877801933359249,0.00023622943484460544,True
0x5986347c1d0133d02d307f08bb1efd44c2eb89d9,500,0.07,0.0,1223816.1449799996,0.10866554042599373,0.21733108085198746,-0.34814232581800936,-0.6962846516360187,-5.8451799395443444,-11.690359879088689,0.00023469809478728393,False
0xd8592afc09c864df215d8012122aed08e4ae453f,1735,0.4829971181556196,0.1706443914081146,1205249.45386,-1.3159414627911297,-2.6318829255822593,-2.288556272744738,-4.577112545489476,-3.551482448797094,-7.102964897594188,0.00023113745616501843,False
0x19e51939ea0528b6bf563097160c5f04504f3923,412,0.06796116504854369,0.0,1194758.9598,-0.9925716515459643,-1.9851433030919285,-8.166332425219034,-16.332664850438068,-1.71478446119945,-3.4295689223989,0.00022912563520697776,False
0x15df49f74171cd2157c89084f63e15fbd12c6ca1,9318,0.0015024683408456751,0.0,1171860.0,-0.4388502770607121,-0.8777005541214242,-1.1459439806286837,-2.2918879612573675,6.558577202558429,13.117154405116858,0.0002247341730909436,False
0xf66b6133ccea6309533a2b4dbe4231c920759218,1087,0.04323827046918123,0.3829787234042553,1120481.7282399999,-0.541435822828383,-1.082871645656766,-1.6892721520930998,-3.3785443041861996,0.2787310589462345,0.557462117892469,0.00021488107338720304,False
0xd11a880a60b889f9e88d260a3be04accd60c0efe,659,0.9802731411229135,0.4767801857585139,1112033.5424600001,-0.6198690442020779,-1.2397380884041558,-1.6429957621469504,-3.285991524293901,-1.0495439109851854,-2.099087821970371,0.00021326091735714237,True
0xd89815c28cd666d0727ccfffb7310d996d7b1861,353,0.6515580736543909,0.4347826086956522,1086786.2159699998,-0.8261285380631601,-1.6522570761263202,-0.40530762148324845,-0.8106152429664969,1.0325152956587447,2.0650305913174893,0.00020841909577309025,False
0xedbeeb29869daa48bcf3ee214a48678bae7ce13a,123,0.5284552845528455,0.4769230769230769,1085585.09803,-0.6361969972865386,-1.2723939945730771,-2.3611168506174596,-4.722233701234919,-5.78206108868232,-11.56412217736464,0.00020818875064053982,False
0xb8b29bf06a95259eb98cef70556cdace862899e4,276,0.39855072463768115,0.09090909090909094,1067138.0068400002,-0.014825299014208182,-0.029650598028416363,1.8012692988024095,3.602538597604819,11.758643353701101,23.517286707402203,0.00020465104836849552,False
0x45bafad54b4491f0f0041614304376c95bff9082,220,0.2681818181818182,0.0,1023106.9999999999,-2.7045465992251856,-5.409093198450371,-5.1149441794417765,-10.229888358883553,-0.0177958310067787,-0.0355916620135574,0.00019620697491898008,False
0x63d417a577b50c96f4f09148d4e4d70950db0522,153,0.6535947712418301,0.0,1015669.1999900001,-3.225931707543099,-6.451863415086198,-12.133259548876078,-24.266519097752155,-8.30566707076517,-16.61133414153034,0.00019478058624212183,False
0x88376d0cceccdb3614a2bd80fd8bf8b4d209733c,165,0.49696969696969695,0.0,1004589.8347499999,-1.384778312194354,-2.769556624388708,-0.8165436800366358,-1.6330873600732716,-3.1102296969542342,-6.2204593939084685,0.00019265583415093007,False
0xe06a4582075a296f440dabf8c0fa716b33a04b45,241,0.0995850622406639,0.0,999999.8128,-16.757865937072815,-33.51573187414563,-23.93980848153215,-47.8796169630643,32.489740082079344,64.97948016415869,0.00019177557986509172,False
0x6ba9e484a4dafac57d4f27355eaa71f224a59ab8,613,0.013050570962479609,0.0,999999.1061000001,-5.293348836861143,-10.586697673722286,-4.365818459223296,-8.731636918446592,0.2752158965197702,0.5504317930395404,0.0001917754443372641,False
0xa243ecc646b1ce99c8c2810b6581cce76ec6f989,405,0.3012345679012346,0.0,996600.0,-3.8900162092303923,-7.7800324184607845,-14.41035456180609,-28.82070912361218,-36.25469331552347,-72.50938663104694,0.00019112357867188436,False
0x345359af77917c494f4282f389b534d64e1cb323,172,0.20930232558139536,0.33333333333333337,973325.46855,-0.03926603919550317,-0.07853207839100634,0.26693088392759934,0.5338617678551987,-3.7065062484487794,-7.413012496897559,0.0001866600910714074,False
0x701855fa8a122de3128e6be82c33e0a6d4afc7b8,1631,0.9717964438994482,0.489589905362776,965527.37061,-0.5035060680461082,-1.0070121360922164,-0.8505551911109984,-1.7011103822219968,-0.3696808551234979,-0.7393617102469958,0.00018516460603716433,True
0x27c9fa86c91b84ddfa15de58c482ff662498d65d,238,0.5840336134453782,0.4460431654676259,900025.8713499999,0.3015069446356006,0.6030138892712013,-0.7083140903644595,-1.416628180728919,-3.5461036329550972,-7.0922072659101945,0.00017260301568301523,False
0x082654b2217afff4a7f29bff78102f2febc519cb,354,0.15819209039548024,0.26785714285714285,833790.0,-3.757053891861888,-7.514107783723776,-3.627317403435859,-7.254634806871718,0.2582054974484801,0.5164109948969602,0.0001599005906691054,False
0xdb951b52356ebf874676950a5045b469783bbb49,164,0.3719512195121951,0.14754098360655737,797657.88279,-1.5631717216852044,-3.1263434433704087,-5.661013009531621,-11.322026019063243,-5.443461182127759,-10.886922364255518,0.0001529713316422469,False
0x0d07f49c74cef05fa159e7263abdd7e5c28f4b57,1313,0.2757044935262757,0.4475138121546961,751806.88586,-0.008715171244366117,-0.017430342488732233,0.6356199353116729,1.2712398706233459,0.2075285025945067,0.4150570051890134,0.00014417822847253472,False
0x6a480b73434ea10cec02a253abe23c5ef9d80e9e,329,0.1884498480243161,0.1774193548387097,749105.06132,-1.2473934831651035,-2.494786966330207,-1.3812773692603142,-2.7625547385206284,-3.8803464110855947,-7.7606928221711895,0.0001436600844076859,False
0x506aaeccc6f2035b834bdb2826b089114df6ab52,2851,0.38828481234654505,0.1824751580849142,744693.92943,-0.3511027023813476,-0.7022054047626952,-1.0128733674959112,-2.0257467349918223,-1.5819835172490813,-3.1639670344981625,0.00014281413687325837,False
0xaa82c72777b61e6be717c1cfb8420b78d87dc600,279,0.7921146953405018,0.0,735599.9637099999,-0.07404851833048422,-0.14809703666096843,2.854833809192325,5.70966761838465,2.5936241928598847,5.187248385719769,0.00014107013599755513,False
0xf85ac276d013524b33a84688c7d60ae6ad1c7557,1661,0.014449127031908489,0.0,717497.6000000001,-1.2552336428698887,-2.5104672857397774,-5.952723391784768,-11.905446783569536,-6.256797866531808,-12.513595733063616,0.00013759854405025911,False
0x43a5d46352272f67e7b071984f9ff5ab25ba4429,78,0.1282051282051282,0.5,710134.46351,-0.8897142902823036,-1.7794285805646073,-2.4656489625117928,-4.9312979250235855,-6.194492585062516,-12.388985170125032,0.000136186474015924,False
0x4c6988b39fc0904628c2959e7606ef5f8518c152,6695,1.0,0.4200149365197909,704573.43291,-0.7572682308887985,-1.514536461777597,-1.4436984933815995,-2.887396986763199,-1.4671566981326363,-2.9343133962652725,0.00013512000394831828,True
0x9078d90f329d5b11bca1f91d2097a8c7fce06968,125,0.68,0.44705882352941173,671427.2817100001,-1.3430751390305342,-2.6861502780610684,-3.818340411132715,-7.63668082226543,0.4793976221637411,0.9587952443274822,0.00012876338039168237,False
0xdd4f66125defd0265f806a0ccfd0ee63e2bb4f02,1372,0.9190962099125365,0.4853291038858049,641182.98499,-0.17158012488932742,-0.34316024977865484,-0.7081147861444651,-1.4162295722889302,-0.7980715517215952,-1.5961431034431903,0.00012296326176481026,True
0x10db7ac03986429d570926b8676745f63b06e884,56,0.6428571428571429,0.19444444444444442,622732.47902,-1.5602005470594251,-3.1204010941188502,-4.173096798491361,-8.346193596982722,-2.2707702725198775,-4.541540545039755,0.00011942490462122872,False
0xc67663415662a592bf8144ada2c2310a68c77d1a,211,0.6919431279620853,0.2465753424657534,620768.75,-0.8607749805055265,-1.721549961011053,-0.26835065954203197,-0.5367013190840639,0.47375250552509673,0.9475050110501935,0.00011904830927922166,False
0x8c7bd04cf8d00d68ce8bc7d2f3f02f98d16a5ab0,85,0.3764705882352941,0.0,594600.529,0.062382867174116924,0.12476573434823385,-0.33262589481846766,-0.6652517896369353,-0.22865125584826784,-0.4573025116965357,0.00011402988258345931,False
0x1070f53b35f8850f4dbb96e388e63f33d14443f3,2278,0.31913959613696224,0.35213204951856947,589143.51921,-0.11581038616255677,-0.23162077232511355,-0.6819456608127856,-1.3638913216255713,-0.6465047394300852,-1.2930094788601705,0.00011298336117074378,False
0xe541611d849a33c4e9577d13c21414d8ffc4b3e1,148,0.18243243243243243,0.0,582160.0,-0.29265214094146774,-0.5853042818829355,-0.4835122328598039,-0.9670244657196078,-0.3308241593251929,-0.6616483186503858,0.00011164409247403592,False
0x513a90581941c05d06e09884bc06283df6e65c49,196,0.19387755102040816,0.3157894736842105,577467.8851599998,-4.295783629873328,-8.591567259746656,-0.8788077678077935,-1.757615535615587,13.406632848191816,26.81326569638363,0.00011074425926135251,False
0xd487e26c62ed8c28ce3cc70b5791e501c2934982,191,0.31413612565445026,0.0,563762.82678,-0.997891357005535,-1.99578271401107,-3.1885082872915094,-6.377016574583019,-1.7427715807342457,-3.4855431614684913,0.00010811596325142608,False
0x2249e3790eba9a700304a96da0182174c2c91b2e,2284,0.28590192644483364,0.33537519142419603,555635.30912,-0.1618944335143234,-0.3237888670286468,-0.9066108927196719,-1.8132217854393438,-1.7421629488668207,-3.4843258977336413,0.00010655730354753471,False
0xdd59e8447b243696561f01f841d26a19b224aede,54,0.35185185185185186,0.0,552979.9990000001,0.0,0.0,-1.6480790236356047,-3.2961580472712093,-3.909804492242026,-7.819608984484052,0.0001060480798142234,False
0x8342b064d963c5ab6425c7edee4de0a31838b58a,2055,0.36934306569343067,0.26086956521739135,551082.53865,-0.1465575490852843,-0.2931150981705686,-0.9535156019135185,-1.907031203827037,-1.0653770064151131,-2.1307540128302263,0.00010568419318721153,False
0xd5550402c8afa8667f082e40b6785796d46033a0,132,0.2803030303030303,0.43243243243243246,549516.05003,0.1629116070834443,0.3258232141668886,2.328218274993173,4.656436549986346,1.139867674263474,2.279735348526948,0.00010538377886752143,False
0x05d9f6c39a75bd6f040d65eb75a4ea6e9e20b60b,1948,0.3762833675564682,0.23874488403819916,539775.0598,-0.01723206534976197,-0.03446413069952394,-0.9337776414085552,-1.8675552828171105,-0.8642145581589659,-1.7284291163179317,0.00010351569446799758,False
0x69bd6ef34435b4dae8beb3edc232b52293424a50,2177,0.287092328892972,0.3248,530258.68711,0.0008292191656900286,0.0016584383313800572,-0.774131877914857,-1.548263755829714,-0.34031782002591837,-0.6806356400518367,0.00010169068623551897,False
0x262000d4546c0d10adf6378148fb6dd4feb8cf43,2150,0.2916279069767442,0.354066985645933,530020.4957900001,-0.16262978352283888,-0.32525956704567777,-0.9131033790116609,-1.8262067580233219,-0.9973072058306285,-1.994614411661257,0.00010164500694845598,False
0x953cb34f310cdef2ec0351e8c20e87bd53bd3bce,1747,0.3938179736691471,0.2325581395348837,527286.07507,-0.18393142334156268,-0.36786284668312536,-0.7786937420982692,-1.5573874841965385,-0.7567251805555154,-1.5134503611110308,0.00010112061173111606,False
0x8e403d0bea9dbf78fa62d2d980b3322d91250151,2030,0.3477832512315271,0.2521246458923513,516523.70028,-0.13066013255965456,-0.2613202651193091,-1.0279570045295625,-2.055914009059125,-1.4015673595529423,-2.8031347191058846,9.905665067866485e-05,False
0xcd873972d192d25972fc1d8e5b5cecab4c1429da,1991,0.30135610246107486,0.32166666666666666,506076.85576999997,-0.06330524990208061,-0.12661049980416123,-0.9009580509300724,-1.8019161018601448,-1.2157555110808236,-2.431511022161647,9.70532006399533e-05,False
0x9fd12a07f48689e72d706be662e936d99529e9ea,2002,0.2952047952047952,0.30456852791878175,501201.56224,-0.21129453535652398,-0.42258907071304797,-1.2319737711325498,-2.4639475422650996,-1.2649191279752485,-2.529838255950497,9.611823822120005e-05,False
0x5faed49291db46f90e9af7331e41046e65776e5f,1130,0.024778761061946902,0.0,500498.47848,-1.2127637254314119,-2.4255274508628237,3.437963162941545,6.87592632588309,3.7088455867755035,7.417691173551007,9.598340390019135e-05,False
0x0af3036385dcb527984abae20f6675475707467e,125,0.976,0.0,498190.32477999997,-0.3591713580509653,-0.7183427161019306,-1.5912391310660123,-3.1824782621320247,0.24153262692338506,0.4830652538467701,9.554075630309246e-05,False
0x55f389689b39fdd29d063f8b1aa776666a2dd788,5563,1.0,0.49451734675534786,496245.97282,-1.1084497330959882,-2.2168994661919763,-1.6787888498963102,-3.3575776997926203,-1.3648482928171388,-2.7296965856342776,9.516787700869863e-05,True
0x098a8b53f5bfe8ba5a4f35490734710a5d5c8edc,238,0.2184873949579832,0.0,495947.5,-0.9125562889474641,-1.8251125778949282,-6.594688274873361,-13.189376549746722,0.44910118738109894,0.8982023747621979,9.511063719985386e-05,False
0x32af4c34c603cb9e1480aa79d0369a46e07cfa5c,91,0.34065934065934067,0.0,489195.77,-0.2806008087749402,-0.5612016175498804,-2.3449014714115934,-4.689802942823187,-5.826351652779758,-11.652703305559516,9.381582002162155e-05,False
0x21a21c11877569378cb95507e921203f5bb9d084,2282,0.24802804557405783,0.27561837455830385,469624.77801999997,-0.14773153110561021,-0.29546306221122043,-0.7345499954723633,-1.4690999909447267,-1.0113699751946188,-2.0227399503892376,9.006258098351564e-05,False
0xef5fdcefdb38803a654ee9f3539bed8058443d99,2121,0.9985855728429985,0.23182247403210576,461182.62068,-0.38014344076390844,-0.7602868815278169,-0.912778653197392,-1.825557306394784,-1.0752070105217164,-2.150414021043433,8.844358106124802e-05,False
0x22f1dc11c84afc6553e44beae0ae9f9252a7f207,87,0.22988505747126436,0.0,460077.02865,-2.996703626010176,-5.993407252020352,-4.66153897379428,-9.32307794758856,0.998901208671068,1.997802417342136,8.823155546890936e-05,False
0xf16074940f3df4cce3898c90990619df2db9b4ab,1746,0.3316151202749141,0.2573402417962003,456845.89546,0.03066125558146588,0.06132251116293176,-0.8540317015588286,-1.7080634031176571,-1.0199083751871063,-2.0398167503742126,8.761190291177681e-05,False
0x8c294aeb643f8099f3d15fb47e437edd72df4022,317,0.0694006309148265,0.3181818181818182,453737.11109,-0.757230083801933,-1.514460167603866,-1.3762393596289675,-2.752478719257935,0.3499299647441582,0.6998599294883164,8.701571387493793e-05,False
0xbb2a3c1f71a033c6c9badb8ad4df02fc2b61dddb,132,0.803030303030303,0.0,448361.51615999994,-0.5004665657495475,-1.000933131499095,3.945585092002864,7.891170184005728,6.503475014706494,13.006950029412987,8.598480584713134e-05,False
0xc9ccdbab8f977a797d5cb2adb3d52cfb1a15bcaf,111,0.8018018018018018,0.3707865168539326,443077.69035000005,-1.46819525181132,-2.93639050362264,-1.1515582498596157,-2.3031164997192315,1.1352603411415598,2.2705206822831197,8.497149689882104e-05,True
0x8a9683697f7e534d86d9e5e433ed725047991954,30,1.0,0.0,437917.5,-0.07982352523301849,-0.15964705046603697,0.20689450393430994,0.4137890078686199,0.05610366091982389,0.11220732183964778,8.398189821698265e-05,False
0xde22e70994ffd3748b78c82af635d8c584044903,849,0.5959952885747939,0.32015810276679846,437696.02385999996,0.30824955149665767,0.6164991029933153,-0.5501349226053678,-1.1002698452107356,-0.7631598945309396,-1.5263197890618792,8.393942449385678e-05,False
0xda949f94ca319ed6ccb4048af840acf0bab8feb8,1746,0.27720504009163804,0.371900826446281,435884.30126000004,0.11642554119343847,0.23285108238687693,-0.9274780171897987,-1.8549560343795974,-1.6722597417679825,-3.344519483535965,8.359198027664555e-05,False
0x3550dd33e3e6af5cd76822526af8cac37ba1d865,90,0.3333333333333333,0.0,434960.00000000006,-1.5160652599944398,-3.0321305199888795,-2.1892920659774706,-4.378584131954941,-8.607278700270381,-17.214557400540762,8.341472183335624e-05,False
0x8cae4c475672eb3646f4e2962decfd33bf8f022a,258,0.07751937984496124,0.3,434116.62101999996,-0.7703632960949427,-1.5407265921898854,-2.161398601690953,-4.322797203381906,0.3071153237495068,0.6142306474990136,8.325298231014305e-05,False
0x86f181c6056c25b2ba45d9bbd5f111736c337648,174,0.8850574712643678,0.06493506493506496,430457.81878,-1.0435031170646578,-2.0870062341293156,0.3336640809984357,0.6673281619968714,4.588208409144352,9.176416818288704,8.255131325760291e-05,False
0x9c723d843cf2c059d25a643c0d8a2a8a76f6bab7,5207,0.2746303053581717,0.3657342657342657,427981.5689,-1.3438232528578409,-2.6876465057156818,-2.016645298225768,-4.033290596451536,-1.485222626817568,-2.970445253635136,8.20764289120767e-05,False
0x1bce9549c13f72fbc1b39a8971f7ba10734215b5,40,0.525,0.3333333333333333,425185.29999999993,-0.6029362004284912,-1.2058724008569823,-3.510412701099282,-7.020825402198564,-13.910680743124308,-27.821361486248616,8.154017272193331e-05,False
0xd791482e9cc7710eb3aac780dd0f3c487341e21a,112,1.0,0.0,424382.0,-4.399803781125045,-8.79960756225009,-4.479046254473657,-8.958092508947313,15.826367789175729,31.652735578351457,8.138611936978891e-05,False
0x39bac00809cae627f52e4a82f95f4f67d5b269bd,41,1.0,0.4878048780487805,410670.5314,2.0274845326606528,4.0549690653213055,1.0027722680801159,2.0055445361602318,-0.3531437170172316,-0.7062874340344631,7.875659403597476e-05,True
0x046c5d20555f53c561e94be5cbffa85011ca3eb7,801,0.5717852684144819,0.026200873362445365,407036.50169999996,-3.1222783978875746,-6.244556795775149,-7.989152189535457,-15.978304379070915,-11.844282384600229,-23.688564769200458,7.805967575254719e-05,False
0x667b8184fcb9e83bf3180bb42f5c67374cde679a,966,0.484472049689441,0.29059829059829057,402329.59204,0.27320592947043165,0.5464118589408633,-0.6262377534678862,-1.2524755069357725,-0.5485284318122401,-1.0970568636244802,7.715700525414818e-05,False
0x95b5653dfd12b0bc13c08297869621c9650aa6bb,938,0.48187633262260127,0.29646017699115046,400352.56207,0.46422939820311077,0.9284587964062215,-0.4706533895585947,-0.9413067791171894,-0.28317266928073453,-0.5663453385614691,7.67778591142646e-05,False
0xed57487a52e6a1d2c05ef0ccc90cb92e112acb91,281,0.09608540925266904,0.14814814814814814,398903.31320000003,-1.8614677105593542,-3.7229354211187085,0.6282119870334255,1.256423974066851,-0.04003191463217327,-0.08006382926434653,7.649992851982293e-05,False
0xa864144d507da1f5a90aae0147b8cba6d93a21cb,344,0.08430232558139535,0.20689655172413793,392431.91785,-0.5520677515795619,-1.1041355031591238,-0.49038006920405763,-0.9807601384081153,1.2934039849880752,2.5868079699761504,7.525887269171477e-05,False
0xbe60007eb1467bd6eceb402c0796ea36ff1d6c6a,1800,0.2477777777777778,0.31390134529147984,390841.31213000003,0.16175422550362295,0.3235084510072459,-0.6781719722133261,-1.3563439444266523,-0.29285411516021587,-0.5857082303204317,7.495383330032166e-05,False
0x8c58d0919ad10db0fdbe1f8e0b715cfa0fc9728e,1737,0.26194588370754174,0.34505494505494505,384228.95858,0.04408791972156167,0.08817583944312334,-0.9442614792402925,-1.888522958480585,-1.175047592302719,-2.350095184605438,7.36857451266113e-05,False
0xe6c650f79e5668859e6ec53f64a8daa4acaeab81,2399,0.7140475197999167,0.37886748394629305,384191.60646000004,-0.7976866480086261,-1.5953732960172522,-1.5568963567289502,-3.1137927134579004,-2.3477582070160175,-4.695516414032035,7.367858190079816e-05,True
0xf5dd745bcf393686ceffb6a43f7e7b4c172aefad,800,0.5575,0.27802690582959644,383759.03500000003,0.21422836563044417,0.42845673126088835,-0.7165859696582589,-1.4331719393165179,-0.19051863622829848,-0.38103727245659696,7.359562524269409e-05,False
0xc81627434af14d5b35d808f40227d18d41c35c64,794,0.5831234256926953,0.2375809935205183,382912.86384,0.18750126381582716,0.3750025276316543,-1.1380815323958506,-2.2761630647917013,-1.9230878201774269,-3.8461756403548537,7.343335024744208e-05,False
0x899e32394e7c797baf48b6f77f7657799875393e,37,0.4594594594594595,0.47058823529411764,380835.61104000005,-0.9133197356259473,-1.8266394712518945,-0.6951284953193282,-1.3902569906386564,-7.6391632097486974,-15.278326419497395,7.30349838126215e-05,False
0xd7f36d390b357984d2387129bc796b1be1a28ccc,205,0.24878048780487805,0.039215686274509776,380385.4224,-0.45487362915052537,-0.9097472583010507,-0.551229756666155,-1.10245951333231,-0.6876971991745551,-1.3753943983491101,7.294864860897487e-05,False
0x940587add074ff0c4dd973b46018af4a73a81f36,782,0.5549872122762148,0.23502304147465436,372644.60855,0.34702962679767657,0.6940592535953531,-0.73063914904449,-1.46127829808898,-0.5044607314311025,-1.008921462862205,7.146414926636512e-05,False
0xf653bc346b6c40bf491de926267f33e9511b18bb,111,0.34234234234234234,0.368421052631579,372591.20268,-0.9878654603342409,-1.9757309206684819,-0.23168412134728283,-0.46336824269456567,-1.239209255322412,-2.478418510644824,7.145390732276036e-05,False
0x1a5612386dce50174bd467498afa607df418d7c6,68,0.4411764705882353,0.1333333333333333,370250.0,-2.21039789351114,-4.42079578702228,0.28566735300808477,0.5713347060161695,2.488379493693087,4.976758987386174,7.100492173717156e-05,False
0x5a813b82e4520f5534ec617747c1887b9f03f051,189,0.3439153439153439,0.06153846153846154,364625.00000000006,-1.608607367949158,-3.217214735898316,1.5189472851457073,3.0378945702914146,-2.294243295272325,-4.58848659054465,6.992618389849071e-05,False
0x89bdfd6caab017d28d9296c2513e687db99b3df2,815,0.49938650306748467,0.2604422604422605,362625.02047,0.27365809262230495,0.5473161852446099,-0.6337233277322448,-1.2674466554644896,-0.9714022489201921,-1.9428044978403842,6.954263659260658e-05,False
0x03ed75547203aa51c84e6eb6bf3f3a9f8e6ee5c9,165,0.07272727272727272,0.08333333333333337,361912.98227999994,-1.2557447762282308,-2.5114895524564615,-0.6303658283312275,-1.260731656662455,-4.780557320336486,-9.561114640672972,6.940608503027078e-05,False
0xb919448d2f1797e5d9e7b9e88cd909a5089e6d4e,33,1.0,0.0,359778.25920000003,-1.5056885250548053,-3.0113770501096107,-1.9908918524955326,-3.981783704991065,-1.8593852436396061,-3.7187704872792122,6.8996697197115e-05,False
0xf0d69d179ca94eb9b16d9ddf9d5ebf2f23a34cef,144,0.10416666666666667,0.4666666666666667,358742.86929999996,-1.527825192951313,-3.055650385902626,-3.7993381758497784,-7.598676351699557,-9.004450268698973,-18.008900537397945,6.879813466148512e-05,False
0x034d4f0b00827e4ac77d910071377f707ddd23d3,340,0.1323529411764706,0.4,354810.99721999996,-1.0789512171368707,-2.1579024342737414,-0.8823636824362485,-1.764727364872497,-0.9874826420517732,-1.9749652841035463,6.804409747223199e-05,False
0x49dab3b6fd70cbdece09a09f364d22393ca7b258,1597,0.005009392611145898,0.375,348636.0,-0.5159973968573652,-1.0319947937147305,-1.6332217911413023,-3.2664435822826046,-2.8463987746272332,-5.6927975492544665,6.685988357801633e-05,False
0x48b5c751c2d63ac9134ce31f8d3e08b6836f6ee0,538,1.0,0.4144981412639405,347761.65365999995,-0.6362565358908483,-1.2725130717816966,-0.9757582377176368,-1.9515164754352736,-1.7690636421763006,-3.5381272843526013,6.669220527027051e-05,True
0x3cd22b8f539ef327f4e40aa6e1de27c978658408,105,0.5333333333333333,0.0357142857142857,344171.32519,-1.1978110970967886,-2.395622194193577,3.2068915845133676,6.413783169026735,1.627832462577755,3.25566492515551,6.600366781713591e-05,False
0x3a140f8456b03f25ace243a211dca7b6c4bdb994,2284,0.7263572679509632,0.34900542495479203,342576.62483,-0.7566910587426362,-1.5133821174852724,-1.5206198000318014,-3.041239600063603,-1.9775612408075494,-3.9551224816150987,6.569784317363548e-05,True
0x9a3664a58b6a6579319c44bdd06a381ec8b47b6a,267,0.18352059925093633,0.46938775510204084,341520.56279999996,-0.4783043415512353,-0.9566086831024706,-2.0230223504956877,-4.046044700991375,-1.6442684888545578,-3.2885369777091156,6.549531622754566e-05,False
0x01783e91d31c69633153c2aadbf9b7901049d03a,903,0.3853820598006645,0.4367816091954023,328100.35380000004,0.5895958595822073,1.1791917191644146,-0.38915880615826315,-0.7783176123165263,-0.3072547830497045,-0.614509566099409,6.292164738286916e-05,False
0x8a0cd16a004e21e04936a0a01c6f5a49ff937914,48,0.22916666666666666,0.09090909090909091,327009.5071599999,-0.06283025150943965,-0.1256605030188793,-0.8094332831921566,-1.6188665663843131,0.36594152941156854,0.7318830588231371,6.271244959677742e-05,False
0xf1489077fa6df778a411a59b393774e7d0cde5a1,786,0.43765903307888043,0.45639534883720934,320929.40389,0.6343198259034218,1.2686396518068437,-0.7937655258646896,-1.5875310517293793,-0.6348450913663736,-1.2696901827327471,6.154643404825544e-05,False
0xe8ef95e07161df78552da11fd95d287dd6d65201,926,0.37365010799136067,0.4710982658959537,318862.91304,0.5169196356757859,1.0338392713515718,-0.36866397679442153,-0.7373279535888431,0.16841327206038467,0.33682654412076934,6.115013149302294e-05,False
0xfbe6bb269f1e3cb3b303e336040025fed23328d8,558,0.982078853046595,0.4635036496350365,318676.51522,-0.2984321044346332,-0.5968642088692664,-0.7813123405751932,-1.5626246811503863,-0.3417775673592341,-0.6835551347184682,6.11143849363151e-05,True
0x9878b73eba4475a8ca8bb9be119c3f85df988e9d,722,0.46398891966759004,0.4208955223880597,317975.52015,0.8566203351597667,1.7132406703195333,-0.4899559175250972,-0.9799118350501944,-0.40653595750122984,-0.8130719150024597,6.097995117511727e-05,False
0xef84b4c04927eafa9b98584e5a1febd32e697101,208,0.6346153846153846,0.0,317513.60036000004,-0.303060268804906,-0.606120537609812,1.196584059553714,2.393168119107428,1.5328170370972565,3.065634074194513,6.0891366222955767e-05,False
0x6628f829994f1756257e6c2468dabd675a530a1d,909,0.36743674367436746,0.41017964071856283,317280.2968,0.31166691720286893,0.6233338344057379,-0.6414477392164162,-1.2828954784328324,-0.5197153943215178,-1.0394307886430356,6.0846624289076475e-05,False
0x29291f31e6c4a04571af888a45b52ed36d0f1bf8,1938,0.9963880288957688,0.4935266701191092,316396.19587000005,-1.2542921029300895,-2.508584205860179,-1.6895883010641406,-3.379176602128281,-1.2926583064255177,-2.5853166128510354,6.06770752888269e-05,True
0xe4d933fb1e35c6e6a489ccc65561094e39efcb76,724,0.457182320441989,0.4441087613293051,313111.08482999995,0.3200788712596096,0.6401577425192192,-0.6746441948813866,-1.3492883897627732,-0.6936261959622959,-1.3872523919245918,6.0047071096272874e-05,False
0x89f81b07485d774891eab82316dd1f666a4e5bd5,303,0.31353135313531355,0.3789473684210526,312329.65142,-1.104910012736946,-2.209820025473892,-2.439656497543401,-4.879312995086802,-5.061402471486853,-10.122804942973707,5.9897211222890415e-05,False
0xacd2c7e45ab72ece1fddc9f1958cac547d7e20ae,696,0.47701149425287354,0.45481927710843373,311801.33716000005,0.5825906794690311,1.1651813589380622,-0.5004055778315374,-1.0008111556630748,-1.1559051766598583,-2.3118103533197165,5.9795893430361234e-05,False
0x5f9dd2797a391de4f33d9fe620676dce5be14868,99,0.6666666666666666,0.24242424242424243,311082.7585,2.4475218568377436e-05,4.895043713675487e-05,0.6180160238514394,1.2360320477028788,0.9842395633994873,1.9684791267989745,5.9658087565363784e-05,False
0x66701345620a1d2d81e37f9fd8c74491e8c7d525,855,0.39766081871345027,0.44999999999999996,310953.00564000005,0.865012337989228,1.730024675978456,-0.2538827346843559,-0.5077654693687118,-0.6125417029878699,-1.2250834059757398,5.9633204130739963e-05,False
0xd9c1ef5e179d706c4296b3abccbba362eb24158b,779,0.4274711168164313,0.45945945945945943,309899.40061,0.20704300195482925,0.4140860039096585,-1.0924208486024445,-2.184841697204889,-1.5907768216998008,-3.1815536433996017,5.943114837733809e-05,False
0x42be8a7a39db60abe34d878f92ff22243cfde2b3,872,0.3830275229357798,0.4011976047904192,307667.03526,0.6463819675266931,1.2927639350533862,-0.4094236225417974,-0.8188472450835949,-0.6759351923665634,-1.3518703847331268,5.9003035137728296e-05,False
0x598945346525e8cdcf6a8d441eb2c88bb36199b8,378,0.4656084656084656,0.19318181818181818,303487.78845,-0.6295032040570633,-1.2590064081141266,-1.3648341929731602,-2.7296683859463204,-2.428394871410126,-4.856789742820252,5.8201557507304604e-05,False
0x24a81ade94952eff40bdb081a230f8fdd4a4313c,848,0.37735849056603776,0.475,302520.05544,0.644985678092341,1.289971356184682,-0.2166397035000927,-0.4332794070001854,-0.4934940293309772,-0.9869880586619544,5.801596991341527e-05,False
0xbbcb0c0aef0b28125af2f719f81d6a5b76f56f30,38,0.15789473684210525,0.0,302490.0,-0.11019648032431822,-0.22039296064863645,-1.763143685190845,-3.52628737038169,-6.33629761865431,-12.67259523730862,5.801020601290216e-05,False
0xba6de73b64eca3ff95c4ab7e5328912c360bd003,650,0.49538461538461537,0.43167701863354035,301398.28725,0.3811646545287185,0.762329309057437,-0.8238162267845522,-1.6476324535691045,-1.1037395492991502,-2.2074790985983004,5.780084212803188e-05,False
0xec7c3257d80aa80d06d996517020744e40a70b05,155,0.2,0.4516129032258065,301293.59748,0.17964059169276744,0.3592811833855349,-2.289069805721627,-4.578139611443254,-3.429730237604138,-6.859460475208276,5.778076518292578e-05,False
0x758256139d1920830aa7fa9587059442116e06f2,50,0.12,0.0,299999.81718,-2.651025615534106,-5.302051231068212,-2.5957959152105103,-5.191591830421021,1.6568910097093814,3.313782019418763,5.753264966922803e-05,False
0x9a0825ca6c4c577a1202a8fae3b8f044c1d5711d,45,0.044444444444444446,0.0,298600.0,12.031333168433576,24.062666336867153,10.356536502546534,20.71307300509307,19.45983600902558,38.91967201805116,5.726419886757442e-05,False
0xabcaea50f029aca1204a5ff64150279871dec56c,1033,0.30396902226524686,0.3980891719745223,298308.33535,0.5154298945317539,1.0308597890635078,-0.3784674476869579,-0.7569348953739158,-0.3257071939474566,-0.6514143878949132,5.7208264699723646e-05,False
0x8750cfcba2c3f45a5269251343eb056c3ed99321,177,0.4011299435028249,0.0,298130.07058,-4.046318309412768,-8.092636618825535,6.314526608987304,12.629053217974608,30.007673994362737,60.01534798872547,5.71740778636876e-05,False
0xe15ec2db7dcb1fced329e9b38865ce546e688764,934,0.3361884368308351,0.4140127388535032,297870.74354000005,0.6588365373069086,1.3176730746138172,-0.5457334970620613,-1.0914669941241226,-0.6300712166914973,-1.2601424333829947,5.712434526090697e-05,False
0x003a85c562730b196f7cba202a2515f2ff855736,97,0.16494845360824742,0.0625,297467.81328,-0.7816493622680794,-1.5632987245361587,-2.417119268010003,-4.834238536020006,-4.376634112823912,-8.753268225647824,5.7047073062184915e-05,False
0x6f5c0b5e696ecc523f6287eff09144e080dc18be,39,1.0,0.02564102564102564,297405.99999999994,-1.328686715442951,-2.657373430885902,-2.9180747412962234,-5.836149482592447,-8.883084088908543,-17.766168177817086,5.7035218782350416e-05,False
0x4268c9e3c4476f91baabd87cff42feb378dc03bd,702,0.45584045584045585,0.453125,297061.42657,0.5746083245866089,1.1492166491732179,-0.7036676632606699,-1.4073353265213397,0.09989678441585345,0.1997935688317069,5.6969138000635756e-05,False
0x298e21ddd7320c393afdbf0c59dc4e4034a4b68d,767,0.4132985658409387,0.473186119873817,295603.23104,0.5915142948968867,1.1830285897937733,-0.5732956373946428,-1.1465912747892857,-0.7179752537889259,-1.4359505075778518,5.668949165496352e-05,False
0x53ac3da992efb3785a615f281380ed7e591fbe79,793,0.403530895334174,0.390625,294293.56047,0.5560214353413795,1.112042870682759,-0.3350231767730819,-0.6700463535461638,-0.722262520633589,-1.444525041267178,5.643832877495184e-05,False
0x350e33a777d510616fbdb483d1de3b50d1edfcfb,732,0.01092896174863388,0.0,293750.0,-8.218457740847693,-16.436915481695387,-13.928919097451317,-27.857838194902634,2.3399564255009344,4.679912851001869,5.633408713111181e-05,False
0x5f6fd9d880be6e209d5ee7a5517dfb40b8a9d81b,67,0.14925373134328357,0.0,291710.0,0.205683726988946,0.411367453977892,2.2625209968804323,4.525041993760865,12.478146104007749,24.956292208015498,5.5942864874950216e-05,False
0xa18c1f3380b3ba2e54ec2bedfc09cfce79cfafb4,62,1.0,0.4838709677419355,291444.2743000001,-6.543913648152628,-13.087827296305257,-10.175379027079815,-20.35075805415963,-15.310091476982029,-30.620182953964058,5.5891905165208016e-05,True
0x3966b0b9cdc41eb44dba2fce775c1b5d2248b1eb,665,0.47518796992481205,0.3512658227848101,290319.21543,0.7997137417514989,1.5994274835029978,-0.5194720829778895,-1.038944165955779,-0.5185402066247266,-1.037080413249453,5.567614630764132e-05,False
0x05bd45baadc8e0f320ff686584a32fc7f6efacc8,666,0.46096096096096095,0.0,290279.34035,-2.206258799408475,-4.41251759881695,-1.4882362255007517,-2.9764724510015035,1.6673214693303395,3.334642938660679,5.566849923962063e-05,False
0x365e0c115f1ca1adcb42fd21142873493df7f880,68,1.0,0.38235294117647056,289716.61275000003,1.206400467719884,2.412800935439768,0.5040524053042185,1.008104810608437,-0.15377044013568184,-0.30754088027136367,5.55605818076224e-05,True
0xc06103cbd0ba469640d4139621977f65ca8e7041,655,0.46259541984732827,0.4158415841584159,283639.5319,0.7738501763829695,1.547700352765939,-0.8079365325760656,-1.6158730651521311,-0.49520666128513763,-0.9904133225702753,5.4395145885556995e-05,False
0x5d510582063ed6c342d27d7746f551631ef68432,871,0.38002296211251435,0.30513595166163143,283352.31664000003,0.5814340761272327,1.1628681522544655,-0.5267043306559243,-1.0534086613118485,-0.06772265031232132,-0.13544530062464263,5.434006500221326e-05,False
0x4f65e90a62eae8cc8c85afd6c856874c99970934,783,0.3780332056194125,0.42229729729729726,282324.8795,0.45057410970937806,0.9011482194187561,-0.6483223825281522,-1.2966447650563044,-0.648370068814338,-1.296740137628676,5.4143027612029416e-05,False
0xafce8249317d554902292b5590b08ddd8c0df713,729,0.41426611796982166,0.3741721854304636,282221.05635,0.9287834390884768,1.8575668781769537,-0.4412106099819487,-0.8824212199638974,-0.9828890180898168,-1.9657780361796335,5.412311686350746e-05,False
0xf52032aa3adc354ae3a155f4c7f923a580f55706,789,0.3929024081115336,0.3612903225806452,281625.24460000003,0.6939981005266601,1.3879962010533202,-0.5436248667465174,-1.0872497334930349,-0.537094850536701,-1.074189701073402,5.40088546982709e-05,False
0xeed00c28271a0b35d5c306c8b8c46379ec9c5904,630,0.48412698412698413,0.34098360655737703,281034.88738000003,0.7495079333100638,1.4990158666201276,-0.2850241413845536,-0.5700482827691072,0.12147935976136898,0.24295871952273795,5.38956385788838e-05,False
0xc2f3a965e92aa4017d17f925f3df337127bb02ea,741,0.4156545209176788,0.3214285714285714,280317.90525,0.9650373066740326,1.9300746133480653,-0.3731941135188946,-0.7463882270377892,0.012722414956978246,0.025444829913956492,5.3758138889410195e-05,False
0x6b8d4f8f8afed3d4b023a954916192b29070a28b,111,0.2972972972972973,0.2727272727272727,279224.06811,-0.09622326101778267,-0.19244652203556534,0.1620378206052762,0.3240756412105524,-5.432606354280053,-10.865212708560106,5.3548367598339534e-05,False
0xa16991758e40c934e9e13d009a692851662ce00d,647,0.4605873261205564,0.3355704697986577,278062.64160000003,0.7606973342320391,1.5213946684640782,-0.5565179444727826,-1.1130358889455652,-0.392662221853622,-0.785324443707244,5.332563431421793e-05,False
0x1eb39d46c9814c8f16ea657d9dc1029575f4d651,113,0.46017699115044247,0.34615384615384615,277674.0,-0.7320049590809039,-1.4640099181618078,-1.0444957797636307,-2.0889915595272615,-3.072871218245228,-6.145742436490456,5.325110233206584e-05,False
0xb1f431527a1c7ac13cf87075f1bd2e07af6b5892,761,0.38370565045992117,0.3356164383561644,277597.23179999995,0.6990132760448334,1.3980265520896669,-0.2936286315331446,-0.5872572630662892,-0.390707086919837,-0.781414173839674,5.323638006323962e-05,False
0xd606825fadd40f72d6e0e3b7b6a7ae360d491acd,725,0.3986206896551724,0.3598615916955017,276522.45480000007,0.8353114060034399,1.6706228120068798,-0.3574752039104019,-0.7149504078208038,-0.020131484598943875,-0.04026296919788775,5.303026404225406e-05,False
0x4ca3b77417ff7a534e951cf56e3fc353e4289b35,648,0.4675925925925926,0.34983498349834985,276122.31234,0.8393357910715359,1.6786715821430718,-0.45305864951993374,-0.9061172990398675,-0.49167338507008757,-0.9833467701401751,5.295352647559363e-05,False
0x60ab2f1bcedbc889cb515f12f13b91250721bca1,611,0.4877250409165303,0.30201342281879195,274883.56839,0.6353988414248873,1.2707976828497747,-0.24678907880541656,-0.4935781576108331,-0.08182776843457454,-0.16365553686914908,5.2715965591806605e-05,False
0xeab782f1391820ce27a71e7a5a26b4fd31567127,635,0.45354330708661417,0.3159722222222222,274495.92299,0.6489649604521437,1.2979299209042874,-0.6724764908198151,-1.3449529816396302,-0.5464308500033295,-1.092861700006659,5.264162465652295e-05,False
0x7ef1c8219dec5cfd8ee71c7079bbe4c02ae5bb34,832,0.3557692307692308,0.3817567567567568,273876.43183,0.8781540318295853,1.7563080636591706,0.05102035230267323,0.10204070460534646,0.05516212356285675,0.1103242471257135,5.252282135785268e-05,False
0xe65bac8dd067e2bf78e78c6fb3b18903d55db802,693,0.4199134199134199,0.3161512027491409,272143.93043,0.8572130082561553,1.7144260165123106,-0.7645113253727278,-1.5290226507454556,-0.6216676585842811,-1.2433353171685622,5.2190569835053106e-05,False
0x1ab71cf3e39a36b5ada54f0575c6534ec04727ab,598,0.5,0.35451505016722407,271152.68994,0.730898552879229,1.461797105758458,-0.36950041808574025,-0.7390008361714805,-0.43329894647250033,-0.8665978929450007,5.2000474079711676e-05,False
0x4e7cfe8e3e20284ba246978abaf301c5fb0ccc9c,651,0.44086021505376344,0.4181184668989547,269887.89031000005,0.49715276718908175,0.9943055343781635,-0.8630846547248502,-1.7261693094497004,-0.49425287741436996,-0.9885057548287399,5.175791635184847e-05,False
0x89a4e7b411cebfcf66347935bb84f406eab4be29,561,0.5169340463458111,0.34827586206896555,269189.06202,0.8819042843573537,1.7638085687147074,0.09001816934677652,0.18003633869355304,0.5694653174582782,1.1389306349165564,5.1623898126219375e-05,False
0x51447a58623311e3e6c6e767d67dc36d890ad464,650,0.4430769230769231,0.3090277777777778,265784.25974,0.7115517761968965,1.423103552393793,-0.5502400348366444,-1.1004800696732888,-0.35686091028559175,-0.7137218205711835,5.0970940072412636e-05,False
0x8e99660e082bf2dc605462261d2b53d37762234b,56,0.5,0.0714285714285714,264243.2494,-1.476298172348448,-2.952596344696896,-0.4363333786947604,-0.8726667573895208,0.05545960902002018,0.11091921804004036,5.067541186555815e-05,False
0x8c7579a7da5e61278ea6a65b11b748c0cdf32811,598,0.479933110367893,0.32752613240418116,261170.65549,0.7097570359279121,1.4195140718558241,-0.055728650434081844,-0.11145730086816369,1.304040039262249,2.608080078524498,5.008616327647062e-05,False
0x027717f112baa657c224eadadbb02602b463508b,580,0.496551724137931,0.32986111111111116,258940.23085000002,0.8552298974037051,1.7104597948074103,-0.16157874843903225,-0.3231574968780645,0.5017014919338217,1.0034029838676435,4.965842221771611e-05,False
0x4d3e7f2c578b5edc58eb352da6e73b1184db7a4a,623,0.463884430176565,0.2906574394463668,258834.62827,0.6519968202638786,1.3039936405277572,-0.3130525794678283,-0.6261051589356565,-0.09678853216973231,-0.19357706433946462,4.9638170217910176e-05,False
0x9b30303788deb629efd67f7c1f0dbf15e9a67c01,52,0.5,0.4230769230769231,257462.07129999998,-0.9619257281608703,-1.9238514563217406,-2.0408460922360203,-4.081692184472041,-3.840429236577635,-7.68085847315527,4.9374947259815216e-05,False
0x69d1652ae43f819e7518f732b2ea6b1a8ad00336,739,1.0,0.29499323410013534,255523.39609,-0.8331435945967406,-1.6662871891934812,-1.296784826880805,-2.59356965376161,-0.9894737715059795,-1.978947543011959,4.900315662764818e-05,False
0x3e4e71d7a08d585e1b5bf885ddbecd8ff6ea15e0,388,0.028350515463917526,0.0,254151.82223999998,-1.0660785974060785,-2.132157194812157,-6.335552807442171,-12.671105614884342,-2.6804261877644637,-5.3608523755289275,4.874012220799659e-05,False
0xf7401728edd23290d8099ed73f155101dcf8cc0c,48,0.5416666666666666,0.23076923076923078,252830.0,-2.3702091636617064,-4.740418327323413,1.4774727622223698,2.9549455244447396,-0.1437890895166551,-0.2875781790333102,4.8486628933988077e-05,False
0x13d2db460a97b30a71e6bd05183feb77147b39d6,41,0.6097560975609756,0.2,252467.12661999997,-0.6632832925568816,-1.3265665851137631,-0.9994008589384581,-1.9988017178769162,2.6020444497706476,5.204088899541295,4.841703866809367e-05,False
0x6f0b45a68d3c32826bdb7140cb4c5ecf11385e2f,820,0.32682926829268294,0.40671641791044777,250748.21937,0.661072214942251,1.322144429884502,-0.47002891073429964,-0.9400578214685993,-1.4133606374963792,-2.8267212749927584,4.808739417178117e-05,False
0x18ae3ec77652efd09597a577c100d97c1169fbb1,569,0.46572934973637964,0.43018867924528303,248935.22356,1.2589837061172693,2.5179674122345386,-0.0357092114522654,-0.0714184229045308,-0.34016357726932983,-0.6803271545386597,4.773970578393817e-05,False
0x7585ca5118a3ec6abe5169af82cdf26d3da2aa00,423,0.9952718676122931,0.4821852731591449,245594.39184,2.001341673596752,4.002683347193504,0.20876835344544295,0.4175367068908859,1.2868791369580703,2.5737582739161406,4.70990157236663e-05,True
0x5b31a472f8156568bad291072dcce4faa43fb05b,744,0.34946236559139787,0.4653846153846154,245368.3582,1.1715808911226018,2.3431617822452036,-0.24091442054815668,-0.48182884109631335,0.16807134807308607,0.33614269614617215,4.705566798317158e-05,False
0x8dbc2ef3943cdac4df2d18f31099121d5f250282,689,0.3686502177068215,0.4133858267716536,244397.9803,1.1399804049494546,2.2799608098989093,-0.4416895820440667,-0.8833791640881334,-0.8216214386816819,-1.6432428773633638,4.686957316387386e-05,False
0xcd353d93f3f9fc70f248dccdc944da768b55d6b2,648,0.39197530864197533,0.4173228346456693,243731.15570000003,0.8580674465907969,1.7161348931815938,-0.14056963116968033,-0.28113926233936065,-0.302029380819691,-0.604058761639382,4.67416924656013e-05,False
0x68d017f8c75d22af6a48aa6f2f697c658ec15599,995,0.30251256281407035,0.3820598006644518,242645.08842999997,0.6357656744655108,1.2715313489310216,-0.37839245915713915,-0.7567849183142783,-0.08806558372425992,-0.17613116744851984,4.653341124613429e-05,False
0xb537ef40717b400ee2c38a200d859a37ab577e9a,685,0.3781021897810219,0.44787644787644787,242503.12872,0.9619767444274498,1.9239534888548997,-0.7994178492318676,-1.5988356984637353,-0.38701427582043896,-0.7740285516408779,4.650618683533516e-05,False
0x84d8d54f895060b5dee5bf14508c740d87565a82,9415,0.9449814126394052,0.4883668652354727,241307.09585,-0.941544395950548,-1.883088791901096,-1.476660270542847,-2.953320541085694,-1.3170332716817754,-2.634066543363551,4.6276816895215143e-05,True
0x5486afca53bece46842627c01699f288c7b4dfca,108,0.18518518518518517,0.0,240748.51818,0.13426209743666068,0.26852419487332135,3.528769471575727,7.057538943151454,8.267752337176415,16.53550467435283,4.6169695318598046e-05,False
0x363f4a8869ce8ef9959367a2395c73fe30a91000,661,0.3842662632375189,0.452755905511811,239892.8541,1.018698894610284,2.037397789220568,-0.004267188172926438,-0.008534376345852876,-0.8461559537528972,-1.6923119075057944,4.6005599812767635e-05,False
0x04dbde5c9d1e6a3239c8ff8ee3fca386a4a3c605,188,1.0,0.45744680851063835,239047.91308,-1.1100553280750292,-2.2201106561500583,-2.2314741294320624,-4.462948258864125,-1.6579775833591002,-3.3159551667182003,4.5843560728371614e-05,True
0x3faf35a220e0d6a3bc3cce4ca54454aba68cfd6a,1291,0.2308288148721921,0.3791946308724832,237118.83361,0.7489633607338785,1.497926721467757,-1.0783904884247077,-2.1567809768494155,-0.7707849483620157,-1.5415698967240314,4.54736103251518e-05,False
0xd1306a599ff55df53a540e6ea9d2bb04e92158c6,56,0.23214285714285715,0.0,236941.39703999998,-1.755173891272656,-3.510347782545312,-0.6194731380971292,-1.2389462761942585,-9.421153975210986,-18.842307950421972,4.543958231768074e-05,False
0x0e3f5bb797e3953fed2a319544d0e821b4a11e1c,151,0.7086092715231788,0.009345794392523366,236579.00767999998,-5.928021164353348,-11.856042328706696,-16.853299550642127,-33.706599101284255,-12.817927053229132,-25.635854106458265,4.5370084875019875e-05,False
0xd7a11a9e063b38108a0a5a0c0dae6d293bccf957,92,0.09782608695652174,0.0,236278.905,-0.1909125620465827,-0.3818251240931654,-0.07636502481856361,-0.15273004963712722,5.383734249713943,10.767468499427887,4.531253249877001e-05,False
0x2a1d4a8adc73ed606a5376b525e58792c64f8ca0,765,0.3254901960784314,0.4337349397590361,234654.62170000002,0.9728241295247504,1.9456482590495008,-0.40406351473581603,-0.8081270294716321,-0.4679529781004823,-0.9359059562009646,4.500103456873491e-05,False
0x904e8b48dbf490f3c3bafe6a0d2894d3eb392e67,577,0.43500866551126516,0.43426294820717126,234639.29794000002,1.1476524144229974,2.2953048288459947,-0.2785775589997663,-0.5571551179995325,-0.23660794394542595,-0.4732158878908519,4.499809584522507e-05,False
0x6eb4bbfc5c782e75135f700ccaab197563c2cc6d,507,0.4930966469428008,0.43999999999999995,234624.01539999997,1.026248954849777,2.052497909699554,-0.8280189071234288,-1.6560378142468577,-0.345845351015698,-0.691690702031396,4.49951650267061e-05,False
0xe71092eeced04572afba4515895758277d0f8b88,648,0.39969135802469136,0.4131274131274131,233093.16019999998,0.9094687274662469,1.8189374549324937,-0.16512414619467813,-0.33024829238935627,1.3301456722057843,2.6602913444115686,4.4701584328078305e-05,False
0x2f55331b4fa24efa8fbfeafb896669c0733f827a,729,0.3497942386831276,0.48235294117647054,233045.4002,0.9734042475323598,1.9468084950647195,-0.15333389960309227,-0.30666779920618453,-1.455736767633018,-2.911473535266036,4.4692425124669346e-05,False
0xe66429b60c26143cdb25517f2b089e680b705ec9,625,0.392,0.4571428571428572,232966.5442,1.5674418974542526,3.134883794908505,-0.07474843415965382,-0.14949686831930764,0.10958462729859354,0.21916925459718709,4.4677302466712544e-05,False
0x6f6ff0d9321af46b65a09e8072b6e6e9cede4484,737,0.33921302578018997,0.472,232522.03299,1.047447638678331,2.094895277356662,-0.40650812784336643,-0.8130162556867329,-0.85822411154058,-1.71644822308116,4.459205605570014e-05,False
0xe074b3eda11782d4999e4307b8e00da2e7fbb4ea,755,0.3271523178807947,0.46153846153846156,232113.90074,0.9476493978226278,1.8952987956452556,-0.36852661970238304,-0.7370532394047661,-0.41356795016936365,-0.8271359003387273,4.451378624214263e-05,False
0xeb6eda4756f831824cd28e568ef8adcff35016e3,663,0.38009049773755654,0.4206349206349206,231947.1567,0.8234207851014097,1.6468415702028194,-0.7628622532896269,-1.5257245065792537,-0.9877900280998432,-1.9755800561996864,4.44818088011964e-05,False
0xcacb1c65ad44fd2fba91b80005166eb7473323e2,164,0.2804878048780488,0.10869565217391308,231707.14693999995,-1.0238498651228318,-2.0476997302456637,-12.147234824766098,-24.294469649532196,-21.23781971420496,-42.47563942840992,4.4435780781682666e-05,False
0xfe619e21b1f917c1b826c69fc1b168b53620b1b0,775,0.3109677419354839,0.43983402489626555,230197.51290000003,0.8493775831049363,1.6987551662098725,-0.6428903777069879,-1.2857807554139757,-0.7675987060650146,-1.5351974121300291,4.414626978408114e-05,False
0x980dab6e88a5650a4ac109fa9bf63cad4fc701e1,48,0.5208333333333334,0.0,230041.84162000002,-1.9991337087254308,-3.9982674174508617,-2.5588911471688083,-5.1177822943376166,-3.8383367207542434,-7.676673441508487,4.411641582850214e-05,False
0x17c5b01bc17593bd9647e98fe7f292b32f6ed4f0,241,1.0,0.4730290456431535,229621.9704,0.9200265010104589,1.8400530020209178,-0.5513984514715365,-1.102796902943073,-1.490107543508789,-2.980215087017578,4.403589476674443e-05,True
0x7af0b7a51c6bbf3970a5d0c79fc958f3d5ec58b7,978,0.30777096114519426,0.345514950166113,228917.65548,0.754222669266103,1.508445338532206,-0.6874329301003965,-1.374865860200793,-1.2026671759543768,-2.4053343519087536,4.390082433926861e-05,False
0xf64242972e116b4ca713efa590730e3741589016,174,0.40804597701149425,0.028169014084507005,227040.97556,-0.6865498846440622,-1.3730997692881244,-3.0262859977192074,-6.052571995438415,-7.849039631084045,-15.69807926216809,4.354092289201588e-05,False
0x0b35427aa2f8193fe426b2332878acce6f34ae61,239,1.0,0.4602510460251046,226605.67267000003,0.9795660177620569,1.9591320355241137,-0.395048967142319,-0.790097934284638,-0.18582999280781062,-0.37165998561562125,4.345744241224164e-05,True
0x8e80c4b533dd977cf716b5c24fd9223129272804,1248,0.9983974358974359,0.4791332263242376,225559.45614,0.4635027360249995,0.927005472049999,-0.8053873965135542,-1.6107747930271084,-1.4938121412445784,-2.987624282489157,4.325680359297686e-05,True
0xf8cd40e5eeb83954541bf8850179ae9834a106fd,785,0.2968152866242038,0.45922746781115875,224079.6957,1.0218380846942476,2.0436761693884953,-0.6718631575257296,-1.3437263150514591,-0.8960463947864978,-1.7920927895729957,4.297302162341045e-05,False
0xa59362891a6910c0d16171ac10ad43ba994bbcde,281,1.0,0.40569395017793597,224029.288,0.7701386693661946,1.5402773387323891,-0.6021796359143515,-1.204359271828703,-0.8472781842711212,-1.6945563685422425,4.296335465570363e-05,True
0xd5efacf049100c0f7f5629cb4dd024df5aa07040,644,0.36490683229813664,0.4340425531914893,223629.21778,0.8587868729263827,1.7175737458527653,-0.24297673020969046,-0.4859534604193809,0.3908559940617686,0.7817119881235371,4.2886630942913695e-05,False
0xf8eac6eb2efcea7b952f2e901988302d79c9192f,574,0.41114982578397213,0.44067796610169496,222683.55342,1.1375613170558627,2.2751226341117254,-0.4940072494143698,-0.9880144988287396,-0.762988289865507,-1.525976579731014,4.2705275577967223e-05,False
0xf31eb7ad41eaf39ba6a9868c45422ae774ad887a,581,0.4027538726333907,0.43162393162393164,221363.8219,1.1170160412718675,2.234032082543735,-0.48824395240635904,-0.9764879048127181,-0.9198121089677669,-1.8396242179355338,4.24521832530741e-05,False
0x3c3a43c5661c9965791d7bc438c968555ee03fbd,71,0.6197183098591549,0.29545454545454547,220600.50138,-0.813603090024564,-1.627206180049128,-1.3528566150889414,-2.705713230177883,-1.4511491964034937,-2.9022983928069874,4.2305796990324664e-05,False
0xdf36b093cbc06522b68105c3d9141db188e980b6,220,0.37727272727272726,0.09638554216867468,220422.15777000005,-1.2938015685712632,-2.5876031371425263,-2.214277075253822,-4.428554150507644,-9.185559670856506,-18.371119341713012,4.227159503469909e-05,False
0x6cfdf04db0ca18cc5fcfe022ecdc8e0b89423542,560,0.4107142857142857,0.4869565217391304,219348.41715,1.2189228308394182,2.4378456616788364,-0.0758433353219887,-0.1516866706439774,-0.049076065246981423,-0.09815213049396285,4.206567776612616e-05,False
0xee772e29e31b9972e1b683b04944bd9937ac0304,306,0.7810457516339869,0.4435146443514645,216589.48674999995,1.0349297431267102,2.0698594862534203,-1.2445926131678544,-2.489185226335709,0.2763977591097505,0.552795518219501,4.153658218981203e-05,True
0x934eeff118be8939d2dab54c52b31c763bfe1c81,151,0.9867549668874173,0.47651006711409394,215999.5031,-1.0423890763597217,-2.0847781527194433,-2.4494258400540825,-4.898851680108165,-4.145601278809633,-8.291202557619266,4.142343771204172e-05,True
0xe00f0d90bc976c311a7f22cbb728d8629ccd5394,56,1.0,0.35714285714285715,215345.10392,-0.067420201109291,-0.134840402218582,-0.17177035776572486,-0.3435407155314497,0.4955889190184866,0.9911778380369732,4.129793990634079e-05,True
0x5042080398480b5ac17f988aab91163abbe8575b,634,0.3580441640378549,0.3832599118942731,214108.3234,1.016364883194285,2.03272976638857,-0.025556376269891594,-0.05111275253978319,-0.7839129921256839,-1.5678259842513678,4.106075556055103e-05,False
0xae78adaba70f18c15418001263504af373884520,141,0.16312056737588654,0.0,212674.95432000005,-0.7352839804597168,-1.4705679609194335,-4.105335557566845,-8.21067111513369,-4.932530035583398,-9.865060071166797,4.078587032261483e-05,False
0x85e4de94e5d39c749a6dcd96cfca4c485ea045a4,400,0.04,0.0,210330.24083,0.061616608748823395,0.12323321749764679,0.5994503234698314,1.1989006469396628,2.380975904015295,4.76195180803059,4.0336211449276425e-05,False
0xbb6553f0fbcca91f123339979a3a01b6d986c2b4,275,0.18181818181818182,0.38,209541.96595000004,-1.4923748613853265,-2.984749722770653,-0.6481541222803685,-1.296308244560737,-1.5402692524065151,-3.0805385048130303,4.018503954877197e-05,False
0xf204570119c5a3ff9cd13f441f1de14edda6acbc,42,0.40476190476190477,0.4117647058823529,209469.51163999998,12.897201212814064,25.794402425628128,9.119502718947395,18.23900543789479,4.879687877950353,9.759375755900706,4.017114457885685e-05,False
0xb49dd0f80e827d59027dae0da689adea7890c2ca,1243,0.1922767497988737,0.34309623430962344,207345.76857000001,0.8882446177746572,1.7764892355493145,-0.7375433503678501,-1.4750867007357003,-1.1700503782310494,-2.340100756462099,3.9763862443879915e-05,False
0xf74acf6e2db31343cde69fd29fcc1ae4cd9f7e79,34,0.23529411764705882,0.0,205745.0,-1.6540056484239254,-3.308011296847851,-1.4486421865847676,-2.8972843731695352,3.846775012547837,7.693550025095674,3.9456874065670126e-05,False
0xc1f88c6d36032e55932bc14537acfa5abed355c9,417,0.5299760191846523,0.4886877828054299,205334.0243,0.8284328110773376,1.6568656221546751,-0.09021466729986646,-0.18042933459973293,0.20006015164005886,0.4001203032801177,3.937805894773797e-05,False
0xd393fc74c7d944b8bb3c8e922cc9fa7fbcfa8c5d,969,0.239422084623323,0.375,205036.27266000002,1.0759527354054563,2.1519054708109127,-0.2763047554026253,-0.5526095108052506,-1.0338692415509128,-2.0677384831018255,3.932095744363179e-05,False
0xab21291b630b03e1e79bc087ae03d1855c8d86ba,231,1.0,0.35064935064935066,204208.48426000003,0.9618564692211827,1.9237129384423655,-0.7423748475359093,-1.4847496950718186,-0.3950606353104045,-0.790121270620809,3.9162207813498264e-05,True
0x67891c4b5d4474ffcab2e09b8dfa3d4c4236828c,51,0.0392156862745098,0.5,201757.0,-0.8541534368570248,-1.7083068737140497,0.5582260695158561,1.1164521390317121,12.441970916527893,24.883941833055786,3.8692072909997363e-05,False
0x404a68af7d1afe9a3fa37ffa9c515b266938f721,1027,0.2249269717624148,0.36796536796536794,201032.637,1.5336751122095347,3.0673502244190693,-0.014957791621251104,-0.02991558324250221,-0.1272995515568794,-0.2545991031137588,3.8553157749634625e-05,False
0xcc0f8912c3d1aa23f3b7d2ee83a4348e0c69c615,34,0.9705882352941176,0.33333333333333337,200330.40334,-0.07019929580094258,-0.14039859160188517,-3.7467518187000026,-7.493503637400005,-5.017246169380873,-10.034492338761746,3.8418486457076874e-05,True
0xf899937184168b1d9dee75acbaa3fef0f52888db,101,0.8613861386138614,0.367816091954023,199888.57943999997,-0.45248896629199725,-0.9049779325839945,-1.2070197275503378,-2.4140394551006756,-1.1560136711421725,-2.312027342284345,3.833375540659446e-05,True
0x7d1b83338a5af6f7689bb585d900b6debe071cc5,45,0.5111111111111111,0.4782608695652174,199416.67618999997,-0.16514630572502367,-0.33029261145004735,1.485627050937218,2.971254101874436,0.35475871204081527,0.7095174240816305,3.824325587024398e-05,False
0xa4f8bac9efe0cbbd7ec554655607dee7c73e6fde,4684,0.8928266438941076,0.3405069344811095,199112.67219,-1.0519362133949088,-2.1038724267898177,-1.4820630769238257,-2.9641261538476513,-2.0096953699592173,-4.0193907399184345,3.818495531594881e-05,True
0x80d2f7ed506098c5e151bff10a93d3e9880f3215,67,0.8805970149253731,0.3389830508474576,198551.73731,-0.2872952892152924,-0.5745905784305848,0.2113266454574383,0.4226532909148766,-5.1135848819594525,-10.227169763918905,3.807738168393247e-05,True
0xb2a7131040bd752a98861dc8b2089a5ccf767836,965,0.26735751295336785,0.4147286821705426,197261.73524,0.8635439965824615,1.727087993164923,-0.7902559845850957,-1.5805119691701914,-0.5389900722767335,-1.077980144553467,3.782999074261947e-05,False
0x034fb27dd90457fb477d0eec043eb360a13e9631,993,0.24169184290030213,0.4375,196859.42483,0.5740296987802754,1.1480593975605509,-0.7566764975647068,-1.5133529951294136,-1.4173691608779155,-2.834738321755831,3.775283741601285e-05,False
0x6ce8a609b7e76d22b3cf477c16453ef9ec9a188a,250,0.996,0.42168674698795183,196322.2353,0.6988843789870435,1.397768757974087,-0.4827485374870071,-0.9654970749740142,-0.27493978954945786,-0.5498795790989157,3.764981756311433e-05,True
0xad0d614bed719fed42cf5bfeccb75e47256da754,1043,1.0,0.49952061361457334,194914.93829000002,0.553709992432195,1.10741998486439,-0.6362672232330526,-1.2725344464661053,-1.176083993844266,-2.352167987688532,3.7379932312456656e-05,True
0x7f084616e706833fabb26a4578c001e73f1a8613,1054,0.23434535104364326,0.4493927125506073,194744.35108000002,1.038235116449745,2.07647023289949,-0.2750484032756696,-0.5500968065513392,-0.6543895546162,-1.3087791092324,3.734721784521719e-05,False
0xa886bc185eb8d0e4367932c83c59c213f623bd98,878,0.27107061503416857,0.4411764705882353,194349.701,0.9950333689812513,1.9900667379625026,-0.6518411231851188,-1.3036822463702376,-1.0609942997175337,-2.1219885994350673,3.7271533583113284e-05,False
0x84e69e24f842ab1e611124523443aab1f3ffa7c7,72,0.6944444444444444,0.16,193420.0,-0.1145633757024735,-0.229126751404947,1.136869595472985,2.27373919094597,7.076302101228323,14.152604202456645,3.709323960136049e-05,False
0x193c6bcb33eab0b35989f2b6d1acc922b66409f2,1011,0.2205736894164194,0.3946188340807175,190653.98587000003,1.2000055656206863,2.4000111312413726,-0.39332025098439916,-0.7866405019687983,-0.5454863681176426,-1.0909727362352852,3.656278553836371e-05,False
0xee57a50f40add28523419037cb4163eb31e30ee0,60,0.21666666666666667,0.15384615384615385,190459.68138,-0.5167899809010481,-1.0335799618020962,-2.3239029905038597,-4.6478059810077195,-0.7220253725634964,-1.4440507451269928,3.652552267514796e-05,False
0x47649d96f78ea3a70db88c745913484cc558c7ae,732,0.30601092896174864,0.4241071428571429,189676.41286,1.2793141475397678,2.5586282950795356,-0.10057031355822418,-0.20114062711644837,-0.1080054189733602,-0.2160108379467204,3.637531087241524e-05,False
0x0762a621091357d600af930ad21ca493ab5b0282,866,0.2528868360277136,0.4155251141552512,189344.804,0.8753628078055704,1.7507256156111408,-0.5784776978600398,-1.1569553957200795,-0.47098764041212376,-0.9419752808242475,3.631171637909545e-05,False
0xa716706dcad2e4460a53b304d703b9a2c4450b22,860,0.2627906976744186,0.4070796460176991,187961.58944,0.8246433280470966,1.6492866560941932,-0.9538190285573901,-1.9076380571147802,-1.7821842002472439,-3.5643684004944878,3.604644955511566e-05,False
0xfdba13d24cb423a393603d72ca80f31b251a3727,33,0.9696969696969697,0.40625,186469.6136,1.7748097631861146,3.549619526372229,-0.5200800891497473,-1.0401601782994947,-0.12277406707049088,-0.24554813414098176,3.5760324969692435e-05,True
0xcd20cbb31971ec93c39ab52d552940ba4e446f54,57,0.7719298245614035,0.09090909090909091,185903.00681999998,-0.7114024868779436,-1.4228049737558872,-2.6806144759868142,-5.3612289519736285,-4.594393010413247,-9.188786020826495,3.565166360556103e-05,False
0x992336f0d85b254bc221866c9f76caf36a64077c,36,0.7777777777777778,0.17857142857142858,184493.59855,-0.3533303969009341,-0.7066607938018682,-2.1190290195334596,-4.238058039066919,-8.000242072910623,-16.000484145821247,3.5381373466716807e-05,False
0xb3e343f5bcecced6325928a2c199b9a161f3e238,886,0.24379232505643342,0.4120370370370371,183652.43999999997,0.9915156940234098,1.9830313880468196,-0.518477993726702,-1.036955987453404,-1.4799058188598773,-2.9598116377197545,3.522005976783415e-05,False
0x8ba7802f6bfcee778d33f882c67b03a93d077eb1,33,0.3333333333333333,0.0,183564.76552999998,-0.6024259693786881,-1.2048519387573762,-0.5421833724411479,-1.0843667448822958,0.3614555816267471,0.7229111632534942,3.520324594236299e-05,False
0x7fad4c348250b9147db503f9aed91e2d935d96f7,995,0.22512562814070353,0.3571428571428571,181342.73903,0.8201953849669058,1.6403907699338116,-0.5273588811912402,-1.0547177623824804,-1.9463424236476536,-3.8926848472953073,3.477711544207826e-05,False
0xa3ba283228168e3b9d5ef18e6a87dc52d67cc7dd,908,0.2544052863436123,0.38961038961038963,181053.94444,1.074767074886331,2.149534149772662,-0.7045666760745624,-1.4091333521491247,-0.2281115605136762,-0.4562231210273524,3.472173168175127e-05,False
0x549237f733b669f83e2ad3db9abfccbf3b18b3ac,944,0.24258474576271186,0.37117903930131,180528.63577,0.6497243172214073,1.2994486344428147,-0.9851071042633343,-1.9702142085266685,-0.25104870948753055,-0.5020974189750611,3.4620990288095074e-05,False
0x459aba1c0f4273af5312fc394d1ca687d47853e0,62,0.6451612903225806,0.325,179940.7341,-0.880118541628381,-1.760237083256762,-1.56171815025143,-3.12343630050286,-2.6950450892021673,-5.390090178404335,3.450824508332127e-05,False
0xecc391e0de3f730693c5ee71aa40f451eab5a470,803,0.2602739726027397,0.3827751196172249,179373.20188,1.0555806158796497,2.1111612317592994,-0.4412597824940052,-0.8825195649880104,-1.7860155675419234,-3.5720311350838467,3.4399406242364015e-05,False
0x6dcade414ac7baeeae0ab8a0298728e521c7ddf5,908,0.2290748898678414,0.35096153846153844,179128.9995,0.8033474852532249,1.6066949705064497,-0.4749723361337218,-0.9499446722674436,-0.2407309450773537,-0.4814618901547074,3.4352574180568115e-05,False
0xa1e03bcb1a36da135ca61b86dd1d6da9a9357489,888,0.23423423423423423,0.3653846153846154,178771.5343,1.0903868552851255,2.180773710570251,-0.7643032197761038,-1.5286064395522077,-1.0648469424134785,-2.129693884826957,3.428402107172338e-05,False
0xde236b0b3b367d5ad2a2c42b914bded79d03fe28,75,0.9733333333333334,0.4657534246575342,178469.75775,1.2619630379729592,2.5239260759459183,0.0033636878413997517,0.006727375682799503,-0.7023414799764802,-1.4046829599529604,3.422614768802355e-05,True
0xe330ac756dabf22466317a01f5d1e9baa00e77a1,229,0.07860262008733625,0.4444444444444444,177627.15832000002,-0.03742124829005986,-0.07484249658011972,0.07005428371412448,0.14010856742824895,0.9435334950407793,1.8870669900815586,3.406455766349165e-05,False
0xeaa123246b396028fc8fea0175f013c13e097157,83,0.8072289156626506,0.4925373134328358,177405.83886000002,0.612569811840969,1.225139623681938,-0.23229658014992616,-0.4645931602998523,-4.5597941915608935,-9.119588383121787,3.4022113987769263e-05,True
0x8f8ce8014e0e41aab563627beede5b6861869fa2,791,0.26801517067003794,0.4764150943396226,176456.9792,1.22448932561976,2.44897865123952,-0.6202280433602008,-1.2404560867204015,-0.9279330288452614,-1.8558660576905228,3.3840145842197735e-05,False
0xf1d4d6e6990c4e848a607b9d5239da7f8780bc5a,710,0.27887323943661974,0.4949494949494949,173678.27429,1.254330772205928,2.508661544411856,0.017699188395413956,0.03539837679082791,-0.7416461599240346,-1.4832923198480692,3.33072579970519e-05,False
0x332969b2951974fea82338ae410593ecaf98a4d0,686,0.2915451895043732,0.42000000000000004,171950.161,1.2981212831187035,2.596242566237407,-0.33596480970238735,-0.6719296194047747,-0.4277631086252326,-0.8555262172504652,3.297584800674963e-05,False
0xc58ea719c39a2a7f449255a21901bf1270eb8e0b,124,0.6290322580645161,0.21794871794871795,171788.42902,-0.3794594640884212,-0.7589189281768424,-1.1874924885355884,-2.374984977071177,-2.4818999404326494,-4.963799880865299,3.294483175669616e-05,False
0x1d2a3b568e82678f22df040485b8cc006f3d0ea6,1146,0.1806282722513089,0.4057971014492754,170876.72771,1.097355870534503,2.194711741069006,-0.40091694460363764,-0.8018338892072753,-0.5963960043244145,-1.192792008648829,3.2769989676576704e-05,False
0x2fb3950d572bedba593589e74b79b0a2e48c951c,203,1.0,0.45320197044334976,170287.80800000002,1.2616202806862868,2.5232405613725737,-0.33439887338525465,-0.6687977467705093,-0.9228649296262053,-1.8457298592524105,3.265704923655503e-05,True
0x2392d6e9cab81a18adf20ffb6c0db4cb40988d6c,904,0.2345132743362832,0.42452830188679247,170148.68300000002,1.1375163974837423,2.2750327949674847,-0.11116017736071906,-0.22232035472143813,-0.2661372029824591,-0.5322744059649182,3.2630368454011656e-05,False
0x120da24d0d23b1ad4ef539913941a8c97f1ed7e5,671,0.28912071535022354,0.44329896907216493,169558.92799999999,0.9129344434234828,1.8258688868469657,-0.015084194362083287,-0.030168388724166575,0.09965173554926669,0.19930347109853339,3.2517267825735873e-05,False
0x31b1ac74a39fa92604c3bccac20453f2e3eebfaa,104,0.8461538461538461,0.38636363636363635,169193.60838,-2.067682738343421,-4.135365476686842,-8.54725824078227,-17.09451648156454,-7.382592401491254,-14.765184802982509,3.244720843065916e-05,True
0xa811c97b3006406f302dc0c2c2d50a22869ec80b,190,0.15789473684210525,0.4666666666666667,168094.29922000002,0.12965826340301936,0.2593165268060387,-2.148704268470735,-4.29740853694147,-2.900885776594298,-5.801771553188596,3.2236387739583524e-05,False
0xf032648dfd22c4d81588bd83e09ab89cfe816705,1473,0.5539714867617108,0.4411764705882353,168053.66701000003,-0.7356431801880517,-1.4712863603761035,-1.521531288009671,-3.043062576019342,-1.6076036554009057,-3.2152073108018113,3.2228595472490866e-05,False
0x6b5d94030facc62668a841e5ec8fb5535f554e08,36,0.5,0.2777777777777778,167928.5,0.1883517917885335,0.376703583577067,-1.698457957403595,-3.39691591480719,-6.3604318598737235,-12.720863719747447,3.2204591492074584e-05,False
0x2a02646eaa011b5e1be874803370fc6aa6400435,206,0.9951456310679612,0.4682926829268293,166919.59399999998,1.2867464771787698,2.5734929543575396,-0.14741816133556787,-0.29483632267113574,-0.8393168567871996,-1.6786337135743992,3.2011107922675085e-05,True
0xc412df12cf2d384fb38ba8af7ebd046a58f35d45,194,1.0,0.4948453608247423,166704.91600000003,1.0656135603622061,2.1312271207244122,-0.3675224901504928,-0.7350449803009856,-0.12147325437980973,-0.24294650875961946,3.196993791703379e-05,True
0x0ab01721cab5bc0c93f2d0d0cd2b034f8e618e99,112,0.25892857142857145,0.0,165910.0,-2.5144825845004526,-5.028965169000905,-4.478025950849678,-8.956051901699356,-12.016329161213887,-24.032658322427775,3.181749241165195e-05,False
0x1ad050a36b9ecd9aee4f5aae6e94e97f8b945e1d,431,0.9535962877030162,0.49878345498783455,165226.09318,-0.9010168894967283,-1.8020337789934566,-2.026781177587275,-4.05356235517455,-2.522914447248841,-5.045828894497682,3.168633576012023e-05,True
0x52fef6c616763f52c1acbe4e85ff9d994cc310b3,725,0.263448275862069,0.45549738219895286,164838.703,1.1516082356798718,2.3032164713597436,-0.6760225866895005,-1.352045173379001,-1.3778002175115867,-2.7556004350231733,3.161204376980923e-05,False
0xe2af8f54b54dd85978147ec505b63a77bdbde205,66,0.07575757575757576,0.0,164167.5,0.0,0.0,-0.8666666666664848,-1.7333333333329697,5.0,10.0,3.148332340118059e-05,False
0x39978cc40e2d1d7e127050bdfffbb0dfcfaebad0,60,0.2,0.0,161931.02466,-0.7544034202608941,-1.5088068405217883,-0.8888562559674745,-1.777712511934949,-0.7175926815506002,-1.4351853631012004,3.105442196570776e-05,False
0xe4b71fe038dbaddbdc92d980792f434ec472348c,760,0.2710526315789474,0.470873786407767,161090.19819999998,0.8754686461161928,1.7509372922323856,-0.3479466631418768,-0.6958933262837536,-0.8581621758827244,-1.7163243517654487,3.0893171953589345e-05,False
0x80f80b9cbad775b4fb9d699d34f5c5acc4615bdb,903,0.2081949058693245,0.4148936170212766,159600.288,1.1293514145159402,2.2587028290318805,0.13256215255949225,0.2651243051189845,-0.9164766652661691,-1.8329533305323382,3.0607443507549066e-05,False
0x34705cb69ac83cd65d4710259151665ab0ce6fa6,1093,1.0,0.08051235132662393,158148.92494,-0.6534333408615615,-1.306866681723123,-1.4139592520061504,-2.8279185040123007,-1.5050761926578184,-3.010152385315637,3.0329107463018285e-05,False
0x3f219be42df838ecf1b8cdbea76498d36b9ebe59,89,0.25842696629213485,0.34782608695652173,157410.80600000004,-0.08726833290563235,-0.1745366658112647,0.18668926278920137,0.37337852557840273,2.9985873012655104,5.997174602531021,3.0187554248791625e-05,False
0x622450a3048ae44a5c54e2b54c91b082313e1d23,182,1.0,0.48351648351648346,156502.032,0.9650038798676596,1.9300077597353191,-0.4589032190975313,-0.9178064381950626,-0.6433356792513277,-1.2866713585026555,3.0013273555349954e-05,True
0xf21cd17b9db49fdb21bfdf714558cf8bde3221bd,124,0.2661290322580645,0.36363636363636365,153500.43318000002,0.4788799575305757,0.9577599150611514,-1.7201095678755702,-3.4402191357511405,-3.2774392605327325,-6.554878521065465,2.9437640093363495e-05,False
0x428cbb506337bcc550f02bd3689671f52a7fa766,80,0.9,0.5,152054.3254,-3.0947196542800985,-6.189439308560197,-4.782034557784728,-9.564069115569456,-6.417468671183111,-12.834937342366223,2.916031188339073e-05,True
0xb851f8860e6a0fc4b7e0f6ba57b6b8b5f3010aaa,71,0.014084507042253521,0.0,149999.7054,1.3563919972875245,2.712783994575049,23.73685995252628,47.47371990505256,52.56018989487962,105.12037978975924,2.8766285867726648e-05,False
0x9b864dde6ed1c21608b1665a0ac0faa4f7e36e6e,326,0.046012269938650305,0.0,149494.33010000002,-0.04389285753451814,-0.08778571506903628,-2.8091428822240307,-5.6182857644480615,-11.938857249453305,-23.87771449890661,2.866936720837648e-05,False
0x4c147f2fd8d6f67b0324b611919b561314b8d0d8,234,0.7435897435897436,0.3333333333333333,149456.85738,-1.012517656015248,-2.025035312030496,-1.6578753549529535,-3.315750709905907,-3.031801527525862,-6.063603055051724,2.8662180854424072e-05,True
0x3cc6bb0e6401fba256e8d0efa380f5a55a86a266,969,0.23735810113519093,0.4260869565217391,148846.99553000001,1.0674391291447192,2.1348782582894383,-0.754931126818007,-1.509862253636014,-1.3823473294540063,-2.7646946589080126,2.8545224222608446e-05,False
0xc1e42f862d202b4a0ed552c1145735ee088f6ccf,314,1.0,0.43630573248407645,148016.0,-1.1064556918555284,-2.212911383711057,-1.2848153544912007,-2.5696307089824013,-0.1390436659584289,-0.2780873319168578,2.8385859543144326e-05,True
0xaf728473d7d9a120e35c76400e77cacea151146e,65,0.4461538461538462,0.0,147368.43032999997,0.02293422807399707,0.04586845614799414,-0.8480804794751663,-1.6961609589503326,0.4248377846467287,0.8496755692934574,2.8261671470929016e-05,False
0x75f3665323cce024368870bfd89db0c21e1ce76b,136,0.3235294117647059,0.3181818181818182,146940.80013000002,-0.49729524121638385,-0.9945904824327677,-1.2890957406070433,-2.5781914812140867,-4.319710112255027,-8.639420224510054,2.8179662426004108e-05,False
0xda7176d42d075e6e99f6c202a7f6d2c48065879e,240,0.65,0.0,145860.0,-4.799122446181582,-9.598244892363164,-3.7707390648579584,-7.541478129715917,-63.61693861693986,-127.23387723387972,2.7972391315553934e-05,False
0xafbc4cee5a5af8b2c6b5bad6b25f309c9be02eaa,1036,0.21621621621621623,0.4375,145283.07366,1.0663385002044037,2.1326770004088074,-0.9342298571428292,-1.8684597142856585,-0.9674735349808848,-1.9349470699617697,2.7861750911449103e-05,False
0x9ff2650389420617f6ddef53a4c038a65e3775b7,160,0.925,0.0,144999.77683999998,-0.4005909919514835,-0.801181983902967,-1.608673738536082,-3.217347477072164,-1.4330868894863436,-2.866173778972687,2.7807421489349197e-05,False
0x9cdf17b9329a403546a9497ba0cccaa1f8cc4aff,118,0.03389830508474576,0.0,142699.36036,-0.3319832680444984,-0.6639665360889968,-4.647765752606371,-9.295531505212741,-0.3319832680444984,-0.6639665360889968,2.7366257702380125e-05,False
0xbfa317b7468a97e4e6a7a3c138b86ca0b7395477,161,0.2608695652173913,0.3333333333333333,141511.66992,0.44347946598675475,0.8869589319735095,-3.0902882534838674,-6.180576506967735,-5.566974691892866,-11.133949383785732,2.7138487636910343e-05,False
0x1bd8ccb2e13ed41752fb87de93095e1ef93000d8,220,0.06818181818181818,0.3333333333333333,140986.15083,-3.798242278011107,-7.596484556022214,-8.210588572635896,-16.42117714527179,-3.1595316194642775,-6.319063238928555,2.7037705889829078e-05,False
0x846c43f705a109cb1deb19e62645af6867869c17,1329,1.0,0.45974416854778033,137739.37402,-1.0072912395215528,-2.0145824790431055,-1.7664576228915339,-3.5329152457830677,-1.900670538615795,-3.80134107723159,2.641505326783822e-05,True
0x9c68cd0568eb47bad36ecd8090e6c1d1396a7783,139,0.02158273381294964,0.0,136869.47580000001,-0.6687174000261406,-1.337434800052281,2.006152200080955,4.01230440016191,2.563416700102739,5.126833400205478,2.6248228001044426e-05,False
0xd3ffc868b2e05dd82734828902342a52a153a64d,137,0.08029197080291971,0.09090909090909091,135593.56704,-0.7481581697192712,-1.4963163394385424,-1.1074346613590753,-2.2148693227181506,-15.199174091161535,-30.39834818232307,2.6003539812934842e-05,False
0x1e5cf44f64a66dae56104ed91bf15f6147200ac1,31,0.5806451612903226,0.0,133579.5,-0.1466764939916307,-0.2933529879832614,-0.7322278219735274,-1.4644556439470549,-2.797682735683692,-5.595365471367384,2.5617290866145872e-05,False
0x6ebd09b927375d594aa4a12cc1394211e6e1fe53,30,0.03333333333333333,0.0,133200.0,-2.02702702702672,-4.05405405405344,-16.55405405405436,-33.10810810810872,-1.013513513514128,-2.027027027028256,2.5544512019962868e-05,False
0xe889c8c3796172faee0b5d6e1eb816a8fcc296cf,38,0.2631578947368421,0.0,133196.07984,-0.23176396106068298,-0.46352792212136595,-0.9270076135217746,-1.8540152270435493,-1.9201483149046852,-3.8402966298093704,2.5543760228864967e-05,False
0x4aa9d342b95d9c2fbe7619d9f36f41c2fed22fb6,95,0.29473684210526313,0.32142857142857145,133107.22194,-0.10694118160642059,-0.21388236321284118,-0.2688654500004898,-0.5377309000009796,-3.661325359802576,-7.322650719605152,2.552671945037684e-05,False
0xcfea17596c15e0f4fe3ba9cab1fcbe804bbbdbbf,166,0.12048192771084337,0.4,132637.57817999998,-0.2242967964193558,-0.4485935928387116,-4.784388503185672,-9.568777006371343,-2.994378594437429,-5.988757188874858,2.543665322911242e-05,False
0x984e16e759ac515784f90dd88443260e482c63c1,91,0.21978021978021978,0.35,132161.98090999998,0.034918448735500894,0.06983689747100179,0.28295904330831206,0.5659180866166241,0.9078996211534976,1.8157992423069953,2.5345445269801786e-05,False
0x658509b8cafe9f745f095aedae78768b61a021d7,54,0.14814814814814814,0.5,132161.03052,-1.9942075876878183,-3.9884151753756365,-2.327598767022096,-4.655197534044192,-12.682765464067497,-25.365530928134994,2.534526300817432e-05,False
0xfe72c242af1a4ca8114c6a170ba4a823785241ce,1478,0.05886332882273342,0.47126436781609193,131021.76939,-0.5772420780868203,-1.1544841561736405,-2.199702653190605,-4.39940530638121,-3.6782572189146223,-7.356514437829245,2.5126780503450888e-05,False
0xc368af9f95451f9b66349d795047ba6185794a77,91,1.0,0.0,129423.92588000001,-1.7536928270957257,-3.5073856541914514,0.8456737045927819,1.6913474091855638,5.888137702760142,11.776275405520284,2.482035308042375e-05,False
0x03080411dd545c02c6a96a4f70ee6ce657f48334,2299,0.9986950848194868,0.4873693379790941,129070.64062,-0.7774197647353291,-1.5548395294706583,-1.5181175621570473,-3.0362351243140946,-1.519112305941253,-3.038224611882506,2.475260158214638e-05,True
0x83027df4f3f749a1f9dd8bbc976eee49653c1d72,296,0.44932432432432434,0.3609022556390977,128966.48195000002,-0.9615381926554714,-1.9230763853109427,-1.7504530972515226,-3.5009061945030453,-2.0212112900862067,-4.042422580172413,2.473262648906982e-05,False
0x7dfbd8e1b49f5f39da16851dcc82e5007260158c,169,0.4970414201183432,0.41666666666666663,128623.06413000001,-1.2339480225582662,-2.4678960451165324,-3.0246331299039535,-6.049266259807907,-5.50369768179068,-11.00739536358136,2.4666767325174477e-05,False
0x483e1d004247248d516865b9b9e893d48359ce10,121,0.15702479338842976,0.4736842105263158,125832.6858,0.07086489336097059,0.14172978672194117,-1.2380461051987464,-2.4760922103974927,-2.739996856647725,-5.47999371329545,2.4131640802720053e-05,False
0xa36330415aadb085d5a3cdce06ff89601071d429,436,1.0,0.463302752293578,123802.70583999998,0.010379572302716729,0.020759144605433457,-0.6568866497788771,-1.3137732995577542,-1.8148158017461773,-3.6296316034923546,2.374234014589945e-05,True
0x6ecbb68c07bd4be7adb7f0365e9263e382aeca2d,94,0.18085106382978725,0.47058823529411764,120206.96260999999,1.1601326125779696,2.3202652251559392,-0.722092837460422,-1.444185674920844,-3.5839525111111508,-7.1679050222223015,2.305276427383162e-05,False
0x5233199fc1fdd34439650c4450671b5f8806832c,913,0.976998904709748,0.47982062780269064,119876.28498999999,-1.3468893264712565,-2.693778652942513,-2.02661422908791,-4.05322845817582,-1.2670123255216375,-2.534024651043275,2.2989348369636255e-05,True
0x50e8db5da4198e49197743f8006b318cb6a08b49,100,0.45,0.17777777777777778,119486.88948999997,-0.7702162931923027,-1.5404325863846053,-0.5817594995576716,-1.1635189991153432,1.6009261585539416,3.201852317107883,2.291467180784744e-05,False
0x85c6711023d0ce1a83062f6febb58380c2f425c3,90,0.3111111111111111,0.03571428571428571,118238.43944000002,-1.4606631730732134,-2.9213263461464267,-1.925525681439823,-3.851051362879646,-1.7097249531729073,-3.4194499063458146,2.267524953075625e-05,False
0x4334ff1dd9fa46667b718a6f8a489c3d0079b44b,203,0.33004926108374383,0.0,117217.79264,-0.5568229487504535,-1.113645897500907,-1.5707732146705442,-3.1415464293410884,-1.4158506638957178,-2.8317013277914356,2.247951436220717e-05,False
0x4d26bc95c771d1d0a5c5e76297c8f53ffe5f6c19,43,0.046511627906976744,0.0,116293.69434,-2.042344611615371,-4.084689223230742,0.3403907686020459,0.6807815372040918,-11.573286132480396,-23.146572264960792,2.230229484169683e-05,False
0xf1e54733978e34a19f3b74039f55cee8680602e7,73,0.5753424657534246,0.35714285714285715,116217.72420999999,-0.24154934810317555,-0.4830986962063511,-0.19949491124597735,-0.3989898224919547,-0.04497353038852773,-0.08994706077705546,2.2287725623236294e-05,False
0x2d5801796e7962c3ef4a37ac3a9a6ee8b5218b2b,32,1.0,0.0,115876.0,0.04314957368217277,0.08629914736434555,0.0,0.0,-1.7259829472884807,-3.4519658945769613,2.2222191252441572e-05,False
0xd523edeb274f42ee35667e61c7e9dcdf6e561573,43,0.8372093023255814,0.41666666666666663,115626.99999999999,-1.440005249379338,-2.880010498758676,-1.317736970758511,-2.635473941517022,-7.407806609090126,-14.815613218180252,2.2174439124115964e-05,True
0xdbe452f1a0d0190e161b5fae8ee3a530f099d9a3,157,0.044585987261146494,0.0,115583.93465,-0.6642532133258258,-1.3285064266516515,-2.98913945996244,-5.97827891992488,-0.9963798199879833,-1.9927596399759666,2.216618024010156e-05,False
0xc0a29286ffb2b9f0cc487444254a22006886c6fd,82,0.14634146341463414,0.41666666666666663,112200.0,-0.9614222456626121,-1.9228444913252243,-4.590476088376146,-9.180952176752292,-12.874978322498187,-25.749956644996374,2.151722408888764e-05,False
0x61bf199fabf0d2ec9dc98b9bcf8084aca32bc0de,1162,0.030120481927710843,0.0,110337.93569999999,-0.30326629090597046,-0.6065325818119409,1.4418914695794767,2.8837829391589533,11.657911570412931,23.315823140825863,2.1160125561160208e-05,False
0x308fd47d492cf32d0f504c2a3e82bc25583b455b,60,0.16666666666666666,0.0,109641.26627000001,0.38032820137577394,0.7606564027515479,0.20188548401857337,0.40377096803714674,1.4713488926862177,2.9426977853724354,2.102652135223697e-05,False
0x9b883651182137f33efda174f831d9918182afe0,97,0.29896907216494845,0.4482758620689655,108685.67015,0.2938506166530801,0.5877012333061602,-0.6176852216569588,-1.2353704433139177,-0.37208423746205016,-0.7441684749241003,2.084326131790086e-05,False
0x28bf057cf2b4387a5586570d24822e5e0eba9ea7,52,0.9423076923076923,0.3877551020408163,105868.54456,-0.820633095099117,-1.641266190198234,-0.15623723696817676,-0.3124744739363535,-0.610968459697245,-1.22193691939449,2.03030053231899e-05,True
0x6bee6f27111277bf4fd158274e40a16dfde99e13,256,0.0703125,0.05555555555555555,105312.05208,-0.48998002608820695,-0.9799600521764139,-1.6531447697887611,-3.3062895395775223,-2.830061023969576,-5.660122047939152,2.0196283635169037e-05,False
0x0aee2ccc5cd73bdfe5cda4f0a55e63c2ef39a5cd,292,0.7328767123287672,0.037383177570093455,104693.63527999999,-0.052992226184666646,-0.10598445236933329,0.7715385428442538,1.5430770856885077,1.4544214221119587,2.9088428442239174,2.0077686372549313e-05,False
0xd85927dcd8793d3c8937b75d2d978af4541e0743,52,1.0,0.0,104106.74566,-1.6182854084933505,-3.236570816986701,-5.368229973178718,-10.736459946357437,1.6218941522636365,3.243788304527273,1.996513525428744e-05,False
0x4157c2c78e5ea60fbd1cb4886a87376b74533364,47,0.9787234042553191,0.0,103379.49549,-0.5930334585443467,-1.1860669170886935,-0.7304546282798292,-1.4609092565596584,-6.416955658940619,-12.833911317881238,1.9825666405120137e-05,False
0xf4827b61bd5879d12c4d0aaa078a96c3a9c3f953,533,1.0,0.44840525328330205,102743.86863999999,-1.2775430249107662,-2.5550860498215324,-1.9829949244008886,-3.9659898488017773,-0.9804297120958991,-1.9608594241917983,1.970376867456431e-05,True
0x399e8d14b282f89d1e05e2285eb89e5610e72f38,37,0.40540540540540543,0.0,102554.4828,-1.6677788900012136,-3.335557780002427,-4.49151373595824,-8.98302747191648,-4.91469247024841,-9.82938494049682,1.9667449088481046e-05,False
0x485b22c605e46454068e5ae22f57fa638eb960b5,74,0.6351351351351351,0.46808510638297873,102470.04999999999,-0.20044243156060235,-0.4008848631212047,-0.7804976813732939,-1.5609953627465878,-0.4789776985043987,-0.9579553970087974,1.965125693627024e-05,False
0x0f05c0473aa5245552ad072cfe12c3063b11f518,45,0.5555555555555556,0.12,101957.35,-0.983633126334137,-1.967266252668274,-1.8988639789748316,-3.7977279579496632,-11.26875966158534,-22.53751932317068,1.9552933578067278e-05,False
0x3ff5fdf5981d72120f0003359ca552c49a8a16e3,33,0.5757575757575758,0.1578947368421053,101538.2072,-0.6222059909453548,-1.2444119818907096,-0.10570732803870544,-0.2114146560774109,0.34994772238187477,0.6998954447637495,1.9472552209503607e-05,False
0x937ba6d1f3839c03ee55bac37bf4db2d90835a12,57,0.8947368421052632,0.0392156862745098,100928.00653999999,-4.046522339833586,-8.093044679667171,-13.314023086714094,-26.62804617342819,-4.985536909616179,-9.971073819232357,1.9355530602191596e-05,False
0x3c43014aedbb496e173059f94bfe3b0ed1d55ba0,50,0.1,0.0,100248.14352,-0.34332406358330436,-0.6866481271666087,-1.716620317918083,-3.433240635836166,-4.119888763002774,-8.239777526005549,1.9225149452894914e-05,False
0xc37b5d9a854de08c5d74522b726c316833e6a047,251,1.0,0.4422310756972112,100160.85745000001,-0.9552266011517268,-1.9104532023034535,-1.3336997630026204,-2.6673995260052408,-2.6255476502667006,-5.251095300533401,1.920841011307292e-05,True
0xc34260e90c4664928bf1570b7b890b4ce5aefc28,48,0.3958333333333333,0.0,100126.95069000001,-0.07245418097307804,-0.14490836194615608,1.036620583475641,2.073241166951282,7.143810570297337,14.287621140594673,1.9201907623295305e-05,False
0x108a856a9ccf27d05749123d50edfa07cf81a729,47,0.02127659574468085,0.0,99999.78,7.534246575341843,15.068493150683686,2.0547945205476337,4.109589041095267,-8.561643835616438,-17.123287671232877,1.917751938591323e-05,False
0x6cf4eee1339aab28272ad1a5d0252765224286f4,59,0.6440677966101694,0.0,99999.728,-0.08083348302489504,-0.16166696604979008,0.19759295850533995,0.3951859170106799,0.2514819471885216,0.5029638943770433,1.9177509413581213e-05,False
0xf11707aa67be4de8258b4ec6483f892b62c8b0b1,60,0.9666666666666667,0.0,99960.86525999999,-3.1131170828436625,-6.226234165687325,-5.169648318582481,-10.339296637164962,1.286438155766258,2.572876311532516,1.9170056487687376e-05,False
0xca03ccf9d98dd142cda7ab6c90cfdd59a2fd51b2,48,0.6041666666666666,0.27586206896551724,99168.86359999998,-1.9356576151878777,-3.8713152303757554,-4.339845045991079,-8.679690091982158,-1.3668942209904507,-2.7337884419809013,1.9018169881653588e-05,False
0x7c7b412019186684b51bdd98d4cbc33ccf1eee7d,150,0.9666666666666667,0.0,96894.34187999999,-1.177332408868053,-2.354664817736106,-0.7144717035881647,-1.4289434071763294,-0.18127087184560375,-0.3625417436912075,1.8581972078228615e-05,False
0x169755feaa769efc97841224b8344c3e47bb0e07,71,0.6901408450704225,0.20408163265306123,95801.93015,-2.1513096264158467,-4.302619252831693,0.8030569587521921,1.6061139175043841,2.0176345626122485,4.035269125224497,1.8372474146038424e-05,False
0xa37ab42ae008d03a33649893bd8da847e7d3358f,99,0.26262626262626265,0.0,93046.96609999999,-0.07920470994108204,-0.1584094198821641,-1.2066229469871632,-2.4132458939743264,-4.177061920690781,-8.354123841381561,1.7844139218937892e-05,False
0x13d2b134537ac468705973e5f063aea69c5846af,38,0.8421052631578947,0.15625,91591.11184,-0.07188719814535474,-0.14377439629070948,0.44890842035123657,0.8978168407024731,1.5115040012987753,3.0230080025975505,1.7564941871761587e-05,False
0xf8234c0d61b7fc8e48c3b2696c5f8d3ba414c2d6,51,0.21568627450980393,0.0,90789.0,0.0,0.0,6.939166639131495,13.87833327826299,13.878333278261486,27.756666556522973,1.74111163797328e-05,False
0xa865bef28b6639122c32001a104db41299e8658a,54,0.7777777777777778,0.19047619047619047,90723.6124,-0.5088298158272073,-1.0176596316544146,-1.1085892613110506,-2.2171785226221012,2.6246274570217443,5.2492549140434885,1.739857663247937e-05,False
0xe056eebc2c7acfc782d47ebe18ad71735480f72a,541,1.0,0.4898336414048059,88224.8098,1.6667811507075627,3.3335623014151254,-0.34731040660731277,-0.6946208132146255,0.31177438689706627,0.6235487737941325,1.6919367225187974e-05,True
0x35f0851ef6516c5706107b86dbe09a62a311ab07,36,0.2222222222222222,0.0,87975.0,-0.5117273578269794,-1.0234547156539588,-5.752844625590874,-11.505689251181748,-8.526390915803734,-17.05278183160747,1.687145979696872e-05,False
0xb6df0f5a53576e272e0344091359a1c135bb3f5d,62,0.2903225806451613,0.3333333333333333,87970.99999999999,-0.42239809732887607,-0.8447961946577521,-2.7704233557861127,-5.540846711572225,-1.3024443230421292,-2.6048886460842584,1.6870692694505653e-05,False
0x98deff289bbae5e56bb66c1bf2793b71ff8a207f,51,0.27450980392156865,0.1428571428571429,87948.16931,-0.04633019374583906,-0.09266038749167813,-0.3739772350798997,-0.7479544701597994,0.3436112410023231,0.6872224820046462,1.6866314324872555e-05,False
0x1731217495240925253a5af4f59034196ad9dbcb,1108,0.9774368231046932,0.4570637119113573,87570.36071000001,-1.1554130174811865,-2.310826034962373,-1.934630375149876,-3.869260750299752,-1.8067368338474223,-3.6134736676948447,1.6793859847966062e-05,True
0xe0140de1c1fe3a99b528a41f8015c9a5e5a8c1f8,216,0.14351851851851852,0.3870967741935484,87043.43991,-0.24941078009074927,-0.49882156018149854,-2.8691639877724224,-5.738327975544845,-5.815479500339034,-11.630959000678068,1.6692809287086417e-05,False
0xf11d2b4a16e787fe4d3ac318f3aa2b7128b226fc,154,0.006493506493506494,0.0,85371.426,-6.1224489795924555,-12.244897959184911,10.204081632653063,20.408163265306126,11.564625850340445,23.12925170068089,1.637215778992771e-05,False
0x552ecc265e7d3238b4d6d5d4fc5e3f843721e9c5,41,0.5853658536585366,0.0,84728.27870000001,0.14751568000375193,0.29503136000750385,-14.888054447917312,-29.776108895834625,-12.406394953265142,-24.812789906530284,1.62488178204423e-05,False
0x60c4ae0ee854a20ea7796a9678090767679b30fc,173,0.6011560693641619,0.0,84695.82406000001,-1.5961330822915163,-3.1922661645830326,-1.2187222906474124,-2.437444581294825,1.2258539182306287,2.4517078364612575,1.624259381187185e-05,False
0x766f4f5b64be19ef908f4e091465c46903aa7afb,133,0.07518796992481203,0.4,84164.9045,-0.9100134218923227,-1.8200268437846454,-7.028108387274292,-14.056216774548584,-0.08706497564307583,-0.17412995128615166,1.6140776386330908e-05,False
0xa913da1e97ee5172600114f3c20e16040e549d94,46,0.8043478260869565,0.027027027027026973,82711.19,-3.3846277856213427,-6.769255571242685,-1.2966614851706146,-2.5933229703412293,4.571284235428099,9.142568470856197,1.5861989392946192e-05,False
0x4a61858959db514e6577d566f47157f2fba70611,35,0.5714285714285714,0.2,82499.6056,-0.14976697418482834,-0.2995339483696567,-1.036008114075736,-2.072016228151472,1.014515518113121,2.029031036226242,1.5821412664349818e-05,False
0xeaa32b3bae86aefcc1c7577cc3e555d72ca75fdc,42,0.8095238095238095,0.2647058823529411,82364.695,-0.590968128052607,-1.181936256105214,5.612143833999312,11.224287667998624,13.621914968688488,27.243829937376976,1.579554010096153e-05,False
0xe62bf4de81e7b3d0c676926931ccf383427f5614,755,0.011920529801324504,0.1111111111111111,80234.7638,-2.424837733851549,-4.849675467703098,-2.432418924771419,-4.864837849542838,-2.9693078041149206,-5.938615608229841,1.5387071233543407e-05,False
0x741a58844ac349d6195d0b8ccf7fa07501eba5c2,910,0.017582417582417582,0.0,79999.62123,-1.4595517457666023,-2.9191034915332046,-2.1035054558642634,-4.207010911728527,-2.876302982912059,-5.752605965824118,1.534197662238898e-05,False
0x57bf3b0f29e37619623994071c9e12091919675c,50,0.4,0.0,78583.0183,-0.5629093886466295,-1.125818777293259,0.205637590671848,0.411275181343696,-3.198912359024142,-6.397824718048284,1.5070306723193032e-05,False
0x915f49be1efad69bf644a500274db9b7ec24840f,40,0.725,0.41379310344827586,76584.64372000002,-0.19521184082739151,-0.39042368165478303,-2.1279032766603287,-4.2558065533206575,-1.5408030561129205,-3.081606112225841,1.4687067207583442e-05,True
0xfd17a139d71bf7f7b2d90291b8101de68e599e44,139,0.37410071942446044,0.46153846153846156,76514.29988,-0.815141471571616,-1.630282943143232,-1.8954723688582176,-3.790944737716435,-2.8137630583334716,-5.627526116666943,1.4673576974352129e-05,False
0x5bfe87274c671b4cf6a1af554916819f6141eaa1,34,0.5882352941176471,0.30000000000000004,76278.40000000001,-0.7385265367501744,-1.4770530735003489,-0.6142974407778482,-1.2285948815556964,-0.40634910854012096,-0.8126982170802419,1.4628337129606125e-05,False
0xdd46a79fc9d19270bae417c3c1f4202c3e4ca86c,1897,0.9704797047970479,0.4524714828897338,76263.62072,-1.0716612717675995,-2.143322543535199,-1.6156254120269045,-3.231250824053809,-0.9115281565640769,-1.8230563131281539,1.4625502824083555e-05,True
0x7f0f71a3987a4d290adda62281911884c45d4a84,75,0.4666666666666667,0.17142857142857137,73673.3,-1.7625811305379895,-3.525162261075979,5.337175489755536,10.674350979511072,-8.730267800407145,-17.46053560081429,1.4128742472975455e-05,False
0xefcace57934a753d66c48a31b880ba806d4c0869,77,0.15584415584415584,0.0,71920.79999999999,-1.4738434500174185,-2.947686900034837,-1.6963103858696338,-3.3926207717392676,-11.818555967119513,-23.637111934239027,1.3792655706346436e-05,False
0x7ab12f7a0925ef24927343d47199e75a91fc78aa,76,0.5526315789473685,0.3571428571428571,71089.07848999999,-1.9552942849839388,-3.9105885699678775,-1.6866809966843452,-3.3733619933686905,-0.13318929996233522,-0.26637859992467045,1.3633151801620785e-05,False
0x0f59cb0ac5ea9befce7f1bb32ad613aac6e3f955,146,0.9794520547945206,0.42657342657342656,70509.94758000001,-0.7992276080127612,-1.5984552160255223,-1.3470833401175069,-2.6941666802350137,-1.653036538262042,-3.306073076524084,1.3522088614746712e-05,True
0xdd1116ac57cf27bd8ca3d5d8202f71951aa47b4e,62,0.11290322580645161,0.0,70346.22059000001,0.3303048574979039,0.6606097149958078,1.3249984411812592,2.6499968823625184,9.5161909347815,19.032381869563,1.3490689770422032e-05,False
0x97bff6e46d556ad271f2b1d048c9129cdcf03e2f,65,0.7538461538461538,0.0,67274.46675000002,-0.8317011819912129,-1.6634023639824258,-0.08608269349248965,-0.1721653869849793,0.4842557889005749,0.9685115778011498,1.2901602286276036e-05,False
0x1252bf1beea27b001d2e324069e92d83722cd40f,56,0.48214285714285715,0.33333333333333337,66992.34528000001,-0.2563873387064832,-0.5127746774129665,-0.5998504603034038,-1.1997009206068077,-4.670131288242185,-9.34026257648437,1.284749826764612e-05,False
0xd185606cdd3e8728e85116e84d646b528819e52a,131,0.5114503816793893,0.35820895522388063,66504.7397,-1.0846627538867273,-2.1693255077734546,-1.2364639482625257,-2.4729278965250514,0.7735769876303845,1.547153975260769,1.275398740729093e-05,False
0x80391eeefaba4222d6b01b7d4500dc7a6927f0f3,39,1.0,0.0,66463.76746999999,-0.5641085450816089,-1.1282170901632178,0.7551860241942643,1.5103720483885286,9.698225938214266,19.396451876428532,1.2746129932653393e-05,False
0x54f9524155c82f1f3f2c5e086ba513df442a18ef,40,0.9,0.2222222222222222,66446.81649999999,-0.2948089328501118,-0.5896178657002236,-1.3359568241687305,-2.671913648337461,-1.8619382405962186,-3.723876481192437,1.274287914994382e-05,False
0x6268ca117b727e479af08c09cd1a02b5737d2bdc,32,0.28125,0.33333333333333337,66134.239,-0.762031570185465,-1.52406314037093,-0.7595699141655667,-1.5191398283311335,-0.00101362810300307,-0.00202725620600614,1.2682934407406886e-05,False
0x8baf12176d62c2c72cd6feae3f6cf5fd4b8aae2a,146,0.0958904109589041,0.0,66069.02389999999,-6.5854461639776085,-13.170892327955217,3.2927230819888043,6.5854461639776085,37.86631544287126,75.73263088574252,1.2670427741447175e-05,False
0x851b9d3f0d4ac6259dafdc3fdd31dd2c37c9b2ef,67,0.44776119402985076,0.06666666666666665,65891.79990000001,-2.516865886572625,-5.03373177314525,-4.896270123578128,-9.792540247156255,-20.43741249345812,-40.87482498691624,1.2636440499718757e-05,False
0x1317ea30e98a643fe356f01f5bc33cd0756044cb,178,0.4550561797752809,0.0,65838.25811,-1.4868970177503582,-2.9737940355007164,-2.8234302256643162,-5.6468604513286325,-5.32831491265336,-10.65662982530672,1.2626172489972318e-05,False
0xd9a5ae508abffe8231b8d6ab90c2738052f3424a,226,0.11946902654867257,0.37037037037037035,65489.501650000006,-0.24674569365555524,-0.4934913873111105,-1.84038926709196,-3.68077853418392,-1.951201184507578,-3.902402369015156,1.2559289505103627e-05,False
0x9e0aa52958ba4dbe4b1353285c1d358222e369ae,35,0.5142857142857142,0.5,65470.02952000001,-1.8745298966547697,-3.7490597933095393,-3.8076290482485593,-7.615258096497119,-10.90403013016982,-21.80806026033964,1.2555555225382613e-05,False
0x64b4bc9498734b849528cf794e7c2516f13df4cc,31,0.4838709677419355,0.1333333333333333,64588.600000000006,0.30329674762843417,0.6065934952568683,-3.7901903154789904,-7.580380630957981,-24.222759998939296,-48.44551999787859,1.2386518536430734e-05,False
0xa930cdefd5c41bbb92081faa33afdd5b3ba0c999,114,0.7719298245614035,0.3068181818181818,62037.85099,-0.8098419790206193,-1.6196839580412385,-1.733114910644697,-3.466229821289394,-1.4666199391167725,-2.933239878233545,1.1897347074374777e-05,True
0xe3c4e9953f3e37b9ca68b0b91baf4c5e80911a76,45,0.9111111111111111,0.3902439024390244,61256.99999999999,-0.04188865125737926,-0.08377730251475853,-0.2009676723012859,-0.4019353446025718,-0.48091661329477287,-0.9618332265895457,1.1747598894946435e-05,True
0x9815aec32ff0db5b81241c9d17f187a3b44a0f16,7109,0.2000281333520889,0.4817158931082982,61143.330239999996,-0.3528643296992711,-0.7057286593985422,-0.6353454493578865,-1.270690898715773,-0.2728645853863563,-0.5457291707727125,1.1725799806728522e-05,False
0x279818c822e5c6135d989df50d0bba96e9564ce5,36,0.08333333333333333,0.0,60462.0,-3.8542455218424845,-7.708491043684969,-1.433260305123859,-2.866520610247718,-6.836262339923063,-13.672524679846125,1.1595137280412876e-05,False
0xe8de5d2ae47fa0a00d1de7a36b2a2d75b63a80f7,254,0.13385826771653545,0.5,59945.33935,-1.7894668800906257,-3.5789337601812514,-3.7565343389268735,-7.513068677853747,-4.175346217222799,-8.350692434445598,1.1496054366117329e-05,False
0x5582b5494351a0fb2209fa6499592baf47ea1204,129,0.03875968992248062,0.0,59916.26848,-0.3384470969244558,-0.6768941938489116,-0.6724527981114728,-1.3449055962229457,-2.7139749335997143,-5.427949867199429,1.149047928212224e-05,False
0xab3b69ddde654fa00bedccd14c4bd0a76f9275af,46,0.4782608695652174,0.2272727272727273,59850.107339999995,-0.4202383469866034,-0.8404766939732068,-1.019966420236429,-2.039932840472858,-3.422189275644489,-6.844378551288978,1.1477791188758993e-05,False
0x772060a04ef46e273bec777b7f6e9e5182d834b5,50,0.78,0.05128205128205132,58877.903900000005,-8.504631312983996,-17.00926262596799,-11.63943949272589,-23.27887898545178,4.3366079811240805,8.673215962248161,1.129134627540367e-05,False
0x7f2bcbfd2140fc939184ed9d94111c79695f7f4e,42,0.6904761904761905,0.31034482758620685,58511.13188,-1.3145880148082882,-2.6291760296165765,-1.2809124489991557,-2.5618248979983114,0.22768592231821017,0.45537184463642033,1.1221008345422618e-05,False
0x0c52812a47f6b577d170c2ab833e92813b0fbb4a,46,0.32608695652173914,0.0,58400.00000000001,-3.082191780822229,-6.164383561644458,-2.39726027397198,-4.79452054794396,5.821917808218556,11.643835616437112,1.1199695960704442e-05,False
0x214a439a6c52259117ac3598bebe62d0c2efa813,49,0.3877551020408163,0.0,58311.48345,-1.4826272519688972,-2.9652545039377944,4.838403245845053,9.676806491690106,-0.05735473997908408,-0.11470947995816816,1.1182720644822754e-05,False
0xc8c900e006014a9c2fa33e4a1df7b19d2bd4cace,46,0.3695652173913043,0.17647058823529416,57567.600000000006,-0.16360165357187095,-0.3272033071437419,0.34043644143156915,0.6808728828631383,0.6805766411328401,1.3611532822656802,1.104006193814125e-05,False
0xdfa0f819b69114a71da8f8ae0c945c268c732ea3,40,0.85,0.02941176470588236,57060.7886,-0.2726046538708922,-0.5452093077417844,-0.5452093077415197,-1.0904186154830393,2.2633344330800025,4.526668866160005,1.0942867869829282e-05,False
0x17364c7b7e6cb190719084169ae06b38b9d25e57,124,0.06451612903225806,0.125,56302.67385,-1.8926013186352277,-3.7852026372704555,-0.20349426665215709,-0.40698853330431417,2.6793678764498603,5.358735752899721,1.0797479946827132e-05,False
0x8aed145c9206808766ad816112f9ae6d9ba31849,155,0.7354838709677419,0.43859649122807015,53732.943920000005,-0.8539795452852651,-1.7079590905705302,-1.2273455421163002,-2.4546910842326004,-1.135775449100977,-2.271550898201954,1.0304668407150381e-05,True
0xbda495ebf6fc94d61f9a7f22b9877273378ed82b,36,0.25,0.3333333333333333,53594.717560000005,1.55326253579038,3.10652507158076,-0.9990694152088088,-1.9981388304176175,-4.015737971431813,-8.031475942863626,1.027815996184636e-05,False
0x234b0aba144277f7bfa4ac5a542ad0f21d57bec5,37,0.13513513513513514,0.4,52520.9381,0.21005768205022335,0.4201153641004467,-1.4981384496937147,-2.9962768993874294,-4.578180599756391,-9.156361199512782,1.0072235244708527e-05,False
0xdc265d18126ba11b414d4bdf10ba4a08f5eb0f03,67,0.8507462686567164,0.0,51512.5,-2.4035136765593212,-4.8070273531186425,-4.081155971716906,-8.162311943433812,2.596542868549519,5.193085737099038,9.878841407119649e-06,False
0x6e28520e5e4c821f55086805bfe8354d1b6df5f5,472,0.0614406779661017,0.0,51373.9282,0.5621028490477581,1.1242056980955162,3.4182541947848257,6.8365083895696515,2.138986257811949,4.277972515623898,9.852266714846918e-06,False
0xc5d74f734ea88868b379730ae6a3603f7f692bee,41,0.0975609756097561,0.0,51322.80077,-0.8326949338840222,-1.6653898677680443,0.33216170370350756,0.6643234074070151,-1.1668724312579952,-2.3337448625159904,9.842461720476162e-06,False
0x5a8e9552fe014b06dd6dda6d639131f393e9042a,30,0.9333333333333333,0.35714285714285715,51192.90737,-0.2129101184898043,-0.4258202369796086,-0.9935718864219327,-1.9871437728438655,-6.7283114551806005,-13.456622910361201,9.817551333707288e-06,True
0xf26af4507570eca53f612d8639305ce3f66a2806,1052,1.0,0.4277566539923955,50973.68658,-0.7900400532545125,-1.580080106509025,-1.284688374390599,-2.569376748781198,-1.3345431219599448,-2.6690862439198897,9.775510131716441e-06,True
0xcbab93718f54ffd667fcce635b55bf11f9f50090,62,0.14516129032258066,0.0,50932.0,-3.1152647975074843,-6.230529595014969,-5.340453938584476,-10.680907877168952,-0.9271621421154131,-1.8543242842308263,9.767515662167785e-06,False
0x20faffd0045455e86b36b827d68f8f99f9c929b4,82,0.2804878048780488,0.0,50840.79102999999,-0.5826195822909305,-1.165239164581861,-1.3415993311238184,-2.6831986622476367,-1.9785345078654744,-3.9570690157309487,9.750024005782696e-06,False
0xa6e2dc44418f5ad213c86db4dbb203a59d13c49f,89,0.033707865168539325,0.0,50265.3832,-0.6604147404569068,-1.3208294809138137,-3.5222119491038373,-7.044423898207675,-6.163870910931966,-12.327741821863931,9.639674814868164e-06,False
0x20f2c7b31a05f318888119784cc7d193c03ebda8,125,0.088,0.0,50214.78242,-0.33037117380440173,-0.6607423476088035,-0.4916498760651267,-0.9832997521302534,-19.35061783220332,-38.70123566440664,9.629970819125452e-06,False
0x6cd520c1a07c9b53b33d62d04d3c2a3175161968,47,0.0851063829787234,0.0,49999.995899999994,-1.3705201123829607,-2.7410402247659214,-1.0278900842876102,-2.0557801685752204,-24.498047008840167,-48.996094017680335,9.588780001994325e-06,False
0xb96482d046919971f746065d07ccbf98fa49b77b,37,0.5135135135135135,0.26315789473684215,49405.480709999996,-0.34501897742855725,-0.6900379548571145,-0.8753859495630422,-1.7507718991260843,1.1734548291765132,2.3469096583530265,9.47476648535014e-06,False
0x0a1898d2b837311925ca5408b4bd7d01381226ce,59,0.559322033898305,0.3939393939393939,48966.40875,-0.35349808112565334,-0.7069961622513067,-1.560868322196471,-3.121736644392942,-2.720034288440146,-5.440068576880292,9.39056318985578e-06,False
0x8f481ef2f48845512b2593737eea87de0ae0d38f,60,0.016666666666666666,0.0,48951.557759999996,0.3460686600218337,0.6921373200436673,3.460686600221484,6.921373200442968,15.91915836101851,31.83831672203702,9.387715132103803e-06,False
0x75e64ab9b72b1d0799e6239d89ade921363ca2d5,639,0.00782472613458529,0.0,48662.9415,-0.6244579358199795,-1.248915871639959,2.081526452731688,4.163052905463376,-2.7753686036433023,-5.550737207286605,9.332365571122371e-06,False
0x079d5bf7d498d7812409b45d18f63b4784e94167,129,0.17829457364341086,0.4782608695652174,48659.51715,-1.2570513232532183,-2.5141026465064367,0.8156107203750689,1.6312214407501378,3.747394524363298,7.494789048726596,9.331708864292525e-06,False
0x73056a719b44918853a64f6d8df99de7fe1e3552,100,0.3,0.4,48598.07501,-0.5231570545428232,-1.0463141090856465,-1.362151624633064,-2.724303249266128,-1.3975503783976628,-2.7951007567953257,9.319925760060076e-06,False
0x051769749ea57fb62711b6bea2a9878968a81a1e,45,0.3333333333333333,0.0,48547.77432999999,-1.838285640729488,-3.676571281458976,-5.527082304850038,-11.054164609700075,-2.6520300227226565,-5.304060045445313,9.310279316179653e-06,False
0xa595e5f8d874bc4a6484d4a15bd4e784396b7eb8,46,0.6086956521739131,0.0,48256.47364,-3.675781288546162,-7.351562577092324,-2.0722525385090456,-4.144505077018091,36.95517027008452,73.91034054016905,9.254414946981992e-06,False
0xeb9391195e31aee7bd1d4a33afc36acb67b5b3ec,46,0.32608695652173914,0.0,47696.67629999999,-4.576821241032745,-9.15364248206549,8.67646474759359,17.35292949518718,50.71909625604746,101.43819251209491,9.14705946739961e-06,False
0x91b0851797873bdbcd8a2a519a92fffcfde61041,48,0.0625,0.0,47678.72718,-1.3288038068877344,-2.6576076137754687,-2.54860143299805,-5.0972028659961,-1.54645349101824,-3.09290698203648,9.143617263859162e-06,False
0xb3f4917fe14561b776b880a57b4bb78edfd4b9e9,65,0.35384615384615387,0.34782608695652173,47465.956,-0.7851159818627754,-1.5702319637255508,0.7362413794891498,1.4724827589782996,1.1358752573225417,2.2717505146450834,9.102812939797512e-06,False
0x86d232c4a00ecf5e3d2b3deece17971758e34d37,30,0.9,0.0,47234.99382,-5.324815272467363,-10.649630544934727,-9.343100384298177,-18.686200768596354,4.930391196875239,9.860782393750478,9.058520025509474e-06,False
0x64e9e8f7285da423197961b9a66e44f226fc1faf,81,0.8518518518518519,0.30434782608695654,47087.300129999996,-2.975802200911116,-5.951604401822232,1.44864900207327,2.89729800414654,13.42358612151164,26.84717224302328,9.030195977165045e-06,True
0xe3c7b7b2eb32c47c59f3599417d731fa166c79b8,97,0.030927835051546393,0.3333333333333333,46852.015960000004,0.0,0.0,-4.871999328019489,-9.743998656038977,-1.7828398248005433,-3.5656796496010865,8.985074210583426e-06,False
0x2d6efe282a247e5968022154de935130e945e1e1,50,0.16,0.125,46851.2344,-0.7745800615382019,-1.5491601230764038,0.7282560441854756,1.4565120883709513,-3.2175966400213167,-6.4351932800426335,8.984924326433167e-06,False
0xee6350dc02294f1cb76f3fef8f123bf80a95f863,119,0.47058823529411764,0.017857142857142856,46750.03126,-0.48660934737799266,-0.9732186947559853,-0.7482959295245265,-1.496591859049053,-1.0039582372239546,-2.007916474447909,8.965516031942268e-06,False
0x44cb5ca98f252896086b022e6f97ed6c42182663,1122,1.0,0.4696969696969697,46513.35677,-0.5521490766759254,-1.1042981533518508,-0.9663670258749508,-1.9327340517499016,-1.137214556711905,-2.27442911342381,8.920127635886533e-06,True
0x0291639ea7178930475da17b579e1ac2de8faed8,45,1.0,0.4666666666666667,46005.69532,0.4541152615995072,0.9082305231990144,0.68969099859844,1.37938199719688,-0.9586561327073669,-1.9173122654147339,8.822770548712383e-06,True
0x5742261ef0516ad70c4217cc573fa21485289d3b,47,0.7872340425531915,0.0,45478.9212,0.6587431922142966,1.3174863844285931,7.784303355878804,15.568606711757608,-3.859678421985312,-7.719356843970624,8.72174811748006e-06,False
0xa6c9c1886ebfc76a4f409cb325e85916c0c4632c,59,0.2033898305084746,0.0,44846.42101,-0.5333345400651734,-1.066669080130347,-2.321027046518051,-4.642054093036102,-2.0703544147271002,-4.1407088294542005,8.600450004071023e-06,False
0x12450c37e1b38da5704242725a4ad4fc14f53084,498,0.03413654618473896,0.0,44800.074,1.049712814419273,2.099425628838546,21.31115072291496,42.62230144582992,12.121212121211816,24.24242424242363,8.591561777689385e-06,False
0xc1fd39727cd10fe97ccac228888f025309560a93,82,0.25609756097560976,0.0,44452.41108,-0.543310166699157,-1.086620333398314,-1.6351873827665808,-3.2703747655331616,-2.065049986134994,-4.130099972269988,8.524888507127557e-06,False
0xa9ac99be720210e61693c1426459829350417395,33,0.7878787878787878,0.0,44004.5,-0.19858792839937453,-0.39717585679874906,-0.9693913137904118,-1.9387826275808235,-2.6726514404335693,-5.345302880867139,8.438990083952372e-06,False
0xb80af21d4846dc636d191fe501f50a707c4b3586,1442,0.0159500693481276,0.0,43912.5,-0.712600084691054,-1.425200169382108,-1.6626722746483564,-3.325344549296713,-16.79367506561059,-33.58735013122118,8.421346727301948e-06,False
0xed7ead2764b7cf13c420f5b178f6d450c6a481a6,57,0.6666666666666666,0.052631578947368474,43905.26371,-0.36670698819926784,-0.7334139763985357,-0.5849741027292152,-1.1699482054584305,0.5073583028293922,1.0147166056587844,8.41995898333134e-06,False
0xb330d6f0b3169ee8f63cd83087e8abe50b582e17,33,1.0,0.45454545454545453,43758.83104999999,-0.985271395898627,-1.970542791797254,-0.6045746653875483,-1.2091493307750967,-7.6141545530222405,-15.228309106044481,8.391876769791662e-06,True
0x492322b1fca1ab301a103b716a243b20cb3001aa,188,0.9308510638297872,0.46285714285714286,43509.02826,-0.9133946486914146,-1.8267892973828292,-1.1569034402900207,-2.3138068805800414,0.6972025101609496,1.3944050203218992,8.343970685919476e-06,True
0x3f603a18bed7cc5ceefdc83ff1ce0cf5b3764e2e,212,0.8301886792452831,0.49431818181818177,43372.13497000001,-1.0660505644122726,-2.1321011288245453,-1.6873052622517954,-3.374610524503591,-1.6710005753972603,-3.3420011507945206,8.317717890935563e-06,True
0xb4e64c8bb8c9dc7be22247e7a6506d9c8a16362a,2898,1.0,0.49792960662525876,42577.01348,-0.615569474377963,-1.231138948755926,-1.2793597131503112,-2.5587194263006223,-1.2963334604260224,-2.5926669208520448,8.165232977582441e-06,True
0xbd6a66365001e379ce9fbdc5281a6e44a8a8984a,133,0.9172932330827067,0.38524590163934425,42450.5104,-1.3532135323999746,-2.706427064799949,-3.30915180474699,-6.61830360949398,0.09087851686738332,0.18175703373476665,8.14097277151921e-06,True
0x38ff7ba55c7e3c0ccb1bcbd566b48dd12b133e80,76,0.013157894736842105,0.0,42247.2645,-4.9478706485247965,-9.895741297049593,-4.594451316487655,-9.18890263297531,-9.895741297049593,-19.791482594099186,8.1019951638949e-06,False
0xa7f91650757a0dca735661ec706f84f860db5b1f,37,0.6486486486486487,0.08333333333333333,41508.55184000001,-0.45105296033517406,-0.9021059206703481,-4.2040598784968735,-8.408119756993747,0.5780021890025878,1.1560043780051756,7.96032808864964e-06,False
0xbeeceb916fa749883de0c81a8362a16ff284ef8f,46,0.6086956521739131,0.35714285714285715,40699.765419999996,-1.7421108976482815,-3.484221795296563,-2.5185164136687743,-5.037032827337549,-4.409022676985982,-8.818045353971964,7.805222574931375e-06,False
0x6de880729e2ce1d2d2c71513d864c3886f1519e7,319,1.0,0.445141065830721,39889.628339999996,-0.6568188907906106,-1.3136377815812212,-1.3965683772910016,-2.793136754582003,-0.39042909964238837,-0.7808581992847767,7.64985803755992e-06,True
0xd1c5f6e2fcf5beb03bafe058a32adeab32e88197,33,0.2727272727272727,0.0,39673.99689,-1.0915146111421858,-2.1830292222843717,0.42843944090679287,0.8568788818135857,-12.466886037779448,-24.933772075558895,7.608505183457767e-06,False
0xe5c4fcc72c670430ba7639f9b193f1d564dd5a59,681,0.9647577092511013,0.4931506849315068,38682.779669999996,-0.9550769115679026,-1.9101538231358053,-1.5002949094443232,-3.0005898188886464,-1.5979598844763476,-3.1959197689526953,7.418413890734911e-06,True
0xa0486eca4f156a5222cbab832af9cbacb2de2ffe,46,1.0,0.391304347826087,38552.85159,-0.37947353226468883,-0.7589470645293777,-0.8630175823061583,-1.7260351646123167,0.7862947408590858,1.5725894817181716,7.393496853187685e-06,True
0x3045613bbaf85d6e0b86777accf5e66cf1732c78,49,0.5102040816326531,0.24,38397.704000000005,-3.441047138234887,-6.882094276469774,-0.6648837221757152,-1.3297674443514305,4.963195224296309,9.926390448592619,7.3637433285809045e-06,False
0x23181e703991e776d7ad6f42b205e74c2652d8c1,1281,0.4129586260733802,0.49338374291115317,38283.8777,-0.8945681759180276,-1.7891363518360552,-1.4842329131847927,-2.9684658263695853,-1.6469907984252792,-3.2939815968505584,7.341914219808096e-06,False
0xba404c2d23830349a7dc5caa1bbab467945d7f55,52,0.038461538461538464,0.0,37649.04473,-4.793152523602762,-9.586305047205524,-11.42522945930774,-22.85045891861548,7.065696329895413,14.131392659790826,7.220168736078113e-06,False
0x780825f3f0ad6799e304fb843387934c1fa06e70,33,0.8787878787878788,0.13793103448275867,37486.093039999985,0.09507414496681937,0.19014828993363875,3.896715458987948,7.793430917975896,8.469969313637053,16.939938627274106,7.188918575388334e-06,False
0x091144e651b334341eabdbbbfed644ad0100023e,47,1.0,0.0851063829787234,37146.73673,-0.6095332104486476,-1.2190664208972952,-0.1711088567243211,-0.3422177134486422,-0.26299723553486987,-0.5259944710697397,7.123838310074183e-06,False
0xa1c9d41719c4ffd99463f1cfa579d9b6a96b50c6,58,0.25862068965517243,0.1333333333333333,36975.29192,-1.044425020392845,-2.08885004078569,-6.068490725510469,-12.136981451020938,-2.098009757768008,-4.196019515536016,7.0909593760666365e-06,False
0xf18adf71266411ff39ffc268843c9a64b3292d86,70,0.014285714285714285,0.0,36884.314439999995,2.6314058285645086,5.262811657129017,-4.604960199985647,-9.209920399971294,-15.459509242812377,-30.919018485624754,7.073512113818843e-06,False
0x5aadb7a698bba2ac19b52877bb60a436a9965fa5,83,0.03614457831325301,0.3333333333333333,36211.96935,-3.9007824510677014,-7.801564902135403,2.7311125398500433,5.462225079700087,9.629766913710034,19.259533827420068,6.944572720177192e-06,False
0x6dcc70cb907d0f9a449586735a1e0fda5a43ab10,33,0.24242424242424243,0.0,34999.82944,0.0,0.0,-0.16618473094676944,-0.3323694618935389,-1.1594245828854406,-2.318849165770881,6.712113842543021e-06,False
0xca9ae7de98e79950982b3c750392f688ac65021c,61,0.03278688524590164,0.0,34999.782300000006,-4.091374019774355,-8.18274803954871,-2.0456870098871773,-4.091374019774355,2.386634844868115,4.77326968973623,6.712104802240494e-06,False
0xda3650ec26da6cc0e8e755da34554b8e2c471a68,2315,1.0,0.4976241900647948,32699.698320000003,-0.7293790135857711,-1.4587580271715421,-1.5097852719735805,-3.019570543947161,-1.3192560357983374,-2.638512071596675,6.271004780663661e-06,True
0x5647249079e257329ecb6f46ed41821d3c69e7de,37,0.2972972972972973,0.0,32650.02672,0.5980169097727402,1.1960338195454805,0.8566561413498257,1.7133122826996514,8.550426458344303,17.100852916688606,6.261478978987604e-06,False
0x5c634c614529120cb5ffd33724e25ebf2fa21fe0,233,0.07725321888412018,0.0,31969.200000000004,-0.4354466168127575,-0.870893233625515,-4.241404117754398,-8.482808235508797,4.773112417696507,9.546224835393014,6.130913015530008e-06,False
0x177019594ba3913d416ab1a8f3e5527d4c2b2837,3314,0.2776101388050694,0.47173913043478266,31206.33944,-0.3672743604661544,-0.7345487209323088,-0.6671439413453801,-1.3342878826907603,-0.47165192300510944,-0.9433038460102189,5.984614961892803e-06,False
0xcfdd72ad0a52276f9f03b5f579cb84a85e0060da,36,0.6388888888888888,0.0,31004.999999999996,-0.39884676918095424,-0.7976935383619085,-1.5191734029362496,-3.038346805872499,0.15248880665311573,0.30497761330623147,5.9460029668089235e-06,False
0x5ed4a0b9df8fbf96c8442c808ed080e2f304ce2b,403,1.0,0.4813895781637717,30639.41998,-1.0112590038501599,-2.0225180077003198,-1.9871629154971115,-3.974325830994223,-1.2185600046431786,-2.437120009286357,5.875893633361865e-06,True
0x3005fade4c0df5e1cd187d7062da359416f0eb8e,782,0.008951406649616368,0.0,30170.0,-0.9470145366731378,-1.8940290733462757,-1.7519768928450037,-3.5039537856900074,0.0947014536678736,0.1894029073357472,5.785870327644743e-06,False
0xcb921a7687f8ae0534da8202f583a37f32d9cac5,70,0.11428571428571428,0.0,30085.05492,0.21565109378215153,0.43130218756430305,1.5958180939889022,3.1916361879778044,0.9919950313978972,1.9839900627957945,5.769579932621494e-06,False
0x70a175d593ad04d8425ca8d4db66bc6b58d7b6f8,228,0.9473684210526315,0.44907407407407407,30034.12843,-1.0929462236737553,-2.1858924473475105,-2.395399731869302,-4.790799463738604,-4.19087645658574,-8.38175291317148,5.7598134736429695e-06,True
0x9894261fd45adeb3c30889db8f0de9b2ea4d04a4,232,1.0,0.3663793103448276,29980.70112,-1.1421623192519612,-2.2843246385039224,-2.286855177758726,-4.573710355517452,-4.455414729947847,-8.910829459895695,5.749567418369026e-06,True
0xdf4ce8da5da5d04fee98f2c38e4c3ac4316f13c1,40,0.625,0.0,29688.199999999997,-1.2506178109946173,-2.5012356219892347,1.7536830904329854,3.507366180865971,-1.6823264313905315,-3.364652862781063,5.693472835968931e-06,False
0x78fd02f84c6738f3771acfe6eb17171d2f5c0605,53,0.18867924528301888,0.0,29260.0,-0.37606837606803406,-0.7521367521360681,-0.8545606919371558,-1.7091213838743116,-0.273130506133954,-0.546261012267908,5.61135451729815e-06,False
0x489729980358de23ffa9512f5466739b052b6b51,30,0.3,0.4444444444444444,29209.174189999998,-0.11025370863751532,-0.22050741727503065,-2.0992479405546107,-4.1984958811092215,-5.602012033067218,-11.204024066134435,5.601607366288619e-06,False
0x5280172565587fa7a741702a72d7f748ed57e812,80,0.375,0.0,29204.8888,-5.794086788238864,-11.588173576477727,-3.0920454897069294,-6.184090979413859,-36.37320011589081,-72.74640023178162,5.6007855329825746e-06,False
0x17fb4db24b8f1817bc33d6e167b105fd77599c28,65,0.03076923076923077,0.0,29025.0,-1.722652885443583,-3.445305770887166,-1.8949181739877847,-3.7898363479755695,-6.546080964685928,-13.092161929371857,5.566287247593261e-06,False
0x077dada7e5e64280c32a2ee4088d4e81bd706788,39,0.2564102564102564,0.2,29016.0,-2.650733469030194,-5.301466938060388,-6.408671269617734,-12.817342539235469,-16.297227509589334,-32.59445501917867,5.564561267051371e-06,False
0x90466dd1e02f5ac3455b2b29a68f3d9914179b43,40,0.025,0.0,28979.0,-1.7253873494599536,-3.4507746989199073,11.732633976327998,23.465267952655996,20.35957072362777,40.71914144725554,5.5574655692680475e-06,False
0x59fd165b93300f7da94b38296acaada620b877d5,47,0.2765957446808511,0.15384615384615385,28865.66166,-0.2902539488767393,-0.5805078977534786,2.065438770130379,4.130877540260758,1.1061176705038849,2.2122353410077698,5.53573003932471e-06,False
0x2bda64d77652123b10625269279ec18adb730ecb,128,0.03125,0.0,28398.000000000004,-1.0564124234091383,-2.1128248468182766,-2.464962321289591,-4.929924642579182,3.5213747447003305,7.042749489400661,5.4460439365083e-06,False
0x67dc7ac3360ef95f989bbf89bf6d72eab094ea65,154,0.8376623376623377,0.023255813953488413,28064.819519999997,-1.8474343003189795,-3.694868600637959,-3.0238606539070267,-6.0477213078140535,-0.38314459636647813,-0.7662891927329563,5.382148044795259e-06,False
0xfb6f1c22e38bb0fd8818fafe007ed0717d3277d5,2273,0.08271007479102507,0.4787234042553192,27541.276189999997,1.0969542557889735,2.193908511577947,0.12074891198880178,0.24149782397760355,-1.157614636980877,-2.315229273961754,5.281745200304595e-06,False
0xab57daaec6e715ee8a56e10bc4d45ae94fd393bf,120,0.15833333333333333,0.05263157894736842,27274.74022,-0.6709807674647539,-1.3419615349295078,1.4595141172718689,2.9190282345437377,-16.41337192389163,-32.82674384778326,5.230630100534195e-06,False
0xd158ab29974537b266d37ef88ae71ff4334bab69,205,0.05853658536585366,0.5,27136.23755,-1.130253142409128,-2.260506284818256,-1.0012311507260097,-2.0024623014520193,0.2540132206502237,0.5080264413004474,5.204068665709781e-06,False
0xd73136ecc91a9e19a5b9bb207f4c91886b2cf2f1,37,0.24324324324324326,0.0,27129.82227,0.1831111301205443,0.3662222602410886,-1.3739464480489794,-2.7478928960979587,3.0293564397505444,6.058712879501089,5.202838371437472e-06,False
0x600330449a73755fb4d7f82250938ab0bd7c5596,164,0.21341463414634146,0.11428571428571432,26742.502910000003,-0.8361179515645915,-1.672235903129183,-2.863687245263392,-5.727374490526784,-2.1290496576477347,-4.258099315295469,5.128559962675579e-06,False
0x417e99d72cfef3a31d9a525c41236912752f2c1e,58,0.3275862068965517,0.3157894736842105,26709.07957,0.6182510762670437,1.2365021525340874,-2.7775667273231157,-5.555133454646231,-6.8594981671897,-13.7189963343794,5.122150181066139e-06,False
0xbb31ee11d3aaa7e3a88651e0af7f8d93312d5c44,32,0.21875,0.42857142857142855,26208.78629,-0.05857180766376407,-0.11714361532752814,-0.28559210220712633,-0.5711842044142527,-2.3959687174971527,-4.791937434994305,5.026206129230804e-06,False
0xd3d123f0f62559c62745ef0b631a21a95916b6b1,278,0.9820143884892086,0.43223443223443225,26076.01586,-1.5529363285552553,-3.1058726571105106,-1.7063567662212353,-3.4127135324424707,-1.4664493887193226,-2.9328987774386452,5.000743998262105e-06,True
0x3c16fc881bbbde5771e9026fc888bf5493e3b4b1,46,0.9130434782608695,0.40476190476190477,25969.81614,-0.9488732339511939,-1.8977464679023879,-1.4908964484981553,-2.9817928969963106,0.9150896239874091,1.8301792479748182,4.9803774815649826e-06,True
0x9d003d4ea17b01542128f8aa4df8dbfb9afa764d,1404,0.04700854700854701,0.3939393939393939,25600.752210000002,-0.9364854950435234,-1.8729709900870468,-1.4831031332560203,-2.9662062665120406,-1.1070477870251854,-2.2140955740503707,4.909600019132403e-06,False
0xea23991c20c911221e963bad1d6c10e85d52083e,88,0.06818181818181818,0.0,25445.06386,-1.1634700649226692,-2.3269401298453385,-1.6622566298687076,-3.324513259737415,-7.875864339845722,-15.751728679691444,4.879742789943639e-06,False
0xab27d7e32cf554e927e339c9e2075cce14801b29,61,0.9836065573770492,0.41666666666666663,24785.445160000003,-0.2698105127648463,-0.5396210255296926,-0.22637950999542442,-0.45275901999084883,-0.3964446987466386,-0.7928893974932772,4.75324400758071e-06,True
0x5f3a4876d44c78c4acfff2dbee20eb38ef827c62,101,0.3564356435643564,0.0,24125.524709999998,-0.461575758866137,-0.923151517732274,-2.6948883856800694,-5.389776771360139,-7.370793277903136,-14.741586555806272,4.626687356925722e-06,False
0x427045de6e6790bbd3d3fc9bc5ef1ddc453b9b21,75,1.0,0.4666666666666667,23883.05762,-0.8055750948052217,-1.6111501896104434,-1.0286719842217464,-2.057343968443493,-2.627022792017735,-5.25404558403547,4.580188081438107e-06,True
0x9c40caf760fc0f7445835135b54036bad4256d09,37,0.4594594594594595,0.35294117647058826,22681.06904,-0.8652239862635817,-1.7304479725271633,-1.5704531537859274,-3.140906307571855,-2.61597961344054,-5.23195922688108,4.349675981365523e-06,False
0x938bc7ec8a30aed3cad4af5955b45f1b323e495c,32,0.15625,0.19999999999999996,22631.102000000003,-6.8533760311619245,-13.706752062323849,-4.307063669645191,-8.614127339290382,-4.602357345750862,-9.204714691501724,4.340093521501545e-06,False
0x0fca969d5093eaf1e14abc9f02d42915d8bfb38d,106,0.9150943396226415,0.4742268041237113,22240.445819999997,-1.2693358770341534,-2.538671754068307,-3.092108632072519,-6.184217264145038,-2.699219110179911,-5.398438220359822,4.265175192029451e-06,True
0xd62d276dc907174a3c67558ffd2d06c7d06af002,32,0.59375,0.47368421052631576,21085.51192,-0.683648757514703,-1.367297515029406,-3.014775407154766,-6.029550814309532,-1.1668002648956999,-2.3336005297913998,4.043687032188516e-06,False
0xfb302b8ccdccc0aee0887b30351d15a92501065a,79,0.12658227848101267,0.0,20951.773200000003,-2.9880478087652422,-5.9760956175304845,0.9960159362555843,1.9920318725111685,-8.964143426294218,-17.928286852588435,4.018039206808829e-06,False
0xd438a24679cea3aadd51fcf5c9e23d02dbed7432,44,0.5909090909090909,0.0,20902.7,-0.576005887156923,-1.152011774313846,0.04382611624363126,0.08765223248726252,3.5574876514176412,7.1149753028352825,4.008628163661245e-06,False
0x9ef674e759e517e91eae462dabbb137cbc8e4ecd,688,0.9563953488372093,0.45744680851063835,20804.96905,-1.1709153104599144,-2.3418306209198287,-1.8167443537503336,-3.633488707500667,-1.4422974961653046,-2.884594992330609,3.989885750545649e-06,True
0x63f288480f6c7fb2a844443fbfdd878d635c1557,47,1.0,0.0,20689.4961,-1.986475555741294,-3.972951111482588,-4.569120436070268,-9.138240872140535,-5.023515771028915,-10.04703154205783,3.967740854455142e-06,False
0x98fa839f8ca0fe669065c7d7bdd764a55a7ce1ea,38,0.8947368421052632,0.0,20085.254999999997,-3.9735099337745416,-7.947019867549083,3.936587188608951,7.873174377217902,11.676412505280283,23.352825010560565,3.8518621454318264e-06,False
0x3b8de4db0cbf0db84e76796808b7a80fa8420c9c,50,0.06,0.0,19849.5,-0.7722498618018984,-1.5444997236037967,5.755666113874867,11.511332227749733,-8.792150359314135,-17.58430071862827,3.8066500851370343e-06,False
0xcd6fac1aaf900bf047b667c02f0ea8624d5e18d8,37,0.21621621621621623,0.0,19720.92018,-6.9911397718695705,-13.982279543739141,-9.068750187250036,-18.13750037450007,12.856675061734967,25.713350123469933,3.781991610981519e-06,False
0xfa12489013aeea22230ded23e879fb71205eed62,52,0.21153846153846154,0.0,19384.282379999997,0.0,0.0,-0.3145425607541817,-0.6290851215083634,-1.5098042916194714,-3.0196085832389428,3.7174326895965794e-06,False
0xab05aa5d69feb3373e0894ce9ee53923802d8d7f,74,0.02702702702702703,0.0,19220.83511,-1.04360892319909,-2.08721784639818,-3.1275896753760373,-6.2551793507520745,-2.089160102929179,-4.178320205858358,3.686087488747142e-06,False
0xd9832441317a2dfaee10effcecfacc7e839ad37e,39,1.0,0.46153846153846156,18099.135219999996,0.0977155663649516,0.1954311327299032,0.737438431211049,1.474876862422098,0.5327483213430936,1.0654966426861872,3.4709728016383124e-06,True
0x3e781befd071c59d820725f70ce109298f750706,525,0.9695238095238096,0.49901768172888017,18061.61188,-1.0283285554559163,-2.0566571109118326,-1.6741433641959498,-3.3482867283918996,-1.3936797248025237,-2.7873594496050473,3.4637767400042353e-06,True
0xcc7399baa5f846b388153a7ca18f5d1401776a21,56,0.10714285714285714,0.16666666666666666,17527.06449,-0.11247875792368049,-0.22495751584736098,-2.392435822933759,-4.784871645867518,-1.2246355488906495,-2.449271097781299,3.3612635851311515e-06,False
0xc99ce538a514dd520996e06ed7a85acd2ff4f13c,133,0.5789473684210527,0.44155844155844154,17280.66073,-1.9880093566560681,-3.9760187133121363,-3.316355147622631,-6.632710295245262,0.09674095359687665,0.1934819071937533,3.31400935233022e-06,False
0x6eabeb5c5fa5e0d049e1f11b98a37fd243cd49cf,30,0.23333333333333334,0.0,17142.0,-0.4271269221165857,-0.8542538442331714,-2.9704381016090595,-5.940876203218119,0.7263306713319972,1.4526613426639945,3.2874176054519783e-06,False
0x759daf06ddab2f2f3651f3b216e5853b7a073bf2,32,0.1875,0.0,17021.765760000002,-1.049019293431992,-2.098038586863984,-1.431844137826624,-2.863688275653248,-0.04110631091029315,-0.0822126218205863,3.2643596100398832e-06,False
0xb40794eb7e9c965e0b16c2b5a8983ec369f71c76,108,0.24074074074074073,0.0,16880.861910000003,-0.026153636834074737,-0.052307273668149475,-0.7190898733195726,-1.4381797466391453,0.35297143654217944,0.7059428730843589,3.2373376874424057e-06,False
0x4e4cdfeb4105c7a458f381373e21a3bc3ad78ece,68,0.7058823529411765,0.3333333333333333,16544.10456,-0.7412439462246324,-1.4824878924492648,-1.471574628156538,-2.943149256313076,-1.121730683549475,-2.24346136709895,3.1727558392826015e-06,True
0x4b1d33556b6b21f11242c905d187f951e76241f4,5149,0.036123519129928144,0.0,16532.25386,-1.1743706426531175,-2.348741285306235,-1.575012593537127,-3.150025187074254,2.565046660029343,5.130093320058686,3.1704831639928497e-06,False
0xbf0891e5bea08df86257ce1137cb8d2d1487d7c1,319,0.10658307210031348,0.0,16313.8,-1.202442019330677,-2.404884038661354,-3.944497185699126,-7.888994371398252,-6.893231600443242,-13.786463200886484,3.1285890404750017e-06,False
0xc2e137ea6b79a7992dd54d44ee8223f2c7e13e22,40,0.2,0.125,16272.93716,-0.08516394170763891,-0.17032788341527783,-4.027146355391524,-8.054292710783049,-6.100681022996862,-12.201362045993724,3.1207525441720752e-06,False
0xcfeb0092b618621aaba725e545c8c8678dabe2f9,31,0.7419354838709677,0.4347826086956522,16251.851700000001,-2.411069949006355,-4.82213989801271,-5.78237076790608,-11.56474153581216,-10.894275124037652,-21.788550248075303,3.116708867096877e-06,True
0x85ca0ea472fcd6da26039310bee983fa1ea6dcc8,30,0.8333333333333334,0.31999999999999995,16134.4966,-4.259041282547824,-8.518082565095648,-3.8814020033776546,-7.762804006755309,-2.203994619539958,-4.407989239079916,3.0942030205311565e-06,True
0xd28aec1f84668999fef0d884bd21aeff5fdea225,184,0.9945652173913043,0.0,15909.28463,-1.1260775685689552,-2.2521551371379105,-1.6099651153889343,-3.2199302307778686,-1.3990986865457404,-2.798197373091481,3.051012856306648e-06,False
0xd5e17c7015e3dbd4dd2eed3a462df6679a757b3a,130,0.6384615384615384,0.49397590361445787,15857.186899999999,-0.5736388169471945,-1.147277633894389,-1.1959093775619245,-2.391818755123849,-1.4412775688598176,-2.8825551377196352,3.0410217820559137e-06,False
0x06574d6b46cb268ee2238894c6d87e95a9317005,187,0.0213903743315508,0.0,15685.09572,0.5019072185609718,1.0038144371219435,-0.9783111874597599,-1.9566223749195197,-12.941573947977984,-25.883147895955968,3.0080188900436048e-06,False
0xaf9494d8f818c70585f6267bdf30d4e07b7f5cb9,84,1.0,0.0,15577.06738,-2.3443672123237054,-4.688734424647411,-0.9075364401999841,-1.8150728803999683,3.689788499991929,7.379576999983858,2.9873016886199815e-06,False
0x7ff4d42bfb46d25b7d8b241652271a12d614ea60,97,0.9896907216494846,0.39583333333333337,15393.218379999998,-1.0042910823522229,-2.0085821647044457,-2.447854899598978,-4.895709799197956,-2.4051895363403584,-4.810379072680717,2.952043933437112e-06,True
0x5de9ed0c3b6b428c9fde75edccdcb569c93b5ebd,70,0.17142857142857143,0.0,15293.5729,-2.611323750745463,-5.222647501490926,-3.0151703077021152,-6.0303406154042305,-0.4532984357914076,-0.9065968715828152,2.9329343601518646e-06,False
0x81eaee240175b7de815cb09162b3862d7594d58e,232,1.0,0.4137931034482759,15079.056810000002,-0.7660017135007887,-1.5320034270015774,-1.529750508580558,-3.059501017161116,-1.2976154805379874,-2.5952309610759747,2.8917954049005106e-06,True
0xf56b8f99232c7c4d9e6f89747bd0b94bb24d0141,37,0.05405405405405406,0.0,14720.0,-0.16983695652158468,-0.33967391304316935,2.0380434782605605,4.076086956521121,8.322010869565371,16.644021739130743,2.8229370640679688e-06,False
0x947db9d96aea1650d4879eba95e0d6aa0dd93e90,372,0.8924731182795699,0.0662650602409639,14266.64033,-0.9206663873973044,-1.8413327747946089,-0.9879002044512046,-1.9758004089024093,0.028880653793553576,0.05776130758710715,2.735993734190481e-06,False
0x1e52a9e8d772511575b0ff16cc19b1f06cb930c7,49,0.9591836734693877,0.46808510638297873,14217.838720000002,-0.7960550254520924,-1.5921100509041848,-1.2748599961812601,-2.5497199923625202,-2.4303365964431687,-4.860673192886337,2.726634775382384e-06,True
0xc2c006c07c0d3562ad587a7ee44af2b8d074500d,1311,0.30205949656750575,0.5,14191.738679999999,-0.2890480540256898,-0.5780961080513796,-0.16491118648058392,-0.32982237296116784,0.6497680800392267,1.2995361600784534,2.7216294241398794e-06,False
0x203d4aa5bc7037e634699770c9daa617d33377c6,82,0.036585365853658534,0.0,14010.59933,-1.9888009190463027,-3.9776018380926055,-6.621591396466173,-13.243182792932346,-5.6303981203303515,-11.260796240660703,2.6868913137542695e-06,False
0xac8c0b455e7183656c235862b184ae7debf24b0a,268,1.0,0.3731343283582089,13966.635750000001,-1.3155903521683578,-2.6311807043367157,-1.8672813493523226,-3.734562698704645,-2.611902545741935,-5.22380509148387,2.6784601711285147e-06,True
0xd96877a7f832c896c8365e6906b1716827e578cb,309,0.20388349514563106,0.46031746031746035,13779.90268,-1.0486286676121193,-2.0972573352242385,-1.9892714561296092,-3.9785429122592184,-2.2606365514839064,-4.521273102967813,2.6426493216454844e-06,False
0x6da22bdd4ed69704c4912ced8ba988e93e6b0a83,56,0.08928571428571429,0.2,13578.045520000001,-1.4045989415938038,-2.8091978831876077,-1.3341509549240758,-2.6683019098481515,-2.207531248334521,-4.415062496669042,2.6039380404898126e-06,False
0x600fbf8fdb82a2db84f29182b2cde523faef0792,34,0.08823529411764706,0.0,12718.664,-0.5498707607059128,-1.0997415214118256,-0.3287511171347918,-0.6575022342695837,12.0083128120158,24.0166256240316,2.439129620314332e-06,False
0xe67f141977da22e5c34d15c19b35f180a1532715,205,0.9902439024390244,0.11822660098522164,12549.466210000002,-1.113824334050319,-2.227648668100638,-2.9138248354749656,-5.827649670949931,-5.068662278836401,-10.137324557672802,2.406681609950923e-06,False
0xf0bfaee3c55e5e4c354043b965e6f846cabdb269,34,0.6470588235294118,0.40909090909090906,12476.55266,-7.0737056353984125,-14.147411270796825,-4.148001595648113,-8.296003191296226,4.927122932916854,9.854245865833708,2.3926985690020246e-06,False
0x2c10151a8b0260f7c6897560ac43f1cc6ef4d2a4,118,0.1440677966101695,0.0,12455.983839999999,0.01883117571595383,0.03766235143190766,0.07490052497606105,0.1498010499521221,2.669099510127098,5.338199020254196,2.3887539708809553e-06,False
0x68c0ebe0968ebbbc5e3701d98e38a9dea096bea7,198,0.0707070707070707,0.5,12325.98647,-0.2734272387564553,-0.5468544775129106,-0.021299463187740595,-0.04259892637548119,-0.10838421588364598,-0.21676843176729196,2.3638236452013116e-06,False
0x493364de7f4a39ed24f9c68ece229973f324d369,245,0.37142857142857144,0.0,12322.70094,-0.9744886932373867,-1.9489773864747735,-1.0222429595719984,-2.044485919143997,-1.7469448140817332,-3.4938896281634664,2.3631935606624454e-06,False
0xbc927e87d072dfac3693846a83fa6922cc6c5f2a,442,1.0,0.17647058823529416,12225.38474,-0.7057281168097576,-1.411456233619515,-1.0305495296719747,-2.0610990593439493,-2.5752103706823193,-5.150420741364639,2.344530686483488e-06,False
0xc44007b7c067ffe40892711472ff4831bf54af34,50,0.06,0.0,12093.564499999999,-2.306425041185562,-4.612850082371124,-0.3294892915977234,-0.6589785831954468,-4.942339373970346,-9.884678747940692,2.3192507787871337e-06,False
0xcda60060fd93495efb8daed47a5abbb7e32ce80c,40,0.2,0.25,11979.54785,-0.5807790125211171,-1.1615580250422342,-0.07226627065340627,-0.14453254130681253,-1.9730976412303796,-3.946195282460759,2.297385165525866e-06,False
0x8e1318a226582c4b8f8f8023b4c39ff0a65c0f58,40,0.35,0.0,11979.17378,0.022271054474723963,0.04454210894944793,-0.6428142795845201,-1.2856285591690402,-1.6119630654372232,-3.2239261308744465,2.2973134280212762e-06,False
0x9ee915f34b588b08c66c901668b5b7b83c1da0f3,36,0.1111111111111111,0.25,11961.54055,-0.3312245371137847,-0.6624490742275694,-0.5267383722941552,-1.0534767445883104,-2.0334904194455574,-4.066980838891115,2.293931804480092e-06,False
0xbf040bd7634accae408957652d5e8fbaf93f7051,519,1.0,0.3005780346820809,11886.17265,-0.8390491700249484,-1.6780983400498968,-1.670704752257702,-3.341409504515404,-2.1264631426414202,-4.2529262852828404,2.2794780790486406e-06,True
0xb2a94187e21167861dfbff8b2593c4cecdb3c00a,373,0.9785522788203753,0.4301369863013699,11828.258999999998,-1.4304105136941732,-2.8608210273883463,-1.9585673739350788,-3.9171347478701577,-1.5214807708868103,-3.0429615417736207,2.2683716531586634e-06,True
0xab83abe96a71d235a90b8788940dbd1d3707b03b,62,0.06451612903225806,0.5,11606.650950000001,-1.3396783777544958,-2.6793567555089917,-0.91925424470198,-1.83850848940396,-0.5055315510967264,-1.0110631021934529,2.225872632911325e-06,False
0x8c84d3c8ba8529df7a507089f2f8f030185609e0,609,0.9835796387520526,0.39398998330550916,11255.764030000002,-0.9957950000159244,-1.9915900000318487,-1.331448658872601,-2.662897317745202,-1.1393527102565595,-2.278705420513119,2.15858107776427e-06,True
0x13cf159898b037f73029b23a9ec78dab16337453,149,0.3691275167785235,0.4727272727272727,10600.53937,-1.545841436360195,-3.09168287272039,-0.11207309733039221,-0.22414619466078442,-0.13947462063035984,-0.2789492412607197,2.032924965128038e-06,False
0xa180e7a0dd22d55e09a4c439e7bb2ae3c91dc0b7,50,0.52,0.0,10503.169779999998,-1.298579883117513,-2.597159766235026,-0.7309118258921656,-1.4618236517843313,-2.165116875194732,-4.330233750389464,2.0142518520489544e-06,False
0x440bbe19698016e7c64e94d405276c35b4695247,217,0.4838709677419355,0.0,10433.99694,-2.8880961200767463,-5.776192240153493,-5.356695594024295,-10.71339118804859,-5.306043115621817,-10.612086231243634,2.0009861880637073e-06,False
0x99839f2a225afa61f902d11aa1fdb7d2296364e4,84,0.05952380952380952,0.0,10204.99508,0.0,0.0,-1.7503702706341115,-3.500740541268223,-34.26686414433798,-68.53372828867596,1.9570692153507653e-06,False
0x106943709714fb0e5e62b82f5013ebc762591ae1,42,0.6904761904761905,0.2413793103448276,10202.475170000002,-0.4525263403563271,-0.9050526807126542,-0.9718107553290546,-1.9436215106581092,-0.039354798916282616,-0.07870959783256523,1.956585958058842e-06,False
0xe80785a1cb7524d77aa5a7523f330cfbfdaae30d,86,1.0,0.011627906976744186,10163.91455,-0.8327572085601336,-1.6655144171202672,-1.2007407472869713,-2.4014814945739427,-0.31012448513785545,-0.6202489702757109,1.9491909714140427e-06,False
0x99799dbb5a66b2ed2499524a741ab7911236db1c,31,0.0967741935483871,0.0,10127.42,-2.277644915157209,-4.555289830314418,-2.2776449151577274,-4.555289830315455,-3.8719963557677217,-7.743992711535443,1.9421922066157084e-06,False
0x600e4b5de210b8fa6566c3a8cdad62f917205402,134,1.0,0.33582089552238803,10004.87905,-0.4544135817300625,-0.908827163460125,-1.0586711590395852,-2.1173423180791704,-1.0737250685390025,-2.147450137078005,1.9186918404729705e-06,True
0x0c2cb7193e1fa533c4a2b5ed45782962a0ac6c3f,127,0.015748031496062992,0.0,9999.49439,-0.8650846946123903,-1.7301693892247807,-4.4819080902927135,-8.963816180585427,-0.504880255317038,-1.009760510634076,1.917659193985783e-06,False
0x3ebea4e3d5febc1c2bd79ed525a0147f8a50d44b,34,0.08823529411764706,0.0,9962.426730000001,-0.8898648184685717,-1.7797296369371434,-0.38152840097408536,-0.7630568019481707,0.6503283039339963,1.3006566078679926,1.9105505206642975e-06,False
0x5e86cf01d2528d7c6e1a45b41fe1143f238f5f18,200,0.005,0.0,9861.0163,-1.021902782980983,-2.043805565961966,-1.362537043974644,-2.725074087949288,4.42824539292224,8.85649078584448,1.8911024730060042e-06,False
0xa6a1140c06c35619038823f58a54f25eb33c29eb,82,0.5609756097560976,0.5,9833.769690000003,-0.7324867313052227,-1.4649734626104454,-0.2663647234985886,-0.5327294469971772,-0.8181106033250264,-1.6362212066500528,1.8858772375957328e-06,False
0xd70d0a2169a77dfc8741a068b0cadb681da41432,118,0.7033898305084746,0.4819277108433735,9478.918870000001,-0.9013295091211313,-1.8026590182422626,-1.7986755843576243,-3.5973511687152486,-2.1423014086269325,-4.284602817253865,1.8178255030853446e-06,True
0x5235bf673dc6fd609fe3c8c9e476dd8215115cea,489,0.9918200408997955,0.4783505154639175,9242.26356,-0.8054399408667474,-1.6108798817334948,-1.3339863682827318,-2.6679727365654635,-1.7546816168072419,-3.5093632336144838,1.772440785285922e-06,True
0x5d35b9557031945785f33246991a73d461fa1f6a,441,0.9909297052154195,0.3707093821510298,9066.8341,-0.13016135785184585,-0.2603227157036917,0.4426080608577656,0.8852161217155312,2.925675888857801,5.851351777715602,1.7387976925710153e-06,True
0x4b128473ba2e81dce030b9c82eee062ccc9616c2,334,1.0,0.39820359281437123,9055.949,-1.548275972217369,-3.096551944434738,-1.8830912966827074,-3.7661825933654147,-1.8638276390313133,-3.7276552780626266,1.7367101958158463e-06,True
0x8b800a3cedd06605d2ef8cb4ffeb44dac46fb060,197,0.050761421319796954,0.0,9000.0,-2.9000000000002424,-5.800000000000485,-0.33333333333303017,-0.6666666666660603,-8.333333333333332,-16.666666666666664,1.725980541889383e-06,False
0xa7d1af5afed57829182b637d78fedff2def2bcc8,388,0.7963917525773195,0.35275080906148865,8987.129110000002,0.3232936226783954,0.6465872453567908,-1.4620528095448093,-2.9241056190896186,-1.695898883942399,-3.391797767884798,1.7235122190341836e-06,True
0xeafdea910b03eb484d860a51f836117b23b6fdc3,31,0.5161290322580645,0.0625,8824.26856,6.077840979827609e-05,0.00012155681959655218,0.6236610771847158,1.2473221543694315,-1.2472765705625788,-2.4945531411251576,1.6922795367740274e-06,False
0xc9cd8e0598616f210b6a47fbeb7a8d8144457f2a,65,1.0,0.19999999999999996,8740.542360000001,-0.9126416667377009,-1.8252833334754017,-0.4575135854380728,-0.9150271708761456,-1.116697279604079,-2.233394559208158,1.6762228932133232e-06,False
0x4ca19e0db74fbb600be2a56c5c757b0f37d0fc6c,306,0.6503267973856209,0.3266331658291457,8650.79336,-0.9463123715374921,-1.8926247430749843,-2.6705038449338283,-5.341007689867657,-3.838756669266961,-7.677513338533922,1.6590112234739862e-06,False
0x8bab8e799e32be4e5312082b6e7fa7997dd50ffe,295,0.9593220338983051,0.40636042402826855,8647.872599999999,-2.0707070028021657,-4.141414005604331,-4.157563024890246,-8.315126049780492,-4.985703154400467,-9.971406308800933,1.6584510929264829e-06,True
0x8bca9d21825f245126132f02c6e3947d52463d86,331,0.8972809667673716,0.4747474747474747,8315.45524,-1.7876850755484923,-3.5753701510969846,-2.542851640541518,-5.085703281083036,-2.278657681437182,-4.557315362874364,1.5947015490213454e-06,True
0x436ea84ccd365ee15491f06cd3a4199596f4cb0e,38,0.34210526315789475,0.0,8225.048499999999,-0.9800494363699539,-1.9600988727399078,-0.18614027032561117,-0.37228054065122235,1.6088371882370727,3.2176743764741453,1.577363740788495e-06,False
0x2d3a74063063936c2230282df73f96b10ad4b4ce,824,0.8300970873786407,0.48684210526315785,8173.148710000001,-0.9343496075474584,-1.8686992150949169,-1.3039422239369303,-2.6078844478738605,-1.1606499625905649,-2.3212999251811297,1.567410626603146e-06,True
0x5306cb5adfbaf940ce3dba0ac41d903dc70a766e,2078,0.09432146294513956,0.4591836734693877,8116.8717,-0.4527895272348466,-0.9055790544696932,-0.6725212720110032,-1.3450425440220064,-0.52402542948416,-1.04805085896832,1.5566180683569553e-06,False
0x28fcf4ca81ba66220c09cfe69657dcd83edd842b,40,0.05,0.0,7999.9274000000005,-15.829318651066446,-31.65863730213289,-13.764624913971094,-27.529249827942188,-15.829318651066446,-31.65863730213289,1.5341910032141915e-06,False
0x40b9d20b782635c1257efdb47fb830e677f4bdd6,277,0.10830324909747292,0.4,7943.143039999999,1.2702261559385102,2.5404523118770204,0.6491199031480267,1.2982398062960534,-0.1300949967316613,-0.2601899934633226,1.523301147609342e-06,False
0x50abd9137f5e994cabf565323d8b100d4193e1ae,85,0.9529411764705882,0.4691358024691358,7893.104119999999,-0.5846522938966193,-1.1693045877932386,-0.8918405664621025,-1.783681132924205,-0.7813701814943529,-1.5627403629887058,1.5137049029141023e-06,True
0xa9881f6f5493fed3ce3346c5cb1a1e9ba80f7060,138,1.0,0.39855072463768115,7793.79588,-0.7466208729009269,-1.4932417458018539,-1.59134110023888,-3.18268220047776,-1.938465549915263,-3.876931099830526,1.4946600040375155e-06,True
0x9395e963649c2b65e7230fb3af3f656625b6e0d4,819,0.1807081807081807,0.46621621621621623,7740.81766,-1.3487093933451324,-2.697418786690265,-2.0005972207316662,-4.0011944414633325,-3.2481186034120264,-6.496237206824053,1.4845000732748561e-06,False
0xcacbf4a81df376ebb078820af641a99f81c5a64d,126,0.2222222222222222,0.4642857142857143,7725.676,-0.7429417576129297,-1.4858835152258594,-4.740771089148241,-9.481542178296483,0.8530416332350662,1.7060832664701324,1.4815962721046447e-06,False
0x11917e627cc73b3736ffb2b4a1daee5a72f8a000,34,0.5,0.0,7706.748409999999,-0.728300586596565,-1.45660117319313,0.47333793302652083,0.9466758660530417,5.411633107498938,10.823266214997876,1.4779664218774378e-06,False
0xc2d4ff17906940004b25884779c74aecda24fb83,102,0.7352941176470589,0.43999999999999995,7391.221509999999,-1.476084305248757,-2.952168610497514,-2.0136700038668884,-4.027340007733777,-1.9066206866327078,-3.8132413732654156,1.4174560563393625e-06,True
0x9330e0935f2ce400ff35610d0be7e4e09aef0470,86,0.1511627906976744,0.15384615384615385,7368.03236,-3.595988009046842,-7.191976018093684,-2.6662160768820278,-5.3324321537640555,-1.0150116967855998,-2.0300233935711995,1.4130089428190344e-06,False
0x06507b2d9898689519846f1b8f0e936c6c2ffa30,72,0.1527777777777778,0.0,7257.150000000001,-3.1941746839423684,-6.388349367884737,-4.660244992919059,-9.320489985838117,2.4363266648096373,4.872653329619275,1.391744409952504e-06,False
0x95c84300ce32cc9fb01fa53964316145a041ead5,51,0.09803921568627451,0.0,7250.549999999999,-0.41918468578576473,-0.8383693715715295,-0.6299031721218722,-1.2598063442437444,1.2372834753922441,2.4745669507844883,1.3904786908884516e-06,False
0x34940c3f11485eae09e649cb9ae80b8c5fda055f,51,1.0,0.11764705882352944,7217.02438,-1.1062853587345192,-2.2125707174690383,-2.0445084504208286,-4.089016900841657,-3.132153656855984,-6.264307313711968,1.384049294469032e-06,False
0x8cbc89890a1404a377958b92df1935cceb146e0b,45,0.044444444444444446,0.0,7205.6582499999995,-2.400960384153038,-4.801920768306076,-4.458926427714567,-8.917852855429134,8.231864174241437,16.463728348482874,1.3818695478894113e-06,False
0x161e9e73dcf6612bb7b0243f770bfe3fc06d959c,39,0.02564102564102564,0.0,6999.9038,-19.838601210491227,-39.677202420982454,-26.227303295225894,-52.45460659045179,-20.847343644922052,-41.694687289844104,1.3424108615441725e-06,False
0x25e15106ce9de886fc75ee872c2a1c874e99740f,270,1.0,0.48888888888888893,6963.40431,-0.9389455662207452,-1.8778911324414904,-1.434698463134757,-2.869396926269514,-0.8136616577809883,-1.6273233155619766,1.335411149374296e-06,True
0xbb69052b6450c3dce272d5183b3a27256a3302a6,61,0.13114754098360656,0.0,6814.86613,-1.1017276101779125,-2.203455220355825,0.10809587598797821,0.21619175197595641,-2.651628281220501,-5.303256562441002,1.3069251484401114e-06,False
0x3b9b01abeee7e1f584309666d62a081d6c827ca2,480,0.9958333333333333,0.4832635983263598,6630.9402900000005,-1.2471273130797227,-2.4942546261594454,-2.3517534466919874,-4.703506893383975,-3.4577220094576058,-6.9154440189152115,1.271652657218927e-06,True
0xdb20226f74d7c948241e7c189240e70c3dc84e6c,47,1.0,0.0,6552.088000000002,-0.16623594823877327,-0.33247189647754655,-0.9934178087726637,-1.9868356175453274,-2.901236982337701,-5.802473964675402,1.2565307107496584e-06,False
0x16947937aca05aa185b1406d0a2432fc8bdd0126,128,0.1796875,0.17391304347826086,6472.812889999999,-2.319776661743679,-4.639553323487358,-3.9368635066920192,-7.8737270133840385,-4.1957325935987955,-8.391465187197591,1.2413276777145314e-06,False
0x05f983276ba915f60afa7510f262851d8cdb992b,93,0.11827956989247312,0.0,6423.690239999999,0.0,0.0,-2.42701615699422,-4.85403231398844,-10.40149781568546,-20.80299563137092,1.2319071512627488e-06,False
0xb04dd83afde3dd2b2e545b7de4d84a054288599f,234,0.9957264957264957,0.45493562231759654,6374.843000000001,-1.5930538347663328,-3.1861076695326656,-2.122172900380294,-4.244345800760588,-1.9124545068863565,-3.824909013772713,1.2225394417333046e-06,True
0xe507a8d84d6edb624e9ffbfdad60fcbc074fb428,613,0.800978792822186,0.26883910386965376,6328.37882,-0.8370791262304327,-1.6741582524608654,-1.4960502376947113,-2.9921004753894227,-1.5916185932700662,-3.1832371865401323,1.213628745002766e-06,False
0xab119db82ca45d95a43152f3096207e18a75897b,148,0.12837837837837837,0.47368421052631576,6324.052250000001,-0.5673728139675682,-1.1347456279351364,0.247173892593944,0.494347785187888,-0.06296661241814853,-0.12593322483629707,1.2127990143768637e-06,False
0x226d7dcbb49d2739f89624f152453fbfac59bb2e,87,0.011494252873563218,0.0,6171.400000000001,-3.7288135593217255,-7.457627118643451,-4.067796610168875,-8.13559322033775,3.7288135593217255,7.457627118643451,1.1835240351351266e-06,False
0xb25c19e12cc55ed11adc38466509ebb1532b7d74,391,0.056265984654731455,0.31818181818181823,6135.045,-2.0864210282719893,-4.1728420565439786,-1.5869909869955825,-3.173981973991165,4.67184874849352,9.34369749698704,1.1765520326239723e-06,False
0x7ac98895d094126796fcbc6ef7820810bd00278f,210,0.014285714285714285,0.33333333333333337,5999.434120000001,-0.7853125980239315,-1.570625196047863,-0.7416038849500378,-1.4832077699000756,0.48091181459194665,0.9618236291838933,1.1505451726074728e-06,False
0x35335c93988ac9dd0afc17bee74f9f823c5aa2f0,64,0.0625,0.0,5989.000000000001,-0.6681703985623276,-1.3363407971246553,-7.766539935657355,-15.53307987131471,2.2578282382206223,4.515656476441245,1.1485441628195018e-06,False
0x5c75847cdd0b11054e8987b8805e293e1f63f9cf,36,0.1388888888888889,0.0,5973.606,-2.1276595744677627,-4.255319148935525,-9.219858156027723,-18.439716312055445,8.51063829787234,17.02127659574468,1.1455919689904076e-06,False
0xa9da57dbb901909e3b9b71dbdf724b1c6c68957e,33,1.0,0.36363636363636365,5881.11645,-1.8133152653071325,-3.626630530614265,-0.39808787116115163,-0.7961757423223033,1.1991934119249803,2.3983868238499606,1.1278547285872851e-06,True
0xdecafe541728c9007797c094f8bc807a462bcb73,151,0.7483443708609272,0.4336283185840708,5751.59409,-0.5279101224370869,-1.0558202448741738,-1.5868861347794674,-3.1737722695589348,-0.6550572524641963,-1.3101145049283927,1.1030154982428858e-06,True
0xd3e868cd861ff51e2d98bc56f3c1ba9230800cfc,32,0.53125,0.11764705882352944,5748.402099999999,-0.7428172278185131,-1.4856344556370262,-1.4022246481895537,-2.8044492963791074,5.856861486378001,11.713722972756003,1.1024033523951185e-06,False
0x9b1a3fa4acb0ef796ca402111debc536fa3b7b98,40,0.25,0.0,5548.808649999999,-3.3587534093467304,-6.717506818693461,-3.3153636547489285,-6.630727309497857,6.158447924262229,12.316895848524458,1.0641261956186106e-06,False
0xd83f67db941a38f38f75db3e6246d6c75b3fca54,40,0.6,0.25,5525.738740000001,-1.7694840259444702,-3.5389680518889404,-1.6506209056700303,-3.3012418113400606,-1.969225044963012,-3.938450089926024,1.0597019494227065e-06,False
0x45ce71ce739a60d43f953c78d08665b6d4bf3dac,70,1.0,0.5,5427.34913,-0.9734620549701379,-1.9469241099402759,-1.6432687670415103,-3.2865375340830205,-0.13607969782561682,-0.27215939565123365,1.0408332213800302e-06,True
0x7df457037af62fe4520ac3c6dba75be049c8f6a9,31,0.16129032258064516,0.0,5425.53803,-1.1308714641817936,-2.2617429283635873,-0.1434231320850284,-0.2868462641700568,1.8099297950912212,3.6198595901824424,1.0404858965623173e-06,False
0xa3202cf51f69d04af23095cf5ab2ae9124289026,61,1.0,0.42622950819672134,5424.009049999999,-0.30688174802278756,-0.6137634960455751,-2.2068701155696835,-4.413740231139367,-1.0089096214135822,-2.0178192428271644,1.040192675481324e-06,True
0x7ca5d6b6cd7197033502e4ab1b0ffa7006fffdb7,190,0.9894736842105263,0.4574468085106383,5377.82301,-0.7343691838900438,-1.4687383677800876,-1.3058651158009635,-2.611730231601927,-1.3012142065238086,-2.602428413047617,1.0313353192205548e-06,True
0x0a1e96625ff53909c42106f8d5d6ddd0a9f756fe,35,0.02857142857142857,0.0,5369.0492,-0.33288948069210733,-0.6657789613842147,-3.9946737683083158,-7.9893475366166316,0.0,0.0,1.0296527164051954e-06,False
0x529576b141b23e9f684cae3eca028f163612ff47,63,0.36507936507936506,0.4782608695652174,5352.8006700000005,-0.7955050397326573,-1.5910100794653146,0.3359735322233074,0.6719470644466148,2.722976359540333,5.445952719080666,1.0265366445591616e-06,False
0x6563540d8a8b2c0a2e8f31e6254b990d7c9d0192,116,0.9051724137931034,0.009523809523809525,5163.41583,-1.271113474884511,-2.542226949769022,-3.1303364723772997,-6.2606729447545995,-5.816781405788639,-11.633562811577278,9.90217250251513e-07,False
0xc694dda5fdfdc764878eb1593c42812cc0a95dde,107,1.0,0.4953271028037384,5004.13302,-0.5996432307997023,-1.1992864615994046,-1.2488934240330405,-2.497786848066081,-1.3851981108763858,-2.7703962217527716,9.596706912829062e-07,True
0xcd8f5e4efa73f2794d830d5b00340967c20f99a1,114,1.0,0.4122807017543859,4987.821859999999,-1.382167831814412,-2.764335663628824,-2.161839693859678,-4.323679387719356,-1.792000880719475,-3.58400176143895,9.565426085300565e-07,True
0x41f054f025e6e4d9052aa8081e34a59311e26e60,407,0.995085995085995,0.4222222222222223,4755.99192,-1.7299102878480914,-3.459820575696183,-2.210125988025059,-4.420251976050118,-2.7288713547689984,-5.457742709537997,9.120832790336809e-07,True
0x529047b34659f75a868342557bfb7ab8d19cfe7a,41,0.3170731707317073,0.38461538461538464,4706.41484,-0.6372480894772057,-1.2744961789544114,-1.3285465915449526,-2.657093183089905,-4.8199947277038095,-9.639989455407619,9.025756039888261e-07,False
0x239712b9590dd9c39f8b4e191ce9ec4a2bdb8a34,102,0.06862745098039216,0.0,4692.75,-0.7197591201127995,-1.439518240225599,-2.4600224955921703,-4.920044991184341,-2.9887026332559405,-5.977405266511881,8.999550208834891e-07,False
0x1bb2e0ad35f01b8eb8de77f7ca82ea0a16d6be98,424,0.0589622641509434,0.4,4649.60092,-0.5013030507958183,-1.0026061015916365,-0.5593811524567827,-1.1187623049135653,0.8070409218983816,1.6140818437967632,8.916800794967749e-07,False
0x99a71c5e6401ca7fc73b227ee6506d1cc8dae674,33,0.030303030303030304,0.0,4648.8123,0.0,0.0,-1.3771259381673586,-2.7542518763347172,-0.3442814845414482,-0.6885629690828964,8.915288414106698e-07,False
0x237b24f078b1eaaea720e5cfcf706d6e9cde651a,156,0.41025641025641024,0.421875,4525.3935,-0.5749689574923058,-1.1499379149846116,-1.0907651225218529,-2.1815302450437057,-0.6358432738891235,-1.271686547778247,8.678601250436324e-07,False
0xd15dea01ee1eb86445c1a0f3e15fb675c24499ef,176,0.07386363636363637,0.0,4514.07465,-2.07228408161393,-4.14456816322786,-5.35358585786109,-10.70717171572218,-6.065216253039122,-12.130432506078243,8.656894456151251e-07,False
0x6c8031a9eb4415284f3f89c0420f697c87168263,52,0.11538461538461539,0.0,4500.099999999999,-0.0554928149661589,-0.1109856299323178,1.0566603412491016,2.113320682498203,-1.7735448893325811,-3.5470897786651623,8.63009448506268e-07,False
0xe41690116e0deeb088fc1e70eac83b249bd23635,40,0.05,0.0,4500.0,-2.1666666666662118,-4.3333333333324235,2.16666666666697,4.33333333333394,-1.5000000000001512,-3.0000000000003024,8.629902709446915e-07,False
0x35817a9b3bd164f846359fdf543a3578770a7e15,262,0.583969465648855,0.0,4451.573979999999,-1.7114729255393542,-3.4229458510787083,-3.49785471803356,-6.99570943606712,-0.6505306917919566,-1.301061383583913,8.537033411401196e-07,False
0x087891d295015866d3e1b906e302b6b314310790,152,0.06578947368421052,0.4,4438.55,-4.435127532119919,-8.870255064239839,-4.153234423772107,-8.306468847544213,-3.1150329809069794,-6.230065961813959,8.512056593559024e-07,False
0x23ced95fcee4f398aab7e8365a5af249c38f2ee8,30,0.7,0.19047619047619047,4406.16406,-0.7902223321671452,-1.5804446643342904,-1.1554780550952075,-2.310956110190415,-0.43866113727371137,-0.8773222745474227,8.449948257702582e-07,False
0xeef87be0a04017c49ffa02d4457341cda936c326,295,1.0,0.4915254237288136,4380.354650000001,-0.8490044704937108,-1.6980089409874215,-1.2611746005559326,-2.522349201111865,0.3768885360480629,0.7537770720961258,8.400452102749646e-07,True
0xca69fa13d0bba60ccfed78887b21f89bb877fa66,469,0.010660980810234541,0.0,4295.75,-1.6218998433392648,-3.2437996866785297,-0.565226165454523,-1.130452330909046,3.565784600751017,7.131569201502034,8.238201014245907e-07,False
0x4467e048eb991ac263933d1cb81002dcee0ec4b6,47,0.06382978723404255,0.0,4195.54536,0.0,0.0,-2.311451591598924,-4.622903183197848,5.943732664113663,11.887465328227327,8.046032948860319e-07,False
0x766454bb569623f84a44e42d8fcadee35c4f1096,404,0.7673267326732673,0.2838709677419355,4103.6693399999995,-0.7571551935207986,-1.5143103870415973,-1.8505118990975773,-3.7010237981951546,-2.232407048795,-4.46481409759,7.869837145764496e-07,False
0x0f519b6b2c14f28acfab49ab6896bf91ea0d4d7c,32,0.875,0.4642857142857143,4015.49926,-1.0002518083447893,-2.0005036166895787,-3.266035617825893,-6.532071235651786,-7.473266308878324,-14.946532617756649,7.700748431923574e-07,True
0x08a85b7ea23f6f183aa0209dc1a58f1cd3d1453c,47,0.23404255319148937,0.0,3926.078,-1.5211020139438354,-3.0422040278876707,-0.9538497816727577,-1.9076995633455154,-0.8794123902034012,-1.7588247804068025,7.529260259933317e-07,False
0x26563eedb269448352ba0663f2ee554fbd389296,241,0.012448132780082987,0.0,3826.9511700000003,2.216385739773646,4.432771479547292,11.081928698870753,22.163857397741506,6.649157219321946,13.298314438643892,7.33915917131201e-07,False
0x9cbca3394b383ca535bc171ccd00110bd7dbe549,142,0.8309859154929577,0.03389830508474578,3702.7188899999996,-2.6844831214121383,-5.368966242824277,-5.804031906356742,-11.608063812713484,-5.829960089509613,-11.659920179019226,7.100911951362505e-07,False
0x040d406864dcd700579c5222484cf64485dd88da,293,0.8464163822525598,0.39919354838709675,3609.2903100000003,-1.5343175330415053,-3.0686350660830106,-1.9273063495638203,-3.8546126991276406,-1.3911620168728025,-2.782324033745605,6.921738716766555e-07,True
0xab12f690378c1abe54269e8dfdeadd8a04b48b2a,148,1.0,0.22297297297297303,3603.5078,-1.0190644332283176,-2.0381288664566353,-2.339957106352243,-4.679914212704486,-0.0652688531294774,-0.1305377062589548,6.910649272607354e-07,False
0xe8c11e54379483cd79532535aad497bcda693cf0,31,0.45161290322580644,0.2857142857142857,3557.564999999999,-0.2419160884987044,-0.4838321769974088,-0.21838895603429823,-0.43677791206859645,-2.0759641642074524,-4.151928328414905,6.822542185007446e-07,False
0x9f318fd18cccb46fc7f433f81072439a825854b6,107,0.8598130841121495,0.48913043478260865,3546.6479200000003,-1.575301152743205,-3.15060230548641,-2.4402045198687383,-4.880409039737477,-1.4233230250586417,-2.8466460501172834,6.801605887613838e-07,True
0x71d9c83eb3ee1dd7b371f33cbda4a04d200005ae,33,0.8787878787878788,0.3793103448275862,3467.0978299999997,-1.9898838051979264,-3.979767610395853,-4.553482204689647,-9.106964409379295,-8.588642883804017,-17.177285767608033,6.649048212674337e-07,True
0x30a666ae20a7c8457bde62156a32a7cde29b2d08,38,0.34210526315789475,0.0,3425.8399600000002,-4.05974514512069,-8.11949029024138,7.601222972241633,15.202445944483266,9.702652279839079,19.405304559678157,6.569925678430114e-07,False
0x3a896fa9f5919f7ab0d5312b154c0af606a082df,124,0.04838709677419355,0.0,3405.9263499999997,-1.2957231864189478,-2.5914463728378956,0.8101762889641962,1.6203525779283925,0.8155767715173842,1.6311535430347683,6.531736230231476e-07,False
0x13d0a9def6357d08241bc10163807d6e037bc3ca,136,0.08088235294117647,0.0,3362.53385,-0.9535538523390531,-1.9071077046781062,-1.2329356609095337,-2.4658713218190673,-1.1099777351178455,-2.219955470235691,6.448519996160437e-07,False
0xc3b426745a1b7ca09666a94ac2e6346bf7da34a8,120,0.9916666666666667,0.42857142857142855,3336.28785,-2.041878155091174,-4.083756310182348,-1.6000693250955624,-3.200138650191125,-1.5533401993650664,-3.106680398730133,6.398186568046628e-07,True
0x8c3d2b07fb58b89e5e6b6dde16d7cc8a45bfaf0a,41,0.2926829268292683,0.16666666666666666,3306.8273799999997,-0.9477528158552518,-1.8955056317105037,-3.6583888132332096,-7.316777626466419,-5.800625611386285,-11.60125122277257,6.34168857029672e-07,False
0x51f212e95ca56a2f998280eaddef19138403f61a,43,1.0,0.0,3220.7608999999998,-2.4830003277616184,-4.966000655523237,-0.5287964928122426,-1.0575929856244852,17.18685932586758,34.37371865173516,6.176634048309041e-07,False
0x20717220daa3fa24cd9ed4c8d8fabe79921ba513,30,0.03333333333333333,0.0,3219.8999999999996,1.0000000000006064,2.000000000001213,3.9999999999993934,7.999999999998787,-35.0,-70.0,6.174983052032915e-07,False
0xa7965b0f6e9893296257c901d6ba2507ab86b8b2,31,0.25806451612903225,0.375,3086.48,-1.4897927805672024,-2.979585561134405,0.5180731853092327,1.0361463706184655,1.3720290920715974,2.744058184143195,5.919116025478603e-07,False
0x9cc1b338cb4931baf71135520a6228d0e2ca52ec,107,0.7757009345794392,0.4819277108433735,3072.32475,-0.2235389474324709,-0.4470778948649418,-0.7267782607622242,-1.4535565215244484,-1.0142224499820967,-2.0284448999641933,5.89196970762796e-07,True
0x0e81cfc61c82af6625cfbaffaa3333c6d464547e,39,0.02564102564102564,0.0,3061.2,-0.33333333333303017,-0.6666666666660603,4.33333333333394,8.66666666666788,3.6666666666663636,7.333333333332727,5.870635149813088e-07,False
0x7128e89d7c8dd3b0bcc9530d552e2c92533f3f63,67,0.014925373134328358,0.0,3027.7088999999996,4.331889370210536,8.663778740421073,7.330889703431582,14.661779406863165,-31.65611462845718,-63.31222925691436,5.806407386561453e-07,False
0x3bb1a2120eb8c1886d102b14cc67d2d0cf40a646,1000,0.003,0.0,3014.0,-1.1058329026506766,-2.211665805301353,-1.3292539486040207,-2.6585078972080414,0.43744848597941655,0.8748969719588331,5.780117059171779e-07,False
0xcfbeabe899fade3a19d18e5ea24ee37924fe5604,140,0.007142857142857143,0.0,3011.7,-0.6640767672752029,-1.3281535345504059,-1.328153534548896,-2.656307069097792,-2.3242686854609453,-4.648537370921891,5.775706220009172e-07,False
0xce349bab5698f889e516c9dbf7bfe83a740fcbab,307,0.6644951140065146,0.46568627450980393,3004.3950500000005,-1.8827743304639053,-3.7655486609278106,-2.846786588243412,-5.693573176486824,-3.263447129217897,-6.526894258435794,5.761697107165312e-07,False
0x9115cdf106de6edfb4a93d83d3374bcad496419e,31,0.1935483870967742,0.0,2965.7164000000002,-9.805221324165638,-19.610442648331276,-19.047989125797077,-38.095978251594154,-17.807116995208705,-35.61423399041741,5.687520887958035e-07,False
0xf0e2483f64d4347cadc11fdaf2abcafe27e62066,37,0.05405405405405406,0.5,2909.5135,-3.601512276210916,-7.203024552421832,-11.476528825926106,-22.953057651852212,-36.17429424658325,-72.3485884931665,5.579737430404973e-07,False
0xe26092097d3f262a6ef8a6722db5ad856fd65c55,53,0.018867924528301886,0.0,2900.0,-1.7241379310344827,-3.4482758620689653,-5.172413793103448,-10.344827586206897,-6.896551724137931,-13.793103448275861,5.561492857199123e-07,False
0x2ed2bdcd9a550564242a8ef31c17a1bff1d5a75d,115,0.034782608695652174,0.0,2884.974,-1.718213058419244,-3.436426116838488,-0.08591065292088407,-0.17182130584176813,3.436426116838488,6.872852233676976,5.532676653174202e-07,False
0x38a627e9f8b24923602e3a0030a4cef037a3a886,155,1.0,0.49032258064516127,2872.7812299999996,-0.6386908332710092,-1.2773816665420183,-1.0565510620306409,-2.1131021240612817,-1.134572766233108,-2.269145532466216,5.509293893427831e-07,True
0xdded7fdfbe3a150b3d00dbfb59edba78c93bff21,45,0.022222222222222223,0.0,2861.0,0.3495281370147118,0.6990562740294236,0.6990562740294236,1.3981125480588472,-0.3495281370147118,-0.6990562740294236,5.486700367050583e-07,False
0xe559f1b81845c0672913fb7c1aaee6648de7155f,46,0.043478260869565216,0.0,2850.6905399999996,-8.250810468820305,-16.50162093764061,-9.633908987078412,-19.267817974156824,6.352353804111939,12.704707608223877,5.466929336653486e-07,False
0x64b906a5c92053f1e952e4bebae16f3500124f3e,33,0.09090909090909091,0.0,2847.30963,-0.34607571958322164,-0.6921514391664433,0.11385299146667016,0.22770598293334032,5.060627304417355,10.12125460883471,5.46044557568251e-07,False
0xea2ce93173ede8b795e3200768c3098b3fdead39,30,0.06666666666666667,0.0,2773.9800000000005,-2.693602693603306,-5.387205387206612,9.090909090908479,18.181818181816958,7.0707070707067645,14.141414141413529,5.319817226211457e-07,False
0x0bc6b817eee91117e667242276affe8a4158d3ce,220,0.9681818181818181,0.41784037558685444,2631.0096300000005,-1.6308336308733573,-3.2616672617467146,-2.015086859258726,-4.030173718517452,4.683546646790242,9.367093293580483,5.045634918781763e-07,True
0x66da87d33d4a9d756ec2f50ad30b7cf28ee52a7b,68,0.7058823529411765,0.41666666666666663,2600.469,-0.4114870849809904,-0.8229741699619808,-1.2098624123789463,-2.4197248247578926,-0.44651234159833875,-0.8930246831966775,4.987065437540602e-07,True
0x2c0150d1e7feac8f76e8a697b03b9ad7dbe36861,130,1.0,0.4230769230769231,2584.43383,-0.7876769816952472,-1.5753539633904945,-1.6727257599247742,-3.3454515198495485,-3.334911019508567,-6.669822039017134,4.956313891534059e-07,True
0x6609588a0972f687aedf31627bdc81f9dd91f8aa,118,0.1440677966101695,0.058823529411764705,2530.5,-0.8706428865048682,-1.7412857730097364,-0.34076356035461874,-0.6815271207092375,0.25447114515399355,0.5089422903079871,4.852881956945649e-07,False
0xfc4c99877be48997cda5292a591bc14a6288fa7a,160,0.89375,0.4825174825174825,2458.1224400000006,-0.5411419068310399,-1.0822838136620798,-1.358912549389985,-2.71782509877997,-0.21306063626813895,-0.4261212725362779,4.714079445579615e-07,True
0xa520377f07f065d082220ce983707f0a6a1115d0,127,0.007874015748031496,0.0,2362.48011,-2.4062424804916236,-4.812484960983247,-2.4062424804916236,-4.812484960983247,-4.468736035198952,-8.937472070397904,4.5306607782896545e-07,False
0x203786e903b8670c0943b549b2b71e923d0dea38,165,0.6545454545454545,0.3148148148148148,2362.12441,-1.0586139409441484,-2.117227881888297,-1.709296289132782,-3.418592578265564,-1.5490525008177258,-3.0981050016354517,4.529978632424377e-07,False
0x4c61f8daf89b3f0bd2b55c37d559f93fa37663ec,32,1.0,0.0,2344.96799,-0.9125447052412407,-1.8250894104824813,-1.1679201370809893,-2.3358402741619786,-0.8933601355632802,-1.7867202711265604,4.497076802326064e-07,False
0xb67f1691babe3ebe87cf48a69b1dbd1e3976d2b7,52,0.019230769230769232,0.0,2309.91075,0.0,0.0,-3.6758563074349513,-7.351712614869903,4.678362573099719,9.356725146199437,4.429845564445679e-07,False
0x128c3b41196840d75636cfba50670c15385aab7f,30,0.03333333333333333,0.0,2271.99,-3.069995906672435,-6.13999181334487,-4.7755491881569485,-9.551098376313897,-14.326647564469294,-28.653295128938588,4.3571228126302876e-07,False
0x67c3ecf898057bb855f965b349086cdc70590a00,37,0.21621621621621623,0.375,2200.5878000000002,-0.41893193408818385,-0.8378638681763677,-0.19082749930904985,-0.3816549986180997,0.6473210656307535,1.294642131261507,4.2201908039101843e-07,False
0x74381c910387ca7a25a5374e24f068b4b8845ec3,67,0.2835820895522388,0.0,2184.0761099999995,1.066756831450573,2.133513662901146,1.9393767488061984,3.8787534976123967,-0.011207699276079919,-0.022415398552159838,4.1885254087393945e-07,False
0x949260f5a27812051b9b5072e6c75dd230fdc52f,40,0.6,0.0,2137.45991,-0.6992479418947761,-1.3984958837895523,-3.0353005409220266,-6.070601081844053,-3.872866930283268,-7.745733860566536,4.0991269041429246e-07,False
0xcf43f9d6cb6f4fff6bc660528cd19aed103a3f60,59,0.9491525423728814,0.0,2134.29946,-1.6858555921019278,-3.3717111842038556,-2.0624521718027475,-4.124904343605495,2.5620625299833253,5.124125059966651,4.0930659316944643e-07,False
0xbdb0f45d9da67eab151508b15abc988f07ba5065,53,1.0,0.3584905660377358,2131.75862,-1.1437627825193881,-2.2875255650387762,-2.3930413683020797,-4.786082736604159,-1.7347788488625828,-3.4695576977251656,4.0881932201388483e-07,True
0x8638eaf36a2d9b03fd20148e01ffdb03bfdf811a,111,0.009009009009009009,0.0,2116.6151999999997,-0.3297717979155423,-0.6595435958310846,0.9893153937466269,1.9786307874932538,-2.3084025854117955,-4.616805170823591,4.059151833185894e-07,False
0x1e2633e883e1aad2d2757a1372ab8736bfba4bf1,83,0.2289156626506024,0.1578947368421053,2106.73734,0.019088702273151594,0.03817740454630319,0.13035596483037679,0.26071192966075357,-1.6692740559085144,-3.338548111817029,4.040208506346442e-07,False
0x2119ebde934fac7d0a67cd7261970a745b6c68bb,54,0.1111111111111111,0.0,2069.17137,-0.6689634411478398,-1.3379268822956796,-3.790792833170755,-7.58158566634151,-6.355152690905239,-12.710305381810478,3.9681661360606634e-07,False
0x035a6a2c9994f29a68a0d404cfbf529420a2f17c,72,0.75,0.33333333333333337,2020.9186300000001,-2.2387946655163016,-4.477589331032603,-3.0767115198120503,-6.1534230396241005,-1.0975471942782937,-2.1950943885565875,3.875629146801944e-07,True
0xc5866fc7da8de447646c241a2de083a35ca66b34,96,1.0,0.41666666666666663,2000.4633100000003,-0.7876870366225569,-1.5753740732451138,-1.3863862433965777,-2.7727724867931554,-1.7061762388107973,-3.4123524776215945,3.836400830915144e-07,True
0x7ae58027a7ed6daf77ffa3848065f2e570e9078f,33,0.06060606060606061,0.0,1999.9165999999998,-3.250085528566697,-6.500171057133394,-9.579199452617019,-19.158398905234037,-1.1973999315776136,-2.394799863155227,3.835352374446191e-07,False
0x2ed2d18e6d00acf1a4323b20062b71ba121da551,57,0.017543859649122806,0.0,1999.8913199999997,-2.6545442479335275,-5.309088495867055,-5.972724557851568,-11.945449115703136,3.9818163719025548,7.9636327438051095,3.835303893570526e-07,False
0x46cdb805c2358d682317d0365e2563f196e5f58f,74,1.0,0.3918918918918919,1983.5994,-2.085565695463744,-4.171131390927488,-3.54219762927622,-7.08439525855244,-2.199251155311058,-4.398502310622116,3.804059963670506e-07,True
0xbeec40cd2711645a363fcd75c898fcaf70bce7b4,113,1.0,0.38053097345132747,1981.1592,-1.3175735342782622,-2.6351470685565244,-1.2610718697102417,-2.5221437394204833,0.19791615961055992,0.39583231922111983,3.7993802550945965e-07,True
0x06db34fc291e5cb565993ed124f9e12c6a5bb054,91,0.01098901098901099,0.0,1980.90555,-0.6668667266855819,-1.3337334533711638,-1.6671668167116802,-3.3343336334233604,-6.001800540162655,-12.00360108032531,3.798893816245207e-07,False
0x3e051c89cd06e6867ce98c758fcc665d2148e1bb,40,0.25,0.0,1955.5,-1.0329183010975072,-2.0658366021950143,-0.20539719572432982,-0.41079439144865965,-1.2836272621586136,-2.567254524317227,3.7501721662940985e-07,False
0x196704ad5e0f11b636ef6f4b6b1196eb825fe3fb,62,0.08064516129032258,0.0,1943.1100000000001,-1.0035458620449826,-2.0070917240899653,0.6690305746981764,1.3380611493963528,-3.0106375861379906,-6.021275172275981,3.7264111675007547e-07,False
0x61b47089d890db256441e3ed670fb1ee85ad6ed5,48,0.2708333333333333,0.46153846153846156,1924.69427,-0.9621414012206473,-1.9242828024412946,1.8489545675382348,3.6979091350764697,6.417941783928208,12.835883567856415,3.691094287895545e-07,False
0x6d104aa91bf166f1330be2457286470a5ddc6635,37,0.08108108108108109,0.0,1874.13103,-0.8019269051704158,-1.6038538103408315,0.8093060684314103,1.6186121368628206,3.3369707613375823,6.673941522675165,3.594126323034564e-07,False
0x2cb44e394d7e8c933845b90da055093ec8a882ee,82,0.7926829268292683,0.2615384615384615,1832.1789999999999,-0.6928170257026117,-1.3856340514052234,-1.5034391572871508,-3.0068783145743017,-3.9362510976581717,-7.872502195316343,3.513672559175942e-07,False
0xdf0ac4977091a5de1d32b280c45f7a09c97f381c,74,1.0,0.16216216216216217,1823.4901699999998,-0.80264476708249,-1.60528953416498,-1.6833982413542068,-3.3667964827084136,-1.9227832253468684,-3.845566450693737,3.497009501940625e-07,False
0xad2879fef02116f17349ccdad53661df11e28d8f,34,0.17647058823529413,0.5,1808.0191499999999,-1.317510390205609,-2.635020780411218,-0.40375691626482096,-0.8075138325296419,0.883535502221774,1.767071004443548,3.467339858070424e-07,False
0xee6448cebb6f49b75edce8438c2960907cbcbcd5,154,1.0,0.4415584415584416,1801.948,-0.9300378098959535,-1.860075619791907,-1.8249570146718608,-3.6499140293437216,-2.0724250292094553,-4.1448500584189105,3.455696872773878e-07,True
0x9b8c5400777790d35f34fc7600bde1d71763b9f5,54,0.6666666666666666,0.38888888888888884,1786.8607099999997,-0.1744303072612743,-0.3488606145225486,-0.919512877565631,-1.839025755131262,-3.2288270079143007,-6.457654015828601,3.4267631294740525e-07,False
0x9ba1badcf0b2947db7411ebae755d90184356802,60,0.3,0.4444444444444444,1759.7040000000002,-1.2089615634902218,-2.4179231269804435,-2.501803068571646,-5.003606137143292,3.2444061938150845,6.488812387630169,3.374683181649906e-07,False
0xb1871843e16d700c0fe39a55e4d7c3c874576f98,78,0.2564102564102564,0.30000000000000004,1696.42881,-1.976476496689458,-3.952952993378916,-7.991929985780362,-15.983859971560724,-10.773908184131972,-21.547816368263945,3.2533367964006237e-07,False
0x7f1ef4d8c45f67eee171c955756d2cec8afc2dc9,47,0.0851063829787234,0.0,1682.7416699999999,-0.6880181636796775,-1.376036327359355,-1.2060554392961822,-2.4121108785923644,-4.655548661852073,-9.311097323704146,3.227088199384939e-07,False
0x133567bcdede2064401f8048f9b421242769e522,116,0.6896551724137931,0.475,1619.59812,-1.1753600027262237,-2.3507200054524473,-1.283447235346999,-2.566894470693998,-0.9665417378377636,-1.9330834756755273,3.1059942675562515e-07,False
0x420f0306d9809054eac5136a2c378aabc1cd24ef,44,0.18181818181818182,0.0,1618.9971600000001,-0.5134552023217187,-1.0269104046434374,-2.1180588596135124,-4.236117719227025,-1.186668709325012,-2.373337418650024,3.104841772815747e-07,False
0x88a2e395cdce5834e73a11242a08c40a6399b5e6,54,0.018518518518518517,0.0,1532.7677399999998,-1.3849456408823357,-2.7698912817646715,-5.886018973754651,-11.772037947509302,4.154836922651731,8.309673845303463,2.9394747716397384e-07,False
0x0d690baf2c02ceac048ecf551e1d0ba98ecdf62f,103,1.0,0.4368932038834952,1519.8000000000002,-1.6629019238022802,-3.3258038476045604,-1.0470694238096396,-2.0941388476192793,-0.9824203401184609,-1.9648406802369218,2.9146058084038716e-07,True
0x000d0312654b23c09838877aaa3b09a806f6d4d9,139,0.02158273381294964,0.0,1507.6,-0.6633059166881736,-1.3266118333763472,-0.6633059166881736,-1.3266118333763472,-11.276200583708002,-22.552401167416004,2.8912091832804816e-07,False
0x7d438d79b805b9bacc828c37952ea3277139ce26,100,0.67,0.014925373134328401,1507.2422400000003,-0.7972744038708356,-1.5945488077416712,-0.5183107567887232,-1.0366215135774464,-1.208979867136489,-2.417959734272978,2.89052308683752e-07,False
0xa66030ae21d58ff6b7f1432c1a72f5e9010b751d,112,0.9821428571428571,0.35454545454545455,1506.909,-0.9074900961803964,-1.8149801923607929,-1.5653603702475192,-3.1307207404950383,-2.15588828676461,-4.31177657352922,2.8898840137755426e-07,True
0x651432d66fd23900f9c0ad01e1d8be09c96c1625,153,0.5490196078431373,0.0,1470.6553999999996,-0.8217991913793625,-1.643598382758725,-1.5947759284892724,-3.189551856978545,-0.6882672206535486,-1.3765344413070972,2.820358449138385e-07,False
0x60cc4fe7496c65f43e963815995a11b7a7915450,144,1.0,0.4722222222222222,1450.4330300000001,-1.2964094855859005,-2.592818971171801,-2.415460988200397,-4.830921976400794,-2.8295211851251616,-5.659042370250323,2.781576874548511e-07,True
0x48ff42cc16b478501054d663ec98d5cc757fdff2,94,0.1595744680851064,0.2666666666666667,1366.3493400000002,-1.0100813770520742,-2.0201627541041485,-3.343067929808966,-6.686135859617932,-2.294661126964549,-4.589322253929098,2.620324860292668e-07,False
0x1442ad477ded1b0028b57621aa7b6f7eadb8f568,65,0.015384615384615385,0.0,1363.3558,-1.0511562718997263,-2.1023125437994525,-2.1023125437978596,-4.204625087595719,-3.1534688156975856,-6.306937631395171,2.6145839805244815e-07,False
0x03449eade411f84543752ba4352f48243bd743ce,141,0.07092198581560284,0.1,1330.7658999999999,-0.30522592700395973,-0.6104518540079195,-1.9464301185110586,-3.8928602370221173,-0.3525893697226305,-0.705178739445261,2.5520844991221246e-07,False
0xe8083d54ed166e2396ae70f9eea2f23ba79970b4,65,0.12307692307692308,0.0,1295.91869,0.4130930844730073,0.8261861689460146,-2.6167056279927894,-5.233411255985579,-4.359271394810929,-8.718542789621859,2.4852560475675327e-07,False
0x1a46939352cb3a579d3fc8ed15f76ffde95dad84,116,1.0,0.43103448275862066,1280.91585,-0.9665090015661462,-1.9330180031322923,-1.8781548258140794,-3.756309651628159,-3.0704740587103823,-6.1409481174207645,2.456484258775222e-07,True
0x3ad34e754fb1107b9defaabfe9f35d505d39d949,31,0.0967741935483871,0.0,1229.2830600000002,0.0,0.0,2.202910044167845,4.40582008833569,8.9217856788812,17.8435713577624,2.3574651578158214e-07,False
0x8ffcca0415998712b842e07f4ac805fc19e83847,32,0.90625,0.4137931034482759,1216.32045,-1.9081074355313201,-3.8162148710626402,-3.4084222623406673,-6.8168445246813345,-8.011439120715034,-16.022878241430067,2.3326060326690424e-07,True
0xc9af7bbea391364e40fd6ebde0e9911129d94905,33,0.030303030303030304,0.0,1201.5844,-0.9956853634257614,-1.9913707268515228,-0.9956853634257614,-1.9913707268515228,21.57318287421175,43.1463657484235,2.3043458820420323e-07,False
0x11d3e5f82077e97c69cb3d05dc6b9cc5d6dc70a2,56,0.017857142857142856,0.0,1164.1461,-3.115588326927809,-6.231176653855618,-4.50029425000771,-9.00058850001542,-16.616471076954088,-33.232942153908176,2.2325483516849019e-07,False
0x0df35610dec6d32873adc70a0fbfb6aa68bd5cc5,37,0.3783783783783784,0.0714285714285714,1100.0062899999998,-0.5399623890459267,-1.0799247780918535,-1.1570961880616562,-2.3141923761233123,2.064929506055605,4.12985901211121,2.1095438361065883e-07,False
0x423afcbe7fe14b562cf7c0295b223f8ec09fad21,38,0.21052631578947367,0.5,1081.41269,-0.5212649621334147,-1.0425299242668293,-0.6577880584007388,-1.3155761168014777,-1.7728936551514658,-3.5457873103029316,2.0738858452136173e-07,False
0x69a69ebc6e97bddd6fb0b65784a845520768a04a,34,0.5,0.2941176470588235,1077.26336,-0.626736715800549,-1.253473431601098,-1.0186569440516249,-2.0373138881032498,-3.9409376672979977,-7.881875334595995,2.065928442055975e-07,False
0xca7fa0cb39807c2ff6fa932d4827cb5ac43e29ba,44,0.06818181818181818,0.0,1063.608,-1.1337868480725624,-2.2675736961451247,-0.7981859410433891,-1.5963718820867783,-2.14965986394517,-4.29931972789034,2.039740791330981e-07,False
0x699ebebd191d03c2a37e1c2cd31aef985672598c,40,0.275,0.09090909090909094,1058.20485,-1.160422163224569,-2.320844326449138,-1.7217408539158576,-3.4434817078317153,-4.119332383182384,-8.238664766364767,2.0293788671477484e-07,False
0x755905f280573d4fb8d22ed4fda18048ab1f8d08,30,0.4,0.08333333333333337,1027.9785299999999,-0.506932753173539,-1.013865506347078,1.3666290240470282,2.7332580480940565,2.1709562393496107,4.341912478699221,1.9714121558445013e-07,False
0xd47907598e1749b6e80fb5649e9dc47edfc98b6b,49,0.3877551020408163,0.368421052631579,1022.74708,0.6524443530206508,1.3048887060413017,-0.48718063299681036,-0.9743612659936207,0.056805784128580554,0.11361156825716111,1.961379510393538e-07,False
0x099efca38ec366d6865d5056439438b5cf56854f,54,0.018518518518518517,0.0,999.9256799999998,-2.659397646432176,-5.318795292864352,-4.321521175452853,-8.643042350905706,-7.313343527690373,-14.626687055380746,1.9176136300172327e-07,False
0x13770bce1c51ad19ca8739deb32b13784a4b471a,41,0.21951219512195122,0.0,998.6645,-1.4081578282950444,-2.816315656590089,-0.1516967714811992,-0.3033935429623984,-1.8350820691811331,-3.6701641383622663,1.9151949943063218e-07,False
0x0c31841efad9ec9187b3a75627a85810237c92e1,90,0.8222222222222222,0.29729729729729726,987.4295,-0.5478162796158937,-1.0956325592317875,-1.4465868635070742,-2.8931737270141484,-3.41464646951258,-6.82929293902516,1.8936490038750694e-07,False
0x2fabf586269a0f6fa88cf3a48598d9b70f88e1c3,52,1.0,0.5,969.2629500000002,-0.9458196642950666,-1.8916393285901332,-1.8209083586985182,-3.6418167173970364,-1.6813272861214656,-3.3626545722429313,1.8588099907492246e-07,True
0xe2a7d643f88f17f2eddf904f9ed1705526ddc57c,145,0.5517241379310345,0.42500000000000004,963.4688100000001,-0.16999294903819312,-0.33998589807638624,-0.8411328976970495,-1.682265795394099,-1.164371228065908,-2.328742456131816,1.8476982430859102e-07,False
0xe6f5b458357189d87f93a00e49c29d6cfe63410d,48,0.14583333333333334,0.4285714285714286,958.6871200000002,-0.5282599214343676,-1.0565198428687352,-0.7063063760092696,-1.4126127520185392,-4.922902066885039,-9.845804133770079,1.8385281276444136e-07,False
0x28a7339581f3e169bdfc9a2dec2f6d80c10719e4,34,0.4411764705882353,0.0,951.4956099999999,-1.2204234866709207,-2.4408469733418414,-2.024412857125364,-4.048825714250728,-1.7697407900280993,-3.5394815800561985,1.8247365650590765e-07,False
0xd84360ef4b759f47ae9015bc2f9d8c670c90071e,43,0.27906976744186046,0.0,948.26253,-1.7825736790768207,-3.5651473581536415,-3.526640619350404,-7.053281238700808,-0.7580257627001111,-1.5160515254002223,1.8185363059808858e-07,False
0x2a53b398ed8d969ccb31a9c19c63f4fb9e0016b0,87,0.06896551724137931,0.16666666666666663,942.5404100000001,-0.5739604922282061,-1.1479209844564122,-2.585856684080466,-5.171713368160932,10.656026150286129,21.312052300572258,1.807562675116046e-07,False
0x87c634beb13ea4470a05e3a36dfbecce4ffebb33,56,0.16071428571428573,0.0,898.7025,-1.445133239646462,-2.890266479292924,-1.3299513116820973,-2.6599026233641947,-1.6884659927131782,-3.3769319854263564,1.7234922532748258e-07,False
0x9a0daa98309448135195bfa0cb95e3b63fed3e22,132,0.007575757575757576,0.0,885.7409699999998,-0.9961151509120494,-1.9922303018240988,5.312614138194073,10.625228276388146,-7.304844440018172,-14.609688880036344,1.698635199304697e-07,False
0x8af79dbf8881104c5097c001cf3c2a2205076969,37,0.972972972972973,0.4722222222222222,813.1210000000001,-1.2423749521561982,-2.4847499043123964,-1.555246280052011,-3.110492560104022,-2.209078887412865,-4.41815777482573,1.5593678046684859e-07,True
0xb3f5e6d25f2cfdc579fe90a5ac92373bd8e9a2b2,188,0.010638297872340425,0.0,799.64176,-2.388250357668325,-4.77650071533665,4.260801588062629,8.521603176125257,4.462422841774129,8.924845683548257,1.5335179091579777e-07,False
0x48e4646709ea6e73d10fd5c5fbab4282db871076,33,0.06060606060606061,0.0,747.3,-0.33453766894121856,-0.6690753378824371,-14.050582095543351,-28.101164191086703,21.075873143316546,42.15174628663309,1.4331391766154843e-07,False
0xa1fedbd85c61c41d966996199146d15b9f59f6d6,49,0.3469387755102041,0.11764705882352941,743.40143,-1.5068024347319473,-3.0136048694638946,-0.4242197623145684,-0.8484395246291369,3.6342295987942443,7.268459197588489,1.425662669991936e-07,False
0x79600b5eb18115d0eacf321387b632af420d78f9,34,0.029411764705882353,0.0,728.60844,0.0,0.0,-0.3453157912908216,-0.6906315825816433,-4.489105286783822,-8.978210573567644,1.397293322329309e-07,False
0x73218e14a0cb8db321d4069782de7afb5738c3cf,40,0.35,0.3571428571428571,720.2423100000001,-1.755868596690958,-3.511737193381916,-1.7629571411191354,-3.5259142822382707,-1.5497846825886046,-3.099569365177209,1.381249125006068e-07,False
0x662966cd6fbf2d774cd1a0dddb9fe3e9d7eb95cc,52,0.3076923076923077,0.0,708.31224,-2.101942419833731,-4.203884839667462,1.0698222749948756,2.139644549989751,6.94450084771794,13.88900169543588,1.3583701598023142e-07,False
0x669dd4dcd4509d5685c9958131e0ef0fefa13d2c,58,0.5689655172413793,0.48484848484848486,701.6476999999999,-0.8830365011822233,-1.7660730023644466,-1.8626272013250884,-3.725254402650177,-3.2888668149898725,-6.577733629979745,1.3455891971793767e-07,False
0x642422f6c81a9d21c0fd9fb66d94ba07e1b8df84,399,0.010025062656641603,0.0,700.2235000000001,-3.2544128580489358,-6.5088257160978715,-2.8026817295980244,-5.605363459196049,1.8324909844103234,3.664981968820647,1.342857928859645e-07,False
0x4a1044c28a6c6ce4dcaae0cdff81680c13e08465,117,0.008547008547008548,0.0,689.8391399999999,-2.340980536419881,-4.681961072839762,-13.377031636679822,-26.754063273359645,-6.688515818339911,-13.377031636679822,1.3229432585263397e-07,False
0x0e6e22f8b484f22caffe932ccb32a123ce7eba68,183,0.01092896174863388,0.0,684.7094999999999,0.3307972213030402,0.6615944426060804,-0.9923916639106248,-1.9847833278212497,-1.323188885213665,-2.64637777042733,1.313105859829787e-07,False
0xa2b2ddf9dccd566e5a46ee299ce870510e701022,45,0.13333333333333333,0.0,675.8337299999998,-1.8370400873107007,-3.6740801746214014,1.0604403995373732,2.1208807990747465,2.5681709758253684,5.136341951650737,1.2960842972583585e-07,False
0x5ff759703ebe83802f98f2bc67ee4429cd5b7489,37,0.40540540540540543,0.0,647.80219,-0.39889046161036995,-0.7977809232207399,0.4357387740956982,0.8714775481913964,2.297517300790979,4.595034601581958,1.24232663881481e-07,False
0xe3dff0777ae861aa9c5f9f8ef005df2f2be5223c,40,1.0,0.1,620.1776100000001,-0.5558904552345486,-1.1117809104690972,-1.154732105603231,-2.309464211206462,-0.8735868392751117,-1.7471736785502234,1.1893494304171806e-07,False
0x3ee4446e94c18ff1cae5c8d567fcd27cea36338d,99,0.45454545454545453,0.4444444444444444,601.58509,-0.6419727012446372,-1.2839454024892745,-1.171012354510099,-2.342024709020198,-0.8183236557757482,-1.6366473115514963,1.1536935107008592e-07,False
0x0a17d25790974eb001235703517ab9a97d4afd81,33,0.45454545454545453,0.0,567.5255900000001,-0.2690702040514243,-0.5381404081028486,-0.9471196257113718,-1.8942392514227435,-3.059452952282881,-6.118905904565762,1.0883756948492133e-07,False
0x99f1fe0a2e25892d0300331c0153085589e690be,38,0.47368421052631576,0.4444444444444444,560.8683399999999,-1.5279204910856654,-3.055840982171331,-2.8978936940128377,-5.795787388025675,-2.6523753253301856,-5.304750650660371,1.075608712668665e-07,False
0xf9c84a0129b44310a0f7f0359600cc2cac3507eb,44,0.38636363636363635,0.0,533.2392199999999,-1.1250279817060005,-2.250055963412001,-1.6756913166472416,-3.351382633294483,0.39752972280775145,0.7950594456155029,1.0226227976580798e-07,False
0x1ecd95bc8561730c7b7d24f82a4963ae69db4212,351,0.002849002849002849,0.0,531.82658,-0.6629980773049728,-1.3259961546099457,-1.6574951932639395,-3.314990386527879,-0.3314990386524864,-0.6629980773049728,1.0199136985995304e-07,False
0xffee4bb49a9eb699380bb226788795d0f912897a,68,0.014705882352941176,0.0,473.9175,-0.3323363243599503,-0.6646726487199006,0.3323363243599503,0.6646726487199006,4.652708541043839,9.305417082087677,9.088582038454019e-08,False
0x34ecd46673e34bf338d0cb675f4e2f14706df2c7,67,0.3283582089552239,0.045454545454545414,471.24258,-1.8876542404941687,-3.7753084809883375,-3.1368963435389605,-6.273792687077921,-1.9982224243911615,-3.996444848782323,9.037283595441676e-08,False
0x09da08045830492b24b3b8a0022375e662bbe91d,70,0.22857142857142856,0.0,465.33945,-0.792839032401337,-1.585678064802674,-1.4808680909771847,-2.9617361819543695,-1.6521017725355072,-3.3042035450710143,8.924075956372306e-08,False
0xf4b51671214e3736e3b31ffe982d46fae8bb4486,283,0.007067137809187279,0.0,455.00851,0.16560129831402814,0.3312025966280563,0.6624051932561126,1.3248103865122252,-4.140032457855222,-8.280064915710444,8.725953718378675e-08,False
0x0d04f8b58e743f24c6f3485da92d84d1a72f9ec8,51,0.0392156862745098,0.0,439.30496000000005,0.5128555798690199,1.0257111597380397,-2.5642778993427675,-5.128555798685535,25.642778993435446,51.28555798687089,8.424797921283265e-08,False
0xa710948745544a27ddd66a63f408ff11b869797d,517,0.03868471953578337,0.44999999999999996,433.54316000000006,-0.9458778104454908,-1.8917556208909816,-0.7496794509811477,-1.4993589019622955,-7.009171886209083,-14.018343772418167,8.314300646991506e-08,False
0xa993ad31ef46873c0193448dbb2f04c0d3854731,653,0.0030627871362940277,0.0,414.31036000000006,-9.568430777351313,-19.136861554702627,-8.578593110729539,-17.157186221459078,-6.268971888609067,-12.537943777218134,7.94546244070206e-08,False
0xd99bcaafc4872a78d80e2ee94fb6659853d8c2ee,43,0.7209302325581395,0.29032258064516125,389.68785,-1.1495866373093293,-2.2991732746186586,-2.691378808669124,-5.382757617338248,-2.3622814509352295,-4.724562901870459,7.473262739007874e-08,False
0xd1a428cd82c488a80337fd3415e08aa3986d6465,34,0.058823529411764705,0.0,389.55581,6.189758558615897,12.379517117231794,9.894891401722147,19.789782803444293,-2.1800797122968447,-4.360159424593689,7.470730533777307e-08,False
0xc48a947f8b0d987c5f47eef6f5db690d6d8c0fad,33,0.21212121212121213,0.42857142857142855,363.66324999999995,-0.6941144737071862,-1.3882289474143723,1.719615208954215,3.43923041790843,3.4369251693852116,6.873850338770423,6.974174370002823e-08,False
0xd4e2236ae44623a06f1b96579c426685685a301a,86,0.05813953488372093,0.0,363.636,-2.1780021780016976,-4.356004356003395,-0.3300003300000299,-0.6600006600000597,-3.630003630003329,-7.260007260006658,6.973651781449864e-08,False
0x65213fdaaffade4d2f75b4ea6fb5ff50be42dfe1,42,0.16666666666666666,0.42857142857142855,343.5253,-0.18990647106304467,-0.37981294212608935,-0.9099032259117859,-1.8198064518235717,0.5873968004283764,1.1747936008567528,6.587977593852366e-08,False
0x1a6f24091a055890ecb411129977668ab55473b4,31,0.06451612903225806,0.0,315.88791,0.17427067721569317,0.34854135443138634,0.8713533860800509,1.7427067721601017,-6.622285734201888,-13.244571468403777,6.057959845312274e-08,False
0xf2f59e425febcaa57fe4847c0bcdec9b8480bfd0,41,0.024390243902439025,0.0,306.3,-0.6666666666660603,-1.3333333333321207,-0.33333333333303017,-0.6666666666660603,-4.33333333333394,-8.66666666666788,5.874087110896867e-08,False
0xe6671b7a82d5d7eb9317a0b52808f50051e31246,34,0.08823529411764706,0.0,255.47057,-0.5693030244644589,-1.1386060489289178,-5.238489257397952,-10.476978514795904,-7.958355362000151,-15.916710724000302,4.8993025871709954e-08,False
0x355d005af8a0a57c9c666ebdfb0bf781c878d713,58,0.034482758620689655,0.0,240.32813999999996,-3.0782912063492094,-6.156582412698419,2.7362588500862848,5.4725177001725696,18.640763416218554,37.28152683243711,4.608907703427416e-08,False
0x6804b48e34b20370342293338ee398751dd1099e,33,0.030303030303030304,0.0,236.376,-1.658374792703151,-3.316749585406302,6.633499170812604,13.266998341625207,4.311774461028795,8.62354892205759,4.5331152952182757e-08,False
0x05ad95f314e3ff3ac45c82d1fbe6f6664662767f,49,0.02040816326530612,0.0,183.1778,-0.6671114076044633,-1.3342228152089266,-3.33555703802535,-6.6711140760507,-6.004002668446237,-12.008005336892474,3.5129035389567225e-08,False
0x0d532a8e3cded6e62ea2789e55e8e4ff726614b2,35,0.08571428571428572,0.33333333333333337,167.22934999999998,-0.4620488709223127,-0.9240977418446255,-1.3961121750348582,-2.7922243500697164,-1.545523329054622,-3.091046658109244,3.2070511570312143e-08,False
0x305b1bac542b4b0c2549894ec717168b8540eabc,59,0.01694915254237288,0.0,142.81776000000002,0.0,0.0,1.3779798814924766,2.7559597629849533,2.411464792613401,4.822929585226802,2.738896386624754e-08,False
0x91d9cfbc78650ce2bca47f6ce6c22242da48ae57,34,0.23529411764705882,0.0,141.43506,-0.9142653399095266,-1.8285306798190533,-2.3800542504351796,-4.760108500870359,-4.875819327716371,-9.751638655432743,2.71237957223286e-08,False
0x52017956dfbc7faaa49439fa8c841d5aac258a2d,58,0.10344827586206896,0.33333333333333337,120.54514,-0.285485604161374,-0.570971208322748,-1.4844894875468313,-2.9689789750936626,-4.233432270817624,-8.466864541635248,2.311761845103684e-08,False
0x657a98b1671f7d70aa2f25aa2375ad2ddfe33f29,36,0.25,0.0,101.49928,-0.9189894311855321,-1.8379788623710642,0.38955572911355085,0.7791114582271017,4.645055784117424,9.290111568234847,1.946508692175358e-08,False
0xa09da1d479ed04d69b61ccb6377aa9c5c901d0e7,72,0.1111111111111111,0.0,81.99905000000001,-0.597262177154681,-1.194524354309362,-0.8549088579683057,-1.7098177159366115,4.490998333900025,8.98199666780005,1.5725418305934958e-08,False
0xa213bb1ae36c01c3624d02acc41ca836ecf81c7a,38,0.02631578947368421,0.0,77.81031999999999,-3.7604266374945614,-7.520853274989123,-5.81156843976418,-11.62313687952836,-3.418569670449884,-6.837139340899768,1.4922122030909588e-08,False
0x558f9eeb1d7255052c6f21ebf776f573c651eca4,79,0.012658227848101266,0.0,49.8664,-0.33288948069210733,-0.6657789613842147,0.0,0.0,-2.6631158455398865,-5.326231691079773,9.56315956600808e-09,False
0x3f4dd7aa0d48724299dbd513e6de6bb25acd75cc,52,0.019230769230769232,0.0,49.1941,-1.6871941960519654,-3.374388392103931,-11.135481693943586,-22.27096338788717,-12.485237050783931,-24.970474101567863,9.434228819528944e-09,False
0x486a2f42bf004b27523908adb6d06fb2067f6c23,30,0.03333333333333333,0.0,40.9752,0.0,0.0,1.0250102501015688,2.0500205002031375,3.4167008336750033,6.833401667350007,7.858044211113983e-09,False
0xa26b33de68d3a4ac1d475b0838ffe348da9d043e,47,0.02127659574468085,0.0,33.1994,0.0,0.0,-10.211027910142954,-20.42205582028591,-8.849557522123584,-17.69911504424717,6.366835378044709e-09,False
0xfc15294b2819754fab2afa11045bdb8b1757a18b,39,0.05128205128205128,0.0,30.38,0.0,0.0,-0.9874917709025078,-1.9749835418050157,-2.6333113890723565,-5.266622778144713,5.826143206955495e-09,False
0x4fe602298da0055086b841e7b625bf398519a069,46,0.021739130434782608,0.0,26.1696,-0.3324468085103359,-0.6648936170206718,0.6648936170206718,1.3297872340413437,-4.321808510638903,-8.643617021277805,5.018691154336489e-09,False
0x8a011f399f8e4ff57f710ab0df776c39e362b6bd,36,0.027777777777777776,0.0,24.888,0.0,0.0,0.0,0.0,1.0245901639350474,2.049180327870095,4.772911525171441e-09,False
0x9b39d490d6ab15da05244f5acdeec418c07d468a,50,0.04,0.0,20.490779999999997,0.0,0.0,-0.9955697172360456,-1.9911394344720912,8.259658828513317e-05,0.00016519317657026633,3.929631952015125e-09,False
0x4346cce98d7517d6fb038e02d5321de8ce149871,110,0.00909090909090909,0.0,19.9419,0.0,0.0,2.316730100942638,4.633460201885276,5.295383087869961,10.590766175739923,3.8243701520337655e-09,False
0x795438565451479517af2aeb1cc389f6e54e811a,31,0.03225806451612903,0.0,11.14995,-2.322880371660256,-4.645760743320512,-4.645760743322021,-9.291521486644042,-5.641280902604342,-11.282561805208683,2.138288527004392e-09,False
