wallet,n_fills,maker_share,two_sided,volume,markout_1,realized_spread_1,markout_10,realized_spread_10,markout_60,realized_spread_60,volume_share,is_mm
0x3e56cd2e45607df5ee53d4daec678ae048a0e96f,6122,0.8431885004900359,0.23595505617977527,44602100.7692,-0.7028019073134777,-1.4056038146269554,-3.875646236930151,-7.751292473860302,-8.193371297933739,-16.386742595867478,0.060749170249936944,False
0x72cb918356c4f6d3f1b2e532928110ba6995f139,5403,0.14528965389598372,0.43821656050955415,41794368.680099994,0.09299168188349877,0.18598336376699753,-0.13892859680176475,-0.2778571936035295,0.7089553627846689,1.4179107255693377,0.056924969332146705,False
0x170a03a53fe05bf4ce6753cb0907d05e827bc3c6,15812,0.8244371363521377,0.43119054924823563,35291938.605900005,0.09511530844544318,0.19023061689088636,0.33391898588881863,0.6678379717776373,0.3793034217260448,0.7586068434520896,0.04806849789238294,True
0xf9109ada2f73c62e9889b45453065f0d99260a2d,3990,0.8456140350877193,0.3787788974510966,32228923.875199996,0.014350774779163602,0.028701549558327204,-0.15368786395685788,-0.30737572791371576,0.49245584703039913,0.9849116940607983,0.0438965956692963,True
0xecb63caa47c7c4e77f60f1ce858cf28dc2b82b00,14293,0.991534317498076,0.49153259949195593,27645194.580799997,-0.008037623096564318,-0.016075246193128636,-0.0009974635612611357,-0.0019949271225222715,-0.03188701777184023,-0.06377403554368045,0.03765344239886968,True
0x0a06ec6754b628be489b2c40bba20c8580392a7b,6949,0.10749748165203626,0.4149933065595716,25832613.1535,0.6406423579213101,1.2812847158426202,1.2778621829697332,2.5557243659394664,1.1631815778459018,2.3263631556918036,0.03518466142622635,False
0x162cc7c861ebd0c06b3d72319201150482518185,15180,0.09051383399209487,0.36317321688500726,24131358.3715,0.5839376944057704,1.1678753888115407,1.0649188892877428,2.1298377785754856,1.7157244535820504,3.431448907164101,0.032867510112546405,False
0x023a3d058020fb76cca98f01b3c48c8938a22355,5051,0.9996040388041972,0.3014458308575956,20964924.491400003,0.005288985880989487,0.010577971761978973,-0.1755608599666301,-0.3511217199332602,0.40140805685989395,0.8028161137197879,0.02855474843652696,True
0xa775d1bd91ee2cc4cae6113e5fd9c0c17b355277,17441,0.7839573418955336,0.4437943392086594,20371640.568000004,0.16531774308991767,0.33063548617983535,0.36592117656103246,0.7318423531220649,0.32907279726747624,0.6581455945349525,0.027746680981236477,True
0x152e41f0b83e6cad4b5dc730c1d6279b7d67c9dc,1514,1.0,0.0,16558211.118,-0.5016140777431608,-1.0032281554863216,-0.8568518949427062,-1.7137037898854124,-1.146863738648387,-2.293727477296774,0.02255269525188831,False
0xc029043cd00b80363130fa058818459a521842a1,10315,0.6805622879301988,0.4782051282051282,16243088.360199999,0.13954195886091994,0.2790839177218399,0.4616721353287305,0.923344270657461,0.5576739775949204,1.1153479551898409,0.022123490220441865,False
0x7b7f72a28fe109fa703eeed7984f2a8a68fedee2,5051,0.6644228865571175,0.39839094159713945,15742930.4598,0.09597819806389332,0.19195639612778664,0.0926080291323519,0.1852160582647038,1.3463423229615914,2.692684645923183,0.021442262723995503,False
0xbdb525a0755b92f2a546e5caf62ff60a8e770163,1718,1.0,0.4441210710128056,15525313.1559,0.24219021443263494,0.4843804288652699,0.5084118495528607,1.0168236991057213,0.6424471395969849,1.2848942791939697,0.021145862545170688,True
0x348e5365acfa48a26ada7da840ca611e29c950ef,1315,0.5961977186311787,0.4272959183673469,15223997.2394,0.5003683827557972,1.0007367655115944,0.748904029675021,1.497808059350042,2.276092676695644,4.552185353391288,0.020735462774872992,False
0x92c7d53dc3bac14722b281e74a3feba8f7ba040e,1118,0.5733452593917711,0.36349453978159124,12491111.011599999,0.489226934542562,0.978453869085124,0.8681233669176148,1.7362467338352296,1.53193360063433,3.06386720126866,0.01701320378116712,False
0x97991003fd631e2923f40cab2a4fdc35e60dc807,8174,1.0,0.4692928798629802,11670843.733400002,0.20354662652456212,0.40709325304912425,0.7741283190999007,1.5482566381998013,0.7747246057297095,1.549449211459419,0.01589597935284525,True
0x9c89f595f5515609ad61f6fda94beff85ae6600e,1231,0.6807473598700243,0.0,11269129.3121,-0.6707599852867898,-1.3415199705735796,-1.6011980333568543,-3.2023960667137086,-1.9746096941274156,-3.949219388254831,0.015348834322666295,False
0x469e9a7f624b04c24f0e64edf8d8a277e6bf58a5,1163,0.9088564058469476,0.25922421948912017,10633705.8758,-0.3303684754277927,-0.6607369508555854,-0.6615694304949148,-1.3231388609898296,-1.8047347954250534,-3.609469590850107,0.014483371803034375,False
0x500a8d2934da6f7831e3996df1c8c5a5a74c2274,4520,1.0,0.4721238938053097,10557284.887,0.3756683450121271,0.7513366900242542,0.5483429439138017,1.0966858878276033,-0.13475026629449322,-0.26950053258898643,0.01437928451613049,True
0x8f63c88fccae90c1f9eb8b447f830bce7b71dd74,672,0.9330357142857143,0.4433811802232855,10337677.6813,0.007166102870867858,0.014332205741735715,0.5089517004498008,1.0179034008996015,0.8221464132111614,1.6442928264223229,0.014080174041576455,True
0x5483dd0f8b7d2544a6ac14ba8659988178fd9f4a,3725,1.0,0.4665771812080537,8718314.017099999,0.3967069797153758,0.7934139594307515,0.6491574019324553,1.2983148038649106,0.521840387654261,1.043680775308522,0.011874560466509594,True
0x8434b7844fd17fad52f0aceae50a834cd4896577,1675,0.39940298507462685,0.4499252615844544,8542146.132399999,-1.0935410304064825,-2.187082060812965,-2.9873187748747485,-5.974637549749497,-5.158627872358917,-10.317255744717833,0.011634615427248083,False
0x14f8e042905350cee7ae0cec27f092f10dd912bb,668,0.9850299401197605,0.4848024316109423,8533418.1818,0.023719878686376584,0.04743975737275317,0.5137579335927017,1.0275158671854034,0.2653410135487505,0.530682027097501,0.01162272774151606,True
0xee162a5a60829bd346f0c1ac3514b21fe5f4b290,3367,0.6043956043956044,0.4,8158064.9606,0.3123515472002712,0.6247030944005424,0.44471295836692576,0.8894259167338515,0.37212814921975984,0.7442562984395197,0.011111487321327437,False
0xe86b057f5eb764c9738d6b0d38170befd0723664,388,1.0,0.3402061855670103,7794390.8942,-0.16345225782614187,-0.32690451565228373,-0.7977078768273113,-1.5954157536546225,0.6410746833869224,1.2821493667738448,0.01061615420037102,True
0xff4cd3826ecee12acd4329aada4a2d3419fc463c,5198,0.9988457098884186,0.46340523882896767,7664063.365700001,0.06891034719381879,0.13782069438763758,0.2062269542720165,0.412453908544033,0.5230734956541534,1.0461469913083068,0.010438644866044615,True
0x19951dbda49ea27130a2bdcfa8b4eb788ebdcf5f,2786,1.0,0.4953338119167265,7527303.4021,0.3422731375496778,0.6845462750993556,0.8769293358082361,1.7538586716164721,1.04647942066539,2.09295884133078,0.010252374395173682,True
0x56cf6a15408d6e928122427e8d2b55206a95ea80,4868,0.43898931799506985,0.3214787084698175,7328895.3133000005,-0.03096321370825525,-0.0619264274165105,-0.2629319843453851,-0.5258639686907702,-0.6012995350205319,-1.2025990700410638,0.009982137644939732,False
0xfc667adba8d4837586078f4fdcdc29804337ca06,7788,0.8346173600410889,0.0016923076923076597,6810061.9777,-0.13742119427776958,-0.27484238855553916,-0.22558236193585873,-0.45116472387171747,-0.5083671944382239,-1.0167343888764477,0.009275473741398392,False
0xf060e33cfa0727a224a184622606213e8f4e6a6f,4132,1.0,0.4941916747337851,6776456.648000001,0.378533180803426,0.757066361606852,1.0550564416843466,2.1101128833686933,0.8291675195750797,1.6583350391501595,0.009229702446772282,True
0x39475d17bcd20adc540e647dae6781b153fbf3b1,162,1.0,0.45679012345679015,6260325.6131,0.1956515621543883,0.3913031243087766,0.1897666002771269,0.3795332005542538,3.2488090353139114,6.497618070627823,0.008526719143975292,True
0xef0b65c3db0310e2dd19d0af531b81a164e25c8a,3438,1.0,0.4805119255381035,6238159.086399999,0.07215503635795,0.1443100727159,0.27771070908747353,0.5554214181749471,0.25985028578421415,0.5197005715684283,0.008496527783453594,True
0x9959bb97b783e57e001f8cb43695556151d33704,3242,1.0,0.48396051819864283,6168526.1175,0.014291784056353885,0.02858356811270777,0.26686740924526603,0.5337348184905321,-0.08905701606663309,-0.17811403213326618,0.008401685948433218,True
0x33b84e11ee5d632d5ba65f52a8594be7d3b06e9a,1267,0.9700078926598263,0.4247355573637103,5957762.4903,-1.134717614458305,-2.26943522891661,-2.017306554491524,-4.034613108983048,-1.7674130867433497,-3.5348261734866995,0.008114620647686024,True
0xc3141e868ed2d97f6e345e22e63dbeb2a8f89e85,3143,1.0,0.48234171174037543,5859017.318899999,0.06750211774570641,0.13500423549141283,0.42962861409857317,0.8592572281971463,0.2266646454596118,0.4533292909192236,0.007980127269004628,True
0x0873ca7cb967af8c35642d903a950d256c1701df,2022,1.0,0.4619188921859545,5839203.319399999,0.41104446640716713,0.8220889328143343,1.1461445832966946,2.292289166593389,1.2741042480735718,2.5482084961471436,0.00795314010902339,True
0xd4c1f7e8d876c4749228d515473d36f919583d1d,5436,0.5022075055187638,0.18095238095238098,5664999.01,-0.19783521503366114,-0.3956704300673223,-0.6617397696931681,-1.3234795393863361,-0.45672483586517987,-0.9134496717303597,0.007715869508143505,False
0xdfd50d93227ad4f896e1ed00c75aa422950a4a51,628,0.9140127388535032,0.49825783972125437,5534887.4938,0.1336349118151724,0.2672698236303448,0.5153572814824585,1.030714562964917,0.3811760936717451,0.7623521873434902,0.007538654387940704,True
0x1700acdd94010de35087b45b601d0e1b90c2697f,4661,0.6142458699849818,0.4243800209570381,5441219.4901,-0.6652780855829318,-1.3305561711658636,-1.537195160749479,-3.074390321498958,-0.8748917913501958,-1.7497835827003916,0.007411076237907187,False
0x57dd78cd36e76e2011e8f6dc25cabbaba994494b,3288,0.8594890510948905,0.3474876150035386,5130980.1894000005,-0.5006737341351968,-1.0013474682703936,-0.9767954473138015,-1.953590894627603,-0.19934411272780625,-0.3986882254556125,0.006988522596454937,True
0x7a5a42bd6b1fd13368732be8a7b63e06064e0394,613,1.0,0.15008156606851553,5099376.739600001,0.19776928031549962,0.39553856063099924,0.9830905864971898,1.9661811729943797,1.2990260941208465,2.598052188241693,0.006945477912028071,False
0xf1c0dab1ff187f1dc13482cb675f54b8be362a5c,469,0.6140724946695096,0.1527777777777778,5033188.6153,-0.023636199965570606,-0.04727239993114121,0.3003227959490403,0.6006455918980806,2.1053879385338243,4.210775877067649,0.006855328041006718,False
0x856c35038594767646266bc7fd68dc26480e910d,3980,1.0,0.0,4964704.246300001,-0.06894393056430091,-0.13788786112860182,-0.2804473239919491,-0.5608946479838982,-0.10633727582927988,-0.21267455165855975,0.006762050627609335,False
0x7717a7a245d9f950e586822b8c9b46863ed7bd7e,1005,0.9293532338308458,0.4582441113490364,4498074.1266,-0.719220044571279,-1.438440089142558,-0.6298372481580939,-1.2596744963161879,0.3888775476369119,0.7777550952738238,0.0061264888021228744,True
0x37c1e493c8a452ab3f5a6d01fda87795b91e7851,3800,1.0,0.4994736842105263,4433138.5985,0.356873310642418,0.713746621284836,0.7452808743293511,1.4905617486587022,0.9979697719566729,1.9959395439133458,0.006038044998270915,True
0xf6fb1452dffd2535ad6b506bb9d763864e048fb0,1232,1.0,0.49594155844155846,4418944.6655,0.038501668633625474,0.07700333726725095,0.1381158739404109,0.2762317478808218,0.26028158842290705,0.5205631768458141,0.006018712508601983,True
0xac7476e14f768e3e67c195e79c2490dd20c70127,4597,0.5803785077224277,0.4527736131934033,4345283.775899999,-0.1922247101549974,-0.3844494203099948,-0.1518683477058558,-0.3037366954117116,0.9504685940026881,1.9009371880053763,0.005918384545436571,False
0x21b5eb0ca859383f7d8b6906cddb115e92e80913,1193,1.0,0.46689019279128247,4328588.694,-0.00957958010535226,-0.01915916021070452,-0.17713366812918563,-0.35426733625837126,0.6522924590830849,1.3045849181661697,0.005895645428776398,True
0xba5f4f92f396e6de20d3dae5eefa65f4ecca806a,1369,1.0,0.4674945215485756,4172711.9403,0.1617067231455199,0.3234134462910398,0.763594952037005,1.52718990407401,0.9534097674337945,1.906819534867589,0.005683337414462688,True
0x621c5551678189b9a6c94d929924c225ff1d63ab,150,0.9866666666666667,0.4864864864864865,4154724.3245,0.09239825990448437,0.18479651980896875,-0.2915597070647594,-0.5831194141295188,1.7799855584503579,3.5599711169007158,0.005658837834492697,True
0xd1dd6d99c5fb5d31ff52eacce5046c7158859e85,582,0.7577319587628866,0.0,4113207.7454,-0.9304889785600372,-1.8609779571200744,-1.0771261880779623,-2.1542523761559247,-0.3049525819084843,-0.6099051638169686,0.005602291221475704,False
0x42885bfee595c7bf079609433fa3f2bc24e72096,1118,1.0,0.47227191413237923,4095503.3537,-0.027891935589070452,-0.055783871178140904,0.15856581896940983,0.31713163793881965,0.5585187621996417,1.1170375243992834,0.005578177399772095,True
0xe3b3482482899b4890ec5a2093cba2a558d0c14f,3732,1.0,0.4817792068595927,3900849.9924,0.3375081970915122,0.6750163941830244,0.765386718802207,1.530773437604414,0.7034073813862136,1.4068147627724272,0.005313054681752007,True
0x2025137a136bea7446deba681cbfc7cf1970840e,808,0.8329207920792079,0.4323922734026746,3892130.4729000004,-1.1645273663801663,-2.3290547327603326,-1.2011374207726562,-2.4022748415453123,-1.058830693358607,-2.117661386717214,0.005301178479387814,True
0x351126a070c9cadef8064ddd7b2d289fc33163aa,1355,1.0,0.47306273062730625,3840413.8109999998,0.5461330403271577,1.0922660806543154,1.3554452088518647,2.7108904177037294,1.3518537637058639,2.7037075274117277,0.005230739099978782,True
0x49ba9baa20d355ba042af2be9772d2b2cd892f44,818,0.9498777506112469,0.462033462033462,3787108.5188999996,-0.034786641433520255,-0.06957328286704051,0.6382278025034066,1.2764556050068132,1.973923147084132,3.947846294168264,0.005158135966737092,True
0xeb2c29a8917422b3ff466f74539b206318c40118,275,0.9563636363636364,0.3726235741444867,3728823.859,-0.9691419530015646,-1.9382839060031292,-1.3992067092192815,-2.798413418438563,2.951811385649672,5.903622771299344,0.005078750810743054,True
0xe2990ce029db870c805e90a1a8a1d8a1c52255d6,402,1.0,0.4577114427860697,3632621.9100999995,0.31844253220876656,0.6368850644175331,-0.43424449656598674,-0.8684889931319735,-0.17527588150577803,-0.35055176301155605,0.004947721364342234,True
0x482b0f4dad512fe086e121882a81e34c374acae4,400,0.705,0.21631205673758866,3371726.1659,-1.2156199652526036,-2.4312399305052073,-2.849975441343328,-5.699950882686656,-5.256099873596507,-10.512199747193014,0.004592374873738489,False
0x474461f92af7c8773df3fe79d1ff4121eba070ed,306,0.6143790849673203,0.22340425531914893,3269204.8,-2.1433344727936787,-4.2866689455873574,0.6061425596734054,1.2122851193468107,-6.414798129912328,-12.829596259824656,0.004452738224255468,False
0xf8905f26dff17d11859b89954a437bb85787d9a3,1159,1.0,0.4823123382226057,3085799.3699000003,0.0868202467482419,0.1736404934964838,0.21521343311836924,0.4304268662367385,-0.2177792369294677,-0.4355584738589354,0.004202935468202289,True
0x34fb5ec7d4e939161946340ea2a1f29254b893de,177,1.0,0.4011299435028248,3077073.6264,-0.16151289131938484,-0.3230257826387697,0.9305288877784578,1.8610577755569155,5.148134473234562,10.296268946469125,0.00419105078859534,True
0x1334f35fbc2e5117777c3debefa75446338766b7,1143,1.0,0.4881889763779528,2985404.8635,0.11063870203694916,0.22127740407389832,0.21365892644069892,0.42731785288139784,-0.00564172392763698,-0.01128344785527396,0.004066195654241248,True
0x31dea2516beee92135b96f464eeec3cf292a13f2,1589,0.6117054751415985,0.48148148148148145,2924097.3049,-0.0007260331731432884,-0.0014520663462865768,-0.23395433325818948,-0.46790866651637897,0.4326360791691177,0.8652721583382355,0.003982693235055395,False
0xd3f1af8e88d8de4701feb4834cce1e04d6cb0bbe,1146,1.0,0.4973821989528796,2874668.55,-0.159606945743994,-0.319213891487988,-0.3730512825997759,-0.7461025651995518,-0.14992272690055877,-0.29984545380111755,0.003915370041867686,True
0x95995f302ad58138d791ce49f9f3b1274e80c60a,128,0.984375,0.2698412698412698,2797001.055000001,-0.1587867999177968,-0.3175735998355936,-0.8940041587447817,-1.7880083174895633,0.7253061307616665,1.450612261523333,0.003809584982525835,False
0xb2b1d1a7a034d9209a627e754ebb8d24988ca23a,2015,1.0,0.4789081885856079,2734424.5410999996,0.2078419036505542,0.4156838073011084,0.9307217866009518,1.8614435732019037,1.3270668333730082,2.6541336667460165,0.00372435421466963,True
0xb4d6fe0f1504a55c65a986ef55b9148a6f0dae7a,4922,0.9993904916700528,0.46086602968082946,2621715.7161999997,0.05034749674387964,0.10069499348775927,0.4976964769766667,0.9953929539533334,0.49172962780313445,0.9834592556062689,0.003570841992724053,True
0xa2710511e1dac83973de2b394f669183a175a3f7,879,0.38680318543799774,0.47352941176470587,2342583.3533,-0.6582810833907622,-1.3165621667815244,-2.4593334177544146,-4.918666835508829,-0.9859350174751288,-1.9718700349502576,0.0031906567740092218,False
0xedbeeb29869daa48bcf3ee214a48678bae7ce13a,240,0.6541666666666667,0.3375796178343949,2223352.9194,-0.4121684938534158,-0.8243369877068316,-0.6985009904154943,-1.3970019808309886,-0.942008983136128,-1.884017966272256,0.0030282619584500693,False
0xa641557ad21090503498f6cef460e897ac6aa982,313,0.36741214057507987,0.4260869565217391,2076731.1541000002,-0.7578078148672445,-1.515615629734489,1.4280235782653943,2.8560471565307886,8.550957572314,17.101915144628,0.0028285594684564403,False
0x5f6eb0dceaae65eca27c926bdccb0a7fb13bc25e,487,0.5277207392197125,0.44357976653696496,1929612.0853000002,-0.9069477145264543,-1.8138954290529086,-0.12114137872785948,-0.24228275745571895,-1.1260577716740683,-2.2521155433481366,0.0026281796387306825,False
0x3d4873fad12d29ac2bef7d9953c72d8c3310deae,4685,0.9588046958377802,0.47506678539626,1902981.8917,-1.100392579555394,-2.200785159110788,-1.7105514614685617,-3.4211029229371235,-1.4689651292072285,-2.937930258414457,0.002591908652905003,True
0x010461c14e146ac35fe42271bdc1134ee31c703a,3886,0.6850231600617601,0.35537190082644626,1848474.9364,-0.32917326188750395,-0.6583465237750079,-0.5073943638948653,-1.0147887277897305,-0.3743028432877717,-0.7486056865755434,0.002517668824506337,False
0xa1fd761db90ac340a94ff9580e8ce1721d6f2743,981,0.10805300713557595,0.0,1681865.2210000001,-0.990390550274081,-1.980781100548162,-3.2914993353944872,-6.5829986707889745,1.4699084947987846,2.939816989597569,0.0022907422494891022,False
0x31ca8395cf837de08b24da3f660e77761dfb974b,3840,0.6236979166666666,0.309812108559499,1550946.0440000002,0.004378889420742756,0.008757778841485512,-0.141260208882439,-0.282520417764878,0.1665261829252993,0.3330523658505986,0.00211242707519474,False
0x9266865bb6afb4c4f618544dd3b8c970f17aa664,2936,0.9700272479564033,0.47577247191011235,1504439.7178,-0.6523183730105604,-1.3046367460211208,-0.9503398380612382,-1.9006796761224765,-0.8495796081784427,-1.6991592163568854,0.0020490843025607235,True
0xaf9f722a676230cc44045efe26fe9a85801ca4fa,46,0.9782608695652174,0.4,1422190.1697999998,0.37290362899131424,0.7458072579826285,-0.0911357801525803,-0.1822715603051606,1.238773781149056,2.477547562298112,0.0019370583731030966,True
0x3bcae23e8c380dab4732e9a159c0456f12d866f3,3712,0.11126077586206896,0.0,1410796.7707,-0.5503476865077594,-1.100695373015519,-0.34560323109623103,-0.6912064621924621,0.3893936079826225,0.778787215965245,0.001921540280239423,False
0xcc982ae47f0d3ca2d26728bc0aea49e60e42e9db,1022,0.2025440313111546,0.4782608695652174,1346886.5584,-0.4316525452021495,-0.863305090404299,-1.8196596311035995,-3.639319262207199,-2.119552545018516,-4.239105090037032,0.0018344929820008752,False
0x6bea81d7a0c5939a5ce5552e125ab57216cc597f,60,1.0,0.43333333333333335,1269461.8233000003,-1.038172815844154,-2.076345631688308,0.3537487997692157,0.7074975995384314,-0.574750940984911,-1.149501881969822,0.00172903856767889,True
0x15cf9649c5d5f3cde56279c5cef856894110c84f,205,0.2146341463414634,0.0,1101238.2149999999,-0.036790405062378566,-0.07358081012475713,-1.2140833670576294,-2.428166734115259,-0.29432324049892394,-0.5886464809978479,0.001499913830403455,False
0xd7b8209d95d4c05faaa505671211058d51529f55,147,0.3197278911564626,0.0,1033259.0133999998,0.05151190040249918,0.10302380080499836,-1.4118350989192514,-2.823670197838503,4.883596490315636,9.767192980631272,0.0014073244675655292,False
0x7e698eea0709e4a0dbbd790fc493d60691801157,337,1.0,0.18397626112759644,1026175.5011999999,-0.18457353270034055,-0.3691470654006811,-0.3381723878578303,-0.6763447757156607,-0.258763115120607,-0.517526230241214,0.001397676547822196,False
0xa70ac79d24b8ea7dc8899d6c2df26488130b4be9,283,1.0,0.4381625441696113,985323.2929,-0.26413545702252705,-0.5282709140450541,-0.5593759667683947,-1.1187519335367895,-0.6541402504925955,-1.308280500985191,0.001342034824353952,True
0x61ceef212ff4a86933c69fb6aca2fe35d8f2a62b,257,0.12062256809338522,0.0,944888.9552,0.0,0.0,-0.9402280526500247,-1.8804561053000495,-1.016554262490948,-2.033108524981896,0.0012869622510329889,False
0x6e6f2ca77afaee5a22dc3cf0f903f39a548a82a6,277,1.0,0.46570397111913353,908991.2164,0.051404544280150545,0.10280908856030109,-1.048790541704106,-2.097581083408212,-0.13100009632040086,-0.2620001926408017,0.0012380686382134133,True
0x07fd7e702ba749ffa49c3a6c17fcd9e6c7b7082a,68,0.6029411764705882,0.07317073170731707,906992.3452,0.15784167247335357,0.31568334494670713,-0.779665710682386,-1.559331421364772,-1.442410137841274,-2.884820275682548,0.0012353461259383782,False
0x0a97692d91fa9195a52da81cca2051c032c5347d,327,1.0,0.4954128440366973,888653.1285,-0.197433860553906,-0.394867721107812,-0.37339190822268437,-0.7467838164453687,0.0065540070170153715,0.013108014034030743,0.001210367656800258,True
0x6ba889db7f923622d3548f621ecc2054b80c1817,796,0.8919597989949749,0.4309859154929577,849286.8300000001,0.10434222736338734,0.2086844547267747,0.1164406095641046,0.2328812191282092,1.9589880849824721,3.9179761699649442,0.0011567497794257968,True
0x5efc5eaa41ebfefcc122e7600d3ac81549b6dd8d,391,0.2506393861892583,0.08163265306122448,845142.8409,-0.896262985860765,-1.79252597172153,-0.24365761975765005,-0.4873152395153001,6.973397331415412,13.946794662830824,0.0011511055632339973,False
0xd11a880a60b889f9e88d260a3be04accd60c0efe,658,0.9452887537993921,0.4678456591639871,843431.6008,-0.4400152539903105,-0.880030507980621,-1.346602974570398,-2.693205949140796,-1.364346248621257,-2.728692497242514,0.001148774811668923,True
0xae7a0f9f663bb54bfe95378c7e3de7dd6e28d6bc,731,1.0,0.10396716826265395,804957.3017,-0.24087624923704828,-0.48175249847409657,-0.3593522161830892,-0.7187044323661784,-0.4663295162552813,-0.9326590325105626,0.0010963718596562475,False
0xf899937184168b1d9dee75acbaa3fef0f52888db,168,0.8035714285714286,0.45925925925925926,793503.0895,-0.652769010489882,-1.305538020979764,-2.5028749799631527,-5.005749959926305,-5.371648056465677,-10.743296112931354,0.0010807709378382957,True
0x5559da6ec434c5723d0ce9c4da7f29e3f8a3d43b,205,0.6585365853658537,0.0,781235.8835000002,0.01243688281967876,0.02487376563935752,0.09329230184371325,0.1865846036874265,-8.593627296919648,-17.187254593839295,0.001064062698250181,False
0x936cf4fb95c30ce83f658b5bbb247e4bb381bb0f,454,0.4647577092511013,0.47867298578199047,775878.2631000001,-0.6573747779830312,-1.3147495559660625,-1.7796347857383963,-3.5592695714767926,0.6343081638482212,1.2686163276964424,0.0010567654860516268,False
0xdd6ee5e3f29077b534e5947373274f50f8ed0993,49,1.0,0.3673469387755102,757400.0,-0.03279734248794334,-0.06559468497588668,-1.387921401629144,-2.775842803258288,2.5064246148322247,5.012849229664449,0.001031597632259408,True
0xa650cbd841d3930df5adc53b9a35422fc558083b,304,0.2138157894736842,0.3384615384615385,744775.5098,-1.3544135529051384,-2.708827105810277,-2.500414498235192,-5.000828996470384,-6.053430537309897,-12.106861074619793,0.0010144027627072532,False
0x880ac484a1743862989a441d6d867238c7aa311c,166,0.5301204819277109,0.09090909090909094,727483.9578,-0.3440872880311865,-0.688174576062373,-0.8804062520605005,-1.760812504121001,-1.190134415985886,-2.380268831971772,0.0009908512389400358,False
0xd6ef5649200101eb44ce8949f4cfb167b0c5a07a,108,1.0,0.07407407407407407,705878.721,0.6692848697086917,1.3385697394173834,-1.6300741197553603,-3.2601482395107206,3.524658292851368,7.049316585702736,0.0009614243692182457,False
0xe0beac8b7449772d85312c326b12b2a55a4a35cd,190,0.8736842105263158,0.4819277108433735,667525.4404,-1.252595635897814,-2.505191271795628,-2.2018589229894787,-4.403717845978957,1.4066556568646948,2.8133113137293897,0.0009091862474116168,True
0x8a9683697f7e534d86d9e5e433ed725047991954,42,1.0,0.0,619790.0,-1.8841575220644482,-3.7683150441288964,-2.149415863050856,-4.298831726101712,-2.794102352049947,-5.588204704099894,0.000844169390676074,False
0xe6c650f79e5668859e6ec53f64a8daa4acaeab81,2597,0.7088948787061995,0.45736013036393264,618941.7287,-0.7185703381084193,-1.4371406762168386,-1.7139979378469812,-3.4279958756939624,-1.8834687868950502,-3.7669375737901003,0.0008430140240737587,True
0xf3362789cecf25c6a31288d172880d7ad9b81801,459,1.0,0.0,616819.9136000001,-0.4098635084852111,-0.8197270169704222,-0.9189739088578315,-1.837947817715663,-1.0150057371722576,-2.0300114743445152,0.0008401240591500036,False
0xa34b2d479ed63a733d35ddac696717f7974c61fe,57,1.0,0.3508771929824561,607095.6129,-0.9022989252062765,-1.804597850412553,-3.4880650552489336,-6.976130110497867,-8.250294462965295,-16.50058892593059,0.0008268793198081781,True
0xc926ddba8b7617dbc65712f20cf8e1b58b8598d3,443,0.4401805869074492,0.36923076923076925,606145.7972,-1.1439818709017509,-2.2879637418035017,-1.8418821194545019,-3.6837642389090037,0.08269802410165994,0.16539604820331988,0.0008255856472082273,False
0x3a140f8456b03f25ace243a211dca7b6c4bdb994,2670,0.7164794007490637,0.46994249869315213,578078.1831,-0.7090355032986142,-1.4180710065972284,-1.5681770674742221,-3.1363541349484443,-1.347397369749449,-2.694794739498898,0.00078735685892102,True
0xf36c562be0598b8ce109998b6aa2d53ffcd8316b,447,1.0,0.4854586129753915,544608.2355,-0.04955621657235341,-0.09911243314470682,0.13586323074422782,0.27172646148845564,0.5880732958175416,1.1761465916350833,0.0007417699580812966,True
0xbf1935fe7ab6d0aa3ee8d3da47c2f80e215b2a1c,20076,1.0,0.4978083283522614,536157.7893,-0.9881420878134584,-1.9762841756269167,-1.949576254815258,-3.899152509630516,-2.135355248509657,-4.270710497019314,0.0007302602402420366,True
0xd160a1c7bb2af6476b607b69341f9a8f0ba3cc59,200,0.215,0.3953488372093023,505776.2949000001,-1.0528421637418404,-2.1056843274836807,-4.014223536852908,-8.028447073705816,-0.03765514544583499,-0.07531029089166998,0.0006888798894530978,False
0x33ad48ed92e3e91a98278f0f7456eae6eafa516e,412,1.0,0.470873786407767,500960.3844,-0.07846929687558399,-0.15693859375116798,-0.408621162559736,-0.817242325119472,1.3670743739789566,2.734148747957913,0.0006823204996076088,True
0xb7ffa8403e08e84db4305c169818917cf8791d8d,131,0.5801526717557252,0.0,499278.5991000001,-1.0963829268573264,-2.192765853714653,-0.4640052121345652,-0.9280104242691304,-7.673511094612319,-15.347022189224639,0.000680029866212509,False
0x016b8816db87f0a0f8190e3f2ca88357809984a9,122,0.45901639344262296,0.0,436463.5968,-0.7876593876823517,-1.5753187753647033,-1.3125603385397988,-2.6251206770795976,0.92697656554226,1.85395313108452,0.0005944742712256469,False
0xbe6b18610e909da0df0a35e48375ed93c269db30,178,0.11235955056179775,0.0,430251.39470000006,-0.901272625669338,-1.802545251338676,-0.7463776231884376,-1.4927552463768752,0.9389216494730818,1.8778432989461635,0.0005860130975030738,False
0x807c89a2ed401b5646f0548845a2a0ba9985b17a,379,0.741424802110818,0.49822064056939497,427760.92199999996,-0.736067034537658,-1.472134069075316,-2.065615681613119,-4.131231363226238,-2.109774358144381,-4.219548716288762,0.0005826210117616864,True
0xe0c46719ed5c9d8b2f2f69652a72304aabddd756,40,0.85,0.4411764705882353,426069.8514,-1.981988138245893,-3.963976276491786,-0.36889834761283447,-0.7377966952256689,9.720375562027806,19.440751124055613,0.0005803177315571136,True
0x3e4e71d7a08d585e1b5bf885ddbecd8ff6ea15e0,183,0.18032786885245902,0.06060606060606055,409770.25899999996,-0.21502792415894492,-0.43005584831788984,-1.600278542586033,-3.200557085172066,0.07537879260194214,0.15075758520388427,0.0005581172814295278,False
0xf517639a8872e756ac98d3c65507d2ebc25cc032,185,0.12972972972972974,0.0,405516.2692,-2.7815197432442442,-5.5630394864884884,-6.4031300482926214,-12.806260096585243,-8.323096610011644,-16.64619322002329,0.0005523232415492325,False
0x8adb5c59106fc4373268ae5581183676ee527912,338,0.27514792899408286,0.06451612903225806,400059.9082,-0.506381449782689,-1.012762899565378,-1.3688382773036198,-2.7376765546072397,-2.0100140377378657,-4.020028075475731,0.0005448915421983578,False
0x9c2a2a966ed8e47f0c8b7e2ec2b91424f229f6a8,122,0.6639344262295082,0.0,391281.90030000004,-2.019217675175653,-4.038435350351306,-1.6074927890078181,-3.2149855780156362,1.0018525751752803,2.0037051503505605,0.0005329356771790887,False
0xc145414460edba004827e34c9eec61eaccdce237,163,0.588957055214724,0.5,386725.43140000006,-0.46649943230872887,-0.9329988646174577,-3.2567526357493803,-6.513505271498761,-6.020380307598221,-12.040760615196442,0.000526729653243647,False
0x51310f6128515866ea1fe539afa131dda710a8b9,35,1.0,0.0,385497.8996,-0.02255897758728043,-0.04511795517456086,-1.256697931802318,-2.513395863604636,-4.512152794595059,-9.024305589190117,0.0005250577244102654,False
0xe438197a24407445a58e0240a7a549e4738c2679,181,1.0,0.27071823204419887,378271.25409999996,0.0429044028555555,0.085808805711111,0.0032636982561739785,0.006527396512347957,-0.24927526140222692,-0.49855052280445383,0.0005152148535534154,False
0x2a11b1721fd2071d114732b510525c84ab429bce,215,0.22790697674418606,0.0,373990.0051,-1.4299307997036883,-2.8598615994073766,-6.673351514920686,-13.346703029841372,-9.612412762238266,-19.224825524476532,0.0005093836859649379,False
0x934eeff118be8939d2dab54c52b31c763bfe1c81,283,0.9858657243816255,0.4659498207885305,366003.1727,-0.5970658992606169,-1.1941317985212339,-1.3916221331955514,-2.783244266391103,-2.0412042423313586,-4.082408484662717,0.0004985054216487342,True
0xc757065ae8cd8163b98382b4a3284b80aedff6cd,83,0.39759036144578314,0.0,360770.31350000005,-0.9558381740615974,-1.9116763481231949,-1.1944441922636313,-2.3888883845272626,-3.297061918997283,-6.594123837994566,0.0004913781373066865,False
0xf66b6133ccea6309533a2b4dbe4231c920759218,188,0.10106382978723404,0.0,358634.43319999997,-0.3801724584971961,-0.7603449169943922,-1.8607251612787103,-3.7214503225574207,-8.33098165027042,-16.66196330054084,0.0004884690152308091,False
0xa5b0708a82f873cf54b7953ef499482c348f8881,1426,0.02664796633941094,0.2631578947368421,358436.25,-4.497468291202694,-8.994936582405389,-6.0397610128960695,-12.079522025792139,-2.330335302090299,-4.660670604180598,0.0004881990847847125,False
0x9d097697e5b82a52f6b82c16c148a753bbf5c8ae,511,0.03522504892367906,0.0,340351.83199999994,-0.3141363735493797,-0.6282727470987594,-1.9026168908572596,-3.805233781714519,-7.097526395480665,-14.19505279096133,0.00046356765781139657,False
0xb3b60a1fd4d8241bfd7b285c3560d75135350582,42,0.6666666666666666,0.1071428571428571,336513.555,-3.3639829558190213,-6.727965911638043,-3.114776624539722,-6.229553249079444,7.537836068888773,15.075672137777547,0.0004583398291011303,False
0x8ae835143debfe89b50d8913114eafda33347a34,199,0.4221105527638191,0.17857142857142858,320323.01940000005,-0.5773954158764456,-1.1547908317528912,-1.0033041891692218,-2.0066083783384436,3.193350720341901,6.386701440683802,0.00043628791704677114,False
0xc977566f8ef21a8fc2438e458d51626067b6515c,66,0.5606060606060606,0.32432432432432434,318273.3619,-0.5218348559626258,-1.0436697119252516,-0.8155493349339171,-1.6310986698678342,5.961140545643625,11.92228109128725,0.00043349623256836773,False
0xb8fc9614028221a4bcabaca9f017d3a0d4f68ee5,57,0.19298245614035087,0.18181818181818177,314532.2976,-1.598470043108955,-3.19694008621791,-1.5199298931324032,-3.0398597862648065,7.794011542620777,15.588023085241554,0.000428400809972632,False
0x570b09e27a87f9acbce49f85056745d29b3ee3c6,80,0.45,0.25,312498.21719999996,-0.35854404214738683,-0.7170880842947737,-0.8950622885997271,-1.7901245771994543,-2.5315347348555077,-5.0630694697110155,0.00042563034189174303,False
0xef5fdcefdb38803a654ee9f3539bed8058443d99,1378,1.0,0.16981132075471694,292116.1267,-0.4517708787640017,-0.9035417575280034,-1.2494133566220633,-2.4988267132441266,-1.2635087989914877,-2.5270175979829754,0.0003978694278432919,False
0x2352bb8d8cf7b94075062047628465094c81eea4,139,0.7841726618705036,0.44036697247706424,285404.5,-0.23857654580821067,-0.47715309161642133,-1.236451461166984,-2.472902922333968,-2.484240897084403,-4.968481794168806,0.00038872802539765015,True
0x48b5c751c2d63ac9134ce31f8d3e08b6836f6ee0,507,1.0,0.3668639053254438,283659.0971,-0.46337228318184387,-0.9267445663636877,-1.585695674646089,-3.171391349292178,-1.9025248490452524,-3.805049698090505,0.0003863507432495399,True
0x701855fa8a122de3128e6be82c33e0a6d4afc7b8,916,0.9301310043668122,0.4612676056338028,283135.76729999995,-0.32659528539499544,-0.6531905707899909,-0.628099769348129,-1.256199538696258,-0.37912498372357867,-0.7582499674471573,0.000385637955049684,True
0xbaec4142f328ec41e9003ba07fa71fa880f2d42d,37,0.8108108108108109,0.0,281023.05000000005,-0.3219338814875377,-0.6438677629750754,1.3890486911884856,2.7780973823769712,0.17126792800192014,0.3425358560038403,0.00038276038155573975,False
0x19a82c6b97039feff0a18ef5fb7c5013a7188235,174,0.4482758620689655,0.20512820512820512,279948.2884,-0.7229366952356319,-1.4458733904712637,-1.8601117789795416,-3.720223557959083,-0.3362335231963192,-0.6724670463926384,0.0003812965295332901,False
0xf11707aa67be4de8258b4ec6483f892b62c8b0b1,60,0.48333333333333334,0.4137931034482759,279087.3324,-0.7970192881747434,-1.5940385763494869,-2.7996953828182116,-5.599390765636423,-3.488645627341817,-6.977291254683634,0.00038012388605417795,False
0x7d1b83338a5af6f7689bb585d900b6debe071cc5,102,0.3431372549019608,0.2857142857142857,266422.3577,-0.17909351755408548,-0.35818703510817096,-0.3845836217427072,-0.7691672434854144,-6.3501661315157,-12.7003322630314,0.00036287387560640226,False
0xfe348be771e68b900b7c5e718d161ae72e063c0c,71,0.2676056338028169,0.0,264875.5456,0.0,0.0,-1.8418417605289559,-3.6836835210579117,-5.316384426998429,-10.632768853996858,0.0003607670790657234,False
0xbfb98495dd755ca2e45d0f41de6ddd645873f418,47,0.574468085106383,0.2222222222222222,264068.13,-0.7316547825114434,-1.463309565022887,-0.7799811673824493,-1.5599623347648985,6.662469796741804,13.324939593483608,0.0003596673589426585,False
0x5dd6780b815aa7b393fdb18ccaf0054941d6c767,120,0.14166666666666666,0.0,259112.05099999998,-16.090104585680034,-32.18020917136007,-9.654062751408249,-19.308125502816498,14.481094127111232,28.962188254222465,0.0003529170561149709,False
0xdc7be236c4b1ee77d16758451a198275ec9839b6,30,1.0,0.0,251450.0,-0.3478812276202444,-0.6957624552404889,0.7193865913537169,1.4387731827074337,3.21986625798108,6.43973251596216,0.0003424811521410459,False
0x8f8b4759dc93ca55bd6997df719f20f581f10f5c,733,0.0286493860845839,0.0,250718.00500000003,-0.4983468621463615,-0.996693724292723,-1.9953476833797177,-3.9906953667594354,-2.5677252334876655,-5.135450466975331,0.00034148415675046534,False
0xf573ada34e15d34fe32066754da10c5edd685f03,290,0.08620689655172414,0.0,243307.88180000003,-2.3955032897528294,-4.791006579505659,-3.2463798303049884,-6.492759660609977,-5.641876334613117,-11.283752669226233,0.00033139138470416154,False
0x8a0cd16a004e21e04936a0a01c6f5a49ff937914,60,0.13333333333333333,0.0,242980.0,-1.6462260268343265,-3.292452053668653,-2.4693390402503197,-4.938678080500639,-0.8231130134171633,-1.6462260268343265,0.00033094480153999335,False
0x19cb561fb96d9a4f9452a79573a79457daa22be9,73,0.3835616438356164,0.07142857142857142,240376.8637,-0.057692085799617536,-0.11538417159923507,-0.8933823400969418,-1.7867646801938837,-3.2280425951281875,-6.456085190256375,0.0003273992651740988,False
0x9b312f5df2f9da236a44c8c0047a5a143ccc6172,129,0.8914728682170543,0.40869565217391307,234624.7652,-0.6398565430967881,-1.2797130861935762,0.07874798150396732,0.15749596300793464,-1.1173004646323095,-2.234600929264619,0.00031956476399490303,True
0x26563eedb269448352ba0663f2ee554fbd389296,1616,0.0037128712871287127,0.0,231018.18999999997,-0.5265097667566297,-1.0530195335132595,1.5795293002682058,3.1590586005364116,4.870215342494663,9.740430684989326,0.00031465251889735153,False
0xc3592bb216418a817ddaad596c4b93ea04e617e3,374,0.06684491978609626,0.32,231004.935,-0.7093914045013189,-1.4187828090026378,-1.6495127657477517,-3.2990255314955035,1.0628538262883338,2.1257076525766676,0.0003146344652577746,False
0xa31f53e0735902bcd7dfcc0fe24b75a36f4d088e,151,0.17880794701986755,0.40740740740740744,228995.25280000002,-0.7031983599811971,-1.4063967199623941,-1.2588210681568295,-2.517642136313659,5.298232340631673,10.596464681263345,0.0003118972281319311,False
0x0c4926daf1250b8da7b9fc339f304d923b94d346,34,1.0,0.23529411764705888,221210.4573,-0.23620142591039356,-0.4724028518207871,-2.361611099551905,-4.72322219910381,-3.834997607353993,-7.669995214707986,0.0003012941430970437,False
0xa38f19c4ccbcfd64cff676d72c436f7e6239dccf,177,0.9943502824858758,0.36931818181818177,213233.47030000002,-0.06943965047380068,-0.13887930094760137,1.2706596381769846,2.541319276353969,1.202282338275835,2.40456467655167,0.00029042928846043943,True
0xd1e271c54697acdba05ddb1fae86bd088bbb0ee6,68,0.5588235294117647,0.2631578947368421,208741.97670000003,-1.7231674312849077,-3.4463348625698154,-3.2982327946602474,-6.596465589320495,-3.244421549818918,-6.488843099637836,0.0002843117624991663,False
0x27d33e77c8e6335089f56e399bf706ae9ad402b9,85,0.6235294117647059,0.0,199999.03,0.08949213215015789,0.17898426430031578,0.5369527929003328,1.0739055858006656,10.172272354388706,20.344544708777413,0.00027240365170607116,False
0xdd867e6f6a555db4ac95e42c530876afb9771e2e,919,0.015233949945593036,0.4285714285714286,199676.99999999997,-3.2704696619868163,-6.540939323973633,-5.955405883150179,-11.910811766300357,-9.527534712059236,-19.05506942411847,0.0002719650388390042,False
0xdf36b093cbc06522b68105c3d9141db188e980b6,207,0.41545893719806765,0.011627906976744207,199357.51360000003,-1.0665661109713127,-2.1331322219426254,-2.1130441834540976,-4.226088366908195,0.04762078845720358,0.09524157691440716,0.0002715298904183823,False
0x9960fda17fb04fa3b9531cc608565a23882ab121,80,0.45,0.4722222222222222,199127.56,-0.7494591993712566,-1.4989183987425132,-0.22060300537750344,-0.44120601075500687,4.710521811188955,9.42104362237791,0.0002712166878975353,False
0x79d26d4f2f19decb3f679ab2b1e540886d54b642,71,0.5915492957746479,0.0,198607.5,-0.6959552938201036,-1.3919105876402071,-1.448808643889333,-2.897617287778666,18.51664135623842,37.03328271247684,0.0002705083532465809,False
0x8e6ed79c48944265fe5d004010c11cb28aa105b4,66,0.3181818181818182,0.0,188100.0,-3.3381862299057423,-6.676372459811485,-8.948619957536453,-17.897239915072905,-20.969123445555926,-41.93824689111185,0.00025619687698441335,False
0x93944eb02d173ccbb73b333e253974ea2c1c554a,114,0.2631578947368421,0.16666666666666666,183849.52579999997,-1.4217422675510962,-2.8434845351021925,-3.437257424334342,-6.874514848668684,-5.630109241777682,-11.260218483555365,0.0002504076254387311,False
0x818816d01b6591fec6872a8368a1a94affdf0396,119,0.07563025210084033,0.0,176877.8775,0.0,0.0,0.0,0.0,0.7899518129386922,1.5799036258773844,0.0002409120671086211,False
0xc9ccdbab8f977a797d5cb2adb3d52cfb1a15bcaf,34,0.8235294117647058,0.35714285714285715,166525.5,-0.08676859131540937,-0.17353718263081874,-1.2721033470975784,-2.544206694195157,-1.4609254925753519,-2.9218509851507037,0.0002268118715484738,True
0x69d1652ae43f819e7518f732b2ea6b1a8ad00336,514,1.0,0.4377431906614786,165800.0642,-0.5062225731586094,-1.0124451463172188,-0.528000905369318,-1.056001810738636,0.40419989187409744,0.8083997837481949,0.00022582380995138346,True
0x0912d6c8cc359836847d4c5ba23ada6ef8d1e1d3,139,0.17266187050359713,0.0,164610.97280000005,-1.3833992094858907,-2.7667984189717814,-13.76772831199508,-27.53545662399016,-23.94346195945486,-47.88692391890972,0.00022420423789859767,False
0x2c9c60ab090633d088a985e82a783c1526888506,91,0.7362637362637363,0.19402985074626866,162843.8917,-0.3528381961560502,-0.7056763923121004,-0.6816717490531707,-1.3633434981063415,-0.6599382219560129,-1.3198764439120259,0.00022179742950307298,False
0xc2b01a2fd467dbb135cc9848b0552fb15a18aa85,172,0.1511627906976744,0.038461538461538436,158673.07869999998,-1.5266876069200914,-3.053375213840183,-0.8111356724469183,-1.6222713448938366,-1.4052374490261612,-2.8104748980523224,0.00021611667849251478,False
0x009310a0ea5593b92504a604891ca205dafefe04,33,0.21212121212121213,0.0,157882.759,-2.1815509679198555,-4.363101935839711,-3.329735687877374,-6.659471375754748,-7.003926791742576,-14.007853583485153,0.0002150402434103284,False
0x36221e5eaaba62c4cd753a6a5aa612e711c9d8a2,95,0.8421052631578947,0.2625,157350.41389999999,-0.48047505059484374,-0.9609501011896875,-0.4135452759039014,-0.8270905518078028,3.124483055645867,6.248966111291734,0.000214315176147713,False
0x550cd6b6596e8bc32f9d4b2d51273fd520df7440,428,0.014018691588785047,0.0,153180.00000000003,-0.5222613918261342,-1.0445227836522684,-7.181094137615467,-14.362188275230935,10.967489228358836,21.934978456717673,0.00020863496872127826,False
0xb00d14ffba1f3d754d90b1d4581a7f8d19890b98,32,1.0,0.375,153118.35,-1.5677226812866691,-3.1354453625733383,-3.228492121474541,-6.456984242949082,0.0974242659835588,0.1948485319671176,0.000208550999888391,True
0x34843b85e9dbc33a071307ad4f8e587ab551dc6b,38,0.3157894736842105,0.0,152517.69069999998,-0.14035087719305425,-0.2807017543861085,-6.271549158520443,-12.543098317040887,-7.828071836527041,-15.656143673054082,0.00020773288698678732,False
0x8ba7802f6bfcee778d33f882c67b03a93d077eb1,100,0.07,0.0,150835.84649999999,-0.11389391920338825,-0.2277878384067765,-0.11389391920338829,-0.22778783840677658,-2.9612418992945697,-5.922483798589139,0.0002054421733684229,False
0x7ab12f7a0925ef24927343d47199e75a91fc78aa,70,0.7428571428571429,0.36538461538461536,150113.222,-0.7851657259875983,-1.5703314519751965,-0.6681206356082019,-1.3362412712164038,1.5283517604858317,3.0567035209716633,0.00020445794083183376,True
0x9e45c43471f53e5d1bb6f06c8207d27464ae4586,34,0.17647058823529413,0.0,149999.2284,0.0,0.0,-2.2112958193499765,-4.422591638699953,1.0406097973406652,2.0812195946813303,0.00020430267871425687,False
0xba46f50e7574c10e1383c5f0f9b6bda184ed4196,427,0.3161592505854801,0.31851851851851853,147900.956,-0.9067410793012503,-1.8134821586025005,-2.6852739969544044,-5.370547993908809,-1.8624962534832448,-3.7249925069664895,0.00020144477953327555,False
0xa930cdefd5c41bbb92081faa33afdd5b3ba0c999,161,0.8136645962732919,0.2748091603053435,145299.4168,-0.35748793444001054,-0.7149758688800211,-0.9486919671017697,-1.8973839342035395,-0.800888988368622,-1.601777976737244,0.00019790141845729188,False
0xdc7e0217ebef8dd5726dbad6de202ee87b10d4a0,123,0.08943089430894309,0.36363636363636365,145216.20770000003,0.1459761616256391,0.2919523232512782,-0.2972848392920777,-0.5945696785841554,-6.572660034388388,-13.145320068776776,0.00019778808559415162,False
0x51f63885534cb494f4592a0311551f369bff2b39,91,1.0,0.2857142857142857,142579.3174,-0.04648380227905523,-0.09296760455811046,-0.08609995524349713,-0.17219991048699426,0.9889302179438518,1.9778604358877037,0.00019419657544098576,False
0x1bce9549c13f72fbc1b39a8971f7ba10734215b5,36,0.7777777777777778,0.25,139182.5,-1.1073567117736869,-2.2147134235473738,-1.8441292519312398,-3.6882585038624796,-3.464878824016018,-6.929757648032036,0.00018957002568252584,False
0xc1747326af9faff2c46ff0eec8cac7476eee1b5e,41,1.0,0.2682926829268293,138700.47879999998,0.020071461465455635,0.04014292293091127,0.8707053847850805,1.741410769570161,1.0631672820838507,2.1263345641677014,0.00018891350082298153,False
0x1401119ae23eaec2108e64f22e0937a713d1ba3e,945,0.9788359788359788,0.4259459459459459,131280.4981,-0.11980477718588495,-0.2396095543717699,-0.13677518980887896,-0.2735503796177579,-0.766861491501043,-1.533722983002086,0.0001788073026165774,True
0x3eeb3368c7676fae6a3496cb0ee2d3a99cb460e4,69,0.4492753623188406,0.032258064516129004,128273.8,-2.332914745205665,-4.66582949041133,-3.452355125036822,-6.904710250073644,-2.2548035575014063,-4.5096071150028125,0.00017471210504478064,False
0xb0609ebefd3282f74bc87e2a53eefbc5bc915216,64,0.453125,0.3793103448275862,126881.54309999998,0.19059445188604573,0.38118890377209147,-0.1642929973706052,-0.3285859947412104,-0.5502222299292883,-1.1004444598585765,0.00017281581652941645,False
0x3c43014aedbb496e173059f94bfe3b0ed1d55ba0,40,0.275,0.18181818181818182,125627.5,0.0,0.0,-0.8679936323093513,-1.7359872646187027,-12.081963048635556,-24.163926097271112,0.00017110777864624873,False
0x0a61d49add67eb62f2580ed94d905547914e45b4,32,0.3125,0.4,124184.68710000001,-2.790477659546811,-5.580955319093622,-6.813243695985977,-13.626487391971954,1.3124430753930147,2.6248861507860295,0.00016914263160184244,False
0x34365f472a3af2ff8167970a519931437e2c2094,47,0.6382978723404256,0.0,120452.5,-1.9563102930908183,-3.9126205861816366,2.8540474300750724,5.708094860150145,5.3459022895185155,10.691804579037031,0.00016405929997323257,False
0x034d4f0b00827e4ac77d910071377f707ddd23d3,469,0.14712153518123666,0.08695652173913043,119462.1074,0.13763320281287417,0.27526640562574833,-0.44820738783067876,-0.8964147756613575,-1.9356892704355109,-3.8713785408710217,0.00016271036062656338,False
0x3c3a43c5661c9965791d7bc438c968555ee03fbd,42,0.47619047619047616,0.1,119369.40000000001,-0.3932881821486187,-0.7865763642972374,-1.1766068374632073,-2.3532136749264145,2.0868138301932637,4.173627660386527,0.00016258409084265408,False
0xe6deb8055207cf89fd3111f581708705a1bd0c4f,103,0.13592233009708737,0.4285714285714286,113716.9783,-1.3131640318384634,-2.626328063676927,-3.832044778166465,-7.66408955633293,0.38035223221064246,0.7607044644212849,0.0001548853519434572,False
0xc1914d36f97dc5557e4df26cbdab98e9c988ef37,37,1.0,0.35135135135135137,111132.5419,1.7204324028196205,3.440864805639241,2.2554930968609788,4.5109861937219575,3.6272210208253592,7.2544420416507185,0.00015136528530632355,True
0xfe5e2202e403f8ad551ef3f5416d3671f11dacbb,31,0.6774193548387096,0.2857142857142857,106140.25739999999,-0.898432497086082,-1.796864994172164,-1.2932405370478066,-2.5864810740956132,-4.201787557241907,-8.403575114483814,0.0001445656696874097,False
0x2cbc4b8e722d5e514b77216c5955c19dd0ad9ab9,47,0.8085106382978723,0.13157894736842105,105356.4,-0.6286280055743397,-1.2572560111486795,-0.7061901099621998,-1.4123802199243995,-4.327577951386717,-8.655155902773433,0.0001434980364185042,False
0x8c84d3c8ba8529df7a507089f2f8f030185609e0,920,0.6141304347826086,0.04601769911504425,101238.761,-0.8745938991471206,-1.7491877982942412,-1.580276186997381,-3.160552373994762,-1.0060672766390468,-2.0121345532780937,0.00013788970971808306,False
0x9759e8a0ef557950e2105984464a36afa7527c15,77,0.3116883116883117,0.375,100819.23629999999,-0.5004827126806993,-1.0009654253613987,-1.499206162834288,-2.998412325668576,-0.7359544780763866,-1.4719089561527732,0.00013731830664547365,False
0x9020d2115a4d6151b5307aa9a58b9e8601e2187d,31,0.25806451612903225,0.0,99999.5997,0.0,0.0,-1.6335865392465916,-3.267173078493183,-1.6335865392465916,-3.267173078493183,0.0001362019412165416,False
0xb1688bcae7de088fe9f2ef1d1f79e681fc0443ed,160,0.93125,0.24161073825503357,98280.2575,-0.4383508560844718,-0.8767017121689435,-2.0249719367883987,-4.049943873576797,0.08786358011696174,0.17572716023392349,0.00013386015438981375,False
0xe33379dec58ceb90d67d9bac7246672c92541121,41,0.6097560975609756,0.0,94966.7082,-1.2050342915486112,-2.4100685830972224,-1.2061473390348483,-2.4122946780696966,2.8219159167417582,5.6438318334835165,0.00012934701785396105,False
0xe52f8f63f002853d687fbc01c0f810a1e4efef2f,401,0.04239401496259352,0.47058823529411764,94686.31189999999,-0.2872968951960549,-0.5745937903921098,-2.2033518988830987,-4.406703797766197,-9.133383018125908,-18.266766036251816,0.00012896511112148903,False
0x67fab5e18c4f67c392cdf535d60767a5c1062fbd,31,0.8387096774193549,0.38461538461538464,94369.59,-0.40808186735061314,-0.8161637347012263,-1.546618388733929,-3.093236777467858,0.3553728955602175,0.710745791120435,0.00012853372801860459,True
0x9307547d686b2909b4c4eb932777a2d5615dece0,35,0.45714285714285713,0.0,93770.304,0.48885412592907296,0.9777082518581459,-6.2573328118888,-12.5146656237776,-13.150175987484491,-26.300351974968983,0.00012771748558574716,False
0x9b220c39d91cabb77132d1e7a4f30c6501aa3aaa,34,0.38235294117647056,0.0,92987.2537,-1.2082237877019382,-2.4164475754038763,-2.114338248080436,-4.228676496160872,-0.4226683627969432,-0.8453367255938864,0.0001266509516071097,False
0xec7c3257d80aa80d06d996517020744e40a70b05,230,0.13478260869565217,0.16129032258064516,89122.5469,-0.1331292170119713,-0.2662584340239426,-0.8631481987228595,-1.726296397445719,1.6923881890259425,3.384776378051885,0.0001213871248520835,False
0xf5d81a135f756ca16544e53c20fc20643ec3ad53,9484,0.0036904259805989035,0.4,87383.03929999999,1.527726211832159,3.055452423664318,3.3097622887586162,6.6195245775172324,-2.0027473974868397,-4.005494794973679,0.00011901787224915604,False
0xfbe6bb269f1e3cb3b303e336040025fed23328d8,119,0.9831932773109243,0.24786324786324787,86943.0653,-0.925212247824812,-1.850424495649624,-0.8196860897399484,-1.6393721794798968,0.5036734903395683,1.0073469806791366,0.00011841861672148812,False
0xa1d4fc32f21d9d77a4c20a6ac4b748815912c07c,59,0.3220338983050847,0.3684210526315789,84403.30140000001,-0.7504009962556162,-1.5008019925112324,-3.7527612577813527,-7.505522515562705,0.20469073262290655,0.4093814652458131,0.0001149593951401072,False
0x6aeaa346d254890446db0b67be7d1dd666577c58,75,0.36,0.0,81913.29000000001,0.05350274921961156,0.10700549843922312,1.9527584616671494,3.905516923334299,-0.005076596430756839,-0.010153192861513678,0.00011156793770078988,False
0x91b0851797873bdbcd8a2a519a92fffcfde61041,55,0.2909090909090909,0.0,81607.142,-0.788617499596467,-1.577234999192934,0.044951601753804526,0.08990320350760905,-0.25060804459913033,-0.5012160891982607,0.00011115095651261856,False
0xcc3938d6cf2d1dd16249686220278713973ab25b,75,0.7466666666666667,0.3214285714285714,81391.41570000001,-0.19957105328732413,-0.39914210657464827,-1.451189818864431,-2.902379637728862,-1.1535680650811326,-2.3071361301622653,0.00011085713192812415,True
0x6b8d4f8f8afed3d4b023a954916192b29070a28b,31,0.25806451612903225,0.125,81122.56019999999,-0.29899975166783116,-0.5979995033356623,-2.067506965577694,-4.135013931155388,-2.2572022505428464,-4.514404501085693,0.0001104909440522066,False
0xc1e42f862d202b4a0ed552c1145735ee088f6ccf,250,1.0,0.488,80257.0,-1.025268790018487,-2.050537580036974,-1.5720286835623396,-3.144057367124679,-2.2713669019225553,-4.542733803845111,0.00010931202953821404,True
0x485b22c605e46454068e5ae22f57fa638eb960b5,117,0.48717948717948717,0.38596491228070173,79699.1003,-0.2238460274467102,-0.4476920548934204,-0.5053684157011956,-1.0107368314023912,1.5930497611963876,3.1860995223927753,0.00010855215627500012,False
0x21424c285bd0e1d3205b61ab04222047438d34b4,59,0.1694915254237288,0.0,75424.75,-1.361629008652356,-2.723258017304712,2.0636235315339526,4.127247063067905,-0.860394133414888,-1.720788266829776,0.00010273038488745417,False
0x6ce22b51c9b4d72a12f692a02d9571945eb59114,32,0.75,0.375,74435.5061,-0.742097154377384,-1.484194308754768,-2.373924940277775,-4.74784988055555,0.03274857650243446,0.06549715300486891,0.00010138301009874667,True
0xdca48e2b01f734fef27fcae98e5bfbd9f91043ff,37,0.4594594594594595,0.29411764705882354,74231.0,-1.6992834688037834,-3.398566937607567,-2.8393214763384145,-5.678642952676829,2.6780393744700577,5.356078748940115,0.00010110446770563522,False
0x98deff289bbae5e56bb66c1bf2793b71ff8a207f,32,0.53125,0.0,73010.0,-0.245098619572746,-0.490197239145492,-2.653466053068085,-5.30693210613617,3.2902079325540097,6.580415865108019,9.944143534626271e-05,False
0xeb09dc7db8f8d4b749e074b92efefe804410507b,108,0.75,0.37037037037037035,72577.6237,-1.2552439653381475,-2.510487930676295,-2.7607515855723084,-5.521503171144617,-2.01182746305829,-4.02365492611658,9.885252807490665e-05,True
0xa84b5c2b9a82bf981af21058cc3d01a0bc470803,353,0.028328611898016998,0.0,72245.1652,-0.47870618454020664,-0.9574123690804133,-1.8308663337120268,-3.6617326674240536,0.8355987576039864,1.6711975152079728,9.839971133154184e-05,False
0xea7db019a7f4b9c5ee7acec82dbd9f09e71efc75,71,0.4507042253521127,0.46875,71422.89129999999,-0.2771856425214056,-0.5543712850428112,-0.7929956441504655,-1.585991288300931,-0.8799920156495713,-1.7599840312991426,9.7279753834435e-05,False
0xe145a97a01ac61fd5faa866c15f58e672c532243,146,0.863013698630137,0.46031746031746035,71201.05359999998,-0.4603400245961843,-0.9206800491923686,-1.7284883323468911,-3.4569766646937823,-1.5373925311473808,-3.0747850622947617,9.697760537118455e-05,True
0xc5764014346f6b49e0a045007942817270730236,47,0.14893617021276595,0.2857142857142857,70982.4558,-1.4733350631082704,-2.946670126216541,-4.541198962639198,-9.082397925278396,-7.616657748204227,-15.233315496408453,9.667986973229215e-05,False
0xd8592afc09c864df215d8012122aed08e4ae453f,198,0.5151515151515151,0.0,70178.1984,-0.47024696749048817,-0.9404939349809763,-2.8024195152616533,-5.604839030523307,-1.1889433886779535,-2.377886777355907,9.558445115615391e-05,False
0x005110f17139e63b2d624e4c040c861af4c12519,1083,0.01662049861495845,0.0,69996.8376,-6.375147323625343e-14,-1.2750294647250686e-13,-2.4184497622226204,-4.836899524445241,-1.4738416706211137,-2.9476833412422274,9.533743323713533e-05,False
0x67fcc46ed2a63971697dad2fc7bb0091fe89e51d,32,1.0,0.0,69932.86420000001,-0.31326750457907804,-0.6265350091581561,-1.17510093997884,-2.35020187995768,-1.1755005445698472,-2.3510010891396944,9.525029987567828e-05,False
0xadebff92fce62b2e6ac9e72a286ff1501098d09d,167,0.08982035928143713,0.0,69812.8,-1.28660825841581,-2.57321651683162,0.2114994790864273,0.4229989581728546,2.7118203959159257,5.423640791831851,9.508676944995987e-05,False
0xad0d614bed719fed42cf5bfeccb75e47256da754,434,0.9447004608294931,0.4951219512195122,68026.24220000001,0.12152974343923045,0.2430594868784609,-0.2661638427026611,-0.5323276854053222,1.0675315037621946,2.1350630075243893,9.265343330475974e-05,True
0xc30c7ea910a71ce06ae840868b0c7e47616ba4c9,110,0.10909090909090909,0.5,65457.816000000006,-0.3373195894551184,-0.6746391789102368,-1.933033685656823,-3.866067371313646,-1.2031333714292718,-2.4062667428585436,8.915517295810932e-05,False
0x079d5bf7d498d7812409b45d18f63b4784e94167,211,0.10900473933649289,0.043478260869565216,64820.180199999995,-1.0223344770981335,-2.044668954196267,-1.657554090601973,-3.315108181203946,-18.01107776560661,-36.02215553121322,8.8286697144109e-05,False
0x8e80c4b533dd977cf716b5c24fd9223129272804,393,0.9338422391857506,0.4904632152588556,63079.847200000004,-0.04872631903597745,-0.0974526380719549,-0.1706150962254368,-0.3412301924508736,1.1831737852668278,2.3663475705336556,8.591632032585854e-05,True
0x7585ca5118a3ec6abe5169af82cdf26d3da2aa00,125,0.992,0.41935483870967744,62380.495,0.018174820029918944,0.03634964005983789,0.6387435650359903,1.2774871300719806,3.2733535228654453,6.546707045730891,8.496378524051999e-05,True
0x27c9fa86c91b84ddfa15de58c482ff662498d65d,63,0.14285714285714285,0.4444444444444444,59995.4299,0.007578557827520161,0.015157115655040323,1.430619372513499,2.861238745026998,11.3420676567542,22.6841353135084,8.171526727122432e-05,False
0x1032135aa1539330698b5b10da3dd0f62606f704,45,0.06666666666666667,0.3333333333333333,57863.6,-1.0600519693463977,-2.1201039386927953,-1.5903307888037548,-3.1806615776075096,0.7958396204920254,1.5916792409840508,7.881166194085752e-05,False
0xba208f8ba2fa377dfa9bae58a561d503c3f4d96c,77,0.3116883116883117,0.16666666666666666,56587.2556,-0.2694023485407884,-0.5388046970815769,-1.7724007874448315,-3.544801574889663,1.61026297812007,3.22052595624014,7.707324913258241e-05,False
0xc62df97dcf96324adf4edd30a4a7bffd5402f4da,130,0.03076923076923077,0.0,56555.458999999995,0.2051702913416271,0.4103405826832542,-4.51374640952017,-9.02749281904034,4.924086992202842,9.848173984405683,7.70299413727806e-05,False
0x15b7f63ff487ab654f582b8b03a45198908e35f9,33,0.48484848484848486,0.375,56090.0,-1.0044466026242151,-2.0088932052484303,1.7600898842780937,3.5201797685561873,4.893618508943852,9.787237017887705,7.639597464144468e-05,False
0x4e4cdfeb4105c7a458f381373e21a3bc3ad78ece,69,0.8985507246376812,0.14516129032258066,53481.739700000006,-0.7060682565609145,-1.412136513121829,-2.2843449762215964,-4.568689952443193,-3.591364507520032,-7.182729015040064,7.284345926014522e-05,False
0xd590c3d3939f3c09c679fc7d9ba7ac36aa5ba99e,188,0.05319148936170213,0.09999999999999998,52830.338,-2.2468179929751577,-4.493635985950315,-3.007290199369062,-6.014580398738124,7.111530083807669,14.223060167615339,7.195623394806474e-05,False
0x9815aec32ff0db5b81241c9d17f187a3b44a0f16,4931,0.20807138511458123,0.4044834307992203,52500.0592,-0.14373297241292454,-0.2874659448258491,-0.4341697088691518,-0.8683394177383036,-0.7258937270711795,-1.451787454142359,7.150638601029674e-05,False
0xf08062d105b4729f4baa78572578a0231e5a6588,161,0.9006211180124224,0.4068965517241379,52285.293600000005,-0.9942251527755034,-1.9884503055510068,-0.9490874267097734,-1.8981748534195468,-1.145726846121916,-2.291453692243832,7.12138699230895e-05,True
0x86416d9d3d40d2dc27fb500908bc6da3276706d5,40,0.8,0.28125,52007.629499999995,-0.4493133788511984,-0.8986267577023968,-0.7000408987076434,-1.4000817974152868,-0.359244793328915,-0.71848958665783,7.083568451495186e-05,False
0xc4bc3947bc042661669a856c8a797e757bd1a829,128,0.0234375,0.0,50760.00000000001,-1.0506960861568702,-2.1013921723137403,-0.7880220646174659,-1.5760441292349319,-8.142894667716677,-16.285789335433353,6.913638211445413e-05,False
0xfd0383473fe49c8392c650ab6f54ea2b57079175,41,0.4878048780487805,0.4,50672.395800000006,-0.7451254081982697,-1.4902508163965393,-2.352238320595072,-4.704476641190144,-2.709723452214366,-5.419446904428732,6.901706301583256e-05,False
0x4334ff1dd9fa46667b718a6f8a489c3d0079b44b,273,0.1575091575091575,0.0,50427.34649999999,-0.29451649950407516,-0.5890329990081503,0.4240908807527162,0.8481817615054325,1.3275940259914174,2.655188051982835,6.868329977624074e-05,False
0x9b6ecbd892f211f5d3d6a17bdea8d795ec21afed,118,0.025423728813559324,0.0,49852.9425,-0.26964353125144,-0.53928706250288,-3.522490163079848,-7.044980326159696,-14.6872431742551,-29.3744863485102,6.79009472460581e-05,False
0xa6a1140c06c35619038823f58a54f25eb33c29eb,314,0.7898089171974523,0.4274193548387097,49272.072400000005,-0.41672996918523275,-0.8334599383704655,-1.234819943917595,-2.46963988783519,-1.483049189263293,-2.966098378526586,6.71097877269001e-05,True
0xefc100ddf75f3c408a9f28bed26a9564e2f4a412,217,0.7695852534562212,0.38922155688622756,48841.2668,-0.7518630145389236,-1.5037260290778471,-1.4841268167456332,-2.9682536334912664,-1.089470120534663,-2.178940241069326,6.652301978799846e-05,True
0xac83e9bfad94b8ab07b651bc1cf7bf1563245c8d,33,0.21212121212121213,0.4285714285714286,48235.0056,-0.46219623155224604,-0.9243924631044921,4.501237925043632,9.002475850087263,11.279775440173825,22.55955088034765,6.569727695930722e-05,False
0xf4827b61bd5879d12c4d0aaa078a96c3a9c3f953,621,1.0,0.48792270531400966,48110.5694,-0.9123475213237955,-1.824695042647591,-1.6963315941832844,-3.3926631883665688,-0.6016029605401143,-1.2032059210802286,6.552779176088187e-05,True
0xb676a78f19227ffe9a97db93263fce675e547dbf,2515,0.0031809145129224653,0.0,47925.7625,-2.6279308199811497,-5.2558616399622995,-1.6052401866145147,-3.2104803732290295,-0.6282732482607245,-1.256546496521449,6.527608016797824e-05,False
0xe5c4fcc72c670430ba7639f9b193f1d564dd5a59,818,0.969437652811736,0.49558638083228246,47683.583999999995,-0.6066530486774624,-1.2133060973549248,-1.239799644454386,-2.479599288908772,-1.6286220807841287,-3.2572441615682575,6.494622702936702e-05,True
0xe60ed8d86be89a30dcef919856e0384ab2724c25,1803,0.9417637271214643,0.4729093050647821,47520.302200000006,-0.9886265325167498,-1.9772530650334996,-1.8233902412714658,-3.6467804825429315,-1.2764471678112563,-2.5528943356225127,6.472383315787106e-05,True
0xa6c9c1886ebfc76a4f409cb325e85916c0c4632c,51,0.2549019607843137,0.0,45572.9946,0.32075338555169275,0.6415067711033855,-0.32075338555233096,-0.6415067711046619,-19.245203133119436,-38.49040626623887,6.207155178813149e-05,False
0x077dada7e5e64280c32a2ee4088d4e81bd706788,49,0.3469387755102041,0.3529411764705882,45428.00000000001,-0.09367653384308605,-0.1873530676861721,-1.2119234365548734,-2.423846873109747,-3.343495606376042,-6.686991212752084,6.187406553773488e-05,False
0x8a9f2f1b2ec129029c1c60a96db7e852e29841d4,55,0.23636363636363636,0.0,45007.2335,-1.4082862688442381,-2.8165725376884763,-2.0550890750450486,-4.110178150090097,-2.148355878525079,-4.296711757050158,6.130097110264895e-05,False
0x0ddcec3c593a9f577c888a6c9e56e8b0f5fcd048,55,0.23636363636363636,0.0,44998.5618,-1.4716056766761212,-2.9432113533522424,-2.343647192978313,-4.687294385956626,-10.762637672996387,-21.525275345992775,6.128916003163275e-05,False
0xed8477074529478064ff1ada1bbdb85075a43b57,50,0.76,0.39473684210526316,44910.8003,-0.7171998988266196,-1.4343997976532392,-1.4304830053592112,-2.8609660107184225,-2.027825209087182,-4.055650418174364,6.116962668650003e-05,True
0x5d8265f9f86d0b354d24ce76146aa7b6054001f8,426,1.0,0.07981220657277,44645.461200000005,-0.7182379707733831,-1.4364759415467663,-1.6187598430931351,-3.2375196861862703,-1.635026283744085,-3.27005256748817,6.080822823481552e-05,False
0x2e41d64f71b6bb53197094bae78c5918f1b57ca4,30,0.4,0.0,44035.932100000005,-0.32992847150754595,-0.6598569430150919,-0.8576049457725349,-1.7152098915450698,-1.64951168244538,-3.29902336489076,5.997803444507007e-05,False
0x177019594ba3913d416ab1a8f3e5527d4c2b2837,4125,0.21915151515151515,0.4336283185840708,43867.7521,-0.15966806571747721,-0.31933613143495443,-0.19612930144517599,-0.39225860289035197,-0.3491581408021776,-0.6983162816043552,5.974896910338351e-05,False
0x69bd6ef34435b4dae8beb3edc232b52293424a50,233,0.8969957081545065,0.34928229665071775,42331.1333,-0.19119718965032098,-0.38239437930064196,-0.953665471272758,-1.907330942545516,1.6284604594033385,3.256920918806677,5.76560560907544e-05,True
0x261af68f656dc79e88bd748564c74304baab714a,162,0.46296296296296297,0.3866666666666667,41382.33840000001,-0.5777473583992739,-1.1554947167985479,-1.5999105123315678,-3.1998210246631356,-2.3010175753246007,-4.602035150649201,5.636377384578504e-05,False
0x339a9d7d7000f31af102a885089d3de936a4a8a4,33,0.42424242424242425,0.0,39997.740000000005,-0.6251400556705002,-1.2502801113410005,0.002237984890969967,0.004475969781939934,-2.400479440658443,-4.800958881316886,5.44779163978445e-05,False
0xa36330415aadb085d5a3cdce06ff89601071d429,153,1.0,0.3464052287581699,39303.63709999999,-0.1046925312529269,-0.2093850625058538,-0.4461787566028347,-0.8923575132056694,-2.4030635984046094,-4.806127196809219,5.353253098962638e-05,True
0x9ff2650389420617f6ddef53a4c038a65e3775b7,225,0.9733333333333334,0.3972602739726028,37610.62669999999,-0.6716151460506061,-1.3432302921012123,-2.3686597377003187,-4.737319475400637,-3.858931681824327,-7.717863363648654,5.122660872922164e-05,True
0xadcbc1f36213b15399e0497508c50a1cda7bf08f,432,1.0,0.46064814814814814,37350.334,0.03283994593410217,0.06567989186820435,0.13984310341112674,0.2796862068222535,-0.26675046114569123,-0.5335009222913825,5.087208359981261e-05,True
0xc5c4515e7e95dabbabf4fc26e9f1f6558d0d1006,819,0.9987789987789988,0.4388753056234719,36830.7743,-0.6403963632569777,-1.2807927265139554,-1.417364499211012,-2.834728998422024,-1.1538134468400807,-2.3076268936801614,5.016443036989788e-05,True
0x9a4c59a02d0bc9237868b1f7217a322ca8126cbb,55,0.12727272727272726,0.14285714285714285,35967.648799999995,-1.1426488954254512,-2.2852977908509025,-1.9454886018325594,-3.890977203665119,-5.8327655783307595,-11.665531156661519,4.8988831977842535e-05,False
0x106943709714fb0e5e62b82f5013ebc762591ae1,50,0.94,0.0,35167.822,-0.3562706208508585,-0.712541241701717,-3.233627354135888,-6.467254708271776,-2.521095718314589,-5.042191436629178,4.789944798906829e-05,False
0x845d6d3ae848690e5c2b23c70e2de7f1553c8e6c,32,0.1875,0.0,35025.021,-4.822006724266491,-9.644013448532982,-7.674127826502446,-15.348255653004893,-13.528261352464588,-27.056522704929176,4.770494947641411e-05,False
0x0773c355a7f4e0f687d4944ea63c195128f9a1d5,37,0.5945945945945946,0.0,34997.5416,-4.015266826978979,-8.030533653957958,3.7126329339492163,7.425265867898433,26.39313323550598,52.78626647101196,4.766752185035666e-05,False
0x12b3a25d29283a86d35d1680954e1a6366e0957d,94,0.010638297872340425,0.0,34702.121,-0.8028904054589245,-1.605780810917849,-2.4086712163790556,-4.817342432758111,6.423123243677101,12.846246487354202,4.726515164771519e-05,False
0x12450c37e1b38da5704242725a4ad4fc14f53084,279,0.06810035842293907,0.0,34499.7474,0.6783512672453081,1.3567025344906163,11.023208092730595,22.04641618546119,24.16626389560151,48.33252779120302,4.6989513772626975e-05,False
0x9acc9ebc12e38ecb6845565fa9f5bdc0df4e2385,614,1.0,0.4543973941368078,34085.681800000006,-0.7647877954935287,-1.5295755909870574,-1.3361253697960773,-2.6722507395921546,-1.0616917664085672,-2.1233835328171344,4.6425546129954584e-05,True
0xc7286fafcaccddca0c45a0f34fb6bc7af6f1779f,32,0.0625,0.0,33600.39,0.3937007874017762,0.7874015748035524,0.0,0.0,-1.9685039370077622,-3.9370078740155243,4.576456663188895e-05,False
0x7adcadcea6e46796943ee6997c585ea5c00211ec,107,0.06542056074766354,0.2857142857142857,33402.418000000005,-0.34302179331794846,-0.6860435866358969,-6.407203038552594,-12.814406077105188,-14.176241109459681,-28.352482218919363,4.549492384544367e-05,False
0xc2f3a965e92aa4017d17f925f3df337127bb02ea,52,1.0,0.40384615384615385,32831.478800000004,-0.48453473931248126,-0.9690694786249625,-1.2141592093088875,-2.428318418617775,3.1450799995550196,6.290159999110039,4.4717290459011036e-05,True
0x6ff0785aba699aef18bec3adc296d73e9b0a7f27,37,0.2972972972972973,0.0,32650.2867,-1.7596727008772868,-3.5193454017545736,-1.5397136132674694,-3.0794272265349387,-12.244389210273154,-24.488778420546307,4.4470502313587067e-05,False
0xdd4f66125defd0265f806a0ccfd0ee63e2bb4f02,312,0.8269230769230769,0.4108527131782946,32256.745899999998,-0.12427747144184254,-0.24855494288368507,0.09813330952256985,0.1962666190451397,1.1663833534438761,2.3327667068877522,4.39344899588505e-05,True
0x3c16fc881bbbde5771e9026fc888bf5493e3b4b1,107,0.9345794392523364,0.43999999999999995,32217.853399999996,-0.9745906225714416,-1.9491812451428832,-0.8663677356592455,-1.732735471318491,-1.524933643589254,-3.049867287178508,4.3881517406813726e-05,True
0x231d221f9c1a1e610d3e27fc092c8c5941e19e5e,44,0.1590909090909091,0.0,31999.449999999997,-4.198250728863298,-8.396501457726597,-16.326530612245133,-32.653061224490266,0.8163265306126625,1.632653061225325,4.358404654555494e-05,False
0x75f3665323cce024368870bfd89db0c21e1ce76b,125,0.176,0.18181818181818182,31950.634,-1.4036425231405214,-2.807285046281043,0.30021330998930984,0.6004266199786197,3.9226509781636834,7.845301956327367,4.351755793977679e-05,False
0x5bfe87274c671b4cf6a1af554916819f6141eaa1,48,0.8125,0.0,31399.038500000002,-0.14678547202886622,-0.29357094405773243,-0.29369265267893474,-0.5873853053578695,0.6502068777805656,1.3004137555611313,4.27662711537127e-05,False
0x9a3664a58b6a6579319c44bdd06a381ec8b47b6a,142,0.04225352112676056,0.3333333333333333,31115.568,0.13396565120690868,0.26793130241381735,2.1635691084818593,4.327138216963719,2.282442188367648,4.564884376735296,4.23801772844027e-05,False
0x0291639ea7178930475da17b579e1ac2de8faed8,37,1.0,0.4594594594594595,30977.690300000006,0.493497984831606,0.986995969663212,0.8582056615846855,1.716411323169371,-1.0339538450438255,-2.067907690087651,4.219238442876319e-05,True
0xecb6ff70c356c5282be2058907a8fdb372a02fad,53,0.32075471698113206,0.058823529411764705,30904.6345,-0.42906955311323847,-0.8581391062264769,-0.04478555541065536,-0.08957111082131072,2.3555479373130725,4.711095874626145,4.209288061267813e-05,False
0x600330449a73755fb4d7f82250938ab0bd7c5596,65,0.3230769230769231,0.19047619047619047,30643.3571,-0.6360739077736903,-1.2721478155473807,-3.2911219726544036,-6.582243945308807,-4.7141364789629066,-9.428272957925813,4.1737014297385165e-05,False
0xacd2c7e45ab72ece1fddc9f1958cac547d7e20ae,55,1.0,0.2545454545454545,29585.0682,-0.47149337465611824,-0.9429867493122365,-0.7188486378015113,-1.4376972756030226,3.275023520556204,6.550047041112408,4.029559850191855e-05,False
0xe66429b60c26143cdb25517f2b089e680b705ec9,45,1.0,0.4,28710.126,0.1711186912823299,0.3422373825646598,-1.1376285381159892,-2.2752570762319784,4.385240867183061,8.770481734366122,3.910390547064863e-05,True
0x545d57c7fe4866d435b021a94382577f2959e961,78,0.5769230769230769,0.24444444444444446,28529.916699999998,-0.7688841131322671,-1.5377682262645342,-0.5629138569791451,-1.1258277139582902,1.1022577051646347,2.2045154103292695,3.885845592326134e-05,False
0x658509b8cafe9f745f095aedae78768b61a021d7,39,0.358974358974359,0.5,27987.8233,-1.5971867457962206,-3.194373491592441,-1.028581395465334,-2.057162790930668,-1.07477471720149,-2.14954943440298,3.8120111233660806e-05,False
0x4ca3b77417ff7a534e951cf56e3fc353e4289b35,46,1.0,0.32608695652173914,26806.042700000005,-0.5623937783205679,-1.1247875566411358,-0.8935538305599869,-1.7871076611199739,2.9707000420828926,5.941400084165785,3.6510496672253226e-05,True
0xc99ce538a514dd520996e06ed7a85acd2ff4f13c,419,0.6610978520286396,0.0,26525.793100000003,-0.9705518942080076,-1.9411037884160152,-1.5884019304970505,-3.176803860994101,-1.7225262109401829,-3.4450524218803658,3.612878974882882e-05,False
0x7ef1c8219dec5cfd8ee71c7079bbe4c02ae5bb34,41,1.0,0.36585365853658536,25049.3688,0.6042795100163428,1.2085590200326857,-0.20981965619542794,-0.4196393123908559,3.2051391225620316,6.410278245124063,3.411786314189687e-05,True
0x7f0f71a3987a4d290adda62281911884c45d4a84,101,0.1188118811881188,0.41666666666666663,24727.89,-0.7938304263252535,-1.587660852650507,-0.39325566823831487,-0.7865113364766297,-1.3195652938340683,-2.6391305876681366,3.3680001022935164e-05,False
0x08b487937d50a6c54cb5e66afac8f7e8de53392e,93,0.989247311827957,0.5,24520.457300000002,-1.1434243205382548,-2.2868486410765096,0.3997439051117111,0.7994878102234222,0.4939840946326226,0.9879681892652452,3.339747252785572e-05,True
0x915f49be1efad69bf644a500274db9b7ec24840f,34,0.9411764705882353,0.125,24329.2319,0.07570554489614992,0.15141108979229984,0.6085425380272991,1.2170850760545981,-0.30540531451727015,-0.6108106290345403,3.313701877836026e-05,False
0xcfea17596c15e0f4fe3ba9cab1fcbe804bbbdbbf,98,0.05102040816326531,0.4,23918.792999999998,-0.653234519366686,-1.306469038733372,-1.14113433650961,-2.28226867301922,-2.6050051689314944,-5.210010337862989,3.25779907912634e-05,False
0xf52032aa3adc354ae3a155f4c7f923a580f55706,42,1.0,0.45238095238095233,23848.616100000003,0.3362977557348949,0.6725955114697898,-1.1616442426850053,-2.3232884853700106,1.7049475077084368,3.4098950154168737,3.248240810856034e-05,True
0xa16991758e40c934e9e13d009a692851662ce00d,41,1.0,0.4390243902439024,23589.0713,0.178925187484781,0.357850374969562,-1.1060257866249135,-2.212051573249827,3.863050535009484,7.726101070018968,3.212890163754734e-05,True
0xac87b697e897599e4ab1dc40e830be53c205bc06,1169,0.9957228400342173,0.48625429553264604,23436.7,-0.6594908722584807,-1.3189817445169614,-1.62966300996819,-3.25932601993638,-1.4587926183569142,-2.9175852367138284,3.1921368138333865e-05,True
0x1ab71cf3e39a36b5ada54f0575c6534ec04727ab,39,1.0,0.3076923076923077,23265.109500000002,0.1377917187430867,0.2755834374861734,-2.8678683003664887,-5.735736600732977,2.268216689449457,4.536433378898914,3.168765761084745e-05,True
0x2fef2bd40f8dc6e0986a462c1117054faa965071,63,0.49206349206349204,0.0,22535.522599999997,-0.4916800704033598,-0.9833601408067196,-0.6153654683915211,-1.2307309367830421,0.9199527141503573,1.8399054283007146,3.069394211234272e-05,False
0x6bee6f27111277bf4fd158274e40a16dfde99e13,48,0.125,0.0,21795.577999999998,0.27954825002809786,0.5590965000561957,0.5506391196877464,1.1012782393754927,-0.10594460353948139,-0.21188920707896278,2.9686119168900503e-05,False
0x3948819a5c71122eb61483cefcb3453a7faab9e1,63,0.23809523809523808,0.26666666666666666,21152.439,-2.14966124319549,-4.29932248639098,-5.4095530066812945,-10.819106013362589,-9.327104493209825,-18.65420898641965,2.88101478596667e-05,False
0x7ff4d42bfb46d25b7d8b241652271a12d614ea60,161,0.9937888198757764,0.4375,20672.6878,-0.6446476540668225,-1.289295308133645,-2.2348303261008917,-4.469660652201783,-3.160860458304123,-6.321720916608246,2.8156714796564497e-05,True
0x417e99d72cfef3a31d9a525c41236912752f2c1e,36,0.8333333333333334,0.5,20222.2857,-0.9699791972790446,-1.9399583945580892,-0.7496799484862092,-1.4993598969724184,-2.624328580923047,-5.248657161846094,2.7543255937408616e-05,True
0x29754d7a9f9f344327158e2d01508efa415bd558,31,0.41935483870967744,0.0,20091.148,-0.42305274863436043,-0.8461054972687209,-2.4174442779094285,-4.834888555818857,-7.312768940676051,-14.625537881352102,2.7364643129354823e-05,False
0x0c2cb7193e1fa533c4a2b5ed45782962a0ac6c3f,63,0.06349206349206349,0.0,19998.797900000005,-0.8170707775626158,-1.6341415551252316,1.4097141622520197,2.8194283245040395,0.20793947253982675,0.4158789450796535,2.723885999692953e-05,False
0x85b65868b701e30bbcd9d0c917db44ac3a1048ab,39,0.38461538461538464,0.0,19823.256199999996,0.05368085229312365,0.1073617045862473,-2.9472443265545807,-5.894488653109161,-10.065987483280429,-20.131974966560858,2.6999767836799083e-05,False
0x9970d443386312f7839f3adbe2d607b024ac20c6,67,0.19402985074626866,0.3076923076923077,19187.9402,-0.06278617600453087,-0.12557235200906175,-0.8622782502563278,-1.7245565005126555,3.143310230691257,6.286620461382514,2.6134451648079105e-05,False
0x35f0851ef6516c5706107b86dbe09a62a311ab07,76,0.07894736842105263,0.0,19035.0,0.13133701076951543,0.26267402153903086,0.26267402153884417,0.5253480430776883,3.15208825847061,6.30417651694122,2.5926143292920297e-05,False
0xde1e0538c2e7adbd63ad5ea1000c6d924e809f67,113,0.11504424778761062,0.0,19015.4661,-0.559335354434084,-1.118670708868168,-2.984111281378005,-5.96822256275601,-1.7398902425667386,-3.4797804851334773,2.5899537635422554e-05,False
0x641d098604b7f0913e180b01da4d5d96722c97c4,36,0.3888888888888889,0.0,18994.005800000003,-0.2331320918729536,-0.4662641837459072,-1.605217303314311,-3.210434606628622,-3.2237035155133555,-6.447407031026711,2.5870308173226122e-05,False
0x23cd398a0e46629334a99a4f4f9355099a77166b,76,0.9342105263157895,0.4225352112676056,18050.171499999997,-0.5192915722859536,-1.0385831445719071,-1.0046578815191025,-2.009315763038205,-2.3171243018609418,-4.6342486037218835,2.4584782388798842e-05,True
0xa1c9d41719c4ffd99463f1cfa579d9b6a96b50c6,56,0.21428571428571427,0.08333333333333337,17859.1478,-0.9249354694043063,-1.8498709388086125,0.7794453216658654,1.5588906433317309,1.695557199213044,3.391114398426088,2.432460335971853e-05,False
0x6d7537927e0e4ee2f81b9d4e8537c7fd3fcf6e69,49,0.16326530612244897,0.25,17747.762899999998,-0.5106646052897112,-1.0213292105794225,-0.6159712962906257,-1.2319425925812515,-2.5740698668825175,-5.148139733765035,2.4172894356405285e-05,False
0x59fd165b93300f7da94b38296acaada620b877d5,64,0.15625,0.0,17553.8405,-0.6306263212290207,-1.2612526424580415,-0.31025328319992285,-0.6205065663998457,-1.2130945863287448,-2.4261891726574896,2.3908767225850677e-05,False
0xbfa317b7468a97e4e6a7a3c138b86ca0b7395477,176,0.10795454545454546,0.21052631578947367,17399.7378,-0.6021390827874695,-1.204278165574939,-0.335315271432522,-0.670630542865044,-2.4359726786610234,-4.871945357322047,2.3698875516787062e-05,False
0xc2c006c07c0d3562ad587a7ee44af2b8d074500d,1563,0.2763915547024952,0.3912037037037037,17318.1935,-0.12650097710604505,-0.2530019542120901,-0.32361768213847336,-0.6472353642769467,-1.0594459537835865,-2.118891907567173,2.358781015264097e-05,False
0x83027df4f3f749a1f9dd8bbc976eee49653c1d72,217,0.3778801843317972,0.45121951219512196,17306.7182,-0.2743294625452281,-0.5486589250904562,-0.31675645605555036,-0.6335129121111007,-4.040196674020505,-8.08039334804101,2.3572180508715082e-05,False
0x9c723d843cf2c059d25a643c0d8a2a8a76f6bab7,1698,0.19140164899882214,0.0,16674.7868,-0.8253318004670493,-1.6506636009340987,-0.9777468770943989,-1.9554937541887978,0.22816667275774255,0.4563333455154851,2.2711474229350982e-05,False
0x5de9ed0c3b6b428c9fde75edccdcb569c93b5ebd,79,0.24050632911392406,0.0,16321.854100000002,-2.432267726221374,-4.864535452442748,-1.0618908918677412,-2.1237817837354824,2.1336006957063525,4.267201391412705,2.223077111650847e-05,False
0xc1fd39727cd10fe97ccac228888f025309560a93,120,0.05,0.0,16149.590699999999,-1.4499899949627997,-2.8999799899255994,-0.2735141723659846,-0.5470283447319692,1.1705126642320358,2.3410253284640716,2.199614408249083e-05,False
0x483e1d004247248d516865b9b9e893d48359ce10,169,0.047337278106508875,0.125,16102.810800000001,0.5958565588868653,1.1917131177737306,-0.21985250513371724,-0.43970501026743447,0.4505651601451883,0.9011303202903767,2.1932428695538984e-05,False
0xe431b000e617d3a29c7f601ec4d972fee234bcf9,56,0.25,0.2857142857142857,15953.9799,0.4046944750554638,0.8093889501109276,2.817605455183021,5.635210910366042,8.313224379888535,16.62644875977707,2.172971730915525e-05,False
0x78fd02f84c6738f3771acfe6eb17171d2f5c0605,38,0.07894736842105263,0.3333333333333333,15740.0,-0.2637130801685365,-0.527426160337073,4.490669001093469,8.981338002186938,12.954643027242305,25.90928605448461,2.1438271364883923e-05,False
0x06c51f1fc98ff7cdee2b076ec5c8999af829b221,39,0.2564102564102564,0.19999999999999996,15688.3367,-0.23742700971842048,-0.47485401943684097,-0.6365360978845492,-1.2730721957690985,-1.9160824747060867,-3.8321649494121734,2.13679046657095e-05,False
0x20faffd0045455e86b36b827d68f8f99f9c929b4,105,0.09523809523809523,0.0,15362.2986,-0.3964892981402713,-0.7929785962805426,-0.6319867098662714,-1.2639734197325427,2.4316151179621026,4.863230235924205,2.092383266678376e-05,False
0x2cef0a7f84e722c77b271862da5fe2387028fa20,33,0.42424242424242425,0.0,14729.338,-0.4647784118977985,-0.929556823795597,-6.050718862018312,-12.101437724036623,-2.7941428851535512,-5.5882857703071025,2.0061724591429263e-05,False
0xd515390e419a5980e029eedcb1513fb688df95a5,50,0.72,0.3055555555555556,14355.3379,-1.092265126068794,-2.184530252137588,-0.5528188596822905,-1.105637719364581,-0.8996294786774821,-1.7992589573549642,1.9552327155959524e-05,True
0xf21cd17b9db49fdb21bfdf714558cf8bde3221bd,141,0.0425531914893617,0.3333333333333333,14294.9872,-2.0393270569723043,-4.078654113944609,-2.175448085018057,-4.350896170036114,-0.6856134942860623,-1.3712269885721247,1.947012800197854e-05,False
0xd5e8d7aa09d52fe4573750fe77ca09c2d48d8aca,64,0.03125,0.5,13775.0,-6.800000000000068,-13.600000000000136,-3.199999999999932,-6.399999999999864,5.199999999999819,10.399999999999638,1.876189250643431e-05,False
0xa811c97b3006406f302dc0c2c2d50a22869ec80b,63,0.1111111111111111,0.14285714285714285,13553.1206,-0.9366721111046156,-1.8733442222092311,-1.7645995406576866,-3.5291990813153733,-7.819220723642805,-15.63844144728561,1.845968724674704e-05,False
0xddaf5ce261d1e86bc9d43678a6fb3be817488f25,65,0.07692307692307693,0.0,13533.64,2.057521023038192,4.115042046076384,-2.355510556410196,-4.711021112820392,-11.890050645673059,-23.780101291346117,1.8433154185174564e-05,False
0x944d7001b40e101b740932260c931df0cb716042,33,0.09090909090909091,0.0,13346.43,-3.1496062992130907,-6.299212598426181,-3.937007874015524,-7.874015748031048,-13.385826771653676,-26.77165354330735,1.8178169510319424e-05,False
0xd3d123f0f62559c62745ef0b631a21a95916b6b1,161,0.9751552795031055,0.40764331210191085,13217.219000000001,-1.1928589085089463,-2.3857178170178925,-2.014595048600375,-4.02919009720075,-1.120302175951149,-2.240604351902298,1.8002180915571774e-05,True
0x96a57222555a10c7968ecdd6fff1ebd39a7fafc5,133,1.0,0.45112781954887216,12933.3018,-1.468678175455188,-2.937356350910376,-0.7496675104522963,-1.4993350209045926,3.1362691241520215,6.272538248304043,1.7615478629754872e-05,True
0xc86242898f4b63883f05628d8cf2c326071797b8,40,0.25,0.5,12813.324699999997,-1.1059941739245223,-2.2119883478490445,0.6341961090160956,1.2683922180321912,14.121506297434598,28.243012594869196,1.7452066836402147e-05,False
0x2c0150d1e7feac8f76e8a697b03b9ad7dbe36861,649,1.0,0.4206471494607088,12773.777,-0.7446428766737362,-1.4892857533474724,-1.6247857272942698,-3.2495714545885397,-1.2359422876598714,-2.4718845753197427,1.739820188567426e-05,True
0x6c8031a9eb4415284f3f89c0420f697c87168263,87,0.05747126436781609,0.0,12687.0,-4.72925041380959,-9.45850082761918,-2.364625206904795,-4.72925041380959,5.517458816110442,11.034917632220884,1.7280009454020477e-05,False
0x9d003d4ea17b01542128f8aa4df8dbfb9afa764d,628,0.14171974522292993,0.3595505617977528,12670.4005,-0.8602347884705349,-1.7204695769410698,-1.9732796216777206,-3.9465592433554413,-2.5837591201457575,-5.167518240291515,1.7257400522284685e-05,False
0xba404c2d23830349a7dc5caa1bbab467945d7f55,52,0.23076923076923078,0.08333333333333337,12455.8814,-1.0567688366735373,-2.1135376733470745,-1.3864131645467699,-2.7728263290935398,-4.414207740930832,-8.828415481861663,1.6965220174206498e-05,False
0x5c4a0697f53152e76e13c6a02f3321351dc2d187,51,0.8627450980392157,0.43181818181818177,12453.479599999999,-1.6637939536334132,-3.3275879072668264,1.4940641358139148,2.9881282716278297,5.107308192366973,10.214616384733946,1.6961948862887296e-05,True
0xf1920a0544f2dd46bc82313e19ea16097b968246,82,0.14634146341463414,0.08333333333333333,11978.3915,0.34218477082717674,0.6843695416543535,-0.47729985444916895,-0.9545997088983379,0.41687361033965004,0.8337472206793001,1.631486705793005e-05,False
0x8cae4c475672eb3646f4e2962decfd33bf8f022a,73,0.1232876712328767,0.0,11854.3367,0.08921720821503938,0.17843441643007876,0.18786717677863665,0.3757343535572733,-1.3256802301962547,-2.6513604603925094,1.6145901335787964e-05,False
0x9deb25f15f177cbe00f8467e7f67d3e36129f54f,81,0.3950617283950617,0.3125,11537.800500000001,-1.1506376138904222,-2.3012752277808444,-2.4743292899178106,-4.948658579835621,-0.6173088590100027,-1.2346177180200053,1.57147711609208e-05,False
0xa180e7a0dd22d55e09a4c439e7bb2ae3c91dc0b7,115,0.3217391304347826,0.0,11249.5149,-1.162860803903006,-2.325721607806012,-1.4680373119300625,-2.936074623860125,2.2595238833917377,4.519047766783475,1.532211900568647e-05,False
0x6c009ba89bb2211b223dbda5e7761837a023d75f,35,0.17142857142857143,0.33333333333333337,11147.818299999999,-1.4631394001516032,-2.9262788003032063,-0.635120745611134,-1.270241491222268,12.369963295908507,24.739926591817014,1.5183605707866515e-05,False
0x4a4c2451ac9ab4389d25459aca7d3984be6408d0,50,0.24,0.3333333333333333,11106.763,-1.392133268944389,-2.784266537888778,-2.1950071790667294,-4.390014358133459,-2.4451651743843796,-4.890330348768759,1.512768736845313e-05,False
0xa7602ac2d5f1e1ad6480f8df2fd2bb4ec4d127bf,101,0.33663366336633666,0.38235294117647056,11106.0205,-0.8050640952992663,-1.6101281905985325,-1.6462084001344715,-3.292416800268943,-5.058532929895356,-10.117065859790712,1.5126676064991349e-05,False
0x3f45e772af3ff889505740f0042bc204c2857a12,81,1.0,0.4691358024691358,11078.287199999999,-0.44268358746743497,-0.8853671749348699,-1.1657175391226295,-2.331435078245259,0.9852473389219276,1.9704946778438552,1.5088902620820843e-05,True
0xcbec2fd28c44cc34f69ce9e98029595157f47096,41,0.3170731707317073,0.0,11063.574999999999,-0.12375012375018707,-0.24750024750037414,-0.9297418804704436,-1.8594837609408872,-3.5348541020021753,-7.069708204004351,1.5068864238611538e-05,False
0x984e16e759ac515784f90dd88443260e482c63c1,106,0.018867924528301886,0.5,10892.824,-1.9937898884970058,-3.9875797769940116,-0.3947271401531638,-0.7894542803063276,1.2177717333415448,2.4355434666830895,1.4836297130998752e-05,False
0xe507a8d84d6edb624e9ffbfdad60fcbc074fb428,875,0.8205714285714286,0.3342618384401114,10598.247099999999,-0.8326888345316491,-1.6653776690632982,-1.9671690825594987,-3.9343381651189975,-2.9272414929227053,-5.854482985845411,1.4435076068735327e-05,True
0x1726b3f1068b8858107f0123821ceae33698228e,386,0.9404145077720207,0.49586776859504134,10179.226999999999,-0.923233428849823,-1.846466857699646,-2.378748249235643,-4.757496498471286,-2.1306187343671987,-4.2612374687343975,1.3864360273872506e-05,True
0x9b883651182137f33efda174f831d9918182afe0,113,0.05309734513274336,0.33333333333333337,10096.721300000001,-2.0414217321754227,-4.082843464350845,-4.201584031049236,-8.403168062098471,6.786489764997626,13.572979529995251,1.3751985459021829e-05,False
0xd210a240462524de2d32ddbd6ff7f66928f9ec9f,46,0.32608695652173914,0.26666666666666666,10063.648499999998,-1.0592432082803471,-2.1184864165606943,-0.6346354912357022,-1.2692709824714044,-0.1085362234389347,-0.2170724468778694,1.3706939483088119e-05,False
0x252cbcdaa18845b9ac0e87967279190e73d309eb,36,0.3055555555555556,0.0,9999.84,-3.659891379547631,-7.319782759095262,-1.498091894774677,-2.996183789549354,5.738479862075478,11.476959724150957,1.3620030719531184e-05,False
0x002d4ae035f08c0f15da4842404027f03c1bc173,343,0.061224489795918366,0.0,9991.3,-2.437759036332891,-4.875518072665782,-1.6261156789293698,-3.2522313578587396,-3.7025741612295233,-7.405148322459047,1.3608399027189626e-05,False
0x5306cb5adfbaf940ce3dba0ac41d903dc70a766e,3017,0.07457739476300962,0.39111111111111113,9941.497899999998,0.03501353333166943,0.07002706666333885,0.07230088943112542,0.14460177886225084,-0.3743953085311301,-0.7487906170622602,1.3540567328692733e-05,False
0x3f603a18bed7cc5ceefdc83ff1ce0cf5b3764e2e,143,0.8321678321678322,0.4957983193277311,9669.352099999998,-1.8990090694647785,-3.798018138929557,-2.4322153835897633,-4.864430767179527,-4.4912876884480335,-8.982575376896067,1.3169897982364053e-05,True
0x5fb096e3fe7da58aebb47d73cafaf039a1800661,78,0.07692307692307693,0.0,9658.0561,-0.5242852118985276,-1.0485704237970552,-2.492567050134022,-4.985134100268044,2.2446838627021366,4.489367725404273,1.3154512549496347e-05,False
0xc2e137ea6b79a7992dd54d44ee8223f2c7e13e22,42,0.07142857142857142,0.0,9000.5752,-1.309963583012318,-2.619927166024636,-2.094996207559802,-4.189992415119604,1.565337622795438,3.130675245590876,1.2259007215860507e-05,False
0xcda60060fd93495efb8daed47a5abbb7e32ce80c,37,0.16216216216216217,0.5,8981.3862,0.3952569169960624,0.7905138339921248,0.002144250906132313,0.004288501812264626,-0.26344280116302166,-0.5268856023260433,1.2232871320738478e-05,False
0x6ecbb68c07bd4be7adb7f0365e9263e382aeca2d,67,0.05970149253731343,0.25,8857.2643,-4.274318839934655,-8.54863767986931,-5.690119788257437,-11.380239576514874,-0.9902909483488846,-1.9805818966977693,1.2063814206727996e-05,False
0xd6133a9f07f9dc07a846304375f37bc2343cd05e,122,1.0,0.4180327868852459,8684.9627,-0.5364675524409841,-1.0729351048819682,-1.1438668923945479,-2.2877337847890957,-1.0945773610353928,-2.1891547220707857,1.1829135143360544e-05,True
0xe056eebc2c7acfc782d47ebe18ad71735480f72a,54,1.0,0.5,8661.562900000003,0.5995115412804269,1.1990230825608539,0.7559721453533725,1.511944290706745,3.297373311674196,6.594746623348392,1.1797264033939708e-05,True
0xbdb0f45d9da67eab151508b15abc988f07ba5065,173,1.0,0.3583815028901734,8550.981999999998,-0.7219346060443393,-1.4438692120886787,-2.6087562303604943,-5.217512460720989,-2.179801844516695,-4.35960368903339,1.1646650098617396e-05,True
0xe67f141977da22e5c34d15c19b35f180a1532715,77,0.974025974025974,0.0,8525.8528,-0.9725494453870437,-1.9450988907740874,-3.5607148416428043,-7.1214296832856085,-0.32216650373979655,-0.6443330074795931,1.1612423503396152e-05,False
0xf1e54733978e34a19f3b74039f55cee8680602e7,135,0.02962962962962963,0.25,8398.265899999999,-0.21083223495241601,-0.42166446990483203,1.9719847258176086,3.9439694516352173,7.497077827018905,14.99415565403781,1.143864697323069e-05,False
0xeba2d8f29079a4c08e67cb0e17cfd966de145c23,33,0.9090909090909091,0.23333333333333328,8391.256300000001,-1.9890221542309157,-3.9780443084618313,-1.2989294410531973,-2.5978588821063946,-0.817748931571309,-1.635497863142618,1.142909972374154e-05,False
0xfa67b78bc059a6ee51e32773b27583e9efc8ac43,52,1.0,0.23076923076923078,8080.3513,-0.5124911382542486,-1.0249822765084973,0.02536930624261679,0.05073861248523358,-1.759263045258925,-3.51852609051785,1.1005639383290506e-05,False
0xdd5296899e9667839e4756ced0c6ea6ae21dcdec,51,0.0784313725490196,0.0,7999.74,0.0,0.0,-3.150102378327788,-6.300204756655576,8.662781540400019,17.325563080800038,1.0895844788342853e-05,False
0x600e4b5de210b8fa6566c3a8cdad62f917205402,166,0.8072289156626506,0.4925373134328358,7751.716799999999,-0.5122088153903886,-1.0244176307807773,-1.2777599722598976,-2.555519944519795,-1.6832728120827305,-3.366545624165461,1.0558031023006964e-05,True
0xc0a3c54d9157476c1b10f0c6064fc0b35063e910,97,0.17525773195876287,0.0,7501.7923,-2.2911986415603627,-4.582397283120725,-1.956118167099677,-3.912236334199354,2.7734894879774497,5.546978975954899,1.0217627639796486e-05,False
0xd4d133baec8ec0ba8c31b39f64dba8f508177d42,541,0.9944547134935305,0.4851301115241636,7423.9776999999995,-0.9457650461890723,-1.8915300923781446,-1.8541569034724281,-3.7083138069448562,-2.1845649059848875,-4.369129811969775,1.0111642219786962e-05,True
0x41f054f025e6e4d9052aa8081e34a59311e26e60,599,0.994991652754591,0.46140939597315433,7226.272600000001,-1.2487183067145895,-2.497436613429179,-2.159690892650172,-4.319381785300344,-1.8838768216173782,-3.7677536432347565,9.842362957777974e-06,True
0x511360cb75f6284d434fab6ef6427b72382d8e02,48,0.2916666666666667,0.0,6970.068,-0.34334635962785204,-0.6866927192557041,-4.239166506479792,-8.478333012959585,-3.23485176730848,-6.46970353461696,9.493405922216884e-06,False
0x2babd09eec44d4d4b728ccd0520e8bb754105af4,40,0.05,0.0,6861.1485,-0.8154611432769401,-1.6309222865538802,-2.446383429829661,-4.892766859659322,2.446383429829661,4.892766859659322,9.34505485500421e-06,False
0x45ce71ce739a60d43f953c78d08665b6d4bf3dac,61,0.9344262295081968,0.49122807017543857,6590.37,-1.0013836587584297,-2.0027673175168594,-1.610766479585924,-3.221532959171848,-2.1013293552858694,-4.202658710571739,8.976247805272557e-06,True
0x5ed4a0b9df8fbf96c8442c808ed080e2f304ce2b,231,1.0,0.48917748917748916,6567.692899999999,-0.8252128076715901,-1.6504256153431802,-2.3134576490465095,-4.626915298093019,-1.7715040314524964,-3.5430080629049927,8.945361031221183e-06,True
0x766454bb569623f84a44e42d8fcadee35c4f1096,579,0.7737478411053541,0.36160714285714285,6485.351200000001,-0.8087346293659198,-1.6174692587318396,-1.5770945227778808,-3.1541890455557615,-1.684801565183374,-3.369603130366748,8.83320958844826e-06,True
0x5235bf673dc6fd609fe3c8c9e476dd8215115cea,370,0.9027027027027027,0.49401197604790414,6412.866200000001,-0.6728165374872676,-1.345633074974535,-1.533998944376567,-3.067997888753134,-1.6388582447258353,-3.2777164894516706,8.734483216155782e-06,True
0xfe72c242af1a4ca8114c6a170ba4a823785241ce,373,0.0160857908847185,0.16666666666666663,6363.137999999999,-0.9593059434116628,-1.9186118868233255,-0.20289942028658267,-0.40579884057316534,1.809568659662365,3.61913731932473,8.66675217129636e-06,False
0x07c38f7b7d3341e1c1d7fbe6f03ae7183bdf8684,39,0.02564102564102564,0.0,6275.0,0.0,0.0,-21.513944223107252,-43.027888446214504,-4.780876494024086,-9.561752988048172,8.546706023802199e-06,False
0x7128e89d7c8dd3b0bcc9530d552e2c92533f3f63,51,0.058823529411764705,0.0,6240.4942,2.1038529025406945,4.207705805081389,-11.881442979271903,-23.762885958543805,-29.296598096122334,-58.59319619224467,8.499708266237878e-06,False
0xbde9b08c550a61260fe7b36de1215a05a434fdae,40,0.025,0.0,6100.0,-2.4590163934427163,-4.9180327868854326,3.278688524590676,6.557377049181352,4.9180327868854326,9.836065573770865,8.308351672540783e-06,False
0x3af4571daff33892eb7c9eecf800adff603790b1,111,0.14414414414414414,0.0,6090.9906,-0.5965201450348515,-1.193040290069703,-1.5218505719529316,-3.043701143905863,6.055291062156403,12.110582124312806,8.2960806457279e-06,False
0xd158ab29974537b266d37ef88ae71ff4334bab69,136,0.014705882352941176,0.0,6001.0280999999995,-0.4194279003441455,-0.838855800688291,2.162125633864025,4.32425126772805,-0.676390470326484,-1.352780940652968,8.173549483868726e-06,False
0x56667d7d8e0e5c529d96f6d92ff2ce2414c5910d,30,0.06666666666666667,0.0,6000.303199999999,0.0,0.0,-0.3918794252570192,-0.7837588505140384,7.455321216725389,14.910642433450779,8.172562152044558e-06,False
0xab83abe96a71d235a90b8788940dbd1d3707b03b,130,0.023076923076923078,0.0,6000.2557,-0.8036431835800141,-1.6072863671600282,-0.5357764740545369,-1.0715529481090738,-0.5357764740545369,-1.0715529481090738,8.172497455863502e-06,False
0x8d3b38316f4fa5db1779ee372d1ddae465b55769,1085,0.04423963133640553,0.0,5978.338299999999,0.1708847432191921,0.3417694864383842,0.6318589129892187,1.2637178259784374,1.4343868469114043,2.8687736938228086,8.142645412101577e-06,False
0x84050d456353708269492b7acd9070cc4f81cf2a,358,0.9972067039106145,0.39775910364145656,5821.4758,-0.9094299618264029,-1.8188599236528058,-1.8025523980472489,-3.6051047960944977,-0.7119355995181885,-1.423871199036377,7.928994786817328e-06,True
0x77dee11bbf0ad1143bf008a84ae776557e2ebade,51,1.0,0.4509803921568627,5716.4366,-0.4892168267018237,-0.9784336534036474,-0.7145044280928416,-1.4290088561856833,-0.8787439252491723,-1.7574878504983447,7.785928784685794e-06,True
0xa9881f6f5493fed3ce3346c5cb1a1e9ba80f7060,137,1.0,0.25547445255474455,5651.5694,-0.42020004882230605,-0.8404000976446121,-2.126535908996731,-4.253071817993462,-1.8276484224372667,-3.6552968448745333,7.69757804540497e-06,False
0x4b1d33556b6b21f11242c905d187f951e76241f4,4859,0.01687590039102696,0.0,5611.6016,-1.394334675305635,-2.78866935061127,-0.8790030104693286,-1.7580060209386572,6.916715904919625,13.83343180983925,7.643140908031563e-06,False
0x4484c9d627d26b4639c8ec4b81d7a09f4ddbe280,65,0.09230769230769231,0.0,5517.658799999999,-0.13881583686315344,-0.27763167372630687,-0.5558969291511456,-1.1117938583022913,-1.8505235342649913,-3.7010470685299826,7.515188478604814e-06,False
0x9f996b103a54534170d9abb7b68dd8fdfa80cb95,467,0.9807280513918629,0.4781659388646288,5461.4937,-0.9562438231690307,-1.9124876463380613,-2.308892585782918,-4.617785171565836,0.5735397334749882,1.1470794669499764,7.438690215896058e-06,True
0x7ca5d6b6cd7197033502e4ab1b0ffa7006fffdb7,199,0.9949748743718593,0.4949494949494949,5213.0429,-0.7377684525059317,-1.4755369050118634,-1.7114922289101506,-3.4229844578203013,-2.194409015923033,-4.388818031846066,7.100294048728173e-06,True
0x086464f121591c20fd2e9a14c28869289f40d4a6,39,0.9743589743589743,0.4736842105263158,5123.387099999999,-1.036396812318385,-2.07279362463677,-1.3488251536706428,-2.6976503073412856,-0.9784081064789073,-1.9568162129578146,6.978180619894896e-06,True
0x21a2b0fcdea50c75092cb69539940ea17942a192,224,0.03571428571428571,0.0,5090.1735,-0.5005037422272987,-1.0010074844545973,0.00958671321922866,0.01917342643845732,1.9135360112650437,3.8270720225300874,6.93294287086029e-06,False
0xe0df3aecdf2b646b98618f64227b8d849bb82a02,34,0.14705882352941177,0.0,4999.99,-0.1574803149607105,-0.314960629921421,1.259842519685236,2.519685039370472,-6.614173228346483,-13.228346456692966,6.810110701506096e-06,False
0xe7dab98324db6586278c097411aca300888edb05,101,0.0594059405940594,0.0,4976.208399999999,-0.8154611432765537,-1.6309222865531074,-2.5820938340604083,-5.1641876681208165,-4.352122892202947,-8.704245784405893,6.777719570992047e-06,False
0xc2d4ff17906940004b25884779c74aecda24fb83,54,0.7407407407407407,0.42500000000000004,4967.772,-1.4649387556952793,-2.9298775113905586,-1.9621832493588396,-3.924366498717679,-2.5772091843431353,-5.154418368686271,6.766228984426438e-06,True
0x8bd8a7d57ca75e67e1d5257b89260402f28cabd7,617,0.6855753646677472,0.49172576832151305,4965.4220000000005,-0.9528171567882954,-1.9056343135765907,-0.9816931899555776,-1.9633863799111553,0.3168527650070722,0.6337055300141444,6.763028225995213e-06,False
0xbf040bd7634accae408957652d5e8fbaf93f7051,239,1.0,0.4895397489539749,4959.3697,-0.7656921980945727,-1.5313843961891453,-1.8459519442481525,-3.691903888496305,-0.999570821196628,-1.999141642393256,6.754784842908702e-06,True
0xee772e29e31b9972e1b683b04944bd9937ac0304,125,0.656,0.4878048780487805,4915.7166,-1.3271558460861579,-2.6543116921723158,-1.453603260254623,-2.907206520509246,0.11748336626510293,0.23496673253020586,6.6953282353027034e-06,False
0xce741d86bff090a94740f81a80bbb6a335e0271e,66,0.07575757575757576,0.2,4764.8528,-2.3895031980227808,-4.7790063960455615,-3.8234373558018313,-7.646874711603663,-0.9592532681926507,-1.9185065363853013,6.489847988572234e-06,False
0x458435be4d0e3613bdd9d73fe7b9897cb248541c,39,0.5384615384615384,0.047619047619047616,4692.836699999999,-0.37330350792684747,-0.7466070158536949,-0.8931035792316235,-1.786207158463247,-0.5683644336552647,-1.1367288673105294,6.391760269738649e-06,False
0xe9d437708ff45b8a3c9d3353df7eb505a793f444,37,0.05405405405405406,0.0,4691.9898,1.2103606874849162,2.4207213749698324,0.40345356249573655,0.8069071249914731,2.017267812475816,4.034535624951632,6.390606770881032e-06,False
0x5e169fba2391ff7aed03a43e4523dae613450c5a,33,0.030303030303030304,0.0,4666.1196,-2.3994241382069212,-4.7988482764138425,-12.796928737102823,-25.593857474205645,-8.797888506758332,-17.595777013516663,6.3553709152353e-06,False
0x237b24f078b1eaaea720e5cfcf706d6e9cde651a,86,0.4418604651162791,0.4473684210526316,4444.0432,-0.624459180482826,-1.248918360965652,-1.5426177345217489,-3.0852354690434978,-1.1245448174503176,-2.2490896349006353,6.052897336649753e-06,False
0x6563540d8a8b2c0a2e8f31e6254b990d7c9d0192,72,0.9027777777777778,0.16923076923076924,4413.0167,-1.3759897830075638,-2.7519795660151276,-1.9075817252983485,-3.815163450596697,0.7513337099927746,1.5026674199855492,6.010638472195968e-06,False
0x49271c3493a5a9dc4b6a887d1a977b53941ec0c1,41,0.0975609756097561,0.0,4409.6503999999995,-0.3996802557955682,-0.7993605115911364,2.1971492087789968,4.3942984175579936,-4.207564666800716,-8.415129333601431,6.006053487895103e-06,False
0x23181e703991e776d7ad6f42b205e74c2652d8c1,183,0.44808743169398907,0.3292682926829268,4325.4751,-0.5775470956575466,-1.1550941913150932,-1.689936024506667,-3.379872049013334,-1.3232424536716547,-2.6464849073433094,5.891404636330903e-06,False
0xa75df8491e8c9b0bb59e9f003037dcf7509f738f,197,0.14213197969543148,0.2857142857142857,4264.517599999999,-0.2604589414019799,-0.5209178828039598,-0.8038793390180202,-1.6077586780360404,-1.3951891167426322,-2.7903782334852645,5.808379005662229e-06,False
0x43f16c5f223b556563405f47c332b40ecac46a3b,149,0.5503355704697986,0.1585365853658537,4229.3759,-0.7428963782647878,-1.4857927565295757,-2.1037638658145843,-4.207527731629169,-0.5527562454091812,-1.1055124908183624,5.760515136486669e-06,False
0x14a4914df70e599bdc5baf74b7b51773499dbe21,167,0.017964071856287425,0.3333333333333333,4039.3504,-0.276556320694851,-0.553112641389702,-0.5531126413893089,-1.1062252827786179,-1.8399821694647942,-3.6799643389295884,5.501695680625948e-06,False
0x1442ad477ded1b0028b57621aa7b6f7eadb8f568,64,0.015625,0.0,4014.114,-9.506456468350656,-19.012912936701312,-9.506456468350656,-19.012912936701312,-4.753228234175891,-9.506456468351782,5.467323076339241e-06,False
0x2ea35ef03178ccc7ab44df03a9af7a06180a208c,127,1.0,0.49606299212598426,4005.7847999999994,-0.6414848567429324,-1.2829697134858649,-0.8073909490959412,-1.6147818981918824,-0.7687274065324666,-1.5374548130649333,5.455978498839089e-06,True
0x13d0a9def6357d08241bc10163807d6e037bc3ca,154,0.14285714285714285,0.09090909090909091,4003.9174999999996,-0.3284226190783537,-0.6568452381567074,-1.3517872636995463,-2.7035745273990925,-0.778652443660487,-1.557304887320974,5.453435189809886e-06,False
0x600fbf8fdb82a2db84f29182b2cde523faef0792,33,0.09090909090909091,0.0,3963.323,-2.379064234734428,-4.758128469468856,-5.551149881047375,-11.10229976209475,2.379064234734428,4.758128469468856,5.398144471453992e-06,False
0xcacbf4a81df376ebb078820af641a99f81c5a64d,78,0.19230769230769232,0.26666666666666666,3930.2923000000005,-1.0180347553958284,-2.036069510791657,-1.0148898458056388,-2.0297796916112776,-3.17704048591422,-6.35408097182844,5.3531558367670766e-06,False
0x8bca9d21825f245126132f02c6e3947d52463d86,314,0.7866242038216561,0.4574898785425101,3894.2678000000005,-1.1533726636471617,-2.3067453272943235,-1.9121948804674478,-3.8243897609348956,-1.4101003985046112,-2.8202007970092224,5.304089572041265e-06,True
0x26c4a9e0748ba35fd96930b616d85f143d485997,72,0.9861111111111112,0.46478873239436624,3893.1456,-0.8570088444699475,-1.714017688939895,-2.047443078421099,-4.094886156842198,0.04389878721640186,0.08779757443280373,5.30256110773849e-06,True
0x3b059eba71278cee408a3542cc3a658528dafef3,50,0.86,0.4186046511627907,3892.2041,-0.5264566196180006,-1.0529132392360012,-0.976700200740433,-1.953400401480866,-0.19810257375165816,-0.3962051475033163,5.301278761328704e-06,True
0x514c0c0ef271851a72da1c6b10438bce1af76d0f,60,1.0,0.4,3799.2721,-0.45127107466314204,-0.9025421493262841,-1.3782560733047156,-2.756512146609431,-4.279096530116245,-8.55819306023249,5.1747030666348415e-06,True
0x1e2633e883e1aad2d2757a1372ab8736bfba4bf1,478,0.604602510460251,0.3633217993079585,3550.4453,-0.74638735049149,-1.49277470098298,-1.2438577521332919,-2.4877155042665837,-0.7414666627747242,-1.4829333255494483,4.835794778117961e-06,False
0xe32383e6215ad39fa21c0bae352292ede8d72b81,95,0.05263157894736842,0.4,3533.4679,-0.3184977247997061,-0.6369954495994122,-2.0456209800332643,-4.091241960066529,-3.6300310805240934,-7.260062161048187,4.812671137185929e-06,False
0x172f5a1147c2b65e88b8d1f14af55c9fa304b639,536,0.04664179104477612,0.0,3514.497,-0.45584420065895204,-0.9116884013179041,-1.7320648658011775,-3.464129731602355,5.749325459875358,11.498650919750716,4.786832299686813e-06,False
0xce349bab5698f889e516c9dbf7bfe83a740fcbab,331,0.4108761329305136,0.16176470588235292,3511.3956,-1.4513295791883114,-2.902659158376623,-2.3666508218331557,-4.733301643666311,-3.390912818701903,-6.781825637403806,4.782608115772516e-06,False
0x50e8db5da4198e49197743f8006b318cb6a08b49,68,0.029411764705882353,0.0,3486.668,-3.2581249490911497,-6.516249898182299,-10.588906084547972,-21.177812169095944,-6.516249898183456,-13.032499796366912,4.748928509736791e-06,False
0xdecafe541728c9007797c094f8bc807a462bcb73,155,0.8064516129032258,0.43999999999999995,3456.7682,-0.5340787361225192,-1.0681574722450384,-1.8490111196664887,-3.6980222393329774,-1.6983987821585371,-3.3967975643170742,4.708204238697671e-06,True
0x6b091553eda5c8dc0a2bb9f48bd44c91bd9c56aa,131,1.0,0.4427480916030534,3419.9295,-1.1895960703770025,-2.379192140754005,-1.6974063434250932,-3.3948126868501864,-0.8894649405676069,-1.7789298811352139,4.658029013327306e-06,True
0xa9da57dbb901909e3b9b71dbdf724b1c6c68957e,35,0.9714285714285714,0.4117647058823529,3308.3246000000004,-2.337507442582656,-4.675014885165312,-3.417076161285092,-6.834152322570184,-0.48120413684331886,-0.9624082736866377,4.506020364543905e-06,True
0xbc927e87d072dfac3693846a83fa6922cc6c5f2a,139,1.0,0.3309352517985612,3272.5358000000006,-0.5075360068050738,-1.0150720136101476,-2.8093055762848396,-5.618611152569679,-2.8802673624399135,-5.760534724879827,4.457275129078622e-06,True
0xe3dff0777ae861aa9c5f9f8ef005df2f2be5223c,236,1.0,0.059322033898305086,3208.5432,-0.47309174954050204,-0.9461834990810041,-1.2845161101280205,-2.569032220256041,-2.1602412966719786,-4.320482593343957,4.370115616744157e-06,False
0x1b0544bcc13637181865ca598a20bb250aa9608c,47,1.0,0.4893617021276596,3182.2415000000005,-0.5887840896247514,-1.1775681792495027,-1.5202081026166105,-3.040416205233221,-0.9424889869258359,-1.8849779738516719,4.334292047369458e-06,True
0xdb20226f74d7c948241e7c189240e70c3dc84e6c,37,1.0,0.05405405405405406,3161.5878999999995,-0.1544025400824413,-0.3088050801648826,-1.3902529866235227,-2.7805059732470454,-0.6417806168068758,-1.2835612336137516,4.3061613306310985e-06,False
0xd9a5ae508abffe8231b8d6ab90c2738052f3424a,87,0.022988505747126436,0.0,3153.9467999999997,-1.1951190843675645,-2.390238168735129,-4.028652524887001,-8.057305049774001,9.631882533356038,19.263765066712075,4.2957539624401066e-06,False
0xc5d019e457d9a45fd10a5e8a3edeea2bdc2014cd,30,0.03333333333333333,0.0,3100.0,-2.419354838709769,-4.838709677419538,-0.8064516129036383,-1.6129032258072766,2.419354838709769,4.838709677419538,4.222277079487939e-06,False
0x6da22bdd4ed69704c4912ced8ba988e93e6b0a83,70,0.014285714285714285,0.0,3000.0073,-0.8036647110818054,-1.6073294221636107,-0.8036647110818054,-1.6073294221636107,-0.8036647110818054,-1.6073294221636107,4.086084535834355e-06,False
0x4b128473ba2e81dce030b9c82eee062ccc9616c2,190,1.0,0.46842105263157896,2902.8928,-1.2482994527067675,-2.496598905413535,-0.8212571016982267,-1.6425142033964535,-0.09931598926914854,-0.1986319785382971,3.953812172145344e-06,True
0xbbee63bb7eacd1074528333bbf6dd8aa39785219,95,0.30526315789473685,0.3793103448275862,2723.9817000000003,-0.8826096501681711,-1.7652193003363421,-0.4420596412656247,-0.8841192825312494,1.591050907267738,3.182101814535476,3.7101308054369653e-06,False
0x2e10a1f5e00ed26ed912fce5d1290735aef939cb,220,0.013636363636363636,0.33333333333333337,2692.5471999999995,-0.805327566241004,-1.610655132482008,-2.13860093179462,-4.27720186358924,-3.484377002343473,-6.968754004686946,3.6673162348385243e-06,False
0xd02b7d8a5a6785bc0cd19f6879c22d2624f57f37,377,0.023872679045092837,0.33333333333333337,2659.5517000000004,-0.08756490748772003,-0.17512981497544006,1.1399278379669424,2.279855675933885,2.46317986598446,4.92635973196892,3.622375543426834e-06,False
0x949260f5a27812051b9b5072e6c75dd230fdc52f,64,0.546875,0.0,2599.8818,-0.2957391439949043,-0.5914782879898086,0.1824554108028916,0.3649108216057832,-2.04450642383282,-4.08901284766564,3.541103655973499e-06,False
0xff690b65398c5720bb39db03c58319c3ed3ac1d3,33,0.6363636363636364,0.0,2490.5000000000005,0.07661013722966797,0.15322027445933595,0.22957245475905813,0.45914490951811626,0.8804039304325125,1.760807860865025,3.3921229246660367e-06,False
0xd86af77b9d01caf94e39a39c036986ca2541fa3d,45,1.0,0.4,2443.7538000000004,-0.2501862094018061,-0.5003724188036122,-1.2986605188210194,-2.597321037642039,-2.545127629120204,-5.090255258240408,3.3284534379521145e-06,True
0x865af18b4649cd6567bbcdfdd6289aa9980541e3,158,0.6139240506329114,0.31958762886597936,2404.224,-1.4603708402281526,-2.920741680456305,-2.97156023610159,-5.94312047220318,-0.9441626736158666,-1.8883253472317332,3.274612867469294e-06,False
0x2119ebde934fac7d0a67cd7261970a745b6c68bb,58,0.06896551724137931,0.0,2381.6184000000003,-3.953194180897941,-7.906388361795882,0.7906388361789141,1.5812776723578281,5.534471853256893,11.068943706513785,3.2438234781957222e-06,False
0x792cb4fd4631fcb4a2b073787eabe6f8bd63670b,34,0.9117647058823529,0.0,2357.277,-1.894124808503962,-3.788249617007924,-0.6194424528986976,-1.2388849057973952,0.1844878699111809,0.3689757398223618,3.21066988616261e-06,False
0xe7051bd65ec206dc3263d3e0925d1d01d91413ed,103,0.9902912621359223,0.43137254901960786,2353.9165000000003,-1.4046010158694533,-2.8092020317389066,-0.9878952918591491,-1.9757905837182983,-1.0530202468494723,-2.1060404936989445,3.2060928016059586e-06,True
0x3a5d01b7376c44c26ab8cf5935b22a4eeb948e93,85,1.0,0.4,2345.8799999999997,-0.5645073017113502,-1.1290146034227004,0.08616648795189122,0.17233297590378244,0.459894378262689,0.919788756525378,3.1951468887836016e-06,True
0x03449eade411f84543752ba4352f48243bd743ce,142,0.09154929577464789,0.23076923076923078,2311.7143,-0.5591307603854274,-1.1182615207708548,-1.171753165905581,-2.343506331811162,-1.4932564455327362,-2.9865128910654724,3.148612355875647e-06,False
0x8e0fcc28828e5488400f23c7ab7eaf0ce3d77a46,79,0.8607594936708861,0.014705882352941176,2262.8269999999998,-1.1203689413808977,-2.2407378827617954,-2.661868874281203,-5.323737748562406,-1.1405793506647244,-2.2811587013294488,3.0820266377246624e-06,False
0x61b47089d890db256441e3ed670fb1ee85ad6ed5,44,0.38636363636363635,0.4117647058823529,2183.4205,-0.858350942462433,-1.716701884924866,-3.42397060768727,-6.84794121537454,-6.157274635560443,-12.314549271120885,2.9738730103335795e-06,False
0x9f47c8a7aa0953e32aedd5f2525141f2ba5eb8e6,154,0.538961038961039,0.4819277108433735,2140.8162,-0.9765868633163127,-1.9531737266326255,0.20016747617235417,0.40033495234470834,0.012112250995193202,0.024224501990386404,2.915844894405312e-06,False
0xd080b654474d679c03df4fd676aa818c1adfa608,72,0.013888888888888888,0.0,1999.4775,-3.1708283789144867,-6.341656757828973,-11.890606420927917,-23.781212841855833,-22.19579865239803,-44.39159730479606,2.7233380707102728e-06,False
0x0765ac1a050d9ef9702c6847b0cc317387086fac,49,0.1836734693877551,0.0,1969.5428,0.9884094473513131,1.9768188947026262,0.7188455871957141,1.4376911743914282,0.0936763500018583,0.1873527000037166,2.6825662650033863e-06,False
0xab12f690378c1abe54269e8dfdeadd8a04b48b2a,68,1.0,0.3382352941176471,1942.7100999999998,-0.5381857639709278,-1.0763715279418555,-0.7587241336449853,-1.5174482672899705,-1.495062611603961,-2.990125223207922,2.6460194604257162e-06,True
0x60cc4fe7496c65f43e963815995a11b7a7915450,174,1.0,0.46551724137931033,1881.0584999999999,-0.871192759617094,-1.742385519234188,-2.04024901946872,-4.08049803893744,-2.793224015657213,-5.586448031314426,2.5620484482986975e-06,True
0x8acf2f327e47fddd1124a55eb4efc1dfdacaa34c,87,0.9540229885057471,0.42168674698795183,1807.9551000000001,-0.7831401919648353,-1.5662803839296706,-1.7011961775335296,-3.402392355067059,-2.9415229099410864,-5.883045819882173,2.462479799830105e-06,True
0xb1871843e16d700c0fe39a55e4d7c3c874576f98,64,0.3125,0.3,1739.5502,-0.8046391345491377,-1.6092782690982754,-1.9619845274319168,-3.9239690548638335,-4.89708803259869,-9.79417606519738,2.3693106251866643e-06,False
0xc9cd8e0598616f210b6a47fbeb7a8d8144457f2a,58,1.0,0.15517241379310343,1713.8400000000001,-0.9407728642385657,-1.8815457284771313,-2.154763237754162,-4.309526475508324,-3.5607089374648675,-7.121417874929735,2.334292693519229e-06,False
0x9d92380727efc2d152ea8cb1ccb98e3fe293837d,55,0.5818181818181818,0.0,1640.8849999999998,-0.646463653313373,-1.292927306626746,-2.4036961363814138,-4.8073922727628275,-8.634418823097139,-17.268837646194278,2.2349261695405052e-06,False
0x3aab31c7548065acb040cb5691b7ccb888187efd,43,0.9302325581395349,0.475,1607.0171,-1.3701505071079239,-2.7403010142158477,-2.240373279406873,-4.480746558813746,-1.1068368998553617,-2.2136737997107234,2.188797247637154e-06,True
0xdf0ac4977091a5de1d32b280c45f7a09c97f381c,72,1.0,0.2222222222222222,1572.104,-0.4197336730838787,-0.8394673461677574,-1.0488217796013668,-2.0976435592027336,-1.8945825249566264,-3.7891650499132528,2.141244737345583e-06,False
0x07d42eafaf06b38659502b3b045fac5c6cc12b65,36,0.8611111111111112,0.0,1534.56,-0.15628907226814698,-0.31257814453629396,0.3131339288383061,0.6262678576766122,-0.8340975030662406,-1.6681950061324813,2.090108875838391e-06,False
0xc3f43a41a396e5049d6f96c7d444fc6c315b738a,105,0.38095238095238093,0.15000000000000002,1434.615,-1.6306780233283995,-3.261356046656799,-2.779909343129784,-5.559818686259568,-0.20321669583295848,-0.40643339166591697,1.9539813007708353e-06,False
0x48ad33fcce3a184c83f2d2314542203e78895dcd,63,0.6507936507936508,0.4390243902439024,1415.9398999999999,-0.2518857848071151,-0.5037715696142302,-0.5226936812110681,-1.0453873624221361,-0.1720114719950521,-0.3440229439901042,1.9285453502265947e-06,False
0xdf812ede7068e13b461d4071a85c316c65c6dffe,459,0.002178649237472767,0.0,1394.8605,-1.5929908403023514,-3.1859816806047028,-1.5929908403023514,-3.1859816806047028,12.743926722421076,25.487853444842152,1.8998346833009956e-06,False
0xba2d67990b892b05f0f8be573120d69cd0fddc81,71,0.9014084507042254,0.234375,1331.4376,-1.219132752424558,-2.438265504849116,-1.967895519603163,-3.935791039206326,-3.924938667272275,-7.84987733454455,1.8134511165317518e-06,False
0xa66030ae21d58ff6b7f1432c1a72f5e9010b751d,118,0.9661016949152542,0.34210526315789475,1309.6292000000003,-0.5122153039971937,-1.0244306079943875,-1.3208297140386454,-2.6416594280772907,-2.3366208455285316,-4.673241691057063,1.783747533480041e-06,True
0xbeec40cd2711645a363fcd75c898fcaf70bce7b4,74,1.0,0.45945945945945943,1254.61,-1.3547900294570967,-2.7095800589141934,-2.3950632958195364,-4.790126591639073,0.23990866196742144,0.4798173239348429,1.7088100150633429e-06,True
0x131282fbdc9eadaaee1dc321b14eeef0326e1c46,45,1.0,0.0,1233.264,-1.8486264464294495,-3.697252892858899,0.17514879148496174,0.35029758296992347,4.942342113344601,9.884684226689203,1.6797362323089075e-06,False
0xe43e3f03750b41bb36ec378502ebd93f9d36a93e,321,0.012461059190031152,0.0,1174.8999999999999,0.0,0.0,-0.6043513295726579,-1.2087026591453158,3.4992639361340863,6.9985278722681725,1.6002430131259286e-06,False
0x28f20af0f75856be9838f2dfef6585c9c7c303f5,67,0.835820895522388,0.3571428571428571,1156.6131,-0.5531399825929874,-1.1062799651859747,-1.526057716021241,-3.052115432042482,-1.8408879850118465,-3.681775970023693,1.5753358006340296e-06,True
0x3e051c89cd06e6867ce98c758fcc665d2148e1bb,36,0.25,0.0,1137.25,-1.056461145225362,-2.112922290450724,-1.2237347507760843,-2.4474695015521686,0.47298825141140655,0.9459765028228131,1.5489627769831158e-06,False
0x3ee4446e94c18ff1cae5c8d567fcd27cea36338d,144,0.3333333333333333,0.375,1123.993,-0.6683050918544726,-1.3366101837089452,-1.2912038319787877,-2.5824076639575755,-1.0816401841700445,-2.163280368340089,1.530906413356415e-06,False
0x0df35610dec6d32873adc70a0fbfb6aa68bd5cc5,35,0.5142857142857142,0.0,1099.4655,-1.3987117194869398,-2.7974234389738797,-9.579052436740067,-19.158104873480134,-31.219881464268504,-62.43976292853701,1.4974993484960473e-06,False
0x99bfe8e92dcd439ec785c8d809ee2b4c929734c3,1503,0.008649367930805056,0.46153846153846156,1078.7092000000002,0.19303917789265826,0.3860783557853165,1.2824773573440365,2.564954714688073,-0.6021658133432335,-1.204331626686467,1.46922875180412e-06,False
0x48ff42cc16b478501054d663ec98d5cc757fdff2,94,0.14893617021276595,0.3571428571428571,1078.3904,-0.4607337951165958,-0.9214675902331916,-1.0318780517339152,-2.0637561034678304,1.978664348454665,3.95732869690933,1.4687945382773647e-06,False
0x65ae4aa22a5b389e90930bd9594c51af10b98761,74,0.22972972972972974,0.29411764705882354,1050.2973000000002,-0.7107864890528068,-1.4215729781056137,-2.9275222614449996,-5.855044522889999,-2.4461788859584765,-4.892357771916953,1.4305310375606671e-06,False
0x213f3839391efeae168838834fd3ae6f555d23d7,123,0.008130081300813009,0.0,1030.7880000000002,-6.379585326954746,-12.759170653909491,-9.569377990430985,-19.13875598086197,3.189792663476239,6.379585326952478,1.4039588858745853e-06,False
0x1a46939352cb3a579d3fc8ed15f76ffde95dad84,95,1.0,0.42105263157894735,1023.8917999999999,-0.7860052307223756,-1.5720104614447512,-2.702168954765739,-5.404337909531478,-4.94063756633835,-9.8812751326767,1.3945660900050479e-06,True
0xcad84188522db9fb6b6565103b098df1b847bd4e,62,0.9838709677419355,0.0,1019.2572000000001,-0.45493113408852925,-0.9098622681770585,-1.3111495456398727,-2.6222990912797455,-1.1755150089217081,-2.3510300178434163,1.3882536495687274e-06,False
0xd96ea2cac6168a67e10316c42cfdb2300bac36ad,54,0.6296296296296297,0.38235294117647056,1007.1473,-2.079724149247576,-4.159448298495152,-4.693168626827955,-9.38633725365591,-6.9619973686375785,-13.923994737275157,1.3717596646639236e-06,False
0x8d0e342e0524392d035fb37461c6f5813ff59244,368,0.008152173913043478,0.0,1006.9580000000001,0.0,0.0,-1.8954779312218146,-3.7909558624436293,-7.581911724885718,-15.163823449771437,1.371501833357102e-06,False
0x735da250f8dec4fbb803a572905719686ca1f9cc,53,0.018867924528301886,0.0,999.9329999999999,-1.5701051970478899,-3.1402103940957797,2.3551577955723926,4.710315591144785,-10.205683780812958,-20.411367561625916,1.3619336086850364e-06,False
0x622ba9e3eac7ce1bd26e1cb2260aefbc0c3cdbc3,89,0.7865168539325843,0.4857142857142857,928.6863000000002,-0.45512307488733733,-0.9102461497746747,-1.447074975522671,-2.894149951045342,-2.8143842585040493,-5.6287685170080985,1.264893831782084e-06,True
0x74381c910387ca7a25a5374e24f068b4b8845ec3,48,0.3333333333333333,0.0,865.1647999999999,-2.5546554201743414,-5.109310840348683,-3.6371354997920884,-7.274270999584177,-3.0941440386685426,-6.188288077337085,1.178375969361215e-06,False
0xf3436142767a4387c47798b5ac1e622437f97834,154,0.025974025974025976,0.5,862.277,0.00585771892039319,0.01171543784078638,-0.582739956524446,-1.165479913048892,-5.3325985347388585,-10.665197069477717,1.1744427139579426e-06,False
0x3af2d8cf5349e0cf7bda44c555262ea0bf8ddbed,56,0.8035714285714286,0.3111111111111111,837.4480999999998,-0.7173012114948649,-1.4346024229897298,-0.7197799806878127,-1.4395599613756254,-1.521575265168177,-3.043150530336354,1.1406251348034589e-06,True
0xe8de5d2ae47fa0a00d1de7a36b2a2d75b63a80f7,115,0.008695652173913044,0.0,819.3428,0.8140670791265796,1.6281341582531592,2.442201237382053,4.884402474764106,-0.8140670791277365,-1.628134158255473,1.1159652660269259e-06,False
0x493364de7f4a39ed24f9c68ece229973f324d369,45,0.17777777777777778,0.0,813.213,-0.6271883741335644,-1.2543767482671289,-1.9857725222020302,-3.9715450444040603,7.43375209694814,14.86750419389628,1.1076163260134275e-06,False
0x5ff759703ebe83802f98f2bc67ee4429cd5b7489,71,0.4507042253521127,0.0,796.8988,-0.9028550042356724,-1.8057100084713449,-1.3172017080560519,-2.6344034161121037,-0.7910742128409084,-1.5821484256818168,1.0853959799714334e-06,False
0xd99bcaafc4872a78d80e2ee94fb6659853d8c2ee,99,0.5656565656565656,0.5,778.9757,-0.6073400108221098,-1.2146800216442195,-1.75574762916386,-3.51149525832772,-1.9978543145280743,-3.9957086290561485,1.0609842721251847e-06,False
0x44623c92310d1b9b430b3228487a1b88fcc1c517,56,1.0,0.4821428571428571,778.6979999999999,-0.42103887313348326,-0.8420777462669665,-1.4314490538980933,-2.8628981077961866,-2.1331452753722115,-4.266290550744423,1.0606060378203544e-06,True
0xe2a7d643f88f17f2eddf904f9ed1705526ddc57c,99,0.6161616161616161,0.3770491803278688,778.1203999999999,-0.49487497299790706,-0.9897499459958141,-0.7172642534690894,-1.4345285069381788,-2.57475318478164,-5.14950636956328,1.0598193322587053e-06,False
0x14c208b94acbd8f3658476b59b0f6a17655309ab,111,0.009009009009009009,0.0,767.9056,0.0,0.0,0.8021819348620973,1.6043638697241946,-4.010909674313907,-8.021819348627814,1.0459065206743335e-06,False
0x9ba1badcf0b2947db7411ebae755d90184356802,67,0.11940298507462686,0.5,754.8855,-0.8836120261343757,-1.7672240522687515,0.5946693434667178,1.1893386869334357,1.5759631404106624,3.151926280821325,1.0281728207379976e-06,False
0xf656e3f81c08ea65a5059135992ebff94d646dcf,33,0.5454545454545454,0.0,753.1098,-1.8402517065554669,-3.6805034131109338,-2.0155243477383973,-4.031048695476795,1.4588458214579154,2.917691642915831,1.0257542731863695e-06,False
0xc245a6565825504eb0e2bb0e7cdcb8acbe3fe531,33,0.9696969696969697,0.5,673.983,-0.2784449559499372,-0.5568899118998744,3.6389394174979377,7.277878834995875,0.9034112494732456,1.8068224989464912,9.179816041498449e-07,True
0x0c31841efad9ec9187b3a75627a85810237c92e1,68,0.8235294117647058,0.1428571428571429,659.8095,-0.33177916826793413,-0.6635583365358683,-1.3693949693494614,-2.7387899386989227,-1.46217145642971,-2.92434291285942,8.986769447349668e-07,False
0xa1fedbd85c61c41d966996199146d15b9f59f6d6,39,0.41025641025641024,0.0625,645.8485000000001,-0.7442544672265708,-1.4885089344531417,-2.0919265002562337,-4.1838530005124674,1.9681478700767925,3.936295740153585,8.796617156037633e-07,False
0xbc20275d13c82ba981c0241c282f92e7a08bc85f,60,0.95,0.0,611.042,-0.5397753707586389,-1.0795507415172778,-1.0991157807475012,-2.1982315614950023,-1.1875605642819935,-2.375121128563987,8.32254397162732e-07,False
0xdee679d64afa3e40ec4deefa45cdb147acc4386f,35,0.9428571428571428,0.0,593.2506,-1.3643306657166498,-2.7286613314332997,0.4214014055994589,0.8428028111989178,3.8157024355791047,7.631404871158209,8.080220679911185e-07,False
0x9b1a3fa4acb0ef796ca402111debc536fa3b7b98,32,0.03125,0.0,584.3190000000001,-0.795798185580544,-1.591596371161088,-16.711761897183507,-33.423523794367014,-12.732770969281919,-25.465541938563838,7.958570067126817e-07,False
0x99f1fe0a2e25892d0300331c0153085589e690be,46,0.41304347826086957,0.3684210526315789,558.2997999999999,-0.38342502678311985,-0.7668500535662397,-1.7151180676021018,-3.4302361352042037,1.9684226313971032,3.9368452627942063,7.604182093621613e-07,False
0x16e3439970f116138c949b66a7eb40a91ee4f8b4,40,0.45,0.4444444444444444,504.7117,-0.6691367883345379,-1.3382735766690759,-2.6759898125630763,-5.351979625126153,-4.016685835156654,-8.033371670313308,6.874298847288364e-07,False
0x78153a9e6237fc27d5db1eed25cbbda643d4172d,33,1.0,0.48484848484848486,498.598,-0.5105215072101309,-1.0210430144202618,-1.8737983052236842,-3.7475966104473684,-0.46536810414832686,-0.9307362082966537,6.791028733156541e-07,True
0xcfa5e4a2fbcf2310019e8f316e12973bdf2aad27,50,0.18,0.33333333333333337,484.44570000000004,-0.26769461398450356,-0.5353892279690071,-4.38515666553039,-8.77031333106078,-13.027804547239375,-26.05560909447875,6.598270888279001e-07,False
0xf69d0a8b1cecd97ff88026d437d0ec1dcac4d939,96,0.3958333333333333,0.0,475.80500000000006,-1.2115905178672102,-2.4231810357344203,-2.9089729320836555,-5.817945864167311,-3.991012797233838,-7.982025594467676,6.480582405825029e-07,False
0x98a202e90f1e4ca6e71205ed648b11500786ac12,36,0.5,0.0,467.4675,-0.6687214879364662,-1.3374429758729325,0.8844684474477655,1.768936894895531,2.4470092765147102,4.8940185530294205,6.367023582759767e-07,False
0xa8c3e69aaa2ad9871276aa634f92c16f145d7b8e,46,0.8913043478260869,0.36585365853658536,429.3712,-1.7866214273768872,-3.5732428547537745,0.45493359270782263,0.9098671854156453,0.7239999377126368,1.4479998754252736,5.848142504362038e-07,True
0xce0d313757a359c65d7174c2df8b83c49ea05a05,74,0.5675675675675675,0.0,415.33520000000004,-0.6771572316266233,-1.3543144632532467,-1.7682010534938348,-3.5364021069876697,-2.0891101490222597,-4.178220298044519,5.656968694401739e-07,False
0x5bb50f8eb792f654732e5f9960f5b596c9f08382,45,0.24444444444444444,0.0,407.93649999999997,-0.9418321098923019,-1.8836642197846039,-3.482835137614074,-6.965670275228148,-1.143179647140981,-2.286359294281962,5.556196560763005e-07,False
0x93e530832a565ed0a2714d188658628f3cc6bb7a,43,0.5348837209302325,0.0,398.8034999999999,-1.5293668344917364,-3.0587336689834728,1.1680868433903109,2.3361736867806218,4.716935499173266,9.433870998346531,5.431802829901831e-07,False
0x476748000d5557bb982818885bfba908c0d5a55b,33,0.06060606060606061,0.0,398.16,-2.380952380952471,-4.761904761904942,-14.285714285714828,-28.571428571429657,-7.142857142857414,-14.285714285714828,5.423038199899735e-07,False
0x7d438d79b805b9bacc828c37952ea3277139ce26,30,0.4666666666666667,0.0,393.07169999999996,-2.3616509830818115,-4.723301966163623,0.7934977139534098,1.5869954279068197,6.845897256091821,13.691794512183643,5.353734288726965e-07,False
0xbcf7a38cadf41745466c9ebe3a8371b5c3267016,70,0.45714285714285713,0.0,322.6888,-0.4220749534687703,-0.8441499069375406,-1.5122308000760485,-3.024461600152097,-1.1869065770335465,-2.373813154067093,4.3951016904757024e-07,False
0xb4b1f10d6c4ca730f2df9a2313ea30a0d07664da,98,0.030612244897959183,0.3333333333333333,303.7474,-0.5333333333332272,-1.0666666666664544,-1.8666666666664848,-3.7333333333329697,0.5333333333332272,1.0666666666664544,4.1371151128195317e-07,False
0xdcdd09da8860186b3aa7ccb17c88c2845e24d17c,51,0.17647058823529413,0.3333333333333333,214.8632,-1.072050722769197,-2.144101445538394,-0.43806174125605424,-0.8761234825121085,-3.4380688221723656,-6.876137644344731,2.926490208340106e-07,False
0xaf5130bb0ca83b2235433ef5585ea3a8baab405a,37,0.3783783783783784,0.21428571428571427,172.101,-1.167024146685346,-2.334048293370692,-1.6966453603355856,-3.393290720671171,1.03721233986508,2.07442467973016,2.344058411796625e-07,False
0xf185b4f7eed11693ca0063b2f7e5713bbcd34139,87,0.09195402298850575,0.0,162.6731,-0.09895503483208228,-0.19791006966416455,-0.4830024268415578,-0.9660048536831156,-5.898303761556619,-11.796607523113238,2.215648069610482e-07,False
0xdc9fd587789819afe8911783fb1950061653dc6c,33,0.30303030303030304,0.0,124.4108,-2.701129534768877,-5.402259069537754,-3.3400456833451884,-6.680091366690377,-4.4343857021575035,-8.868771404315007,1.6945060299379293e-07,False
0x9b39d490d6ab15da05244f5acdeec418c07d468a,245,0.00816326530612245,0.0,124.3209,-1.9894954639502291,-3.9789909279004583,-3.5829939899643417,-7.165987979928683,-4.37689002069073,-8.75378004138146,1.6932815695848777e-07,False
0xf2cf4455077e883045bfa4dbec7a520eb2efb7be,96,0.010416666666666666,0.0,124.03,-0.806256550834888,-1.612513101669776,-0.806256550834888,-1.612513101669776,3.22502620333726,6.45005240667452,1.6893194392544808e-07,False
0x4fe602298da0055086b841e7b625bf398519a069,60,0.06666666666666667,0.25,103.5744,-1.471712665911336,-2.943425331822672,-1.5184359797702476,-3.036871959540495,-4.219628436521127,-8.439256873042254,1.4107090811023082e-07,False
0x24803a02e720ccc30d3c0fff116e6ded7515c71e,104,0.019230769230769232,0.0,87.311,-1.6034634811188984,-3.2069269622377967,-2.4051952216789174,-4.810390443357835,5.612122183917854,11.224244367835707,1.1891975293134564e-07,False
0x9e12c5a857f9d025a51698f12a0dc7befd9a4963,30,0.2,0.0,74.5212,-1.592437307696177,-3.184874615392354,-4.70208258185204,-9.40416516370408,-10.725002926305384,-21.45000585261077,1.0149972732126986e-07,False
0x3f4dd7aa0d48724299dbd513e6de6bb25acd75cc,66,0.015151515151515152,0.0,48.8319,-0.7986582541334651,-1.5973165082669303,-3.1946330165327255,-6.389266033065451,1.5973165082657952,3.1946330165315904,6.651026197349905e-08,False
0x795438565451479517af2aeb1cc389f6e54e811a,32,0.09375,0.0,34.2936,0.0,0.0,-5.5115672222140395,-11.023134444428079,-5.503926955845491,-11.007853911690981,4.670873588810567e-08,False
0x3550dd33e3e6af5cd76822526af8cac37ba1d865,41,0.04878048780487805,0.5,19.5052,-0.411218027798549,-0.822436055597098,3.141320063304451,6.282640126608902,16.627985811507504,33.25597162301501,2.656656738413811e-08,False
0x4f806f1d13842ac7cf8661e2a6b06ec58501a0da,180,0.005555555555555556,0.0,19.077,0.0,0.0,-3.1451486082722324,-6.290297216544465,-9.435445824815579,-18.870891649631158,2.5983348337223037e-08,False
0xdb4657999d0e477ad089aec12d8f50ab23745132,37,0.02702702702702703,0.0,15.072,-7.165605095540542,-14.331210191081084,5.5732484076439,11.1464968152878,26.273885350319468,52.547770700638935,2.052843875549749e-08,False
0x48ec0004494081e8332589faf0747d568da79faf,84,0.011904761904761904,0.0,10.0504,0.0,0.0,-0.7959882193747605,-1.591976438749521,-11.143835071240991,-22.287670142481982,1.3688894696672767e-08,False
