run,n_mm,alpha,seed,kappa,rho,n_wallets,alpha_eff,policy,hC,hM,PiC,PiM,PiM_id,Pi_nominal,informed_share_nominal,entrant_pnl,entrant_pnl_norm,incumbent_pnl,incumbent_pnl_norm,delta_market,entrant_fill_share,entrant_informed_share,incumbent_informed_share,fill_rate,dec_undercut,dec_withdraw,dec_competitive,abar_hat
cfl_exp2_alpha0.3_n_mm2_seed0,2,0.3,0,1000000.0,0.0,50,0.2999999966547333,competitive,4,14,0.11814223561608861,1.4998167051021234,1.4998167051021232,1.277827132602498,0.2199943783378619,0.10633112301928799,0.07695815864560471,0.0,0.0,-0.008548404749198416,1.0,0.26481665533294974,0.0,0.76468,0.0,0.0,0.0,
cfl_exp2_alpha0.3_n_mm2_seed0,2,0.3,0,1000000.0,0.0,50,0.2999999966547333,markout,4,14,0.11814223561608861,1.4998167051021234,1.4998167051021232,1.277827132602498,0.2199943783378619,0.5969725254247101,0.4320645264921022,0.5770350654344647,0.41763460075303727,0.7641925638503364,0.525504759465574,0.2321501096580294,0.23893486865779057,0.46854,0.9455,0.0,0.0545,
cfl_exp2_alpha0.3_n_mm2_seed0,2,0.3,0,1000000.0,0.0,50,0.2999999966547333,anon,4,14,0.11814223561608861,1.4998167051021234,1.4998167051021232,1.277827132602498,0.2199943783378619,0.40277657087091595,0.29151336278272816,0.026500793935696286,0.0191802009235607,0.22518700031148575,0.5710199912447104,0.25488091587447614,0.265732362745765,0.6853,0.65356,0.1681,0.17834,0.29491627529212533
cfl_exp2_alpha0.3_n_mm2_seed0,2,0.3,0,1000000.0,0.0,50,0.2999999966547333,id,4,14,0.11814223561608861,1.4998167051021234,1.4998167051021232,1.277827132602498,0.2199943783378619,0.40277657087091595,0.29151336278272816,0.026500793935696286,0.0191802009235607,0.22518700031148575,0.5710199912447104,0.25488091587447614,0.265732362745765,0.6853,0.65356,0.1681,0.17834,0.29491627529212533
cfl_exp2_alpha0.3_n_mm2_seed0,2,0.3,0,1000000.0,0.0,50,0.2999999966547333,oracle,4,14,0.11814223561608861,1.4998167051021234,1.4998167051021232,1.277827132602498,0.2199943783378619,0.39989479354189195,0.28942764911234675,0.021887898837622592,0.015841574351275818,0.21976266006881948,0.5699265154375671,0.253694832331057,0.26683325454177076,0.68858,0.65,0.17,0.18,
cfl_exp2_alpha0.3_n_mm2_seed0,2,0.3,0,1000000.0,0.5,50,0.2999999966547333,competitive,4,14,0.11814223561608861,1.4998167051021234,1.4998167051021234,1.2987674669804996,0.2155379221258535,0.10458469260286898,0.07569416306995463,0.0,0.0,-0.009812400324848484,1.0,0.26151598935781734,0.0,0.76676,0.0,0.0,0.0,
cfl_exp2_alpha0.3_n_mm2_seed0,2,0.3,0,1000000.0,0.5,50,0.2999999966547333,markout,4,14,0.11814223561608861,1.4998167051021234,1.4998167051021234,1.2987674669804996,0.2155379221258535,0.6095695646242002,0.4411817530731043,0.5926184357458637,0.42891321279628924,0.7845884024745905,0.521897193101116,0.22946703385711972,0.23183023872679046,0.47312,0.9454,0.0,0.0546,
cfl_exp2_alpha0.3_n_mm2_seed0,2,0.3,0,1000000.0,0.5,50,0.2999999966547333,anon,4,14,0.11814223561608861,1.4998167051021234,1.4998167051021234,1.2987674669804996,0.2155379221258535,0.38921626602830234,0.28169896355766477,-0.002872179685663792,-0.002078767284982986,0.1941136328778787,0.5721732040418159,0.25024174258231974,0.2693983120065342,0.68682,0.65,0.16998,0.18002,0.3016863520579141
cfl_exp2_alpha0.3_n_mm2_seed0,2,0.3,0,1000000.0,0.5,50,0.2999999966547333,id,4,14,0.11814223561608861,1.4998167051021234,1.4998167051021234,1.2987674669804996,0.2155379221258535,0.38921626602830234,0.28169896355766477,-0.002872179685663792,-0.002078767284982986,0.1941136328778787,0.5721732040418159,0.25024174258231974,0.2693983120065342,0.68682,0.65,0.16998,0.18002,0.3016863520579141
cfl_exp2_alpha0.3_n_mm2_seed0,2,0.3,0,1000000.0,0.5,50,0.2999999966547333,oracle,4,14,0.11814223561608861,1.4998167051021234,1.4998167051021234,1.2987674669804996,0.2155379221258535,0.3879778252389435,0.28080263029197194,-0.0008319557645223297,-0.0006021358741844645,0.19469393102298438,0.5720858449084185,0.25038175710068206,0.2692752636951344,0.68682,0.65,0.17,0.18,
cfl_exp2_alpha0.3_n_mm2_seed0,2,0.3,0,1000000.0,0.9,50,0.2999999966547333,competitive,4,14,0.11814223561608861,1.4998167051021234,1.4998167051021236,1.2823790109799875,0.21870032725572697,0.12932812388257758,0.09360245610580471,0.0,0.0,0.008095892711001598,1.0,0.26220851197323014,0.0,0.76504,0.0,0.0,0.0,
cfl_exp2_alpha0.3_n_mm2_seed0,2,0.3,0,1000000.0,0.9,50,0.2999999966547333,markout,4,14,0.11814223561608861,1.4998167051021234,1.4998167051021236,1.2823790109799875,0.21870032725572697,0.5733627699448121,0.41497674206725094,0.6200830817873206,0.4487910108218064,0.7782611894942543,0.5259881465057775,0.23824578469520102,0.22721957362597822,0.46906,0.94874,0.0,0.05126,
cfl_exp2_alpha0.3_n_mm2_seed0,2,0.3,0,1000000.0,0.9,50,0.2999999966547333,anon,4,14,0.11814223561608861,1.4998167051021234,1.4998167051021236,1.2823790109799875,0.21870032725572697,0.38920609204003676,0.2816916000371755,0.0059675964927315,0.004319104553586613,0.20050414119595897,0.5730697457429438,0.2510430446728401,0.2715476027865046,0.68592,0.65298,0.16852,0.1785,0.3010839281924826
cfl_exp2_alpha0.3_n_mm2_seed0,2,0.3,0,1000000.0,0.9,50,0.2999999966547333,id,4,14,0.11814223561608861,1.4998167051021234,1.4998167051021236,1.2823790109799875,0.21870032725572697,0.38920609204003676,0.2816916000371755,0.0059675964927315,0.004319104553586613,0.20050414119595897,0.5730697457429438,0.2510430446728401,0.2715476027865046,0.68592,0.65298,0.16852,0.1785,0.3010839281924826
cfl_exp2_alpha0.3_n_mm2_seed0,2,0.3,0,1000000.0,0.9,50,0.2999999966547333,oracle,4,14,0.11814223561608861,1.4998167051021234,1.4998167051021236,1.2823790109799875,0.21870032725572697,0.38110034757284245,0.27582499061056465,0.004382595919971664,0.003171945358158014,0.19349037257391957,0.5724660837230922,0.2507865624682838,0.2724060610178705,0.68846,0.65,0.17,0.18,
cfl_exp2_alpha0.3_n_mm2_seed0,2,0.3,0,1000000.0,0.99,50,0.2999999966547333,competitive,4,14,0.11814223561608861,1.4998167051021234,1.4998167051021234,1.3060964898618728,0.21620615871243837,0.10210448533231521,0.07389908953756436,0.0,0.0,-0.011607473857238771,1.0,0.2647573754213593,0.0,0.76538,0.0,0.0,0.0,
cfl_exp2_alpha0.3_n_mm2_seed0,2,0.3,0,1000000.0,0.99,50,0.2999999966547333,markout,4,14,0.11814223561608861,1.4998167051021234,1.4998167051021234,1.3060964898618728,0.21620615871243837,0.5959619595138149,0.4313331198306828,0.5924685994484773,0.42880476735512674,0.7746313237910064,0.5235622153165042,0.2294495487438003,0.23150464617583988,0.46982,0.9442,0.0,0.0558,
cfl_exp2_alpha0.3_n_mm2_seed0,2,0.3,0,1000000.0,0.99,50,0.2999999966547333,anon,4,14,0.11814223561608861,1.4998167051021234,1.4998167051021234,1.3060964898618728,0.21620615871243837,0.3918410740407961,0.2835986932483134,0.012915827509746312,0.009347952643686638,0.20744008249719686,0.5755319462020659,0.25102270402945387,0.26305206961103794,0.67958,0.65946,0.1651,0.17544,0.30268275169656755
cfl_exp2_alpha0.3_n_mm2_seed0,2,0.3,0,1000000.0,0.99,50,0.2999999966547333,id,4,14,0.11814223561608861,1.4998167051021234,1.4998167051021234,1.3060964898618728,0.21620615871243837,0.3918410740407961,0.2835986932483134,0.012915827509746312,0.009347952643686638,0.20744008249719686,0.5755319462020659,0.25102270402945387,0.26305206961103794,0.67958,0.65946,0.1651,0.17544,0.30268275169656755
cfl_exp2_alpha0.3_n_mm2_seed0,2,0.3,0,1000000.0,0.99,50,0.2999999966547333,oracle,4,14,0.11814223561608861,1.4998167051021234,1.4998167051021234,1.3060964898618728,0.21620615871243837,0.37544737342406487,0.2717335969620445,-0.00675750056571469,-0.0048908051172345925,0.18133622845000683,0.5746229546380947,0.25359748682610456,0.26591375770020537,0.68692,0.65,0.17,0.18,
cfl_exp2_alpha0.3_n_mm2_seed0,2,0.3,0,5.0,0.0,50,0.29973965736877045,competitive,4,14,0.11943267886137865,1.5008330702367623,1.5008330702367623,1.256819448934725,0.2224200956040866,0.05257245918658525,0.038057365203322244,0.0,0.0,-0.048400319047415645,1.0,0.2643576003136845,0.0,0.7651,0.0,0.0,0.0,
cfl_exp2_alpha0.3_n_mm2_seed0,2,0.3,0,5.0,0.0,50,0.29973965736877045,markout,4,14,0.11943267886137865,1.5008330702367623,1.5008330702367623,1.256819448934725,0.2224200956040866,0.5841992955618887,0.42290367022426706,0.6096180305294899,0.4413043707932695,0.7777503567667986,0.5233233063593611,0.23567033678756477,0.23509021420318194,0.47206,0.9436,0.0,0.0564,
cfl_exp2_alpha0.3_n_mm2_seed0,2,0.3,0,5.0,0.0,50,0.29973965736877045,anon,4,14,0.11943267886137865,1.5008330702367623,1.5008330702367623,1.256819448934725,0.2224200956040866,0.3850875578765448,0.2787660697657212,0.008567046390969002,0.006201711281143673,0.19851009679612697,0.5714075729068674,0.2540515511653033,0.26373550998010836,0.68032,0.6506,0.16968,0.17972,0.30631039516592357
cfl_exp2_alpha0.3_n_mm2_seed0,2,0.3,0,5.0,0.0,50,0.29973965736877045,id,4,14,0.11943267886137865,1.5008330702367623,1.5008330702367623,1.256819448934725,0.2224200956040866,0.3850875578765448,0.2787660697657212,0.008567046390969002,0.006201711281143673,0.19851009679612697,0.5714075729068674,0.2540515511653033,0.26373550998010836,0.68032,0.6506,0.16968,0.17972,0.30631039516592357
cfl_exp2_alpha0.3_n_mm2_seed0,2,0.3,0,5.0,0.0,50,0.29973965736877045,oracle,4,14,0.11943267886137865,1.5008330702367623,1.5008330702367623,1.256819448934725,0.2224200956040866,0.383077151972004,0.2773107307365067,0.005984669819151231,0.00433232092340196,0.19518536740917075,0.5713110660673894,0.2542677910324969,0.2638936476392791,0.68082,0.65,0.17,0.18,
cfl_exp2_alpha0.3_n_mm2_seed0,2,0.3,0,5.0,0.5,50,0.29973965736877045,competitive,4,14,0.11943267886137865,1.5008330702367623,1.5082018291802555,1.3047842048382419,0.20954783258594917,0.10859849971511268,0.07861478858203245,0.0,0.0,-0.007842895668705422,1.0,0.2639911924296836,0.0,0.76298,0.0,0.0,0.0,
cfl_exp2_alpha0.3_n_mm2_seed0,2,0.3,0,5.0,0.5,50,0.29973965736877045,markout,4,14,0.11943267886137865,1.5008330702367623,1.5082018291802555,1.3047842048382419,0.20954783258594917,0.6068749543405935,0.4393186494875405,0.616462747457075,0.4462592824686384,0.799120247705441,0.5267857142857143,0.23471764800385572,0.2285612089779129,0.47264,0.94126,0.0,0.05874,
cfl_exp2_alpha0.3_n_mm2_seed0,2,0.3,0,5.0,0.5,50,0.29973965736877045,anon,4,14,0.11943267886137865,1.5008330702367623,1.5082018291802555,1.3047842048382419,0.20954783258594917,0.8179737315279999,0.592133704778807,0.39283075772878556,0.28437139599885725,0.7900474165269264,0.6395294911252583,0.2282945480915024,0.23485380116959065,0.47438,0.93416,0.02272,0.04312,0.29610433889923854
cfl_exp2_alpha0.3_n_mm2_seed0,2,0.3,0,5.0,0.5,50,0.29973965736877045,id,4,14,0.11943267886137865,1.5008330702367623,1.5082018291802555,1.3047842048382419,0.20954783258594917,0.8589471209346538,0.6217944676267594,0.3357924398948243,0.24308118195948566,0.7784179653355072,0.6579584554606857,0.22674155852540512,0.25062096373571785,0.47082,0.94528,0.01724,0.03748,0.29929242220964286
cfl_exp2_alpha0.3_n_mm2_seed0,2,0.3,0,5.0,0.5,50,0.29973965736877045,oracle,4,14,0.11943267886137865,1.5008330702367623,1.5082018291802555,1.3047842048382419,0.20954783258594917,0.8512566102060263,0.6162272832125647,0.35078453711985697,0.253934007337728,0.7837036062995548,0.65839066706551,0.23106380216784578,0.24443332499374532,0.46802,0.94868,0.01762,0.0337,
cfl_exp2_alpha0.3_n_mm2_seed0,2,0.3,0,5.0,0.9,50,0.29973965736877045,competitive,4,14,0.11943267886137865,1.5008330702367623,1.5282824168226188,1.2897380124684619,0.2168998424905031,0.1058993900292008,0.07666089476329355,0.0,0.0,-0.009796789487444332,1.0,0.2597715603059834,0.0,0.76344,0.0,0.0,0.0,
cfl_exp2_alpha0.3_n_mm2_seed0,2,0.3,0,5.0,0.9,50,0.29973965736877045,markout,4,14,0.11943267886137865,1.5008330702367623,1.5282824168226188,1.2897380124684619,0.2168998424905031,0.5998573797603984,0.43423860562479916,0.6120537667060704,0.44306760771703735,0.7908485290910987,0.5203245161835545,0.2316063017703427,0.22595137420718817,0.47332,0.9436,0.0,0.0564,
cfl_exp2_alpha0.3_n_mm2_seed0,2,0.3,0,5.0,0.9,50,0.29973965736877045,anon,4,14,0.11943267886137865,1.5008330702367623,1.5282824168226188,1.2897380124684619,0.2168998424905031,0.777403243075667,0.5627646031731971,0.3767060282408601,0.27269865463538406,0.7490055735578434,0.6294272157261481,0.2382042135020529,0.24591288441751458,0.47208,0.94764,0.03006,0.0223,0.3173662144922151
cfl_exp2_alpha0.3_n_mm2_seed0,2,0.3,0,5.0,0.9,50,0.29973965736877045,id,4,14,0.11943267886137865,1.5008330702367623,1.5282824168226188,1.2897380124684619,0.2168998424905031,1.0051743560175965,0.7276488136917352,0.26898041343271384,0.194715750127235,0.8359068795682323,0.693494329920573,0.20695134061569018,0.2798082684242061,0.43562,0.93882,0.03284,0.02834,0.3045130634099022
cfl_exp2_alpha0.3_n_mm2_seed0,2,0.3,0,5.0,0.9,50,0.29973965736877045,oracle,4,14,0.11943267886137865,1.5008330702367623,1.5282824168226188,1.2897380124684619,0.2168998424905031,1.024959222624922,0.7419711395943844,0.2675110845763712,0.19365209844050013,0.8491655537841466,0.6846625766871166,0.2026417098101686,0.27439112264014986,0.4401,0.93266,0.03776,0.02958,
cfl_exp2_alpha0.3_n_mm2_seed0,2,0.3,0,5.0,0.99,50,0.29973965736877045,competitive,4,14,0.11943267886137865,1.5008330702367623,1.5351131617082756,1.3591704232284156,0.198013367991088,0.2173881480795727,0.15736795026033792,0.0,0.0,0.07091026600960004,1.0,0.23982584665119797,0.0,0.76714,0.0,0.0,0.0,
cfl_exp2_alpha0.3_n_mm2_seed0,2,0.3,0,5.0,0.99,50,0.29973965736877045,markout,4,14,0.11943267886137865,1.5008330702367623,1.5351131617082756,1.3591704232284156,0.198013367991088,0.5693883949913469,0.41218201366255475,0.5892461581896851,0.4265571096320636,0.7522814390438805,0.5134490977187607,0.23325596816976127,0.21990902729181247,0.46992,0.91214,0.0,0.08786,
cfl_exp2_alpha0.3_n_mm2_seed0,2,0.3,0,5.0,0.99,50,0.29973965736877045,anon,4,14,0.11943267886137865,1.5008330702367623,1.5351131617082756,1.3591704232284156,0.198013367991088,0.8426961128022554,0.610030312763434,0.39579425370021254,0.28651667986436735,0.8100893083770635,0.6453349030820333,0.22074537399009642,0.23153526970954358,0.47566,0.9328,0.01948,0.04772,0.29205254872657904
cfl_exp2_alpha0.3_n_mm2_seed0,2,0.3,0,5.0,0.99,50,0.29973965736877045,id,4,14,0.11943267886137865,1.5008330702367623,1.5351131617082756,1.3591704232284156,0.198013367991088,1.113706114202134,0.8062152878741251,0.19003036089060188,0.1375635638132397,0.857321167436627,0.7015958642391549,0.1874159031203947,0.3040072310937029,0.4449,0.8931,0.06482,0.04208,0.29006853712351804
cfl_exp2_alpha0.3_n_mm2_seed0,2,0.3,0,5.0,0.99,50,0.29973965736877045,oracle,4,14,0.11943267886137865,1.5008330702367623,1.5351131617082756,1.3591704232284156,0.198013367991088,1.1132387709607885,0.8058769766616314,0.2217845896197494,0.16055054783858197,0.8799698402494756,0.7012604496036731,0.17671402100061767,0.2766420182688125,0.46174,0.90046,0.05422,0.04532,
cfl_exp2_alpha0.3_n_mm2_seed0,2,0.3,0,1.0,0.0,50,0.29999385107801696,competitive,4,14,0.11817269785667106,1.4998406974468963,1.4998406974468963,1.2569858530691014,0.22357457166931935,0.04644232730476263,0.0336132322081256,0.0,0.0,-0.05191577902447057,1.0,0.26765021318894033,0.0,0.76458,0.0,0.0,0.0,
cfl_exp2_alpha0.3_n_mm2_seed0,2,0.3,0,1.0,0.0,50,0.29999385107801696,markout,4,14,0.11817269785667106,1.4998406974468963,1.4998406974468963,1.2569858530691014,0.22357457166931935,0.5785461268932524,0.4187302065799001,0.6036834395332416,0.43692366017906026,0.7701248555263642,0.5284504404817636,0.24297334299750342,0.23492779783393503,0.46994,0.94128,0.0,0.05872,
cfl_exp2_alpha0.3_n_mm2_seed0,2,0.3,0,1.0,0.0,50,0.29999385107801696,anon,4,14,0.11817269785667106,1.4998406974468963,1.4998406974468963,1.2569858530691014,0.22357457166931935,0.408328774014286,0.29553320633856184,-0.010003047587185745,-0.007239834453828595,0.20276436065213707,0.5750162308918138,0.25239928149858865,0.27609193805985693,0.67772,0.65866,0.16578,0.17556,0.3050001677358017
cfl_exp2_alpha0.3_n_mm2_seed0,2,0.3,0,1.0,0.0,50,0.29999385107801696,id,4,14,0.11817269785667106,1.4998406974468963,1.4998406974468963,1.2569858530691014,0.22357457166931935,0.408328774014286,0.29553320633856184,-0.010003047587185745,-0.007239834453828595,0.20276436065213707,0.5750162308918138,0.25239928149858865,0.27609193805985693,0.67772,0.65866,0.16578,0.17556,0.3050001677358017
cfl_exp2_alpha0.3_n_mm2_seed0,2,0.3,0,1.0,0.0,50,0.29999385107801696,oracle,4,14,0.11817269785667106,1.4998406974468963,1.4998406974468963,1.2569858530691014,0.22357457166931935,0.39163337036905405,0.28344969304145756,-0.022767640767803125,-0.016478373078449775,0.1814423087304116,0.5734924255717377,0.2534421213666497,0.27674163466812945,0.68388,0.65,0.17,0.18,
cfl_exp2_alpha0.3_n_mm2_seed0,2,0.3,0,1.0,0.5,50,0.29999385107801696,competitive,4,14,0.11817269785667106,1.4998406974468963,1.5259942467868204,1.269872175775381,0.21621108580106302,0.09999431362254907,0.07237217164485633,0.0,0.0,-0.013156839587739846,1.0,0.2609083514811219,0.0,0.76226,0.0,0.0,0.0,
cfl_exp2_alpha0.3_n_mm2_seed0,2,0.3,0,1.0,0.5,50,0.29999385107801696,markout,4,14,0.11817269785667106,1.4998406974468963,1.5259942467868204,1.269872175775381,0.21621108580106302,0.5827523557345912,0.42177451884781564,0.6125540872215609,0.4433439056294508,0.7795894132446703,0.5215769393810937,0.23382639791937582,0.2307283359914939,0.4718,0.941,0.0,0.059,
cfl_exp2_alpha0.3_n_mm2_seed0,2,0.3,0,1.0,0.5,50,0.29999385107801696,anon,4,14,0.11817269785667106,1.4998406974468963,1.5259942467868204,1.269872175775381,0.21621108580106302,0.8122141154004614,0.587850421115165,0.3412921597755896,0.24701459386539307,0.7493360037479618,0.6658826494182872,0.23319036205374039,0.24311753614079196,0.47618,0.92866,0.02254,0.0488,0.3051501438833504
cfl_exp2_alpha0.3_n_mm2_seed0,2,0.3,0,1.0,0.5,50,0.29999385107801696,id,4,14,0.11817269785667106,1.4998406974468963,1.5259942467868204,1.269872175775381,0.21621108580106302,0.9325111915534179,0.6749169784854117,0.2989183695642033,0.21634601775018053,0.8057339850029961,0.6806409130816505,0.21780070944856497,0.25470790378006875,0.4556,0.9479,0.0247,0.0274,0.2965787992508092
cfl_exp2_alpha0.3_n_mm2_seed0,2,0.3,0,1.0,0.5,50,0.29999385107801696,oracle,4,14,0.11817269785667106,1.4998406974468963,1.5259942467868204,1.269872175775381,0.21621108580106302,0.9916922178159892,0.7177500080410815,0.26391347972698964,0.19101077813574682,0.8232317749442322,0.682716049382716,0.21189615086540944,0.25764313507504166,0.4536,0.947,0.02544,0.02756,
cfl_exp2_alpha0.3_n_mm2_seed0,2,0.3,0,1.0,0.9,50,0.29999385107801696,competitive,4,14,0.11817269785667106,1.4998406974468963,1.601945470430985,1.3141363135503095,0.21372622155911974,0.09802360765470418,0.07094584783303659,0.0,0.0,-0.01458316339955959,1.0,0.2553202628065859,0.0,0.76406,0.0,0.0,0.0,
cfl_exp2_alpha0.3_n_mm2_seed0,2,0.3,0,1.0,0.9,50,0.29999385107801696,markout,4,14,0.11817269785667106,1.4998406974468963,1.601945470430985,1.3141363135503095,0.21372622155911974,0.6006996171273459,0.4347640803040247,0.550707521475206,0.39858165756066916,0.7478167266320979,0.5173489607487668,0.23453671257436232,0.23366526904262752,0.47438,0.92472,0.0,0.07528,
cfl_exp2_alpha0.3_n_mm2_seed0,2,0.3,0,1.0,0.9,50,0.29999385107801696,anon,4,14,0.11817269785667106,1.4998406974468963,1.601945470430985,1.3141363135503095,0.21372622155911974,0.7818206478865393,0.5658527577669972,0.4280133004740353,0.3097801357496702,0.7901038822840712,0.5973223480947477,0.22550287356321838,0.24595055413469735,0.46608,0.91214,0.04324,0.04462,0.30541477796239414
cfl_exp2_alpha0.3_n_mm2_seed0,2,0.3,0,1.0,0.9,50,0.29999385107801696,id,4,14,0.11817269785667106,1.4998406974468963,1.601945470430985,1.3141363135503095,0.21372622155911974,1.1386322208215212,0.8240997266776219,0.1833771822868941,0.13272159617308937,0.8712923116181152,0.6733716915995397,0.15510287784537563,0.33483652762119503,0.4345,0.86232,0.10768,0.03,0.29135003946642035
cfl_exp2_alpha0.3_n_mm2_seed0,2,0.3,0,1.0,0.9,50,0.29999385107801696,oracle,4,14,0.11817269785667106,1.4998406974468963,1.601945470430985,1.3141363135503095,0.21372622155911974,1.079461050728911,0.7812738306518334,0.22754536632346165,0.1646888879173195,0.8604337073365568,0.651701407446998,0.15431930016402406,0.3112531969309463,0.44904,0.85236,0.11658,0.03106,
cfl_exp2_alpha0.3_n_mm2_seed0,2,0.3,0,1.0,0.99,50,0.29999385107801696,competitive,4,14,0.11817269785667106,1.4998406974468963,1.6243410820482906,1.2005262171961153,0.23416634872186187,-0.03165923736119836,-0.022913780568550368,0.0,0.0,-0.10844279180114653,1.0,0.28241046649927315,0.0,0.7567,0.0,0.0,0.0,
cfl_exp2_alpha0.3_n_mm2_seed0,2,0.3,0,1.0,0.99,50,0.29999385107801696,markout,4,14,0.11817269785667106,1.4998406974468963,1.6243410820482906,1.2005262171961153,0.23416634872186187,0.517553774136768,0.37458620615825505,0.6682337311762142,0.48364276466879075,0.7726999595944496,0.4354010104869868,0.22847391516333496,0.2243946458114002,0.47106,0.75994,0.0,0.24006,
cfl_exp2_alpha0.3_n_mm2_seed0,2,0.3,0,1.0,0.99,50,0.29999385107801696,anon,4,14,0.11817269785667106,1.4998406974468963,1.6243410820482906,1.2005262171961153,0.23416634872186187,0.6974480864665242,0.504787030367189,0.366985889696953,0.2656107616343388,0.6848687807689317,0.5769398620930436,0.2416036308623298,0.2753249432638746,0.45828,0.86178,0.07836,0.05986,0.33359820584048394
cfl_exp2_alpha0.3_n_mm2_seed0,2,0.3,0,1.0,0.99,50,0.29999385107801696,id,4,14,0.11817269785667106,1.4998406974468963,1.6243410820482906,1.2005262171961153,0.23416634872186187,1.1847666654011857,0.8574901248002874,0.21554182064964406,0.1560011672222049,0.9279622807898961,0.6648730293590107,0.11550475649581145,0.32535211267605635,0.42372,0.79738,0.16988,0.03274,0.26614553357545173
cfl_exp2_alpha0.3_n_mm2_seed0,2,0.3,0,1.0,0.99,50,0.29999385107801696,oracle,4,14,0.11817269785667106,1.4998406974468963,1.6243410820482906,1.2005262171961153,0.23416634872186187,1.0856690907911404,0.7857669795588578,0.22142556837399466,0.16025960537528913,0.8604975737015507,0.6535452322738386,0.1339319117096895,0.33916725476358506,0.409,0.78668,0.1792,0.03412,
cfl_exp2_alpha0.3_n_mm2_seed1,2,0.3,1,1000000.0,0.0,50,0.2999999966547333,competitive,4,14,0.11814223561608861,1.4998167051021234,1.4998167051021232,1.4190225973319357,0.21754807692307693,0.10891666190742152,0.07882946693510022,0.0,0.0,-0.006677096459702894,1.0,0.2616280594978882,0.0,0.76238,0.0,0.0,0.0,
cfl_exp2_alpha0.3_n_mm2_seed1,2,0.3,1,1000000.0,0.0,50,0.2999999966547333,markout,4,14,0.11814223561608861,1.4998167051021234,1.4998167051021232,1.4190225973319357,0.21754807692307693,0.7159695224888561,0.5181897315908194,0.4823447420155208,0.3491015812103316,0.7817847494063478,0.584762787822593,0.23449612403100775,0.2357027664061531,0.38826,0.93276,0.0,0.06724,
cfl_exp2_alpha0.3_n_mm2_seed1,2,0.3,1,1000000.0,0.0,50,0.2999999966547333,anon,4,14,0.11814223561608861,1.4998167051021234,1.4998167051021232,1.4190225973319357,0.21754807692307693,1.2995572953346908,0.9405669164735377,0.07664417663277756,0.05547194967081372,0.9105323027495481,0.8604898289646797,0.22052337547780065,0.2542618788538266,0.39524,0.95994,0.01008,0.02998,0.30021101316662535
cfl_exp2_alpha0.3_n_mm2_seed1,2,0.3,1,1000000.0,0.0,50,0.2999999966547333,id,4,14,0.11814223561608861,1.4998167051021234,1.4998167051021232,1.4190225973319357,0.21754807692307693,1.2995572953346908,0.9405669164735377,0.07664417663277756,0.05547194967081372,0.9105323027495481,0.8604898289646797,0.22052337547780065,0.2542618788538266,0.39524,0.95994,0.01008,0.02998,0.30021101316662535
cfl_exp2_alpha0.3_n_mm2_seed1,2,0.3,1,1000000.0,0.0,50,0.2999999966547333,oracle,4,14,0.11814223561608861,1.4998167051021234,1.4998167051021232,1.4190225973319357,0.21754807692307693,1.295330224440752,0.9375075338278476,0.07145666675457946,0.05171744020222102,0.9037184106352655,0.8634587076798133,0.22085709246957852,0.25464684014869887,0.39402,0.96,0.01,0.03,
cfl_exp2_alpha0.3_n_mm2_seed1,2,0.3,1,1000000.0,0.5,50,0.2999999966547333,competitive,4,14,0.11814223561608861,1.4998167051021234,1.4998167051021232,1.4637079081772717,0.21399924802606843,0.13865737817264928,0.10035459236952396,0.0,0.0,0.014848028974720838,1.0,0.2620725933719095,0.0,0.7604,0.0,0.0,0.0,
cfl_exp2_alpha0.3_n_mm2_seed1,2,0.3,1,1000000.0,0.5,50,0.2999999966547333,markout,4,14,0.11814223561608861,1.4998167051021234,1.4998167051021232,1.4637079081772717,0.21399924802606843,0.7157515732907719,0.5180319887918479,0.47083680950405016,0.34077260592301123,0.7732980313200559,0.5860294492281042,0.22874282733437662,0.23372307692307692,0.39254,0.9314,0.0,0.0686,
cfl_exp2_alpha0.3_n_mm2_seed1,2,0.3,1,1000000.0,0.5,50,0.2999999966547333,anon,4,14,0.11814223561608861,1.4998167051021234,1.4998167051021232,1.4637079081772717,0.21399924802606843,1.3201578025258467,0.9554767289120776,0.06359590257454892,0.04602813758164452,0.9159983030989189,0.8622537511483107,0.21698727434152115,0.26491293071507965,0.39188,0.96006,0.01014,0.0298,0.2958284684493688
cfl_exp2_alpha0.3_n_mm2_seed1,2,0.3,1,1000000.0,0.5,50,0.2999999966547333,id,4,14,0.11814223561608861,1.4998167051021234,1.4998167051021232,1.4637079081772717,0.21399924802606843,1.3201578025258467,0.9554767289120776,0.06359590257454892,0.04602813758164452,0.9159983030989189,0.8622537511483107,0.21698727434152115,0.26491293071507965,0.39188,0.96006,0.01014,0.0298,0.2958284684493688
cfl_exp2_alpha0.3_n_mm2_seed1,2,0.3,1,1000000.0,0.5,50,0.2999999966547333,oracle,4,14,0.11814223561608861,1.4998167051021234,1.4998167051021232,1.4637079081772717,0.21399924802606843,1.3192075108848234,0.9547889463250715,0.06263387784514451,0.04533186306065532,0.9146142459909237,0.8625217124757331,0.21737842800450158,0.26495726495726496,0.39148,0.96,0.01,0.03,
cfl_exp2_alpha0.3_n_mm2_seed1,2,0.3,1,1000000.0,0.9,50,0.2999999966547333,competitive,4,14,0.11814223561608861,1.4998167051021234,1.4998167051021232,1.435332832316742,0.21765000626330952,0.1359588921186136,0.09840153749760502,0.0,0.0,0.012894974102801916,1.0,0.2625789473684211,0.0,0.76,0.0,0.0,0.0,
cfl_exp2_alpha0.3_n_mm2_seed1,2,0.3,1,1000000.0,0.9,50,0.2999999966547333,markout,4,14,0.11814223561608861,1.4998167051021234,1.4998167051021232,1.435332832316742,0.21765000626330952,0.7438727598577518,0.5383849642488241,0.47703707532447615,0.34526010710896887,0.7981385079629899,0.5859363134713714,0.22844306203559703,0.2385377185474997,0.39506,0.93094,0.0,0.06906,
cfl_exp2_alpha0.3_n_mm2_seed1,2,0.3,1,1000000.0,0.9,50,0.2999999966547333,anon,4,14,0.11814223561608861,1.4998167051021234,1.4998167051021232,1.435332832316742,0.21765000626330952,1.2929690831833105,0.9357986354515753,0.06543520238372962,0.047359348261005844,0.897651420317778,0.8617086038961039,0.22436123866713764,0.24651504035216434,0.39424,0.9598,0.0101,0.0301,0.3043864149767446
cfl_exp2_alpha0.3_n_mm2_seed1,2,0.3,1,1000000.0,0.9,50,0.2999999966547333,id,4,14,0.11814223561608861,1.4998167051021234,1.4998167051021232,1.435332832316742,0.21765000626330952,1.2929690831833105,0.9357986354515753,0.06543520238372962,0.047359348261005844,0.897651420317778,0.8617086038961039,0.22436123866713764,0.24651504035216434,0.39424,0.9598,0.0101,0.0301,0.3043864149767446
cfl_exp2_alpha0.3_n_mm2_seed1,2,0.3,1,1000000.0,0.9,50,0.2999999966547333,oracle,4,14,0.11814223561608861,1.4998167051021234,1.4998167051021232,1.435332832316742,0.21765000626330952,1.2943502296703455,0.9367982533192694,0.06592164488122823,0.04771141563160694,0.8990031055560732,0.8631167115492099,0.2242891623005828,0.2479584261321455,0.39362,0.96,0.01,0.03,
cfl_exp2_alpha0.3_n_mm2_seed1,2,0.3,1,1000000.0,0.99,50,0.2999999966547333,competitive,4,14,0.11814223561608861,1.4998167051021234,1.4998167051021232,1.4348087682011716,0.21673981191222572,0.15506002522080675,0.11222616372037843,0.0,0.0,0.02671960032557531,1.0,0.2624668469840603,0.0,0.76162,0.0,0.0,0.0,
cfl_exp2_alpha0.3_n_mm2_seed1,2,0.3,1,1000000.0,0.99,50,0.2999999966547333,markout,4,14,0.11814223561608861,1.4998167051021234,1.4998167051021232,1.4348087682011716,0.21673981191222572,0.7575886556276653,0.5483119738830222,0.4744496965440642,0.3433874671799888,0.8061928776682078,0.5898982848025528,0.22610092130842702,0.23306990881458967,0.40112,0.931,0.0,0.069,
cfl_exp2_alpha0.3_n_mm2_seed1,2,0.3,1,1000000.0,0.99,50,0.2999999966547333,anon,4,14,0.11814223561608861,1.4998167051021234,1.4998167051021232,1.4348087682011716,0.21673981191222572,1.3085329229248004,0.947063112059643,0.06544411919369272,0.04736580188677663,0.9089223505516165,0.8605416350291065,0.22217647058823528,0.26279491833030855,0.3951,0.9603,0.01002,0.02968,0.3034653360429913
cfl_exp2_alpha0.3_n_mm2_seed1,2,0.3,1,1000000.0,0.99,50,0.2999999966547333,id,4,14,0.11814223561608861,1.4998167051021234,1.4998167051021232,1.4348087682011716,0.21673981191222572,1.3085329229248004,0.947063112059643,0.06544411919369272,0.04736580188677663,0.9089223505516165,0.8605416350291065,0.22217647058823528,0.26279491833030855,0.3951,0.9603,0.01002,0.02968,0.3034653360429913
cfl_exp2_alpha0.3_n_mm2_seed1,2,0.3,1,1000000.0,0.99,50,0.2999999966547333,oracle,4,14,0.11814223561608861,1.4998167051021234,1.4998167051021232,1.4348087682011716,0.21673981191222572,1.3099801298289988,0.948110541780724,0.06417681659684532,0.04644857961421135,0.9090525580001321,0.8628594613785059,0.22247692940692412,0.2644230769230769,0.39434,0.96,0.01,0.03,
cfl_exp2_alpha0.3_n_mm2_seed1,2,0.3,1,5.0,0.0,50,0.29973965736877034,competitive,4,14,0.11943267886137954,1.5008330702367627,1.5008330702367627,1.448259044852764,0.21740478848778066,0.11574908490855997,0.08379111923756954,0.0,0.0,-0.002666565013168999,1.0,0.26280862181580666,0.0,0.7655,0.0,0.0,0.0,
cfl_exp2_alpha0.3_n_mm2_seed1,2,0.3,1,5.0,0.0,50,0.29973965736877034,markout,4,14,0.11943267886137954,1.5008330702367627,1.5008330702367627,1.448259044852764,0.21740478848778066,0.7445092083418956,0.5389525100688797,0.43438464463132587,0.3144523827728421,0.7669472085909832,0.5919206094627105,0.23090601185436072,0.2381478752149349,0.39904,0.92978,0.0,0.07022,
cfl_exp2_alpha0.3_n_mm2_seed1,2,0.3,1,5.0,0.0,50,0.29973965736877034,anon,4,14,0.11943267886137954,1.5008330702367627,1.5008330702367627,1.448259044852764,0.21740478848778066,1.2916629712260277,0.9350388050346439,0.08604189514580336,0.062285993027797144,0.9108671138117025,0.8564586064333972,0.21987402131041384,0.23709167544783982,0.39668,0.96154,0.00968,0.02878,0.29699472417958167
cfl_exp2_alpha0.3_n_mm2_seed1,2,0.3,1,5.0,0.0,50,0.29973965736877034,id,4,14,0.11943267886137954,1.5008330702367627,1.5008330702367627,1.448259044852764,0.21740478848778066,1.2916629712260277,0.9350388050346439,0.08604189514580336,0.062285993027797144,0.9108671138117025,0.8564586064333972,0.21987402131041384,0.23709167544783982,0.39668,0.96154,0.00968,0.02878,0.29699472417958167
cfl_exp2_alpha0.3_n_mm2_seed1,2,0.3,1,5.0,0.0,50,0.29973965736877034,oracle,4,14,0.11943267886137954,1.5008330702367627,1.5008330702367627,1.448259044852764,0.21740478848778066,1.3045617590623568,0.9443762772960254,0.07139793609152834,0.05168518594412833,0.9096037789894151,0.8626906373093627,0.21980916700813674,0.23795513056270687,0.39604,0.96,0.01,0.03,
cfl_exp2_alpha0.3_n_mm2_seed1,2,0.3,1,5.0,0.5,50,0.29973965736877034,competitive,4,14,0.11943267886137954,1.5008330702367627,1.508201829180256,1.4096484157966753,0.21491670873296315,0.09396691701373441,0.06802294077836246,0.0,0.0,-0.01843474347237609,1.0,0.26591416196351225,0.0,0.7619,0.0,0.0,0.0,
cfl_exp2_alpha0.3_n_mm2_seed1,2,0.3,1,5.0,0.5,50,0.29973965736877034,markout,4,14,0.11943267886137954,1.5008330702367627,1.508201829180256,1.4096484157966753,0.21491670873296315,0.7130073322932385,0.5161482049265507,0.4791085409814323,0.3468281491540702,0.7765186698298823,0.5847219329306395,0.2264671831863924,0.22884012539184953,0.38408,0.93572,0.0,0.06428,
cfl_exp2_alpha0.3_n_mm2_seed1,2,0.3,1,5.0,0.5,50,0.29973965736877034,anon,4,14,0.11943267886137954,1.5008330702367627,1.508201829180256,1.4096484157966753,0.21491670873296315,0.9225794549714799,0.6678581103143594,0.2219277500120686,0.1606541820877201,0.7420546081513409,0.6877975444750689,0.2270188221007893,0.2447833065810594,0.47892,0.90306,0.0369,0.06004,0.2974425816825455
cfl_exp2_alpha0.3_n_mm2_seed1,2,0.3,1,5.0,0.5,50,0.29973965736877034,id,4,14,0.11943267886137954,1.5008330702367627,1.508201829180256,1.4096484157966753,0.21491670873296315,0.9165885132518151,0.6635212491428493,0.2353705462513177,0.17038546370829705,0.7474490286004078,0.6660608997657701,0.22518644273328078,0.2534768412141734,0.49524,0.90324,0.04712,0.04964,0.29340349466005244
cfl_exp2_alpha0.3_n_mm2_seed1,2,0.3,1,5.0,0.5,50,0.29973965736877034,oracle,4,14,0.11943267886137954,1.5008330702367627,1.508201829180256,1.4096484157966753,0.21491670873296315,0.8934039863515901,0.6467378986783677,0.22876378335512032,0.16560280768948749,0.7258830221171169,0.6617883563846896,0.22685297691373024,0.24702805515929624,0.49744,0.90522,0.04742,0.04736,
cfl_exp2_alpha0.3_n_mm2_seed1,2,0.3,1,5.0,0.9,50,0.29973965736877034,competitive,4,14,0.11943267886137954,1.5008330702367627,1.5282824168226188,1.4232500483349466,0.21345121566150932,0.1537418571306601,0.1112942041210716,0.0,0.0,0.02483651987033306,1.0,0.2603556512831289,0.0,0.76142,0.0,0.0,0.0,
cfl_exp2_alpha0.3_n_mm2_seed1,2,0.3,1,5.0,0.9,50,0.29973965736877034,markout,4,14,0.11943267886137954,1.5008330702367627,1.5282824168226188,1.4232500483349466,0.21345121566150932,0.7417205537803873,0.5369337944387707,0.471082955631021,0.34101840318865845,0.7914945133766906,0.5839053966026958,0.22637947309705655,0.24120905587668592,0.39914,0.9325,0.0,0.0675,
cfl_exp2_alpha0.3_n_mm2_seed1,2,0.3,1,5.0,0.9,50,0.29973965736877034,anon,4,14,0.11943267886137954,1.5008330702367627,1.5282824168226188,1.4232500483349466,0.21345121566150932,0.9766010860975088,0.7069645355501614,0.2593268193469094,0.18772748362168346,0.8082343349211064,0.6915677268394141,0.2269423558897243,0.24866535543692048,0.46156,0.93064,0.03148,0.03788,0.3014791408293925
cfl_exp2_alpha0.3_n_mm2_seed1,2,0.3,1,5.0,0.9,50,0.29973965736877034,id,4,14,0.11943267886137954,1.5008330702367627,1.5282824168226188,1.4232500483349466,0.21345121566150932,0.9955103512123418,0.7206530108342939,0.2639040333341276,0.19104094293137786,0.8252362695149331,0.6796099749762706,0.20549771457592686,0.25639644492324265,0.46356,0.91044,0.04982,0.03974,0.2929296834441424
cfl_exp2_alpha0.3_n_mm2_seed1,2,0.3,1,5.0,0.9,50,0.29973965736877034,oracle,4,14,0.11943267886137954,1.5008330702367627,1.5282824168226188,1.4232500483349466,0.21345121566150932,1.0377577649124976,0.7512360437941241,0.2625738506174285,0.1900780195638995,0.8548563791072851,0.6916615357551236,0.2098302282698544,0.26415632577378406,0.45476,0.92154,0.04438,0.03408,
cfl_exp2_alpha0.3_n_mm2_seed1,2,0.3,1,5.0,0.99,50,0.29973965736877034,competitive,4,14,0.11943267886137954,1.5008330702367627,1.5351131617082754,1.30180436135507,0.24130944089153422,-0.017685727806735507,-0.012802752856560882,0.0,0.0,-0.09926043710729945,1.0,0.2880153959717389,0.0,0.75864,0.0,0.0,0.0,
cfl_exp2_alpha0.3_n_mm2_seed1,2,0.3,1,5.0,0.99,50,0.29973965736877034,markout,4,14,0.11943267886137954,1.5008330702367627,1.5351131617082754,1.30180436135507,0.24130944089153422,0.7065177742783029,0.5114503938824446,0.5159695568149861,0.37351195210047977,0.7985046617321858,0.567196608373079,0.22208726525273287,0.22921513407616015,0.3774,0.94084,0.0,0.05916,
cfl_exp2_alpha0.3_n_mm2_seed1,2,0.3,1,5.0,0.99,50,0.29973965736877034,anon,4,14,0.11943267886137954,1.5008330702367627,1.5351131617082754,1.30180436135507,0.24130944089153422,0.9980071435309024,0.7224604464873812,0.2803851083587811,0.20297164392694092,0.8389744061635837,0.690333433981797,0.21857035741064734,0.2312299763198217,0.46366,0.92616,0.03628,0.03756,0.287389666780556
cfl_exp2_alpha0.3_n_mm2_seed1,2,0.3,1,5.0,0.99,50,0.29973965736877034,id,4,14,0.11943267886137954,1.5008330702367627,1.5351131617082754,1.30180436135507,0.24130944089153422,1.0934518519902656,0.7915531650469396,0.23129961575586774,0.16743850457836895,0.87253398537457,0.7168423518388382,0.19717665512058036,0.2873924553275976,0.4269,0.92202,0.04864,0.02934,0.29721291246836956
cfl_exp2_alpha0.3_n_mm2_seed1,2,0.3,1,5.0,0.99,50,0.29973965736877034,oracle,4,14,0.11943267886137954,1.5008330702367627,1.5351131617082754,1.30180436135507,0.24130944089153422,1.0563737816732266,0.7647122356910977,0.18279174334475426,0.13232350626653488,0.8105780577068942,0.7166565093057053,0.212795185451691,0.32197220383851755,0.42662,0.9126,0.05256,0.03484,
cfl_exp2_alpha0.3_n_mm2_seed1,2,0.3,1,1.0,0.0,50,0.299993851078017,competitive,4,14,0.11817269785667084,1.4998406974468959,1.4998406974468959,1.4360005016524986,0.21508888749293298,0.16520955095508943,0.11957253913681672,0.0,0.0,0.03404352790422068,1.0,0.26404169079328316,0.0,0.75988,0.0,0.0,0.0,
cfl_exp2_alpha0.3_n_mm2_seed1,2,0.3,1,1.0,0.0,50,0.299993851078017,markout,4,14,0.11817269785667084,1.4998406974468959,1.4998406974468959,1.4360005016524986,0.21508888749293298,0.7355356360496502,0.5323533846537629,0.46824344204596546,0.33889721856830807,0.785721591989475,0.5893486828458826,0.2339639243290805,0.23664604116681398,0.38568,0.93504,0.0,0.06496,
cfl_exp2_alpha0.3_n_mm2_seed1,2,0.3,1,1.0,0.0,50,0.299993851078017,anon,4,14,0.11817269785667084,1.4998406974468959,1.4998406974468959,1.4360005016524986,0.21508888749293298,1.2626800237464022,0.9138809208296694,0.08773668971577256,0.063500558558057,0.8918524681551304,0.8479003415712276,0.22381516587677724,0.2509907529722589,0.39816,0.96382,0.00914,0.02704,0.30042979975939127
cfl_exp2_alpha0.3_n_mm2_seed1,2,0.3,1,1.0,0.0,50,0.299993851078017,id,4,14,0.11817269785667084,1.4998406974468959,1.4998406974468959,1.4360005016524986,0.21508888749293298,1.2626800237464022,0.9138809208296694,0.08773668971577256,0.063500558558057,0.8918524681551304,0.8479003415712276,0.22381516587677724,0.2509907529722589,0.39816,0.96382,0.00914,0.02704,0.30042979975939127
cfl_exp2_alpha0.3_n_mm2_seed1,2,0.3,1,1.0,0.0,50,0.299993851078017,oracle,4,14,0.11817269785667084,1.4998406974468959,1.4998406974468959,1.4360005016524986,0.21508888749293298,1.310894203452781,0.9487765540213466,0.07797354145193088,0.056434354327563684,0.9196818971163143,0.861367556051537,0.22295506742830223,0.25064032199048664,0.39428,0.96,0.01,0.03,
cfl_exp2_alpha0.3_n_mm2_seed1,2,0.3,1,1.0,0.5,50,0.299993851078017,competitive,4,14,0.11817269785667084,1.4998406974468959,1.5259942467868204,1.451921972771209,0.21781742790726896,0.10772381638865301,0.0779664987685911,0.0,0.0,-0.007562512464004929,1.0,0.26622728704967963,0.0,0.76168,0.0,0.0,0.0,
cfl_exp2_alpha0.3_n_mm2_seed1,2,0.3,1,1.0,0.5,50,0.299993851078017,markout,4,14,0.11817269785667084,1.4998406974468959,1.5259942467868204,1.451921972771209,0.21781742790726896,0.7314543000512487,0.529399465188586,0.45913457648584177,0.3323045598667783,0.7761750138227684,0.5901870098532073,0.23066439522998297,0.23527968596663396,0.39784,0.92934,0.0,0.07066,
cfl_exp2_alpha0.3_n_mm2_seed1,2,0.3,1,1.0,0.5,50,0.299993851078017,anon,4,14,0.11817269785667084,1.4998406974468959,1.5259942467868204,1.451921972771209,0.21781742790726896,0.9231071939720135,0.6681107141844412,0.2291707631672171,0.16586528980564402,0.7484469927574892,0.6841304437224986,0.2290815099783602,0.2510089832053118,0.48634,0.89486,0.0446,0.06054,0.29765588736361837
cfl_exp2_alpha0.3_n_mm2_seed1,2,0.3,1,1.0,0.5,50,0.299993851078017,id,4,14,0.11817269785667084,1.4998406974468959,1.5259942467868204,1.451921972771209,0.21781742790726896,0.8335496581925694,0.6032922948492572,0.23026074772523886,0.16665418016016117,0.6844174637768224,0.6410287467700259,0.2252944510927757,0.2670115847486222,0.49536,0.89212,0.06622,0.04166,0.30527015357434123
cfl_exp2_alpha0.3_n_mm2_seed1,2,0.3,1,1.0,0.5,50,0.299993851078017,oracle,4,14,0.11817269785667084,1.4998406974468959,1.5259942467868204,1.451921972771209,0.21781742790726896,0.8522297507317728,0.6168122522809583,0.24654482976188213,0.1784399941483789,0.7097232351967411,0.642877167687933,0.2133690505855968,0.2620836604239094,0.49938,0.89392,0.06396,0.04212,
cfl_exp2_alpha0.3_n_mm2_seed1,2,0.3,1,1.0,0.9,50,0.299993851078017,competitive,4,14,0.11817269785667084,1.4998406974468959,1.601945470430985,1.45668851651526,0.21334085637264122,0.1658668537135953,0.12004827046930817,0.0,0.0,0.03451925923671214,1.0,0.2598893753112958,0.0,0.76294,0.0,0.0,0.0,
cfl_exp2_alpha0.3_n_mm2_seed1,2,0.3,1,1.0,0.9,50,0.299993851078017,markout,4,14,0.11817269785667084,1.4998406974468959,1.601945470430985,1.45668851651526,0.21334085637264122,0.6954089948877819,0.5033112115891996,0.5320658405443579,0.38508950102496253,0.8028717013815662,0.567455684109967,0.23063973063973064,0.22969325153374234,0.37684,0.94246,0.0,0.05754,
cfl_exp2_alpha0.3_n_mm2_seed1,2,0.3,1,1.0,0.9,50,0.299993851078017,anon,4,14,0.11817269785667084,1.4998406974468959,1.601945470430985,1.45668851651526,0.21334085637264122,0.8530709046840268,0.6174210482815196,0.36334901468230957,0.2629785265274086,0.794870563576332,0.6093822183024652,0.21977946243969676,0.24793033007203527,0.47622,0.89008,0.0685,0.04142,0.2909103532745248
cfl_exp2_alpha0.3_n_mm2_seed1,2,0.3,1,1.0,0.9,50,0.299993851078017,id,4,14,0.11817269785667084,1.4998406974468959,1.601945470430985,1.45668851651526,0.21334085637264122,1.141856126013143,0.8264330695592534,0.2010988161368544,0.1455478567908472,0.8864519151175047,0.6624795193883124,0.15663643858202803,0.3396709816612729,0.43944,0.84726,0.1167,0.03604,0.28612714160932745
cfl_exp2_alpha0.3_n_mm2_seed1,2,0.3,1,1.0,0.9,50,0.299993851078017,oracle,4,14,0.11817269785667084,1.4998406974468959,1.601945470430985,1.45668851651526,0.21334085637264122,1.132019703665949,0.8193138322677251,0.1376517339331303,0.09962721433365689,0.8334120353687859,0.6725165104142613,0.15416838346380993,0.37018756169792694,0.43306,0.83694,0.12918,0.03388,
cfl_exp2_alpha0.3_n_mm2_seed1,2,0.3,1,1.0,0.99,50,0.299993851078017,competitive,4,14,0.11817269785667084,1.4998406974468959,1.6243410820482904,1.304122055585713,0.25077990704781306,-0.026727442590083816,-0.019344330619230264,0.0,0.0,-0.10487334185182628,1.0,0.29516942661701395,0.0,0.75726,0.0,0.0,0.0,
cfl_exp2_alpha0.3_n_mm2_seed1,2,0.3,1,1.0,0.99,50,0.299993851078017,markout,4,14,0.11817269785667084,1.4998406974468959,1.6243410820482904,1.304122055585713,0.25077990704781306,0.668264827260135,0.4836652708598078,0.5590064671023305,0.40458812628512825,0.8027243859123401,0.5389694041867955,0.23125186734389006,0.2326231225986727,0.3726,0.91718,0.0,0.08282,
cfl_exp2_alpha0.3_n_mm2_seed1,2,0.3,1,1.0,0.99,50,0.299993851078017,anon,4,14,0.11817269785667084,1.4998406974468959,1.6243410820482904,1.304122055585713,0.25077990704781306,0.9729484872107308,0.7041839917399026,0.330697012864552,0.23934621990422453,0.8580012004115313,0.6383334841219579,0.20629296293671603,0.2679174484052533,0.44212,0.89932,0.05488,0.0458,0.2985857373262481
cfl_exp2_alpha0.3_n_mm2_seed1,2,0.3,1,1.0,0.99,50,0.299993851078017,id,4,14,0.11817269785667084,1.4998406974468959,1.6243410820482904,1.304122055585713,0.25077990704781306,1.3880908571485913,1.0046486258350567,0.11630012902113492,0.08417371543353917,1.003293330036,0.7063979376611202,0.10516886736115719,0.39447637292464877,0.4267,0.82046,0.15382,0.02572,0.25962727849760603
cfl_exp2_alpha0.3_n_mm2_seed1,2,0.3,1,1.0,0.99,50,0.299993851078017,oracle,4,14,0.11817269785667084,1.4998406974468959,1.6243410820482904,1.304122055585713,0.25077990704781306,1.2896512955633275,0.9334017259904783,0.06168599210449244,0.04464603082852557,0.8925187455864078,0.7108462800347389,0.12197108531867237,0.4348406474219923,0.41452,0.81318,0.15826,0.02856,
cfl_exp2_alpha0.3_n_mm2_seed2,2,0.3,2,1000000.0,0.0,50,0.2999999966547333,competitive,4,14,0.11814223561608861,1.4998167051021234,1.4998167051021232,1.2637897431801475,0.23095808733267084,0.16621512937368704,0.12029977613722351,0.0,0.0,0.03479321274242039,1.0,0.26207710464201417,0.0,0.7626,0.0,0.0,0.0,
cfl_exp2_alpha0.3_n_mm2_seed2,2,0.3,2,1000000.0,0.0,50,0.2999999966547333,markout,4,14,0.11814223561608861,1.4998167051021234,1.4998167051021232,1.2637897431801475,0.23095808733267084,0.6473168464119209,0.46850170623237647,0.7032258805656576,0.5089663998982689,0.8919615427358422,0.5194982274338696,0.23088363954505686,0.22540673477109346,0.44004,0.9998,0.0,0.0002,
cfl_exp2_alpha0.3_n_mm2_seed2,2,0.3,2,1000000.0,0.0,50,0.2999999966547333,anon,4,14,0.11814223561608861,1.4998167051021234,1.4998167051021232,1.2637897431801475,0.23095808733267084,1.4892149909696109,1.077833472253113,0.017953116428757805,0.012993738268491083,1.005320647126801,0.9863157894736843,0.21647100675916045,0.21794871794871795,0.342,0.99998,0.0,2e-05,0.29702069893739513
cfl_exp2_alpha0.3_n_mm2_seed2,2,0.3,2,1000000.0,0.0,50,0.2999999966547333,id,4,14,0.11814223561608861,1.4998167051021234,1.4998167051021232,1.2637897431801475,0.23095808733267084,1.4892149909696109,1.077833472253113,0.017953116428757805,0.012993738268491083,1.005320647126801,0.9863157894736843,0.21647100675916045,0.21794871794871795,0.342,0.99998,0.0,2e-05,0.29702069893739513
cfl_exp2_alpha0.3_n_mm2_seed2,2,0.3,2,1000000.0,0.0,50,0.2999999966547333,oracle,4,14,0.11814223561608861,1.4998167051021234,1.4998167051021232,1.2637897431801475,0.23095808733267084,1.4928389956335029,1.0804563799958031,0.01531690444589153,0.011085754846139136,1.0060355714471392,0.9886170275186293,0.21597720932993056,0.2422680412371134,0.34086,1.0,0.0,0.0,
cfl_exp2_alpha0.3_n_mm2_seed2,2,0.3,2,1000000.0,0.5,50,0.2999999966547333,competitive,4,14,0.11814223561608861,1.4998167051021234,1.4998167051021232,1.2838309705447957,0.22903548519978814,0.0676310584450936,0.04894861990918272,0.0,0.0,-0.0365579434856204,1.0,0.2673129830996987,0.0,0.7633,0.0,0.0,0.0,
cfl_exp2_alpha0.3_n_mm2_seed2,2,0.3,2,1000000.0,0.5,50,0.2999999966547333,markout,4,14,0.11814223561608861,1.4998167051021234,1.4998167051021232,1.2838309705447957,0.22903548519978814,0.6624115179247302,0.4794266178857157,0.7219172783211455,0.5224944762782578,0.9164145307691705,0.5208755573571139,0.22542153047989624,0.22917841699567587,0.44406,0.9999,0.0,0.0001,
cfl_exp2_alpha0.3_n_mm2_seed2,2,0.3,2,1000000.0,0.5,50,0.2999999966547333,anon,4,14,0.11814223561608861,1.4998167051021234,1.4998167051021232,1.2838309705447957,0.22903548519978814,1.4843098549932818,1.0742833335738093,0.02122347471550039,0.015360691092016234,1.0041374612710223,0.9860974906259014,0.22118872118872118,0.1991701244813278,0.3467,1.0,0.0,0.0,0.29887705413617205
cfl_exp2_alpha0.3_n_mm2_seed2,2,0.3,2,1000000.0,0.5,50,0.2999999966547333,id,4,14,0.11814223561608861,1.4998167051021234,1.4998167051021232,1.2838309705447957,0.22903548519978814,1.4843098549932818,1.0742833335738093,0.02122347471550039,0.015360691092016234,1.0041374612710223,0.9860974906259014,0.22118872118872118,0.1991701244813278,0.3467,1.0,0.0,0.0,0.29887705413617205
cfl_exp2_alpha0.3_n_mm2_seed2,2,0.3,2,1000000.0,0.5,50,0.2999999966547333,oracle,4,14,0.11814223561608861,1.4998167051021234,1.4998167051021232,1.2838309705447957,0.22903548519978814,1.4895432343028847,1.0780710414783705,0.017521995137058155,0.012681710145209612,1.005246188228777,0.9896990740740741,0.22085136241375278,0.19662921348314608,0.3456,1.0,0.0,0.0,
cfl_exp2_alpha0.3_n_mm2_seed2,2,0.3,2,1000000.0,0.9,50,0.2999999966547333,competitive,4,14,0.11814223561608861,1.4998167051021234,1.4998167051021234,1.2672930960474096,0.22829881312543635,0.14954899483283218,0.108237503214822,0.0,0.0,0.022730939820018888,1.0,0.26067368641626065,0.0,0.76356,0.0,0.0,0.0,
cfl_exp2_alpha0.3_n_mm2_seed2,2,0.3,2,1000000.0,0.9,50,0.2999999966547333,markout,4,14,0.11814223561608861,1.4998167051021234,1.4998167051021234,1.2672930960474096,0.22829881312543635,0.6581410676979307,0.47633583903649224,0.7277230140710788,0.5266964325842848,0.917525708225974,0.526448136506511,0.22407028317980213,0.22046273468613692,0.4454,0.9999,0.0,0.0001,
cfl_exp2_alpha0.3_n_mm2_seed2,2,0.3,2,1000000.0,0.9,50,0.2999999966547333,anon,4,14,0.11814223561608861,1.4998167051021234,1.4998167051021234,1.2672930960474096,0.22829881312543635,1.4844414291211512,1.0743785615965997,0.022519362436943517,0.016298602119586413,1.005170600321383,0.9781097385808676,0.2193374060150376,0.2178477690288714,0.3481,0.9999,2e-05,8e-05,0.29955545698075303
cfl_exp2_alpha0.3_n_mm2_seed2,2,0.3,2,1000000.0,0.9,50,0.2999999966547333,id,4,14,0.11814223561608861,1.4998167051021234,1.4998167051021234,1.2672930960474096,0.22829881312543635,1.4844414291211512,1.0743785615965997,0.022519362436943517,0.016298602119586413,1.005170600321383,0.9781097385808676,0.2193374060150376,0.2178477690288714,0.3481,0.9999,2e-05,8e-05,0.29955545698075303
cfl_exp2_alpha0.3_n_mm2_seed2,2,0.3,2,1000000.0,0.9,50,0.2999999966547333,oracle,4,14,0.11814223561608861,1.4998167051021234,1.4998167051021234,1.2672930960474096,0.22829881312543635,1.4996714263955815,1.0854014165532349,0.014801347779076464,0.010712615819399468,1.010607468977831,0.9889547727008487,0.21790500822948508,0.21578947368421053,0.34404,1.0,0.0,0.0,
cfl_exp2_alpha0.3_n_mm2_seed2,2,0.3,2,1000000.0,0.99,50,0.2999999966547333,competitive,4,14,0.11814223561608861,1.4998167051021234,1.4998167051021236,1.2764763147256786,0.2293396829084151,0.11253079493349526,0.08144522998630442,0.0,0.0,-0.004061333408498691,1.0,0.2634855857269921,0.0,0.76452,0.0,0.0,0.0,
cfl_exp2_alpha0.3_n_mm2_seed2,2,0.3,2,1000000.0,0.99,50,0.2999999966547333,markout,4,14,0.11814223561608861,1.4998167051021234,1.4998167051021236,1.2764763147256786,0.2293396829084151,0.6642806477697126,0.48077941833637305,0.707915462329976,0.5123605291724841,0.907633384114054,0.5189964480014387,0.22793034739669063,0.22667788371658254,0.44482,0.99966,0.0,0.00034,
cfl_exp2_alpha0.3_n_mm2_seed2,2,0.3,2,1000000.0,0.99,50,0.2999999966547333,anon,4,14,0.11814223561608861,1.4998167051021234,1.4998167051021236,1.2764763147256786,0.2293396829084151,1.4220637549583843,1.0292321283806987,0.025750092994327275,0.018636873998190022,0.9623624389840856,0.9637887773722628,0.2201644873084433,0.2503937007874016,0.35072,0.99944,0.00022,0.00034,0.3081688152215573
cfl_exp2_alpha0.3_n_mm2_seed2,2,0.3,2,1000000.0,0.99,50,0.2999999966547333,id,4,14,0.11814223561608861,1.4998167051021234,1.4998167051021236,1.2764763147256786,0.2293396829084151,1.4220637549583843,1.0292321283806987,0.025750092994327275,0.018636873998190022,0.9623624389840856,0.9637887773722628,0.2201644873084433,0.2503937007874016,0.35072,0.99944,0.00022,0.00034,0.3081688152215573
cfl_exp2_alpha0.3_n_mm2_seed2,2,0.3,2,1000000.0,0.99,50,0.2999999966547333,oracle,4,14,0.11814223561608861,1.4998167051021234,1.4998167051021236,1.2764763147256786,0.2293396829084151,1.4528376312058415,1.0515050131499344,0.011149885325017194,0.008069835240687924,0.9740682849958191,0.9890276642932182,0.21910775404225186,0.28191489361702127,0.34268,1.0,0.0,0.0,
cfl_exp2_alpha0.3_n_mm2_seed2,2,0.3,2,5.0,0.0,50,0.29973965736877034,competitive,4,14,0.11943267886137954,1.5008330702367627,1.5008330702367627,1.2881177300304008,0.23061164764413228,0.1124392974705228,0.0813951539123087,0.0,0.0,-0.005062530338429838,1.0,0.26287106662823906,0.0,0.76334,0.0,0.0,0.0,
cfl_exp2_alpha0.3_n_mm2_seed2,2,0.3,2,5.0,0.0,50,0.29973965736877034,markout,4,14,0.11943267886137954,1.5008330702367627,1.5008330702367627,1.2881177300304008,0.23061164764413228,0.6648293683593673,0.4812720283779809,0.7252597859711276,0.5250177938990064,0.9198321380262487,0.5199547511312217,0.22661213123313897,0.22386652841926666,0.442,0.9999,0.0,0.0001,
cfl_exp2_alpha0.3_n_mm2_seed2,2,0.3,2,5.0,0.0,50,0.29973965736877034,anon,4,14,0.11943267886137954,1.5008330702367627,1.5008330702367627,1.2881177300304008,0.23061164764413228,1.4911077356298708,1.0794174845609086,0.01265915343028864,0.009164000176433009,1.002123800486603,0.9896076599719758,0.21882005899705015,0.21910112359550563,0.34256,1.0,0.0,0.0,0.29892002939425594
cfl_exp2_alpha0.3_n_mm2_seed2,2,0.3,2,5.0,0.0,50,0.29973965736877034,id,4,14,0.11943267886137954,1.5008330702367627,1.5008330702367627,1.2881177300304008,0.23061164764413228,1.4911077356298708,1.0794174845609086,0.01265915343028864,0.009164000176433009,1.002123800486603,0.9896076599719758,0.21882005899705015,0.21910112359550563,0.34256,1.0,0.0,0.0,0.29892002939425594
cfl_exp2_alpha0.3_n_mm2_seed2,2,0.3,2,5.0,0.0,50,0.29973965736877034,oracle,4,14,0.11943267886137954,1.5008330702367627,1.5008330702367627,1.2881177300304008,0.23061164764413228,1.4777012601922845,1.0697124956805752,0.014881909013179886,0.010773059792145274,0.9940278712219822,0.9891489236905391,0.21892789373814042,0.24864864864864866,0.34098,1.0,0.0,0.0,
cfl_exp2_alpha0.3_n_mm2_seed2,2,0.3,2,5.0,0.5,50,0.29973965736877034,competitive,4,14,0.11943267886137954,1.5008330702367627,1.5082018291802557,1.2838179962587133,0.23001394376016732,0.13390726670261732,0.09693588299138481,0.0,0.0,0.010478198740646257,1.0,0.26177804577510944,0.0,0.76286,0.0,0.0,0.0,
cfl_exp2_alpha0.3_n_mm2_seed2,2,0.3,2,5.0,0.5,50,0.29973965736877034,markout,4,14,0.11943267886137954,1.5008330702367627,1.5082018291802557,1.2838179962587133,0.23001394376016732,0.6450267336245196,0.46693684007306707,0.7178602040260079,0.5196612137276685,0.9001403695499971,0.5242365813192233,0.23069027457018218,0.2294062205466541,0.44602,0.99972,0.0,0.00028,
cfl_exp2_alpha0.3_n_mm2_seed2,2,0.3,2,5.0,0.5,50,0.29973965736877034,anon,4,14,0.11943267886137954,1.5008330702367627,1.5082018291802557,1.2838179962587133,0.23001394376016732,0.8652730125477222,0.626373800058228,0.33075313647363136,0.23943321468464254,0.7793493304921321,0.6965798045602606,0.23100303951367782,0.23523886205045624,0.4912,0.97674,0.00904,0.01422,0.30331297165701815
cfl_exp2_alpha0.3_n_mm2_seed2,2,0.3,2,5.0,0.5,50,0.29973965736877034,id,4,14,0.11943267886137954,1.5008330702367627,1.5082018291802557,1.2838179962587133,0.23001394376016732,0.8973842303666938,0.6496192095857295,0.2955600035940895,0.21395679734810047,0.7771183226830916,0.6896960772282897,0.23498013166478857,0.23899288162404428,0.48894,0.9553,0.01824,0.02646,0.3037971141946308
cfl_exp2_alpha0.3_n_mm2_seed2,2,0.3,2,5.0,0.5,50,0.29973965736877034,oracle,4,14,0.11943267886137954,1.5008330702367627,1.5082018291802557,1.2838179962587133,0.23001394376016732,0.9048718655818434,0.6550395317905716,0.2648777903134182,0.19174584860924657,0.7603276961490797,0.6924847886860713,0.2312396105438138,0.24331550802139038,0.48648,0.95172,0.01962,0.02866,
cfl_exp2_alpha0.3_n_mm2_seed2,2,0.3,2,5.0,0.9,50,0.29973965736877034,competitive,4,14,0.11943267886137954,1.5008330702367627,1.528282416822619,1.2558930529762358,0.23439045679371545,0.06990926740258327,0.0506075340929783,0.0,0.0,-0.035850150157760254,1.0,0.26634021158479104,0.0,0.76376,0.0,0.0,0.0,
cfl_exp2_alpha0.3_n_mm2_seed2,2,0.3,2,5.0,0.9,50,0.29973965736877034,markout,4,14,0.11943267886137954,1.5008330702367627,1.528282416822619,1.2558930529762358,0.23439045679371545,0.6583549710923262,0.47658519224599244,0.7137052779903085,0.5166534499673278,0.9067809579625818,0.5258388659608828,0.22803275891486094,0.2251655629139073,0.44584,0.99802,0.0,0.00198,
cfl_exp2_alpha0.3_n_mm2_seed2,2,0.3,2,5.0,0.9,50,0.29973965736877034,anon,4,14,0.11943267886137954,1.5008330702367627,1.528282416822619,1.2558930529762358,0.23439045679371545,0.8966352095188551,0.6490769910859266,0.3003545835277428,0.2174276085362163,0.7800469153714046,0.6971118841517676,0.2287338981083904,0.23985042735042736,0.49444,0.9701,0.01024,0.01966,0.2999921466332631
cfl_exp2_alpha0.3_n_mm2_seed2,2,0.3,2,5.0,0.9,50,0.29973965736877034,id,4,14,0.11943267886137954,1.5008330702367627,1.528282416822619,1.2558930529762358,0.23439045679371545,0.900067295348422,0.6515614885936692,0.2814549704616517,0.20374612039991005,0.7688499247428408,0.6837642364286308,0.21659574468085108,0.2647213459516299,0.48116,0.92454,0.0353,0.04016,0.29681488357512226
cfl_exp2_alpha0.3_n_mm2_seed2,2,0.3,2,5.0,0.9,50,0.29973965736877034,oracle,4,14,0.11943267886137954,1.5008330702367627,1.528282416822619,1.2558930529762358,0.23439045679371545,0.944578125114499,0.6837830154181695,0.27705850796500564,0.20056350765121325,0.7978888388186441,0.6768016126322862,0.2108463638620005,0.2692307692307692,0.47624,0.92128,0.03998,0.03874,
cfl_exp2_alpha0.3_n_mm2_seed2,2,0.3,2,5.0,0.99,50,0.29973965736877034,competitive,4,14,0.11943267886137954,1.5008330702367627,1.5351131617082754,1.241396254121845,0.23930186709961732,0.06155067890827693,0.04455672612557635,0.0,0.0,-0.0419009581251622,1.0,0.2718944668376695,0.0,0.76412,0.0,0.0,0.0,
cfl_exp2_alpha0.3_n_mm2_seed2,2,0.3,2,5.0,0.99,50,0.29973965736877034,markout,4,14,0.11943267886137954,1.5008330702367627,1.5351131617082754,1.241396254121845,0.23930186709961732,0.6718305204003655,0.4863401839139928,0.7122240627679124,0.5155811937035798,0.9154636933668342,0.5265735208230379,0.22028837129937717,0.22357183526285823,0.44518,0.99504,0.0,0.00496,
cfl_exp2_alpha0.3_n_mm2_seed2,2,0.3,2,5.0,0.99,50,0.29973965736877034,anon,4,14,0.11943267886137954,1.5008330702367627,1.5351131617082754,1.241396254121845,0.23930186709961732,0.7167176647842856,0.5188341260499353,0.3146451568647233,0.22777259861020357,0.6601490404094005,0.692515145593121,0.2595101027203973,0.2516842506673446,0.5117,0.92326,0.01456,0.06218,0.32600324963315036
cfl_exp2_alpha0.3_n_mm2_seed2,2,0.3,2,5.0,0.99,50,0.29973965736877034,id,4,14,0.11943267886137954,1.5008330702367627,1.5351131617082754,1.241396254121845,0.23930186709961732,0.9317568235573972,0.674501635713089,0.21093301708421702,0.1526950610417902,0.7407390125041406,0.6890298034242233,0.20461377998650224,0.2905111473626971,0.4731,0.8998,0.0624,0.0378,0.306575232897313
cfl_exp2_alpha0.3_n_mm2_seed2,2,0.3,2,5.0,0.99,50,0.29973965736877034,oracle,4,14,0.11943267886137954,1.5008330702367627,1.5351131617082754,1.241396254121845,0.23930186709961732,0.9681829599064125,0.7008706280605921,0.2672123053648442,0.1934358112486097,0.8078487550584632,0.6822807165082836,0.1993097497842968,0.27302805717310746,0.47564,0.91246,0.0603,0.02724,
cfl_exp2_alpha0.3_n_mm2_seed2,2,0.3,2,1.0,0.0,50,0.299993851078017,competitive,4,14,0.11817269785667084,1.4998406974468959,1.4998406974468959,1.255063160343496,0.23425219941348974,0.10202126974611594,0.07383920723095086,0.0,0.0,-0.011689804001645168,1.0,0.2624665020230151,0.0,0.76124,0.0,0.0,0.0,
cfl_exp2_alpha0.3_n_mm2_seed2,2,0.3,2,1.0,0.0,50,0.299993851078017,markout,4,14,0.11817269785667084,1.4998406974468959,1.4998406974468959,1.255063160343496,0.23425219941348974,0.6783760437950027,0.49098339398190843,0.7169114555166334,0.5188738942562576,0.9243282770055701,0.5245650410168575,0.2289053101907544,0.22421312097080015,0.44372,0.9998,0.0,0.0002,
cfl_exp2_alpha0.3_n_mm2_seed2,2,0.3,2,1.0,0.0,50,0.299993851078017,anon,4,14,0.11817269785667084,1.4998406974468959,1.4998406974468959,1.255063160343496,0.23425219941348974,1.4858974182223765,1.0754373834112565,0.01506965101808156,0.010906853905967944,1.0008152260846286,0.9893690778830598,0.2189324924083158,0.22282608695652173,0.34616,0.99998,0.0,2e-05,0.29842446373881976
cfl_exp2_alpha0.3_n_mm2_seed2,2,0.3,2,1.0,0.0,50,0.299993851078017,id,4,14,0.11817269785667084,1.4998406974468959,1.4998406974468959,1.255063160343496,0.23425219941348974,1.4858974182223765,1.0754373834112565,0.01506965101808156,0.010906853905967944,1.0008152260846286,0.9893690778830598,0.2189324924083158,0.22282608695652173,0.34616,0.99998,0.0,2e-05,0.29842446373881976
cfl_exp2_alpha0.3_n_mm2_seed2,2,0.3,2,1.0,0.0,50,0.299993851078017,oracle,4,14,0.11817269785667084,1.4998406974468959,1.4998406974468959,1.255063160343496,0.23425219941348974,1.4867374717214374,1.076045382944654,0.016951009741056133,0.012268511499204918,1.0027848832112627,0.989110394100023,0.22065590959398845,0.20105820105820105,0.34712,1.0,0.0,0.0,
cfl_exp2_alpha0.3_n_mm2_seed2,2,0.3,2,1.0,0.5,50,0.299993851078017,competitive,4,14,0.11817269785667084,1.4998406974468959,1.5259942467868206,1.3108824098087097,0.22779945262912712,0.0933807347655839,0.06758550881490977,0.0,0.0,-0.01794350241768626,1.0,0.263064474027669,0.0,0.7662,0.0,0.0,0.0,
cfl_exp2_alpha0.3_n_mm2_seed2,2,0.3,2,1.0,0.5,50,0.299993851078017,markout,4,14,0.11817269785667084,1.4998406974468959,1.5259942467868206,1.3108824098087097,0.22779945262912712,0.6704427575796583,0.48524157596361656,0.7166261903950527,0.5186674299524847,0.9183799946835052,0.5214701765476136,0.2259935925188328,0.23457256086053974,0.44294,0.9998,0.0,0.0002,
cfl_exp2_alpha0.3_n_mm2_seed2,2,0.3,2,1.0,0.5,50,0.299993851078017,anon,4,14,0.11817269785667084,1.4998406974468959,1.5259942467868206,1.3108824098087097,0.22779945262912712,0.8832953624464381,0.6392963886464808,0.23884750584627829,0.1728689568819106,0.7266363342957953,0.7122899453159303,0.23014850098066686,0.24361820199778025,0.50106,0.90522,0.03928,0.0555,0.29483297761080907
cfl_exp2_alpha0.3_n_mm2_seed2,2,0.3,2,1.0,0.5,50,0.299993851078017,id,4,14,0.11817269785667084,1.4998406974468959,1.5259942467868206,1.3108824098087097,0.22779945262912712,0.8862513731156805,0.6414358394191114,0.29505225436952304,0.21354786711209178,0.7694546952986071,0.6702452721116525,0.22443321833415475,0.24517906336088155,0.48436,0.93086,0.03484,0.0343,0.29943514516779474
cfl_exp2_alpha0.3_n_mm2_seed2,2,0.3,2,1.0,0.5,50,0.299993851078017,oracle,4,14,0.11817269785667084,1.4998406974468959,1.5259942467868206,1.3108824098087097,0.22779945262912712,0.8800420787802888,0.6369417827157404,0.29821711258507655,0.2158384739847212,0.7672512454678656,0.6657655034729443,0.22277753482851254,0.2425335988053758,0.48086,0.93292,0.0341,0.03298,
cfl_exp2_alpha0.3_n_mm2_seed2,2,0.3,2,1.0,0.9,50,0.299993851078017,competitive,4,14,0.11817269785667084,1.4998406974468959,1.6019454704309848,1.3098858325624636,0.22704052014396842,0.09108271538212716,0.06592228770525224,0.0,0.0,-0.019606723527343783,1.0,0.27126141926026753,0.0,0.76406,0.0,0.0,0.0,
cfl_exp2_alpha0.3_n_mm2_seed2,2,0.3,2,1.0,0.9,50,0.299993851078017,markout,4,14,0.11817269785667084,1.4998406974468959,1.6019454704309848,1.3098858325624636,0.22704052014396842,0.619548764021903,0.4484063930015378,0.7173839456761593,0.5192158650912672,0.8820932468602088,0.5222719667164112,0.24192570785349382,0.23267701628171147,0.44226,0.99398,0.0,0.00602,
cfl_exp2_alpha0.3_n_mm2_seed2,2,0.3,2,1.0,0.9,50,0.299993851078017,anon,4,14,0.11817269785667084,1.4998406974468959,1.6019454704309848,1.3098858325624636,0.22704052014396842,0.8350290504201722,0.6043630240172205,0.3880786109467457,0.28087689015149947,0.799710902936124,0.6599619138300404,0.23510670273519688,0.23346167308365418,0.50412,0.8942,0.01762,0.08818,0.2952840126758493
cfl_exp2_alpha0.3_n_mm2_seed2,2,0.3,2,1.0,0.9,50,0.299993851078017,id,4,14,0.11817269785667084,1.4998406974468959,1.6019454704309848,1.3098858325624636,0.22704052014396842,0.9829695563765896,0.7114368695432757,0.2748744636830143,0.1989439313674027,0.8248517896780824,0.6351106427818757,0.16213166976373772,0.29259558738593044,0.4745,0.84914,0.1124,0.03846,0.27998593515310954
cfl_exp2_alpha0.3_n_mm2_seed2,2,0.3,2,1.0,0.9,50,0.299993851078017,oracle,4,14,0.11817269785667084,1.4998406974468959,1.6019454704309848,1.3098858325624636,0.22704052014396842,0.9722328923954786,0.703666070780986,0.22796246650063245,0.16499076953960107,0.7831278290879911,0.631130337944918,0.1668137088564642,0.3269856014862982,0.46694,0.83088,0.13244,0.03668,
cfl_exp2_alpha0.3_n_mm2_seed2,2,0.3,2,1.0,0.99,50,0.299993851078017,competitive,4,14,0.11817269785667084,1.4998406974468959,1.6243410820482904,1.3935484546690253,0.20760761926952875,0.1867867905578633,0.1351893440488312,0.0,0.0,0.04966033281623517,1.0,0.2542108140473277,0.0,0.76826,0.0,0.0,0.0,
cfl_exp2_alpha0.3_n_mm2_seed2,2,0.3,2,1.0,0.99,50,0.299993851078017,markout,4,14,0.11817269785667084,1.4998406974468959,1.6243410820482904,1.3935484546690253,0.20760761926952875,0.6056848372442449,0.4383721975350655,0.6797324342321205,0.49196509902068764,0.8448082853231571,0.5026128480043247,0.2332168145558842,0.2336744860067023,0.44396,0.93816,0.0,0.06184,
cfl_exp2_alpha0.3_n_mm2_seed2,2,0.3,2,1.0,0.99,50,0.299993851078017,anon,4,14,0.11817269785667084,1.4998406974468959,1.6243410820482904,1.3935484546690253,0.20760761926952875,0.751602279247765,0.5439818244836496,0.37065772433177396,0.26826829921638456,0.726721112467438,0.5839176989292463,0.230691787717532,0.27015844182056714,0.4763,0.85062,0.07098,0.0784,0.3165340267175254
cfl_exp2_alpha0.3_n_mm2_seed2,2,0.3,2,1.0,0.99,50,0.299993851078017,id,4,14,0.11817269785667084,1.4998406974468959,1.6243410820482904,1.3935484546690253,0.20760761926952875,0.9305743170611973,0.6735151406395653,0.15608311639569275,0.11296716464590906,0.7009532940528784,0.6155998600909409,0.14928977272727273,0.3662420382165605,0.45744,0.77148,0.18728,0.04124,0.3169117931691737
cfl_exp2_alpha0.3_n_mm2_seed2,2,0.3,2,1.0,0.99,50,0.299993851078017,oracle,4,14,0.11817269785667084,1.4998406974468959,1.6243410820482904,1.3935484546690253,0.20760761926952875,1.0435763429868055,0.7553018115034215,0.12465137577255528,0.090218037769945,0.7599908380407705,0.6198699358467352,0.12766711561636068,0.37486995723037797,0.45516,0.77198,0.19906,0.02896,
cfl_exp2_alpha0.3_n_mm2_seed3,2,0.3,3,1000000.0,0.0,50,0.2999999966547333,competitive,4,14,0.11814223561608861,1.4998167051021234,1.4998167051021232,1.367364385572119,0.21434380776340112,0.10603257728637422,0.07674208334023641,0.0,0.0,-0.008764480054566698,1.0,0.2674892816061905,0.0,0.76504,0.0,0.0,0.0,
cfl_exp2_alpha0.3_n_mm2_seed3,2,0.3,3,1000000.0,0.0,50,0.2999999966547333,markout,4,14,0.11814223561608861,1.4998167051021234,1.4998167051021232,1.367364385572119,0.21434380776340112,0.6574835661001212,0.4758599660198517,0.5051107729749367,0.3655787120122668,0.7559321146373154,0.5313924162647671,0.2308909242298085,0.24634123312246248,0.45202,0.91894,0.0,0.08106,
cfl_exp2_alpha0.3_n_mm2_seed3,2,0.3,3,1000000.0,0.0,50,0.2999999966547333,anon,4,14,0.11814223561608861,1.4998167051021234,1.4998167051021232,1.367364385572119,0.21434380776340112,0.7303891589411378,0.5286260802176024,0.4995983504199179,0.36158904391261,0.8047085607354092,0.5989150844982266,0.23360969832090853,0.23668331252600916,0.4793,0.96998,4e-05,0.02998,0.30103639183902764
cfl_exp2_alpha0.3_n_mm2_seed3,2,0.3,3,1000000.0,0.0,50,0.2999999966547333,id,4,14,0.11814223561608861,1.4998167051021234,1.4998167051021232,1.367364385572119,0.21434380776340112,0.7303891589411378,0.5286260802176024,0.4995983504199179,0.36158904391261,0.8047085607354092,0.5989150844982266,0.23360969832090853,0.23668331252600916,0.4793,0.96998,4e-05,0.02998,0.30103639183902764
cfl_exp2_alpha0.3_n_mm2_seed3,2,0.3,3,1000000.0,0.0,50,0.2999999966547333,oracle,4,14,0.11814223561608861,1.4998167051021234,1.4998167051021232,1.367364385572119,0.21434380776340112,0.7271682944912818,0.5262949490278843,0.502596843223483,0.3637592315145278,0.8045476171476091,0.5980567949626788,0.23385859712731838,0.23653906006847183,0.47962,0.97,0.0,0.03,
cfl_exp2_alpha0.3_n_mm2_seed3,2,0.3,3,1000000.0,0.5,50,0.2999999966547333,competitive,4,14,0.11814223561608861,1.4998167051021234,1.4998167051021234,1.3101219109616944,0.22634562992415874,0.08078727055515328,0.05847055318696386,0.0,0.0,-0.027036010207839255,1.0,0.26771777690185256,0.0,0.7611,0.0,0.0,0.0,
cfl_exp2_alpha0.3_n_mm2_seed3,2,0.3,3,1000000.0,0.5,50,0.2999999966547333,markout,4,14,0.11814223561608861,1.4998167051021234,1.4998167051021234,1.3101219109616944,0.22634562992415874,0.6613975489080863,0.47869274819423835,0.5142531760858611,0.3721956129631292,0.7653817977625644,0.530920791642791,0.23179742631797426,0.23679759443713588,0.45374,0.92124,0.0,0.07876,
cfl_exp2_alpha0.3_n_mm2_seed3,2,0.3,3,1000000.0,0.5,50,0.2999999966547333,anon,4,14,0.11814223561608861,1.4998167051021234,1.4998167051021234,1.3101219109616944,0.22634562992415874,0.6943534054163817,0.5025448618694331,0.5039330371883023,0.3647263145679741,0.7817646130426041,0.6002442928144217,0.240544523191355,0.23085027921188495,0.47484,0.96698,0.0005,0.03252,0.3068141612635934
cfl_exp2_alpha0.3_n_mm2_seed3,2,0.3,3,1000000.0,0.5,50,0.2999999966547333,id,4,14,0.11814223561608861,1.4998167051021234,1.4998167051021234,1.3101219109616944,0.22634562992415874,0.6943534054163817,0.5025448618694331,0.5039330371883023,0.3647263145679741,0.7817646130426041,0.6002442928144217,0.240544523191355,0.23085027921188495,0.47484,0.96698,0.0005,0.03252,0.3068141612635934
cfl_exp2_alpha0.3_n_mm2_seed3,2,0.3,3,1000000.0,0.5,50,0.2999999966547333,oracle,4,14,0.11814223561608861,1.4998167051021234,1.4998167051021234,1.3101219109616944,0.22634562992415874,0.693552028889952,0.5019648580088076,0.49938961874159793,0.36143797238097947,0.7778962669949839,0.5989918084436043,0.24069009046917736,0.23465325790907185,0.4761,0.97,0.0,0.03,
cfl_exp2_alpha0.3_n_mm2_seed3,2,0.3,3,1000000.0,0.9,50,0.2999999966547333,competitive,4,14,0.11814223561608861,1.4998167051021234,1.4998167051021236,1.321313887917947,0.22438058935639935,0.131231198599992,0.09497982447979104,0.0,0.0,0.009473261084987927,1.0,0.2669263345009672,0.0,0.76508,0.0,0.0,0.0,
cfl_exp2_alpha0.3_n_mm2_seed3,2,0.3,3,1000000.0,0.9,50,0.2999999966547333,markout,4,14,0.11814223561608861,1.4998167051021234,1.4998167051021236,1.321313887917947,0.22438058935639935,0.6564144882305631,0.4750862107734689,0.4964528058971893,0.3593124262344251,0.7488920736130908,0.5322192571853537,0.23721847772480684,0.24062470775273542,0.45718,0.91816,0.0,0.08184,
cfl_exp2_alpha0.3_n_mm2_seed3,2,0.3,3,1000000.0,0.9,50,0.2999999966547333,anon,4,14,0.11814223561608861,1.4998167051021234,1.4998167051021236,1.321313887917947,0.22438058935639935,0.7388844314381632,0.5347746142497797,0.5195800059237501,0.37605095657374865,0.8253190074287252,0.6011464650660464,0.23804588170259813,0.23599250156217455,0.48148,0.96976,0.0001,0.03014,0.2958374347118617
cfl_exp2_alpha0.3_n_mm2_seed3,2,0.3,3,1000000.0,0.9,50,0.2999999966547333,id,4,14,0.11814223561608861,1.4998167051021234,1.4998167051021236,1.321313887917947,0.22438058935639935,0.7388844314381632,0.5347746142497797,0.5195800059237501,0.37605095657374865,0.8253190074287252,0.6011464650660464,0.23804588170259813,0.23599250156217455,0.48148,0.96976,0.0001,0.03014,0.2958374347118617
cfl_exp2_alpha0.3_n_mm2_seed3,2,0.3,3,1000000.0,0.9,50,0.2999999966547333,oracle,4,14,0.11814223561608861,1.4998167051021234,1.4998167051021236,1.321313887917947,0.22438058935639935,0.737924145801687,0.5340795984137894,0.520071963834734,0.37640701577716357,0.8249800507961498,0.600755876733948,0.23802281368821293,0.2353063559762821,0.48156,0.97,0.0,0.03,
cfl_exp2_alpha0.3_n_mm2_seed3,2,0.3,3,1000000.0,0.99,50,0.2999999966547333,competitive,4,14,0.11814223561608861,1.4998167051021234,1.4998167051021234,1.332851440367357,0.22311372837688628,0.07339326702947087,0.05311907301636124,0.0,0.0,-0.03238749037844187,1.0,0.2676248426353336,0.0,0.76256,0.0,0.0,0.0,
cfl_exp2_alpha0.3_n_mm2_seed3,2,0.3,3,1000000.0,0.99,50,0.2999999966547333,markout,4,14,0.11814223561608861,1.4998167051021234,1.4998167051021234,1.332851440367357,0.22311372837688628,0.6842543870441307,0.495235601551402,0.49544564315026174,0.3585834826452002,0.7683125208017989,0.5322915287158434,0.23279150771272183,0.24218971212836243,0.45306,0.92254,0.0,0.07746,
cfl_exp2_alpha0.3_n_mm2_seed3,2,0.3,3,1000000.0,0.99,50,0.2999999966547333,anon,4,14,0.11814223561608861,1.4998167051021234,1.4998167051021234,1.332851440367357,0.22311372837688628,0.7136473781487914,0.5165090576033146,0.4864736828920663,0.3520899413253458,0.7830924355338572,0.5998238033309561,0.23786543572527627,0.23608344690219102,0.47674,0.96916,8e-05,0.03076,0.30399805242818406
cfl_exp2_alpha0.3_n_mm2_seed3,2,0.3,3,1000000.0,0.99,50,0.2999999966547333,id,4,14,0.11814223561608861,1.4998167051021234,1.4998167051021234,1.332851440367357,0.22311372837688628,0.7136473781487914,0.5165090576033146,0.4864736828920663,0.3520899413253458,0.7830924355338572,0.5998238033309561,0.23786543572527627,0.23608344690219102,0.47674,0.96916,8e-05,0.03076,0.30399805242818406
cfl_exp2_alpha0.3_n_mm2_seed3,2,0.3,3,1000000.0,0.99,50,0.2999999966547333,oracle,4,14,0.11814223561608861,1.4998167051021234,1.4998167051021234,1.332851440367357,0.22311372837688628,0.7105567544697745,0.5142721894065919,0.48972664918043046,0.3544443065251126,0.7832099325369014,0.5988923386758412,0.23819532016253328,0.23535564853556484,0.47668,0.97,0.0,0.03,
cfl_exp2_alpha0.3_n_mm2_seed3,2,0.3,3,5.0,0.0,50,0.29973965736877034,competitive,4,14,0.11943267886137954,1.5008330702367627,1.5008330702367627,1.3976588990331467,0.21431701972242512,0.14973158255416977,0.1083911539977851,0.0,0.0,0.021933469747046554,1.0,0.26393712301224637,0.0,0.76594,0.0,0.0,0.0,
cfl_exp2_alpha0.3_n_mm2_seed3,2,0.3,3,5.0,0.0,50,0.29973965736877034,markout,4,14,0.11943267886137954,1.5008330702367627,1.5008330702367627,1.3976588990331467,0.21431701972242512,0.6788300207388799,0.4914071437774871,0.5195197324220413,0.37608193516203114,0.7810313946887797,0.5347801406052137,0.23026047195231486,0.23624929603904637,0.45802,0.92296,0.0,0.07704,
cfl_exp2_alpha0.3_n_mm2_seed3,2,0.3,3,5.0,0.0,50,0.29973965736877034,anon,4,14,0.11943267886137954,1.5008330702367627,1.5008330702367627,1.3976588990331467,0.21431701972242512,0.720808985824824,0.521795845958285,0.5074639139941683,0.36735469105297913,0.8026928527605255,0.5963295099061522,0.231377212002518,0.22587311427980988,0.4795,0.96886,0.00028,0.03086,0.29549699110794386
cfl_exp2_alpha0.3_n_mm2_seed3,2,0.3,3,5.0,0.0,50,0.29973965736877034,id,4,14,0.11943267886137954,1.5008330702367627,1.5008330702367627,1.3976588990331467,0.21431701972242512,0.720808985824824,0.521795845958285,0.5074639139941683,0.36735469105297913,0.8026928527605255,0.5963295099061522,0.231377212002518,0.22587311427980988,0.4795,0.96886,0.00028,0.03086,0.29549699110794386
cfl_exp2_alpha0.3_n_mm2_seed3,2,0.3,3,5.0,0.0,50,0.29973965736877034,oracle,4,14,0.11943267886137954,1.5008330702367627,1.5008330702367627,1.3976588990331467,0.21431701972242512,0.7196355099426095,0.5209463631511706,0.5112843705757284,0.37012033134482547,0.8046090102452575,0.5986921571077513,0.2321552803673299,0.22511676180591594,0.48018,0.97,0.0,0.03,
cfl_exp2_alpha0.3_n_mm2_seed3,2,0.3,3,5.0,0.5,50,0.29973965736877034,competitive,4,14,0.11943267886137954,1.5008330702367627,1.508201829180256,1.3432591898338004,0.22393199970689528,0.1468669319406285,0.10631742459143312,0.0,0.0,0.01985974034069457,1.0,0.2633095787046741,0.0,0.76336,0.0,0.0,0.0,
cfl_exp2_alpha0.3_n_mm2_seed3,2,0.3,3,5.0,0.5,50,0.29973965736877034,markout,4,14,0.11943267886137954,1.5008330702367627,1.508201829180256,1.3432591898338004,0.22393199970689528,0.6563262960409484,0.4751166281250876,0.47547326522664646,0.34419656183334674,0.7328555057076959,0.5332981205158678,0.2357213601848795,0.24464774120531924,0.45438,0.9212,0.0,0.0788,
cfl_exp2_alpha0.3_n_mm2_seed3,2,0.3,3,5.0,0.5,50,0.29973965736877034,anon,4,14,0.11943267886137954,1.5008330702367627,1.508201829180256,1.3432591898338004,0.22393199970689528,0.8198689560964455,0.5935056636838997,0.3742688151860421,0.2709343485949092,0.7779823280280703,0.644218995976911,0.23309801792017376,0.2374631268436578,0.45736,0.95308,0.01588,0.03104,0.3119571188585693
cfl_exp2_alpha0.3_n_mm2_seed3,2,0.3,3,5.0,0.5,50,0.29973965736877034,id,4,14,0.11943267886137954,1.5008330702367627,1.508201829180256,1.3432591898338004,0.22393199970689528,0.8110011444672411,0.5870862275200115,0.37433065442301783,0.270979114209109,0.771607657478382,0.6377042818334698,0.2316586652241531,0.23982385146393717,0.46382,0.94794,0.0249,0.02716,0.3032634602892315
cfl_exp2_alpha0.3_n_mm2_seed3,2,0.3,3,5.0,0.5,50,0.29973965736877034,oracle,4,14,0.11943267886137954,1.5008330702367627,1.508201829180256,1.3432591898338004,0.22393199970689528,0.862093525732427,0.6240721597552819,0.3775100165950801,0.2732806642824348,0.8108951397869782,0.6403803131991052,0.22579778300302317,0.23866491207082186,0.46488,0.9484,0.025,0.0266,
cfl_exp2_alpha0.3_n_mm2_seed3,2,0.3,3,5.0,0.9,50,0.29973965736877034,competitive,4,14,0.11943267886137954,1.5008330702367627,1.528282416822619,1.3433977861624622,0.21905531477264378,0.162782935930425,0.11783906892363852,0.0,0.0,0.031381384672899984,1.0,0.2581067630572581,0.0,0.76356,0.0,0.0,0.0,
cfl_exp2_alpha0.3_n_mm2_seed3,2,0.3,3,5.0,0.9,50,0.29973965736877034,markout,4,14,0.11943267886137954,1.5008330702367627,1.528282416822619,1.3433977861624622,0.21905531477264378,0.6987549542468757,0.5058308645411375,0.47497213034973274,0.34383378875173876,0.7632069690421376,0.5377508619927505,0.2283600493218249,0.2468203117528928,0.45244,0.92292,0.0,0.07708,
cfl_exp2_alpha0.3_n_mm2_seed3,2,0.3,3,5.0,0.9,50,0.29973965736877034,anon,4,14,0.11943267886137954,1.5008330702367627,1.528282416822619,1.3433977861624622,0.21905531477264378,0.8552805572833725,0.6191402309013518,0.36285639183518126,0.2626728601646807,0.7953554068152942,0.6320420223243598,0.23027910520119121,0.25529383773495123,0.4569,0.94824,0.0168,0.03496,0.30531141396825956
cfl_exp2_alpha0.3_n_mm2_seed3,2,0.3,3,5.0,0.9,50,0.29973965736877034,id,4,14,0.11943267886137954,1.5008330702367627,1.528282416822619,1.3433977861624622,0.21905531477264378,0.9244496188951643,0.6692119277414866,0.3424440880023992,0.24789633052112198,0.8306505740118703,0.6656887643401349,0.21456291521410248,0.24165029469548133,0.45676,0.93736,0.02766,0.03498,0.2902216844144162
cfl_exp2_alpha0.3_n_mm2_seed3,2,0.3,3,5.0,0.9,50,0.29973965736877034,oracle,4,14,0.11943267886137954,1.5008330702367627,1.528282416822619,1.3433977861624622,0.21905531477264378,0.9441773698570926,0.6834929074524352,0.35579446015869165,0.2575607060632486,0.8545959292649453,0.6550733469725329,0.20964848162668615,0.25201918223119635,0.45946,0.92916,0.0345,0.03634,
cfl_exp2_alpha0.3_n_mm2_seed3,2,0.3,3,5.0,0.99,50,0.29973965736877034,competitive,4,14,0.11943267886137954,1.5008330702367627,1.5351131617082754,1.3551735022124913,0.21806167400881057,0.11796285265349246,0.0853936725296881,0.0,0.0,-0.0010640117210504324,1.0,0.2608422704682187,0.0,0.7646,0.0,0.0,0.0,
cfl_exp2_alpha0.3_n_mm2_seed3,2,0.3,3,5.0,0.99,50,0.29973965736877034,markout,4,14,0.11943267886137954,1.5008330702367627,1.5351131617082754,1.3551735022124913,0.21806167400881057,0.6589720481212752,0.47703189620872594,0.45989537866782215,0.33291968175130604,0.7234938937092934,0.5278382852661846,0.22334103664575766,0.24137294703819892,0.45908,0.91028,0.0,0.08972,
cfl_exp2_alpha0.3_n_mm2_seed3,2,0.3,3,5.0,0.99,50,0.29973965736877034,anon,4,14,0.11943267886137954,1.5008330702367627,1.5351131617082754,1.3551735022124913,0.21806167400881057,0.912966476152357,0.6608992453255116,0.3685183530289994,0.2667715713198012,0.8412131323945742,0.6540940020729125,0.2218394764037203,0.23202188639916624,0.44382,0.95088,0.01554,0.03358,0.2950796406578384
cfl_exp2_alpha0.3_n_mm2_seed3,2,0.3,3,5.0,0.99,50,0.29973965736877034,id,4,14,0.11943267886137954,1.5008330702367627,1.5351131617082754,1.3551735022124913,0.21806167400881057,1.04218069935225,0.754437819664007,0.308872892569167,0.22359403869984396,0.8915741741131125,0.6931231070728665,0.19894615088034956,0.25645863570391875,0.44904,0.9276,0.03148,0.04092,0.27688488771674724
cfl_exp2_alpha0.3_n_mm2_seed3,2,0.3,3,5.0,0.99,50,0.29973965736877034,oracle,4,14,0.11943267886137954,1.5008330702367627,1.5351131617082754,1.3551735022124913,0.21806167400881057,1.0112448128596445,0.7320432361053587,0.33765631453208783,0.24443044655279292,0.8900159984074132,0.6651152579582876,0.1898600475310272,0.25357283335518555,0.4555,0.9159,0.04238,0.04172,
cfl_exp2_alpha0.3_n_mm2_seed3,2,0.3,3,1.0,0.0,50,0.299993851078017,competitive,4,14,0.11817269785667084,1.4998406974468959,1.4998406974468959,1.331475342993718,0.21887683565788502,0.09625318058123053,0.06966447844907553,0.0,0.0,-0.015864532783520496,1.0,0.2638022335238295,0.0,0.76292,0.0,0.0,0.0,
cfl_exp2_alpha0.3_n_mm2_seed3,2,0.3,3,1.0,0.0,50,0.299993851078017,markout,4,14,0.11817269785667084,1.4998406974468959,1.4998406974468959,1.331475342993718,0.21887683565788502,0.6711104572426478,0.48572483218956053,0.49199412178768454,0.3560870787581388,0.7562828997151032,0.5345812461551982,0.23253328949531482,0.23800981873111782,0.45516,0.92086,0.0,0.07914,
cfl_exp2_alpha0.3_n_mm2_seed3,2,0.3,3,1.0,0.0,50,0.299993851078017,anon,4,14,0.11817269785667084,1.4998406974468959,1.4998406974468959,1.331475342993718,0.21887683565788502,0.7109250630322069,0.5145411656367905,0.4852369548323395,0.3511964921936753,0.7802086465978698,0.5966675039772251,0.23421274207128823,0.23811500934191404,0.47772,0.96876,0.00022,0.03102,0.2984986730466975
cfl_exp2_alpha0.3_n_mm2_seed3,2,0.3,3,1.0,0.0,50,0.299993851078017,id,4,14,0.11817269785667084,1.4998406974468959,1.4998406974468959,1.331475342993718,0.21887683565788502,0.7109250630322069,0.5145411656367905,0.4852369548323395,0.3511964921936753,0.7802086465978698,0.5966675039772251,0.23421274207128823,0.23811500934191404,0.47772,0.96876,0.00022,0.03102,0.2984986730466975
cfl_exp2_alpha0.3_n_mm2_seed3,2,0.3,3,1.0,0.0,50,0.299993851078017,oracle,4,14,0.11817269785667084,1.4998406974468959,1.4998406974468959,1.331475342993718,0.21887683565788502,0.7126656454371522,0.5158009345577335,0.485008558115009,0.3510311871295078,0.7813031104546451,0.5953426146578035,0.23384831460674158,0.23669800599235458,0.47838,0.97,0.0,0.03,
cfl_exp2_alpha0.3_n_mm2_seed3,2,0.3,3,1.0,0.5,50,0.299993851078017,competitive,4,14,0.11817269785667084,1.4998406974468959,1.5259942467868202,1.3461535557686286,0.2208968411751712,0.08759800982695655,0.0634001872033921,0.0,0.0,-0.022128824029203922,1.0,0.2667454378364185,0.0,0.7617,0.0,0.0,0.0,
cfl_exp2_alpha0.3_n_mm2_seed3,2,0.3,3,1.0,0.5,50,0.299993851078017,markout,4,14,0.11817269785667084,1.4998406974468959,1.5259942467868202,1.3461535557686286,0.2208968411751712,0.667884609054123,0.48339008303890957,0.5037134391972482,0.3645690855883175,0.7624301573946312,0.5343595624558928,0.23417251341312423,0.23737804300464146,0.45344,0.92188,0.0,0.07812,
cfl_exp2_alpha0.3_n_mm2_seed3,2,0.3,3,1.0,0.5,50,0.299993851078017,anon,4,14,0.11817269785667084,1.4998406974468959,1.5259942467868202,1.3461535557686286,0.2208968411751712,0.9173145547403099,0.6639182169756895,0.36149049513196274,0.2616333990793545,0.8400226048224481,0.6571853588171656,0.2242952191508334,0.23326758711374096,0.44368,0.95866,0.01852,0.02282,0.2961699969774047
cfl_exp2_alpha0.3_n_mm2_seed3,2,0.3,3,1.0,0.5,50,0.299993851078017,id,4,14,0.11817269785667084,1.4998406974468959,1.5259942467868202,1.3461535557686286,0.2208968411751712,0.8616514624628269,0.6236313374257603,0.3732939301165392,0.27017628708723856,0.8082786132804027,0.6218020950711572,0.2136384992281361,0.2512690355329949,0.47922,0.9294,0.04204,0.02856,0.2936056236345687
cfl_exp2_alpha0.3_n_mm2_seed3,2,0.3,3,1.0,0.5,50,0.299993851078017,oracle,4,14,0.11817269785667084,1.4998406974468959,1.5259942467868202,1.3461535557686286,0.2208968411751712,0.8068266705826108,0.5839511885792386,0.35245001472596565,0.25509023501340067,0.7535124123600433,0.6253730070764771,0.21935923653715064,0.2504551661356395,0.46916,0.92948,0.04244,0.02808,
cfl_exp2_alpha0.3_n_mm2_seed3,2,0.3,3,1.0,0.9,50,0.299993851078017,competitive,4,14,0.11817269785667084,1.4998406974468959,1.6019454704309846,1.4293505162669182,0.210438443670151,0.18326638645487606,0.13264140626346502,0.0,0.0,0.04711239503086899,1.0,0.25725652367367235,0.0,0.76414,0.0,0.0,0.0,
cfl_exp2_alpha0.3_n_mm2_seed3,2,0.3,3,1.0,0.9,50,0.299993851078017,markout,4,14,0.11817269785667084,1.4998406974468959,1.6019454704309846,1.4293505162669182,0.210438443670151,0.7017578393446462,0.5079062694893227,0.4687279775619094,0.3392479073850771,0.7616251656418036,0.5325675556729161,0.22931989091810595,0.24668110347424912,0.45444,0.9203,0.0,0.0797,
cfl_exp2_alpha0.3_n_mm2_seed3,2,0.3,3,1.0,0.9,50,0.299993851078017,anon,4,14,0.11817269785667084,1.4998406974468959,1.6019454704309846,1.4293505162669182,0.210438443670151,0.9138274073186385,0.661394349141517,0.42085861510446787,0.3046018401159223,0.8804671780248432,0.6237872640677368,0.21131141746200072,0.232915250263744,0.45352,0.9145,0.03718,0.04832,0.27858011091897106
cfl_exp2_alpha0.3_n_mm2_seed3,2,0.3,3,1.0,0.9,50,0.299993851078017,id,4,14,0.11817269785667084,1.4998406974468959,1.6019454704309846,1.4293505162669182,0.210438443670151,1.0350886734869216,0.7491587514467355,0.30866486406425636,0.223400168604759,0.8870299088188985,0.633275377825331,0.15593101020767336,0.2764405543398979,0.44862,0.86808,0.09998,0.03194,0.27610303434000477
cfl_exp2_alpha0.3_n_mm2_seed3,2,0.3,3,1.0,0.9,50,0.299993851078017,oracle,4,14,0.11817269785667084,1.4998406974468959,1.6019454704309846,1.4293505162669182,0.210438443670151,1.0152266082707948,0.7347833260753601,0.366187729429552,0.26503308286661914,0.9142873977093832,0.6163012392755005,0.15749138718976305,0.26696781479390175,0.46156,0.8603,0.10782,0.03188,
cfl_exp2_alpha0.3_n_mm2_seed3,2,0.3,3,1.0,0.99,50,0.299993851078017,competitive,4,14,0.11817269785667084,1.4998406974468959,1.6243410820482902,1.3749318635105419,0.20836978710994458,0.04715277019941863,0.03412742439819348,0.0,0.0,-0.051401586834402546,1.0,0.27220442250118176,0.0,0.76156,0.0,0.0,0.0,
cfl_exp2_alpha0.3_n_mm2_seed3,2,0.3,3,1.0,0.99,50,0.299993851078017,markout,4,14,0.11817269785667084,1.4998406974468959,1.6243410820482902,1.3749318635105419,0.20836978710994458,0.6803062025891169,0.49238037125480366,0.49428106376354985,0.3577422824514599,0.7645936424736676,0.5333392801391552,0.230222445224954,0.23320271432667494,0.44842,0.89484,0.0,0.10516,
cfl_exp2_alpha0.3_n_mm2_seed3,2,0.3,3,1.0,0.99,50,0.299993851078017,anon,4,14,0.11817269785667084,1.4998406974468959,1.6243410820482902,1.3749318635105419,0.20836978710994458,0.9097325386916594,0.6584306352622105,0.3303539370857216,0.23909791439310885,0.8119995384227232,0.6392599711677078,0.22438547696008418,0.26122285866524575,0.4162,0.8945,0.04886,0.05664,0.3138309776122208
cfl_exp2_alpha0.3_n_mm2_seed3,2,0.3,3,1.0,0.99,50,0.299993851078017,id,4,14,0.11817269785667084,1.4998406974468959,1.6243410820482902,1.3749318635105419,0.20836978710994458,1.1327834592360502,0.8198666101929052,0.33867378927585984,0.2451195145116654,0.9794571134719746,0.6340371362099996,0.11139573525339241,0.2592059493822718,0.45562,0.83124,0.13296,0.0358,0.24185301194322512
cfl_exp2_alpha0.3_n_mm2_seed3,2,0.3,3,1.0,0.99,50,0.299993851078017,oracle,4,14,0.11817269785667084,1.4998406974468959,1.6243410820482902,1.3749318635105419,0.20836978710994458,1.0634626663547389,0.769694794024426,0.277065899396508,0.2005300111739435,0.8846957939657734,0.6026842010448568,0.1148557764160813,0.29766492858762184,0.44408,0.77974,0.1764,0.04386,
cfl_exp2_alpha0.3_n_mm2_seed4,2,0.3,4,1000000.0,0.0,50,0.29999999665473326,competitive,4,14,0.11814223561608883,1.4998167051021234,1.4998167051021232,1.3591562547002949,0.22460149141410687,0.08972824456856707,0.06494166791830845,-0.09625310566850596,-0.06966409801601886,-0.09022899349251369,0.8421188164705277,0.265243715980674,0.2789104550644267,0.77666,0.0,0.0,0.0,
cfl_exp2_alpha0.3_n_mm2_seed4,2,0.3,4,1000000.0,0.0,50,0.29999999665473326,markout,4,14,0.11814223561608883,1.4998167051021234,1.4998167051021232,1.3591562547002949,0.22460149141410687,0.6800436504534105,0.492188041012568,0.5460925503017107,0.39523966199133015,0.8019211396090948,0.5726925128934732,0.2354630851641953,0.23910103006971178,0.44984,0.95642,0.0,0.04358,
cfl_exp2_alpha0.3_n_mm2_seed4,2,0.3,4,1000000.0,0.0,50,0.29999999665473326,anon,4,14,0.11814223561608883,1.4998167051021234,1.4998167051021232,1.3591562547002949,0.22460149141410687,0.869049269356484,0.6289826500736887,0.5579247513695609,0.40380332972143707,0.9472794164003224,0.5970018920098966,0.22598732325694784,0.2294450463464548,0.41226,0.9997,0.00022,8e-05,0.29838982825164867
cfl_exp2_alpha0.3_n_mm2_seed4,2,0.3,4,1000000.0,0.0,50,0.29999999665473326,id,4,14,0.11814223561608883,1.4998167051021234,1.4998167051021232,1.3591562547002949,0.22460149141410687,0.869049269356484,0.6289826500736887,0.5579247513695609,0.40380332972143707,0.9472794164003224,0.5970018920098966,0.22598732325694784,0.2294450463464548,0.41226,0.9997,0.00022,8e-05,0.29838982825164867
cfl_exp2_alpha0.3_n_mm2_seed4,2,0.3,4,1000000.0,0.0,50,0.29999999665473326,oracle,4,14,0.11814223561608883,1.4998167051021234,1.4998167051021232,1.3591562547002949,0.22460149141410687,0.8661856562947848,0.6269100829640393,0.5629059102358024,0.4074084906882562,0.9488120102574921,0.5968634686346863,0.2264703489790938,0.22895339034084067,0.41192,1.0,0.0,0.0,
cfl_exp2_alpha0.3_n_mm2_seed4,2,0.3,4,1000000.0,0.5,50,0.29999999665473326,competitive,4,14,0.11814223561608883,1.4998167051021234,1.4998167051021234,1.371658545669609,0.21660899653979238,0.1294053300275879,0.09365833478541805,-0.07663428421289173,-0.05546478993810945,-0.04731301854749471,0.8423350540616894,0.26208915177754744,0.2806646033555954,0.77874,0.0,0.0,0.0,
cfl_exp2_alpha0.3_n_mm2_seed4,2,0.3,4,1000000.0,0.5,50,0.29999999665473326,markout,4,14,0.11814223561608883,1.4998167051021234,1.4998167051021234,1.371658545669609,0.21660899653979238,0.6996225193299876,0.5063584330325206,0.5392779484223246,0.3903075292568221,0.8111593988945393,0.5735044263614415,0.23185468153114525,0.2307369745256316,0.44732,0.95844,0.0,0.04156,
cfl_exp2_alpha0.3_n_mm2_seed4,2,0.3,4,1000000.0,0.5,50,0.29999999665473326,anon,4,14,0.11814223561608883,1.4998167051021234,1.4998167051021234,1.371658545669609,0.21660899653979238,0.8721613177865037,0.6312350246371251,0.5763954061332587,0.41717164126776585,0.9629001025100875,0.6055753551725821,0.2151725249919381,0.22292362916202502,0.40966,0.99878,0.00072,0.0005,0.29208348755662145
cfl_exp2_alpha0.3_n_mm2_seed4,2,0.3,4,1000000.0,0.5,50,0.29999999665473326,id,4,14,0.11814223561608883,1.4998167051021234,1.4998167051021234,1.371658545669609,0.21660899653979238,0.8721613177865037,0.6312350246371251,0.5763954061332587,0.41717164126776585,0.9629001025100875,0.6055753551725821,0.2151725249919381,0.22292362916202502,0.40966,0.99878,0.00072,0.0005,0.29208348755662145
cfl_exp2_alpha0.3_n_mm2_seed4,2,0.3,4,1000000.0,0.5,50,0.29999999665473326,oracle,4,14,0.11814223561608883,1.4998167051021234,1.4998167051021234,1.371658545669609,0.21660899653979238,0.8757787064782261,0.6338531440072166,0.5754756490260439,0.4165059583391691,0.9648525389515825,0.6048126772962926,0.215348536309235,0.2228960396039604,0.40892,1.0,0.0,0.0,
cfl_exp2_alpha0.3_n_mm2_seed4,2,0.3,4,1000000.0,0.9,50,0.29999999665473326,competitive,4,14,0.11814223561608883,1.4998167051021234,1.4998167051021234,1.3738432378526042,0.2210809320281263,0.09060492465174097,0.06557617344224712,-0.0804842689989658,-0.05825125293724572,-0.07818164288980191,0.8431614062099051,0.2633148700468683,0.28174083769633507,0.7794,0.0,0.0,0.0,
cfl_exp2_alpha0.3_n_mm2_seed4,2,0.3,4,1000000.0,0.9,50,0.29999999665473326,markout,4,14,0.11814223561608883,1.4998167051021234,1.4998167051021234,1.3738432378526042,0.2210809320281263,0.7277612178956931,0.5267240829646445,0.5490017303900543,0.3973452086686352,0.8385627282384763,0.5726181512158391,0.23654084158415842,0.23256295989221681,0.45154,0.95702,0.0,0.04298,
cfl_exp2_alpha0.3_n_mm2_seed4,2,0.3,4,1000000.0,0.9,50,0.29999999665473326,anon,4,14,0.11814223561608883,1.4998167051021234,1.4998167051021234,1.3738432378526042,0.2210809320281263,0.8743972845024734,0.6328533267519506,0.5813966380395592,0.4207913302876845,0.9681380936448317,0.6025827750267017,0.22905252980986143,0.2159784998778402,0.41196,0.99998,0.0,2e-05,0.29635325269117385
cfl_exp2_alpha0.3_n_mm2_seed4,2,0.3,4,1000000.0,0.9,50,0.29999999665473326,id,4,14,0.11814223561608883,1.4998167051021234,1.4998167051021234,1.3738432378526042,0.2210809320281263,0.8743972845024734,0.6328533267519506,0.5813966380395592,0.4207913302876845,0.9681380936448317,0.6025827750267017,0.22905252980986143,0.2159784998778402,0.41196,0.99998,0.0,2e-05,0.29635325269117385
cfl_exp2_alpha0.3_n_mm2_seed4,2,0.3,4,1000000.0,0.9,50,0.29999999665473326,oracle,4,14,0.11814223561608883,1.4998167051021234,1.4998167051021234,1.3738432378526042,0.2210809320281263,0.8742388116719693,0.632738630538042,0.5816047904946131,0.42094198260098326,0.9681740497442219,0.602320726319367,0.22900209576011607,0.21609083140031743,0.41194,1.0,0.0,0.0,
cfl_exp2_alpha0.3_n_mm2_seed4,2,0.3,4,1000000.0,0.99,50,0.29999999665473326,competitive,4,14,0.11814223561608883,1.4998167051021234,1.4998167051021234,1.364449356956317,0.2227606257787623,0.09934772271496313,0.0719038564502963,-0.0884376938744402,-0.06400761961487057,-0.07761032655937757,0.8432575329808532,0.26878709481053115,0.27525790076960865,0.77924,0.0,0.0,0.0,
cfl_exp2_alpha0.3_n_mm2_seed4,2,0.3,4,1000000.0,0.99,50,0.29999999665473326,markout,4,14,0.11814223561608883,1.4998167051021234,1.4998167051021234,1.364449356956317,0.2227606257787623,0.6762861609955853,0.48946852238440447,0.5519799029544114,0.3995006893047252,0.8034626482943262,0.5654809308910715,0.23308035364994914,0.23500661847062418,0.45204,0.95536,0.0,0.04464,
cfl_exp2_alpha0.3_n_mm2_seed4,2,0.3,4,1000000.0,0.99,50,0.29999999665473326,anon,4,14,0.11814223561608883,1.4998167051021234,1.4998167051021234,1.364449356956317,0.2227606257787623,0.8386510799883726,0.6069816722460973,0.5871647712779106,0.4249660714193615,0.9464411802706555,0.6011139883715249,0.22677395757132407,0.22550220480156785,0.40934,0.99998,0.0,2e-05,0.30166893014219986
cfl_exp2_alpha0.3_n_mm2_seed4,2,0.3,4,1000000.0,0.99,50,0.29999999665473326,id,4,14,0.11814223561608883,1.4998167051021234,1.4998167051021234,1.364449356956317,0.2227606257787623,0.8386510799883726,0.6069816722460973,0.5871647712779106,0.4249660714193615,0.9464411802706555,0.6011139883715249,0.22677395757132407,0.22550220480156785,0.40934,0.99998,0.0,2e-05,0.30166893014219986
cfl_exp2_alpha0.3_n_mm2_seed4,2,0.3,4,1000000.0,0.99,50,0.29999999665473326,oracle,4,14,0.11814223561608883,1.4998167051021234,1.4998167051021234,1.364449356956317,0.2227606257787623,0.838566680900936,0.6069205876061907,0.5871648847162285,0.42496615352141986,0.9463801777328072,0.6005568853500073,0.22669594924353342,0.22551057845175493,0.40942,1.0,0.0,0.0,
cfl_exp2_alpha0.3_n_mm2_seed4,2,0.3,4,5.0,0.0,50,0.2997396573687703,competitive,4,14,0.11943267886137954,1.5008330702367627,1.5008330702367627,1.333594582681538,0.21823452274139002,0.07015772344044276,0.050787392184383724,-0.08572811684888909,-0.062058847951776235,-0.09772914001813107,0.8424615384615385,0.26022644265887507,0.28759765625,0.78,0.0,0.0,0.0,
cfl_exp2_alpha0.3_n_mm2_seed4,2,0.3,4,5.0,0.0,50,0.2997396573687703,markout,4,14,0.11943267886137954,1.5008330702367627,1.5008330702367627,1.333594582681538,0.21823452274139002,0.7436855348135654,0.5383562502636323,0.5222808248986311,0.3780806985139372,0.829979264526831,0.5666534723138497,0.22927662216702888,0.23464934537704252,0.45474,0.95152,0.0,0.04848,
cfl_exp2_alpha0.3_n_mm2_seed4,2,0.3,4,5.0,0.0,50,0.2997396573687703,anon,4,14,0.11943267886137954,1.5008330702367627,1.5008330702367627,1.333594582681538,0.21823452274139002,0.8372776526523464,0.60610787276433,0.5708920098426113,0.4132704850866635,0.932920673600255,0.5994738893219018,0.22176174223955794,0.21697883726587205,0.41056,0.99948,0.00024,0.00028,0.29743191219304077
cfl_exp2_alpha0.3_n_mm2_seed4,2,0.3,4,5.0,0.0,50,0.2997396573687703,id,4,14,0.11943267886137954,1.5008330702367627,1.5008330702367627,1.333594582681538,0.21823452274139002,0.8372776526523464,0.60610787276433,0.5708920098426113,0.4132704850866635,0.932920673600255,0.5994738893219018,0.22176174223955794,0.21697883726587205,0.41056,0.99948,0.00024,0.00028,0.29743191219304077
cfl_exp2_alpha0.3_n_mm2_seed4,2,0.3,4,5.0,0.0,50,0.2997396573687703,oracle,4,14,0.11943267886137954,1.5008330702367627,1.5008330702367627,1.333594582681538,0.21823452274139002,0.8363543801226165,0.6054395129350624,0.5761373285999416,0.4170675874981575,0.9360494161824814,0.5998048780487805,0.22137280416395574,0.2166016577279376,0.41,1.0,0.0,0.0,
cfl_exp2_alpha0.3_n_mm2_seed4,2,0.3,4,5.0,0.5,50,0.2997396573687703,competitive,4,14,0.11943267886137954,1.5008330702367627,1.508201829180256,1.3415564384108687,0.22454380832985096,0.08442949995468783,0.061118775180471825,-0.07449765740423246,-0.05392908375395732,-0.07926799282422405,0.8423113584254321,0.26712747736726206,0.27593530468877636,0.77634,0.0,0.0,0.0,
cfl_exp2_alpha0.3_n_mm2_seed4,2,0.3,4,5.0,0.5,50,0.2997396573687703,markout,4,14,0.11943267886137954,1.5008330702367627,1.508201829180256,1.3415564384108687,0.22454380832985096,0.6954355096621104,0.5034279083776023,0.5248756993674936,0.3799591361378609,0.7969293602647247,0.5739153722549545,0.23471768548763416,0.23653886444584118,0.44808,0.95598,0.0,0.04402,
cfl_exp2_alpha0.3_n_mm2_seed4,2,0.3,4,5.0,0.5,50,0.2997396573687703,anon,4,14,0.11943267886137954,1.5008330702367627,1.508201829180256,1.3415564384108687,0.22454380832985096,0.8800557637843684,0.6370750792303932,0.4665936846350501,0.3377686060813178,0.8883860010609725,0.6342243545807631,0.22593659942363112,0.22573391630231104,0.4377,0.9799,0.00598,0.01412,0.29488825871422747
cfl_exp2_alpha0.3_n_mm2_seed4,2,0.3,4,5.0,0.5,50,0.2997396573687703,id,4,14,0.11943267886137954,1.5008330702367627,1.508201829180256,1.3415564384108687,0.22454380832985096,0.8650102688959759,0.6261835991191037,0.404413809402901,0.2927564027980684,0.8324823176664335,0.6379895158803577,0.22343437133190638,0.23363348746653687,0.45402,0.96102,0.01308,0.0259,0.29517700443121686
cfl_exp2_alpha0.3_n_mm2_seed4,2,0.3,4,5.0,0.5,50,0.2997396573687703,oracle,4,14,0.11943267886137954,1.5008330702367627,1.508201829180256,1.3415564384108687,0.22454380832985096,0.8485296726966693,0.6142532447466847,0.3762637529005854,0.27237849015372045,0.8001740506496667,0.6336783096162139,0.22946580469547465,0.24025897586815775,0.4638,0.95598,0.01618,0.02784,
cfl_exp2_alpha0.3_n_mm2_seed4,2,0.3,4,5.0,0.9,50,0.2997396573687703,competitive,4,14,0.11943267886137954,1.5008330702367627,1.5282824168226192,1.2878670665943253,0.2271365884237654,0.026155337912775786,0.018933929710801933,-0.09212254492878313,-0.06668779414276976,-0.13421154868270638,0.842820446956075,0.2691170643991344,0.2884458244811244,0.7786,0.0,0.0,0.0,
cfl_exp2_alpha0.3_n_mm2_seed4,2,0.3,4,5.0,0.9,50,0.2997396573687703,markout,4,14,0.11943267886137954,1.5008330702367627,1.5282824168226192,1.2878670665943253,0.2271365884237654,0.7182137736570872,0.5199171638731055,0.5368088235843893,0.38859756152951336,0.8220570411518804,0.5801557285873192,0.229235370810645,0.23007630351844002,0.4495,0.95618,0.0,0.04382,
cfl_exp2_alpha0.3_n_mm2_seed4,2,0.3,4,5.0,0.9,50,0.2997396573687703,anon,4,14,0.11943267886137954,1.5008330702367627,1.5282824168226192,1.2878670665943253,0.2271365884237654,0.7668604109101956,0.5551326144816533,0.4566253984348483,0.3305525329844535,0.7992274632153684,0.5940854420830279,0.23815398011755315,0.23513169073916737,0.46394,0.94384,0.01992,0.03624,0.304379544264301
cfl_exp2_alpha0.3_n_mm2_seed4,2,0.3,4,5.0,0.9,50,0.2997396573687703,id,4,14,0.11943267886137954,1.5008330702367627,1.5282824168226192,1.2878670665943253,0.2271365884237654,0.948809274108491,0.6868459572128937,0.2734391154980857,0.19794341829151912,0.7983316912536744,0.6501942166594734,0.2166611350813143,0.2587291795188155,0.4634,0.92846,0.03196,0.03958,0.2991210529072993
cfl_exp2_alpha0.3_n_mm2_seed4,2,0.3,4,5.0,0.9,50,0.2997396573687703,oracle,4,14,0.11943267886137954,1.5008330702367627,1.5282824168226192,1.2878670665943253,0.2271365884237654,0.9494518316293253,0.6873111065822193,0.30364295968407506,0.21980807416867368,0.8206614965001545,0.6545327875990595,0.21075039914848323,0.2564910511721704,0.45932,0.92392,0.03624,0.03984,
cfl_exp2_alpha0.3_n_mm2_seed4,2,0.3,4,5.0,0.99,50,0.2997396573687703,competitive,4,14,0.11943267886137954,1.5008330702367627,1.5351131617082754,1.4053853241485048,0.2074822914517571,0.17734646646085123,0.12838165355105863,-0.0778566019031149,-0.056360634027037906,-0.01443666472671783,0.8409854998075196,0.24514022399218774,0.2683989670755326,0.7793,0.0,0.0,0.0,
cfl_exp2_alpha0.3_n_mm2_seed4,2,0.3,4,5.0,0.99,50,0.2997396573687703,markout,4,14,0.11943267886137954,1.5008330702367627,1.5351131617082754,1.4053853241485048,0.2074822914517571,0.7840126523984436,0.5675491749483624,0.5886940457686196,0.42615743374916076,0.9072489244467846,0.5684534427399215,0.2027928139954499,0.21659605249560815,0.44848,0.94982,0.0,0.05018,
cfl_exp2_alpha0.3_n_mm2_seed4,2,0.3,4,5.0,0.99,50,0.2997396573687703,anon,4,14,0.11943267886137954,1.5008330702367627,1.5351131617082754,1.4053853241485048,0.2074822914517571,0.7837355991110022,0.5673486152198643,0.43634675176928484,0.31587275817609894,0.7967636891452248,0.5897844827586207,0.23087042315281736,0.23337186088052958,0.464,0.94178,0.01924,0.03898,0.2966451674521582
cfl_exp2_alpha0.3_n_mm2_seed4,2,0.3,4,5.0,0.99,50,0.2997396573687703,id,4,14,0.11943267886137954,1.5008330702367627,1.5351131617082754,1.4053853241485048,0.2074822914517571,1.1069665362212586,0.8013364866062576,0.2753868395618358,0.19935338174303577,0.9142321840985548,0.6919901674319373,0.19617962466487934,0.2722481553982834,0.43122,0.92368,0.032,0.04432,0.2870664705568624
cfl_exp2_alpha0.3_n_mm2_seed4,2,0.3,4,5.0,0.99,50,0.2997396573687703,oracle,4,14,0.11943267886137954,1.5008330702367627,1.5351131617082754,1.4053853241485048,0.2074822914517571,1.0321708432285346,0.7471916539714165,0.2913323199518482,0.21089636413218685,0.8716303338528649,0.6806691449814126,0.19900327689787,0.26353317811408616,0.4304,0.89808,0.04604,0.05588,
cfl_exp2_alpha0.3_n_mm2_seed4,2,0.3,4,1.0,0.0,50,0.299993851078017,competitive,4,14,0.11817269785667084,1.4998406974468959,1.4998406974468959,1.3614030261392993,0.22571998075469105,0.1201783537923571,0.08698063053352874,-0.11437584810197655,-0.08278099234830519,-0.08132937304737248,0.843128703727457,0.2638288809103633,0.2871627146361406,0.77962,0.0,0.0,0.0,
cfl_exp2_alpha0.3_n_mm2_seed4,2,0.3,4,1.0,0.0,50,0.299993851078017,markout,4,14,0.11817269785667084,1.4998406974468959,1.4998406974468959,1.3614030261392993,0.22571998075469105,0.7312451233465984,0.5292480708560023,0.5230388735141143,0.37855611743865897,0.8222751770620653,0.5702293111827862,0.23260498992716566,0.23573558137144032,0.45266,0.95692,0.0,0.04308,
cfl_exp2_alpha0.3_n_mm2_seed4,2,0.3,4,1.0,0.0,50,0.299993851078017,anon,4,14,0.11817269785667084,1.4998406974468959,1.4998406974468959,1.3614030261392993,0.22571998075469105,0.8521321382735186,0.6167416040077963,0.597643422313641,0.43255211996723525,0.9637647127424355,0.6018707980122772,0.22672818520317306,0.2233235438081253,0.41052,0.99956,8e-05,0.00036,0.3042638470111487
cfl_exp2_alpha0.3_n_mm2_seed4,2,0.3,4,1.0,0.0,50,0.299993851078017,id,4,14,0.11817269785667084,1.4998406974468959,1.4998406974468959,1.3614030261392993,0.22571998075469105,0.8521321382735186,0.6167416040077963,0.597643422313641,0.43255211996723525,0.9637647127424355,0.6018707980122772,0.22672818520317306,0.2233235438081253,0.41052,0.99956,8e-05,0.00036,0.3042638470111487
cfl_exp2_alpha0.3_n_mm2_seed4,2,0.3,4,1.0,0.0,50,0.299993851078017,oracle,4,14,0.11817269785667084,1.4998406974468959,1.4998406974468959,1.3614030261392993,0.22571998075469105,0.8579545612852904,0.6209556576107592,0.563563065615675,0.4078860231132345,0.9433126694913978,0.6016153359606871,0.22765871411241406,0.22752808988764045,0.41106,1.0,0.0,0.0,
cfl_exp2_alpha0.3_n_mm2_seed4,2,0.3,4,1.0,0.5,50,0.299993851078017,competitive,4,14,0.11817269785667084,1.4998406974468959,1.5259942467868202,1.3741499328901223,0.21684662236987817,0.10973002566288081,0.07941851855541601,-0.07843924257421252,-0.05677141150947697,-0.06288190418665698,0.8415380658436215,0.25966563770286377,0.28096088297354327,0.7776,0.0,0.0,0.0,
cfl_exp2_alpha0.3_n_mm2_seed4,2,0.3,4,1.0,0.5,50,0.299993851078017,markout,4,14,0.11817269785667084,1.4998406974468959,1.5259942467868202,1.3741499328901223,0.21684662236987817,0.7025926705353995,0.5085104893098591,0.547574240195184,0.39631390490159973,0.8192953829788628,0.5704006396020254,0.23236256034885533,0.23066583953680728,0.45028,0.95682,0.0,0.04318,
cfl_exp2_alpha0.3_n_mm2_seed4,2,0.3,4,1.0,0.5,50,0.299993851078017,anon,4,14,0.11817269785667084,1.4998406974468959,1.5259942467868202,1.3741499328901223,0.21684662236987817,0.871804310967577,0.6309795922219641,0.42401783880474003,0.3068883689355874,0.8523389499249554,0.6299848336158445,0.2228280110458118,0.23580470162748643,0.44836,0.96992,0.01226,0.01782,0.2991844162345388
cfl_exp2_alpha0.3_n_mm2_seed4,2,0.3,4,1.0,0.5,50,0.299993851078017,id,4,14,0.11817269785667084,1.4998406974468959,1.5259942467868202,1.3741499328901223,0.21684662236987817,0.8780417472530655,0.6354940170239703,0.3775822000091723,0.2732799776220884,0.8232449834134629,0.6268001182482368,0.21418946233661232,0.24487948398777865,0.47358,0.93552,0.02824,0.03624,0.2928659175034479
cfl_exp2_alpha0.3_n_mm2_seed4,2,0.3,4,1.0,0.5,50,0.299993851078017,oracle,4,14,0.11817269785667084,1.4998406974468959,1.5259942467868202,1.3741499328901223,0.21684662236987817,0.8420804177128349,0.6094665418628636,0.37535494203131703,0.2716679709905996,0.7956055016208671,0.6187264348554671,0.2208680343963708,0.23843533677617845,0.4774,0.93224,0.03158,0.03618,
cfl_exp2_alpha0.3_n_mm2_seed4,2,0.3,4,1.0,0.9,50,0.299993851078017,competitive,4,14,0.11817269785667084,1.4998406974468959,1.6019454704309846,1.3286768108953355,0.22572596853558805,0.12251113142597589,0.08866900837416096,-0.0986724912015802,-0.07141548565273602,-0.06827548851117109,0.8412342432913155,0.2668076239504811,0.27569410618606915,0.77586,0.0,0.0,0.0,
cfl_exp2_alpha0.3_n_mm2_seed4,2,0.3,4,1.0,0.9,50,0.299993851078017,markout,4,14,0.11817269785667084,1.4998406974468959,1.6019454704309846,1.3286768108953355,0.22572596853558805,0.7130962833718693,0.5161126143063017,0.5548665229983659,0.40159178844912685,0.8321753915228327,0.572752796470431,0.2250233426704015,0.22686971941170334,0.44878,0.95214,0.0,0.04786,
cfl_exp2_alpha0.3_n_mm2_seed4,2,0.3,4,1.0,0.9,50,0.299993851078017,anon,4,14,0.11817269785667084,1.4998406974468959,1.6019454704309846,1.3286768108953355,0.22572596853558805,0.887936330534453,0.6426553490402883,0.3769311574148305,0.2728087771639936,0.8299351149716858,0.6153989299837171,0.22543090414272754,0.24785290915688885,0.4299,0.91606,0.045,0.03894,0.3035871130894731
cfl_exp2_alpha0.3_n_mm2_seed4,2,0.3,4,1.0,0.9,50,0.299993851078017,id,4,14,0.11817269785667084,1.4998406974468959,1.6019454704309846,1.3286768108953355,0.22572596853558805,1.097946173029544,0.7946526758636464,0.2272118888552018,0.164447529307032,0.8735711939380824,0.6449490388336989,0.14956324598252985,0.282703488372093,0.46506,0.85492,0.10184,0.04324,0.2656582745131094
cfl_exp2_alpha0.3_n_mm2_seed4,2,0.3,4,1.0,0.9,50,0.299993851078017,oracle,4,14,0.11817269785667084,1.4998406974468959,1.6019454704309846,1.3286768108953355,0.22572596853558805,0.9662401790518532,0.6993287673583094,0.24256425347586114,0.17555900082205048,0.7893587569477638,0.6148559231590182,0.15517600499895856,0.2874085568610064,0.4685,0.82646,0.12456,0.04898,
cfl_exp2_alpha0.3_n_mm2_seed4,2,0.3,4,1.0,0.99,50,0.299993851078017,competitive,4,14,0.11817269785667084,1.4998406974468959,1.6243410820482902,1.3009978133562836,0.23376441803565187,0.0006652336866537965,0.00048147144382810597,-0.10847916586772113,-0.07851319267717996,-0.1635607324659479,0.8414410694469535,0.28271737463579205,0.3087565104166667,0.77498,0.0,0.0,0.0,
cfl_exp2_alpha0.3_n_mm2_seed4,2,0.3,4,1.0,0.99,50,0.299993851078017,markout,4,14,0.11817269785667084,1.4998406974468959,1.6243410820482902,1.3009978133562836,0.23376441803565187,0.8609623092296356,0.6231325539022252,0.6386070808066739,0.4622000950995984,0.9998036377692278,0.5594350033105274,0.17697648729682816,0.19957920048091374,0.4531,0.9297,0.0,0.0703,
cfl_exp2_alpha0.3_n_mm2_seed4,2,0.3,4,1.0,0.99,50,0.299993851078017,anon,4,14,0.11817269785667084,1.4998406974468959,1.6243410820482902,1.3009978133562836,0.23376441803565187,0.9403063648905072,0.680558835530231,0.40170786701332817,0.29074123967007026,0.8857710639677053,0.669097851094033,0.22920476991733119,0.17485207100591715,0.40858,0.92602,0.03732,0.03666,0.28956518435005574
cfl_exp2_alpha0.3_n_mm2_seed4,2,0.3,4,1.0,0.99,50,0.299993851078017,id,4,14,0.11817269785667084,1.4998406974468959,1.6243410820482902,1.3009978133562836,0.23376441803565187,1.1209971426674785,0.8113361118589587,0.18395403326945156,0.13313909949713582,0.8589462001234985,0.6385851789552378,0.11377771273871369,0.33186813186813185,0.42804,0.76108,0.19604,0.04288,0.280839944843381
cfl_exp2_alpha0.3_n_mm2_seed4,2,0.3,4,1.0,0.99,50,0.299993851078017,oracle,4,14,0.11817269785667084,1.4998406974468959,1.6243410820482902,1.3009978133562836,0.23376441803565187,1.087360650899168,0.7869912679613752,0.33506914170979135,0.24251060443548386,0.9439728611642629,0.6233105218135159,0.11082138200782268,0.23049846712842056,0.4676,0.80716,0.1292,0.06364,
cfl_exp2_alpha0.5_n_mm2_seed0,2,0.5,0,1000000.0,0.0,50,0.5,competitive,8,17,0.11082774461089362,0.7673284113849168,0.7673284113849168,0.7224918728077595,0.3898248817329239,0.13139035486682613,0.200137427906151,0.0,0.0,0.031321537504257334,1.0,0.4157664560983815,0.0,0.53506,0.0,0.0,0.0,
cfl_exp2_alpha0.5_n_mm2_seed0,2,0.5,0,1000000.0,0.0,50,0.5,markout,8,17,0.11082774461089362,0.7673284113849168,0.7673284113849168,0.7224918728077595,0.3898248817329239,0.32862841770807855,0.5005759085103825,0.4297499018714782,0.6546069541455686,0.9863669722540576,0.48502892140183734,0.39547527183444403,0.3817310868847043,0.23512,1.0,0.0,0.0,
cfl_exp2_alpha0.5_n_mm2_seed0,2,0.5,0,1000000.0,0.0,50,0.5,anon,8,17,0.11082774461089362,0.7673284113849168,0.7673284113849168,0.7224918728077595,0.3898248817329239,0.30602015634780794,0.4661383785816388,0.14253562767372477,0.21711421615781473,0.51443670433756,0.5332007566571276,0.4035295187846812,0.4126142975893599,0.41234,0.84224,0.12756,0.0302,0.4931213420509716
cfl_exp2_alpha0.5_n_mm2_seed0,2,0.5,0,1000000.0,0.0,50,0.5,id,8,17,0.11082774461089362,0.7673284113849168,0.7673284113849168,0.7224918728077595,0.3898248817329239,0.30602015634780794,0.4661383785816388,0.14253562767372477,0.21711421615781473,0.51443670433756,0.5332007566571276,0.4035295187846812,0.4126142975893599,0.41234,0.84224,0.12756,0.0302,0.4931213420509716
cfl_exp2_alpha0.5_n_mm2_seed0,2,0.5,0,1000000.0,0.0,50,0.5,oracle,8,17,0.11082774461089362,0.7673284113849168,0.7673284113849168,0.7224918728077595,0.3898248817329239,0.2915519979905564,0.4441000790192841,0.14940880683027358,0.22758363302881793,0.5028678216462085,0.5271171693735499,0.40256762952773956,0.41367678626188287,0.41376,0.84,0.13,0.03,
cfl_exp2_alpha0.5_n_mm2_seed0,2,0.5,0,1000000.0,0.5,50,0.5,competitive,8,17,0.11082774461089362,0.7673284113849168,0.7673284113849168,0.727195060782254,0.39079229122055675,0.10423877027177432,0.1587793821809701,0.0,0.0,-0.010036508220923576,1.0,0.42014732827281903,0.0,0.53486,0.0,0.0,0.0,
cfl_exp2_alpha0.5_n_mm2_seed0,2,0.5,0,1000000.0,0.5,50,0.5,markout,8,17,0.11082774461089362,0.7673284113849168,0.7673284113849168,0.727195060782254,0.39079229122055675,0.3270601444012826,0.49818707116996935,0.406864568852096,0.619747380991076,0.9491185617591517,0.4823850550200461,0.39239610963748894,0.3918918918918919,0.23446,1.0,0.0,0.0,
cfl_exp2_alpha0.5_n_mm2_seed0,2,0.5,0,1000000.0,0.5,50,0.5,anon,8,17,0.11082774461089362,0.7673284113849168,0.7673284113849168,0.727195060782254,0.39079229122055675,0.2805131500507579,0.42728540007304283,0.0927230134650417,0.14123826243874674,0.3997077721098959,0.5363410958238125,0.4090826686004351,0.4200482331970221,0.41138,0.84412,0.1263,0.02958,0.5024788149854199
cfl_exp2_alpha0.5_n_mm2_seed0,2,0.5,0,1000000.0,0.5,50,0.5,id,8,17,0.11082774461089362,0.7673284113849168,0.7673284113849168,0.727195060782254,0.39079229122055675,0.2805131500507579,0.42728540007304283,0.0927230134650417,0.14123826243874674,0.3997077721098959,0.5363410958238125,0.4090826686004351,0.4200482331970221,0.41138,0.84412,0.1263,0.02958,0.5024788149854199
cfl_exp2_alpha0.5_n_mm2_seed0,2,0.5,0,1000000.0,0.5,50,0.5,oracle,8,17,0.11082774461089362,0.7673284113849168,0.7673284113849168,0.727195060782254,0.39079229122055675,0.26714564349360725,0.40692364381948537,0.09471023668553098,0.14426525589216435,0.38237300930975604,0.5292701713845561,0.41095142805166457,0.4206381673143792,0.41544,0.84,0.13,0.03,
cfl_exp2_alpha0.5_n_mm2_seed0,2,0.5,0,1000000.0,0.9,50,0.5,competitive,8,17,0.11082774461089362,0.7673284113849168,0.7673284113849167,0.6689269068762269,0.39511954646290365,0.04899711902054412,0.07463376886014592,0.0,0.0,-0.09418212154174775,1.0,0.42335467540202504,0.0,0.53728,0.0,0.0,0.0,
cfl_exp2_alpha0.5_n_mm2_seed0,2,0.5,0,1000000.0,0.9,50,0.5,markout,8,17,0.11082774461089362,0.7673284113849168,0.7673284113849167,0.6689269068762269,0.39511954646290365,0.32042941642022355,0.48808696264511164,0.4044417688774343,0.6160569049606904,0.9353279772039085,0.4856227337886837,0.39815940267407535,0.3857377049180328,0.23718,1.0,0.0,0.0,
cfl_exp2_alpha0.5_n_mm2_seed0,2,0.5,0,1000000.0,0.9,50,0.5,anon,8,17,0.11082774461089362,0.7673284113849168,0.7673284113849167,0.6689269068762269,0.39511954646290365,0.29198720740519524,0.4447630020544996,0.09846891364601895,0.14999057674973137,0.4259376884023373,0.5351418592411846,0.40303978542691105,0.42476327706875255,0.41802,0.84158,0.12848,0.02994,0.5009560527073226
cfl_exp2_alpha0.5_n_mm2_seed0,2,0.5,0,1000000.0,0.9,50,0.5,id,8,17,0.11082774461089362,0.7673284113849168,0.7673284113849167,0.6689269068762269,0.39511954646290365,0.29198720740519524,0.4447630020544996,0.09846891364601895,0.14999057674973137,0.4259376884023373,0.5351418592411846,0.40303978542691105,0.42476327706875255,0.41802,0.84158,0.12848,0.02994,0.5009560527073226
cfl_exp2_alpha0.5_n_mm2_seed0,2,0.5,0,1000000.0,0.9,50,0.5,oracle,8,17,0.11082774461089362,0.7673284113849168,0.7673284113849167,0.6689269068762269,0.39511954646290365,0.2783882957662191,0.424048763170631,0.104492862600578,0.15916642265429096,0.4143992954230282,0.526734000287205,0.40421664849145766,0.42146252655001515,0.41782,0.84,0.13,0.03,
cfl_exp2_alpha0.5_n_mm2_seed0,2,0.5,0,1000000.0,0.99,50,0.5,competitive,8,17,0.11082774461089362,0.7673284113849168,0.7673284113849168,0.6803264393133097,0.4002142386288728,0.04567298433787164,0.0695703548365061,0.0,0.0,-0.09924553556538758,1.0,0.42519330380602055,0.0,0.53284,0.0,0.0,0.0,
cfl_exp2_alpha0.5_n_mm2_seed0,2,0.5,0,1000000.0,0.99,50,0.5,markout,8,17,0.11082774461089362,0.7673284113849168,0.7673284113849168,0.6803264393133097,0.4002142386288728,0.3307780019969113,0.5038502148403298,0.3931284267350162,0.5988241088418217,0.9338584332802576,0.4855452240067625,0.389449860724234,0.4022346368715084,0.2366,1.0,0.0,0.0,
cfl_exp2_alpha0.5_n_mm2_seed0,2,0.5,0,1000000.0,0.99,50,0.5,anon,8,17,0.11082774461089362,0.7673284113849168,0.7673284113849168,0.6803264393133097,0.4002142386288728,0.28980228089270094,0.4414348614705291,0.11661050537945977,0.17762435178089278,0.4502433228495282,0.5317711328349626,0.40542488960980444,0.4121379592672193,0.41736,0.8409,0.12892,0.03018,0.49687824256247304
cfl_exp2_alpha0.5_n_mm2_seed0,2,0.5,0,1000000.0,0.99,50,0.5,id,8,17,0.11082774461089362,0.7673284113849168,0.7673284113849168,0.6803264393133097,0.4002142386288728,0.28980228089270094,0.4414348614705291,0.11661050537945977,0.17762435178089278,0.4502433228495282,0.5317711328349626,0.40542488960980444,0.4121379592672193,0.41736,0.8409,0.12892,0.03018,0.49687824256247304
cfl_exp2_alpha0.5_n_mm2_seed0,2,0.5,0,1000000.0,0.99,50,0.5,oracle,8,17,0.11082774461089362,0.7673284113849168,0.7673284113849168,0.6803264393133097,0.4002142386288728,0.289310033636977,0.4406850568158853,0.1163770210125272,0.17726870192591263,0.44913786833990416,0.5294314541194473,0.4047145953757225,0.4126613149070216,0.41826,0.84,0.13,0.03,
cfl_exp2_alpha0.5_n_mm2_seed0,2,0.5,0,5.0,0.0,50,0.5000000000000001,competitive,8,17,0.11082774461089318,0.7673284113849165,0.7673284113849165,0.6990276160928558,0.39886204337428877,0.08446662113150004,0.12866189694301502,0.0,0.0,-0.04015399345887794,1.0,0.425178591465011,0.0,0.53474,0.0,0.0,0.0,
cfl_exp2_alpha0.5_n_mm2_seed0,2,0.5,0,5.0,0.0,50,0.5000000000000001,markout,8,17,0.11082774461089318,0.7673284113849165,0.7673284113849165,0.6990276160928558,0.39886204337428877,0.34687685247055966,0.5283724298028162,0.3981072695715294,0.6064080201590466,0.9659645595599697,0.4953660403026954,0.3880878819086852,0.3942712721145746,0.23522,1.0,0.0,0.0,
cfl_exp2_alpha0.5_n_mm2_seed0,2,0.5,0,5.0,0.0,50,0.5000000000000001,anon,8,17,0.11082774461089318,0.7673284113849165,0.7673284113849165,0.6990276160928558,0.39886204337428877,0.33760512557779576,0.5142494785827905,0.1238906963209194,0.1887137402764654,0.5341473284573629,0.5674174174174175,0.4066331480991444,0.41143121601295846,0.3996,0.86094,0.11108,0.02798,0.49582584343676617
cfl_exp2_alpha0.5_n_mm2_seed0,2,0.5,0,5.0,0.0,50,0.5000000000000001,id,8,17,0.11082774461089318,0.7673284113849165,0.7673284113849165,0.6990276160928558,0.39886204337428877,0.33760512557779576,0.5142494785827905,0.1238906963209194,0.1887137402764654,0.5341473284573629,0.5674174174174175,0.4066331480991444,0.41143121601295846,0.3996,0.86094,0.11108,0.02798,0.49582584343676617
cfl_exp2_alpha0.5_n_mm2_seed0,2,0.5,0,5.0,0.0,50,0.5000000000000001,oracle,8,17,0.11082774461089318,0.7673284113849165,0.7673284113849165,0.6990276160928558,0.39886204337428877,0.2681953292543002,0.4085225542453512,0.1335862146892757,0.20348222241068636,0.44318888625414465,0.5263057567670606,0.4115356754798986,0.41277665995975854,0.41968,0.84,0.13,0.03,
cfl_exp2_alpha0.5_n_mm2_seed0,2,0.5,0,5.0,0.5,50,0.5000000000000001,competitive,8,17,0.11082774461089318,0.7673284113849165,0.7841702091432979,0.6925611562386589,0.3947653580061682,0.10032846576134123,0.15282309803940486,0.0,0.0,-0.015992792362488097,1.0,0.42092357989374746,0.0,0.53834,0.0,0.0,0.0,
cfl_exp2_alpha0.5_n_mm2_seed0,2,0.5,0,5.0,0.5,50,0.5000000000000001,markout,8,17,0.11082774461089318,0.7673284113849165,0.7841702091432979,0.6925611562386589,0.3947653580061682,0.33002425216174675,0.5027020822133387,0.4128059192244431,0.6287974104473174,0.9626836022587631,0.4867445230585628,0.39281961471103327,0.3866467364225212,0.23462,1.0,0.0,0.0,
cfl_exp2_alpha0.5_n_mm2_seed0,2,0.5,0,5.0,0.5,50,0.5000000000000001,anon,8,17,0.11082774461089318,0.7673284113849165,0.7841702091432979,0.6925611562386589,0.3947653580061682,0.36062114290475156,0.5493081136943954,0.12142465863127135,0.1849574033609739,0.5654496266534763,0.6259183992496483,0.40409590409590407,0.4100849700515392,0.38382,0.87882,0.07412,0.04706,0.4952164559141273
cfl_exp2_alpha0.5_n_mm2_seed0,2,0.5,0,5.0,0.5,50,0.5000000000000001,id,8,17,0.11082774461089318,0.7673284113849165,0.7841702091432979,0.6925611562386589,0.3947653580061682,0.46208214543334425,0.7038563231077408,0.10336099517941467,0.15744233084685194,0.6924827635526998,0.6342296432830966,0.3883237883579793,0.41070105231954945,0.36892,0.88222,0.06594,0.05184,0.4872872418432758
cfl_exp2_alpha0.5_n_mm2_seed0,2,0.5,0,5.0,0.5,50,0.5000000000000001,oracle,8,17,0.11082774461089318,0.7673284113849165,0.7841702091432979,0.6925611562386589,0.3947653580061682,0.41354159503498683,0.6299180122193747,0.0834224470683177,0.12707138208746538,0.588173503904947,0.6274879982739091,0.3940514054843978,0.42108311613090066,0.37078,0.87342,0.07376,0.05282,
cfl_exp2_alpha0.5_n_mm2_seed0,2,0.5,0,5.0,0.9,50,0.5000000000000001,competitive,8,17,0.11082774461089318,0.7673284113849165,0.8244595555027449,0.7340792394005186,0.38580095097556977,0.12284564184690407,0.1871218843547485,0.0,0.0,0.018305993952855537,1.0,0.41685903641373145,0.0,0.53716,0.0,0.0,0.0,
cfl_exp2_alpha0.5_n_mm2_seed0,2,0.5,0,5.0,0.9,50,0.5000000000000001,markout,8,17,0.11082774461089318,0.7673284113849165,0.8244595555027449,0.7340792394005186,0.38580095097556977,0.31462357542309904,0.4792433448226746,0.41854603438465304,0.6375409128544304,0.9479683672752119,0.4910230352303523,0.3997930320800276,0.3833610648918469,0.23616,1.0,0.0,0.0,
cfl_exp2_alpha0.5_n_mm2_seed0,2,0.5,0,5.0,0.9,50,0.5000000000000001,anon,8,17,0.11082774461089318,0.7673284113849165,0.8244595555027449,0.7340792394005186,0.38580095097556977,0.5042082417670746,0.7680239598913158,0.08860286295926953,0.13496233506457028,0.7341704045539932,0.6607243916242218,0.39366167023554605,0.42568807339449544,0.3534,0.88468,0.0669,0.04842,0.49538865115449304
cfl_exp2_alpha0.5_n_mm2_seed0,2,0.5,0,5.0,0.9,50,0.5000000000000001,id,8,17,0.11082774461089318,0.7673284113849165,0.8244595555027449,0.7340792394005186,0.38580095097556977,0.4815238034347934,0.7334703950887846,0.026891396306079278,0.04096171971647924,0.6056162244033708,0.6372693309181479,0.35850062178006753,0.4541198501872659,0.35332,0.83338,0.10828,0.05834,0.4926030582280106
cfl_exp2_alpha0.5_n_mm2_seed0,2,0.5,0,5.0,0.9,50,0.5000000000000001,oracle,8,17,0.11082774461089318,0.7673284113849165,0.8244595555027449,0.7340792394005186,0.38580095097556977,0.5064130261846892,0.7713823485864084,0.06448025132077921,0.09821810484615123,0.7007845630306666,0.6250771388499299,0.3512834320588763,0.4435133921891366,0.3565,0.82066,0.11878,0.06056,
cfl_exp2_alpha0.5_n_mm2_seed0,2,0.5,0,5.0,0.99,50,0.5000000000000001,competitive,8,17,0.11082774461089318,0.7673284113849165,0.8359231187505904,0.6764657514927996,0.3951370320855615,0.06552905452672594,0.09981567094018194,0.0,0.0,-0.06900021946171103,1.0,0.4222479982039961,0.0,0.53452,0.0,0.0,0.0,
cfl_exp2_alpha0.5_n_mm2_seed0,2,0.5,0,5.0,0.99,50,0.5000000000000001,markout,8,17,0.11082774461089318,0.7673284113849165,0.8359231187505904,0.6764657514927996,0.3951370320855615,0.338093817649678,0.5149938678829318,0.3997113963522053,0.6088514705039767,0.9550294479850157,0.49126712328767125,0.38933426280934125,0.3875799394143386,0.2336,0.9983,0.0,0.0017,
cfl_exp2_alpha0.5_n_mm2_seed0,2,0.5,0,5.0,0.99,50,0.5000000000000001,anon,8,17,0.11082774461089318,0.7673284113849165,0.8359231187505904,0.6764657514927996,0.3951370320855615,0.49096360228017033,0.7478493581624447,0.09360615802839276,0.14258349269980758,0.7216169604603593,0.6836095332903905,0.39438067500428303,0.41402924301314087,0.34154,0.89396,0.05822,0.04782,0.4980632901954854
cfl_exp2_alpha0.5_n_mm2_seed0,2,0.5,0,5.0,0.99,50,0.5000000000000001,id,8,17,0.11082774461089318,0.7673284113849165,0.8359231187505904,0.6764657514927996,0.3951370320855615,0.6580135019612063,1.002304392461042,-0.01740162438421087,-0.02650663626850626,0.8069818657906426,0.698565761367104,0.3282369386685305,0.49645677262603766,0.3277,0.81944,0.12748,0.05308,0.47599524462952686
cfl_exp2_alpha0.5_n_mm2_seed0,2,0.5,0,5.0,0.99,50,0.5000000000000001,oracle,8,17,0.11082774461089318,0.7673284113849165,0.8359231187505904,0.6764657514927996,0.3951370320855615,0.5644859212095115,0.8598405908456075,-0.03139003230707938,-0.04781416668063228,0.6432105337630822,0.6500063267113755,0.33287911232236717,0.5242227042660882,0.31612,0.73284,0.20836,0.0588,
cfl_exp2_alpha0.5_n_mm2_seed0,2,0.5,0,1.0,0.0,50,0.5,competitive,8,17,0.11082774461089362,0.7673284113849168,0.7673284113849168,0.7031179550737462,0.3896189224704336,0.13007654616108094,0.19813619809445696,0.0,0.0,0.029320307692563292,1.0,0.41588105973096845,0.0,0.53674,0.0,0.0,0.0,
cfl_exp2_alpha0.5_n_mm2_seed0,2,0.5,0,1.0,0.0,50,0.5,markout,8,17,0.11082774461089362,0.7673284113849168,0.7673284113849168,0.7031179550737462,0.3896189224704336,0.3377829756852992,0.5145203847927985,0.4232673008078021,0.6447324766442266,0.9904369710351315,0.4870580274065302,0.3869399096908649,0.3778034300791557,0.23644,1.0,0.0,0.0,
cfl_exp2_alpha0.5_n_mm2_seed0,2,0.5,0,1.0,0.0,50,0.5,anon,8,17,0.11082774461089362,0.7673284113849168,0.7673284113849168,0.7031179550737462,0.3896189224704336,0.27998418405195974,0.4264796644118783,0.09332154182534397,0.14214995741575776,0.3998137314257423,0.5318658079400173,0.4025844930417495,0.42638603696098565,0.41612,0.84038,0.12932,0.0303,0.5049485601835341
cfl_exp2_alpha0.5_n_mm2_seed0,2,0.5,0,1.0,0.0,50,0.5,id,8,17,0.11082774461089362,0.7673284113849168,0.7673284113849168,0.7031179550737462,0.3896189224704336,0.27998418405195974,0.4264796644118783,0.09332154182534397,0.14214995741575776,0.3998137314257423,0.5318658079400173,0.4025844930417495,0.42638603696098565,0.41612,0.84038,0.12932,0.0303,0.5049485601835341
cfl_exp2_alpha0.5_n_mm2_seed0,2,0.5,0,1.0,0.0,50,0.5,oracle,8,17,0.11082774461089362,0.7673284113849168,0.7673284113849168,0.7031179550737462,0.3896189224704336,0.2551836213877498,0.3887027604125612,0.13915378121689403,0.21196289396122234,0.43184976397188984,0.5242905242905243,0.40376146788990824,0.4136501516683519,0.4158,0.84,0.13,0.03,
cfl_exp2_alpha0.5_n_mm2_seed0,2,0.5,0,1.0,0.5,50,0.5,competitive,8,17,0.11082774461089362,0.7673284113849168,0.8209296340736417,0.7126425415946442,0.39100862641008627,0.10684437324835261,0.16274830880732366,0.0,0.0,-0.006067581594570012,1.0,0.4199559356211957,0.0,0.53558,0.0,0.0,0.0,
cfl_exp2_alpha0.5_n_mm2_seed0,2,0.5,0,1.0,0.5,50,0.5,markout,8,17,0.11082774461089362,0.7673284113849168,0.8209296340736417,0.7126425415946442,0.39100862641008627,0.3379765969846871,0.5148153141191302,0.41698701946460054,0.6351661781451524,0.9811656018623889,0.49321918969316836,0.39920948616600793,0.38585047666833916,0.23596,1.0,0.0,0.0,
cfl_exp2_alpha0.5_n_mm2_seed0,2,0.5,0,1.0,0.5,50,0.5,anon,8,17,0.11082774461089362,0.7673284113849168,0.8209296340736417,0.7126425415946442,0.39100862641008627,0.4667446729478398,0.7109584141648707,0.08025087244571096,0.12224035177306901,0.6643828755360461,0.6538397560299418,0.3953527815468114,0.41454428960435685,0.3607,0.88826,0.06652,0.04522,0.4955416557433523
cfl_exp2_alpha0.5_n_mm2_seed0,2,0.5,0,1.0,0.5,50,0.5,id,8,17,0.11082774461089362,0.7673284113849168,0.8209296340736417,0.7126425415946442,0.39100862641008627,0.4335698006990451,0.6604255298468508,0.09710241522878796,0.14790908851005324,0.6395187279550104,0.6174702088116323,0.38199362606232296,0.423978279508431,0.36588,0.8633,0.0853,0.0514,0.4947166875041031
cfl_exp2_alpha0.5_n_mm2_seed0,2,0.5,0,1.0,0.5,50,0.5,oracle,8,17,0.11082774461089362,0.7673284113849168,0.8209296340736417,0.7126425415946442,0.39100862641008627,0.4219045794419066,0.642656741713763,0.08287570657723954,0.1262385718273254,0.6000794231391948,0.6218487394957983,0.37954179344907824,0.43414275202354674,0.35938,0.85794,0.09132,0.05074,
cfl_exp2_alpha0.5_n_mm2_seed0,2,0.5,0,1.0,0.9,50,0.5,competitive,8,17,0.11082774461089362,0.7673284113849168,0.9314376472050785,0.7002610259465019,0.3887129043014338,0.0917268021478473,0.13972080576640292,0.0,0.0,-0.029095084635490744,1.0,0.41842401500938087,0.0,0.533,0.0,0.0,0.0,
cfl_exp2_alpha0.5_n_mm2_seed0,2,0.5,0,1.0,0.9,50,0.5,markout,8,17,0.11082774461089362,0.7673284113849168,0.9314376472050785,0.7002610259465019,0.3887129043014338,0.3375024739232722,0.5140931167392787,0.4108327057809781,0.6257917570743192,0.9710689834117042,0.4910606842014784,0.3817608962016454,0.3867589934132748,0.23268,1.0,0.0,0.0,
cfl_exp2_alpha0.5_n_mm2_seed0,2,0.5,0,1.0,0.9,50,0.5,anon,8,17,0.11082774461089362,0.7673284113849168,0.9314376472050785,0.7002610259465019,0.3887129043014338,0.38376800213184886,0.5845660508124773,0.07507665423393249,0.1143588392725501,0.5301089996831339,0.5905777965564593,0.3893757825076015,0.41524767801857587,0.37868,0.85428,0.09394,0.05178,0.498135400861185
cfl_exp2_alpha0.5_n_mm2_seed0,2,0.5,0,1.0,0.9,50,0.5,id,8,17,0.11082774461089362,0.7673284113849168,0.9314376472050785,0.7002610259465019,0.3887129043014338,0.6436206117028984,0.9803807433518446,-0.03600952687908527,-0.05485070876779514,0.7567141441821557,0.6200559091179444,0.27146282973621105,0.5176894176581089,0.33626,0.7021,0.2436,0.0543,0.47424144732504203
cfl_exp2_alpha0.5_n_mm2_seed0,2,0.5,0,1.0,0.9,50,0.5,oracle,8,17,0.11082774461089362,0.7673284113849168,0.9314376472050785,0.7002610259465019,0.3887129043014338,0.6159859574990525,0.9382868726180343,0.013709392706552147,0.02088252670620838,0.790353508922349,0.6103060514722931,0.2577642701111217,0.49248847240815113,0.34504,0.6997,0.24796,0.05234,
cfl_exp2_alpha0.5_n_mm2_seed0,2,0.5,0,1.0,0.99,50,0.5,competitive,8,17,0.11082774461089362,0.7673284113849168,0.9594752431196846,0.7759882156967783,0.37410427477143565,0.19625339218776863,0.29893860299051583,0.0,0.0,0.13012271258862215,1.0,0.4008768019022143,0.0,0.53832,0.0,0.0,0.0,
cfl_exp2_alpha0.5_n_mm2_seed0,2,0.5,0,1.0,0.99,50,0.5,markout,8,17,0.11082774461089362,0.7673284113849168,0.9594752431196846,0.7759882156967783,0.37410427477143565,0.3291396541949973,0.5013546380879638,0.37925788967662716,0.5776961225953683,0.9102348702814385,0.4609756097560976,0.39911816578483245,0.40603318250377074,0.246,0.97532,0.0,0.02468,
cfl_exp2_alpha0.5_n_mm2_seed0,2,0.5,0,1.0,0.99,50,0.5,anon,8,17,0.11082774461089362,0.7673284113849168,0.9594752431196846,0.7759882156967783,0.37410427477143565,0.37700135030146475,0.5742588993153818,0.07245161782174567,0.11036031109879213,0.5158033200122802,0.6080696467436799,0.38124082232011747,0.43371778442261144,0.35838,0.84602,0.09948,0.0545,0.505904277335567
cfl_exp2_alpha0.5_n_mm2_seed0,2,0.5,0,1.0,0.99,50,0.5,id,8,17,0.11082774461089362,0.7673284113849168,0.9594752431196846,0.7759882156967783,0.37410427477143565,0.8162380594925217,1.2433164211445993,-0.167184079362047,-0.2546594205053475,0.8198411102373581,0.6038517796196977,0.1665320952765442,0.6118461538461538,0.32816,0.59372,0.376,0.03028,0.46532982445792564
cfl_exp2_alpha0.5_n_mm2_seed0,2,0.5,0,1.0,0.99,50,0.5,oracle,8,17,0.11082774461089362,0.7673284113849168,0.9594752431196846,0.7759882156967783,0.37410427477143565,0.7922645378518252,1.206799288940454,-0.06195688330172927,-0.09437444078492567,0.9436089577536348,0.6076557761629571,0.18013182674199624,0.512614846142628,0.34954,0.63532,0.3272,0.03748,
cfl_exp2_alpha0.5_n_mm2_seed1,2,0.5,1,1000000.0,0.0,50,0.5000000000000001,competitive,8,17,0.11082774461089318,0.7673284113849165,0.7673284113849165,0.6468214999564292,0.394845644983462,0.12790872577387988,0.19483411403435458,0.0,0.0,0.026018223632461607,1.0,0.4219002822201317,0.0,0.5315,0.0,0.0,0.0,
cfl_exp2_alpha0.5_n_mm2_seed1,2,0.5,1,1000000.0,0.0,50,0.5000000000000001,markout,8,17,0.11082774461089318,0.7673284113849165,0.7673284113849165,0.6468214999564292,0.394845644983462,0.36065083242720286,0.5493533375973614,0.2915475816241305,0.4440933518876155,0.8246307990830839,0.5513273086698672,0.397874247662953,0.3979543666404406,0.28328,0.97152,0.0,0.02848,
cfl_exp2_alpha0.5_n_mm2_seed1,2,0.5,1,1000000.0,0.0,50,0.5000000000000001,anon,8,17,0.11082774461089318,0.7673284113849165,0.7673284113849165,0.6468214999564292,0.394845644983462,0.75665575464492,1.1525590040342966,-0.001089366987427677,-0.0016593539695560619,0.9820837596628476,0.9636378560288927,0.39148211243611586,0.4108352144469526,0.24366,0.99362,0.00614,0.00024,0.5050687945045272
cfl_exp2_alpha0.5_n_mm2_seed1,2,0.5,1,1000000.0,0.0,50,0.5000000000000001,id,8,17,0.11082774461089318,0.7673284113849165,0.7673284113849165,0.6468214999564292,0.394845644983462,0.75665575464492,1.1525590040342966,-0.001089366987427677,-0.0016593539695560619,0.9820837596628476,0.9636378560288927,0.39148211243611586,0.4108352144469526,0.24366,0.99362,0.00614,0.00024,0.5050687945045272
cfl_exp2_alpha0.5_n_mm2_seed1,2,0.5,1,1000000.0,0.0,50,0.5000000000000001,oracle,8,17,0.11082774461089318,0.7673284113849165,0.7673284113849165,0.6468214999564292,0.394845644983462,0.7717569983104935,1.1755616366740766,0.0,0.0,1.0067457462721838,1.0,0.3909889922348323,0.0,0.23438,1.0,0.0,0.0,
cfl_exp2_alpha0.5_n_mm2_seed1,2,0.5,1,1000000.0,0.5,50,0.5000000000000001,competitive,8,17,0.11082774461089318,0.7673284113849165,0.7673284113849166,0.6740279505207377,0.39780521262002744,0.11986094046503608,0.18257550453683527,0.0,0.0,0.01375961413494231,1.0,0.42181474480151226,0.0,0.529,0.0,0.0,0.0,
cfl_exp2_alpha0.5_n_mm2_seed1,2,0.5,1,1000000.0,0.5,50,0.5000000000000001,markout,8,17,0.11082774461089318,0.7673284113849165,0.7673284113849166,0.6740279505207377,0.39780521262002744,0.3539344647041565,0.539122780245379,0.28800254383901036,0.4386934521395465,0.8090003419830324,0.5463961407491487,0.40184367696702156,0.400844541757898,0.28192,0.973,0.0,0.027,
cfl_exp2_alpha0.5_n_mm2_seed1,2,0.5,1,1000000.0,0.5,50,0.5000000000000001,anon,8,17,0.11082774461089318,0.7673284113849165,0.7673284113849166,0.6740279505207377,0.39780521262002744,0.7810811290268737,1.189764410849765,-0.00018280047935698368,-0.0002784467535352956,1.0206700736943366,0.9906890130353817,0.38969583048530415,0.44545454545454544,0.23628,0.99852,0.00144,4e-05,0.4981802850292742
cfl_exp2_alpha0.5_n_mm2_seed1,2,0.5,1,1000000.0,0.5,50,0.5000000000000001,id,8,17,0.11082774461089318,0.7673284113849165,0.7673284113849166,0.6740279505207377,0.39780521262002744,0.7810811290268737,1.189764410849765,-0.00018280047935698368,-0.0002784467535352956,1.0206700736943366,0.9906890130353817,0.38969583048530415,0.44545454545454544,0.23628,0.99852,0.00144,4e-05,0.4981802850292742
cfl_exp2_alpha0.5_n_mm2_seed1,2,0.5,1,1000000.0,0.5,50,0.5000000000000001,oracle,8,17,0.11082774461089318,0.7673284113849165,0.7673284113849166,0.6740279505207377,0.39780521262002744,0.7857467203799879,1.1968711688307438,0.0,0.0,1.028055278428851,1.0,0.3893116716545532,0.0,0.2339,1.0,0.0,0.0,
cfl_exp2_alpha0.5_n_mm2_seed1,2,0.5,1,1000000.0,0.9,50,0.5000000000000001,competitive,8,17,0.11082774461089318,0.7673284113849165,0.7673284113849168,0.6897079526442901,0.38814272147605483,0.13183186787642606,0.2008099527518141,0.0,0.0,0.0319940623499211,1.0,0.421278822078553,0.0,0.53518,0.0,0.0,0.0,
cfl_exp2_alpha0.5_n_mm2_seed1,2,0.5,1,1000000.0,0.9,50,0.5000000000000001,markout,8,17,0.11082774461089318,0.7673284113849165,0.7673284113849168,0.6897079526442901,0.38814272147605483,0.38708480645943705,0.5896182990362095,0.28231918373397535,0.43003640060453063,0.8508388092388471,0.5512569832402234,0.4042310615657461,0.401338313103019,0.2864,0.9687,0.0,0.0313,
cfl_exp2_alpha0.5_n_mm2_seed1,2,0.5,1,1000000.0,0.9,50,0.5000000000000001,anon,8,17,0.11082774461089318,0.7673284113849165,0.7673284113849168,0.6897079526442901,0.38814272147605483,0.7772755832805037,1.183967698159327,0.0012196513149537178,0.0018578066659809484,1.0170096144234149,0.9895195774293619,0.39120488052872393,0.392,0.23854,0.99818,0.00172,0.0001,0.4983050805180236
cfl_exp2_alpha0.5_n_mm2_seed1,2,0.5,1,1000000.0,0.9,50,0.5000000000000001,id,8,17,0.11082774461089318,0.7673284113849165,0.7673284113849168,0.6897079526442901,0.38814272147605483,0.7772755832805037,1.183967698159327,0.0012196513149537178,0.0018578066659809484,1.0170096144234149,0.9895195774293619,0.39120488052872393,0.392,0.23854,0.99818,0.00172,0.0001,0.4983050805180236
cfl_exp2_alpha0.5_n_mm2_seed1,2,0.5,1,1000000.0,0.9,50,0.5000000000000001,oracle,8,17,0.11082774461089318,0.7673284113849165,0.7673284113849168,0.6897079526442901,0.38814272147605483,0.7890902495800837,1.2019641251205302,0.0,0.0,1.0331482347186374,1.0,0.38926969620038926,0.0,0.23634,1.0,0.0,0.0,
cfl_exp2_alpha0.5_n_mm2_seed1,2,0.5,1,1000000.0,0.99,50,0.5000000000000001,competitive,8,17,0.11082774461089318,0.7673284113849165,0.7673284113849166,0.676437511482644,0.3916905835725024,0.11126618017716614,0.16948372760063854,0.0,0.0,0.0006678371987455765,1.0,0.4250037385972783,0.0,0.53496,0.0,0.0,0.0,
cfl_exp2_alpha0.5_n_mm2_seed1,2,0.5,1,1000000.0,0.99,50,0.5000000000000001,markout,8,17,0.11082774461089318,0.7673284113849165,0.7673284113849166,0.676437511482644,0.3916905835725024,0.35559179346267433,0.5416472693165961,0.29068380085623957,0.442777617096156,0.8156089960108591,0.548121820335912,0.4086458995549905,0.4028377544725478,0.28698,0.96382,0.0,0.03618,
cfl_exp2_alpha0.5_n_mm2_seed1,2,0.5,1,1000000.0,0.99,50,0.5000000000000001,anon,8,17,0.11082774461089318,0.7673284113849165,0.7673284113849166,0.676437511482644,0.3916905835725024,0.7237538866083975,1.1024419672943357,0.00087995408215735,0.0013403704317336855,0.9349664473241766,0.9334328827412763,0.3954702365917319,0.42266824085005905,0.25448,0.9885,0.01146,4e-05,0.5028918746575709
cfl_exp2_alpha0.5_n_mm2_seed1,2,0.5,1,1000000.0,0.99,50,0.5000000000000001,id,8,17,0.11082774461089318,0.7673284113849165,0.7673284113849166,0.676437511482644,0.3916905835725024,0.7237538866083975,1.1024419672943357,0.00087995408215735,0.0013403704317336855,0.9349664473241766,0.9334328827412763,0.3954702365917319,0.42266824085005905,0.25448,0.9885,0.01146,4e-05,0.5028918746575709
cfl_exp2_alpha0.5_n_mm2_seed1,2,0.5,1,1000000.0,0.99,50,0.5000000000000001,oracle,8,17,0.11082774461089318,0.7673284113849165,0.7673284113849166,0.676437511482644,0.3916905835725024,0.7782369921010505,1.185432142704785,0.0,0.0,1.0166162523028919,1.0,0.39172646686365553,0.0,0.2369,1.0,0.0,0.0,
cfl_exp2_alpha0.5_n_mm2_seed1,2,0.5,1,5.0,0.0,50,0.5,competitive,8,17,0.11082774461089362,0.7673284113849168,0.7673284113849168,0.6598956990613245,0.4013221319377496,0.1315847414280617,0.2004335229005259,0.0,0.0,0.03161763249863224,1.0,0.4185302311572924,0.0,0.53124,0.0,0.0,0.0,
cfl_exp2_alpha0.5_n_mm2_seed1,2,0.5,1,5.0,0.0,50,0.5,markout,8,17,0.11082774461089362,0.7673284113849168,0.7673284113849168,0.6598956990613245,0.4013221319377496,0.37225087636592297,0.567022845833692,0.30666370874990323,0.46711865542622705,0.8653256108580255,0.5400042671218264,0.3968128539444225,0.40197897340754485,0.28122,0.97772,0.0,0.02228,
cfl_exp2_alpha0.5_n_mm2_seed1,2,0.5,1,5.0,0.0,50,0.5,anon,8,17,0.11082774461089362,0.7673284113849168,0.7673284113849168,0.6598956990613245,0.4013221319377496,0.765252697304947,1.1656541052202127,-0.0007147011341380124,-0.0010886525639798362,0.9957495622543393,0.9923011120615911,0.39077586206896553,0.4444444444444444,0.2338,0.99862,0.00132,6e-05,0.5053129364859763
cfl_exp2_alpha0.5_n_mm2_seed1,2,0.5,1,5.0,0.0,50,0.5,id,8,17,0.11082774461089362,0.7673284113849168,0.7673284113849168,0.6598956990613245,0.4013221319377496,0.765252697304947,1.1656541052202127,-0.0007147011341380124,-0.0010886525639798362,0.9957495622543393,0.9923011120615911,0.39077586206896553,0.4444444444444444,0.2338,0.99862,0.00132,6e-05,0.5053129364859763
cfl_exp2_alpha0.5_n_mm2_seed1,2,0.5,1,5.0,0.0,50,0.5,oracle,8,17,0.11082774461089362,0.7673284113849168,0.7673284113849168,0.6598956990613245,0.4013221319377496,0.7825313052012315,1.1919733593668838,0.0,0.0,1.02315746896499,1.0,0.38937977181092903,0.0,0.23314,1.0,0.0,0.0,
cfl_exp2_alpha0.5_n_mm2_seed1,2,0.5,1,5.0,0.5,50,0.5,competitive,8,17,0.11082774461089362,0.7673284113849168,0.7841702091432979,0.6183157076656745,0.4081800713697502,0.12781339613577472,0.19468890528906332,0.0,0.0,0.025873014887169667,1.0,0.4206134415877312,0.0,0.53208,0.0,0.0,0.0,
cfl_exp2_alpha0.5_n_mm2_seed1,2,0.5,1,5.0,0.5,50,0.5,markout,8,17,0.11082774461089362,0.7673284113849168,0.7841702091432979,0.6183157076656745,0.4081800713697502,0.34727555161400275,0.5289797393816508,0.30345743000316844,0.4622347628286915,0.8223986118084486,0.5418197230856174,0.4063885267275098,0.3971631205673759,0.28312,0.97104,0.0,0.02896,
cfl_exp2_alpha0.5_n_mm2_seed1,2,0.5,1,5.0,0.5,50,0.5,anon,8,17,0.11082774461089362,0.7673284113849168,0.7841702091432979,0.6183157076656745,0.4081800713697502,0.4806084120630838,0.7320760455960299,0.06647730599406765,0.10126007384079333,0.6645202290349295,0.7015224358974359,0.3998531451415518,0.4145733461169703,0.34944,0.9194,0.07254,0.00806,0.4988317595160602
cfl_exp2_alpha0.5_n_mm2_seed1,2,0.5,1,5.0,0.5,50,0.5,id,8,17,0.11082774461089362,0.7673284113849168,0.7841702091432979,0.6183157076656745,0.4081800713697502,0.4798715460487484,0.7309536308725897,0.0796713264111156,0.12135757120036497,0.683495311671061,0.6700781968721251,0.39136777072249873,0.4281979783896828,0.34784,0.91134,0.06552,0.02314,0.497425650125122
cfl_exp2_alpha0.5_n_mm2_seed1,2,0.5,1,5.0,0.5,50,0.5,oracle,8,17,0.11082774461089362,0.7673284113849168,0.7841702091432979,0.6183157076656745,0.4081800713697502,0.5313747569743184,0.8094047483385498,0.060074293019597914,0.09150682712143586,0.732095685058092,0.6787316957959376,0.38590691605045674,0.4383385407094284,0.33872,0.91104,0.06492,0.02404,
cfl_exp2_alpha0.5_n_mm2_seed1,2,0.5,1,5.0,0.9,50,0.5,competitive,8,17,0.11082774461089362,0.7673284113849168,0.824459555502745,0.6690587626124248,0.39543203082003303,0.10349305309466998,0.15764348512123255,0.0,0.0,-0.0111724052806611,1.0,0.4292583965737471,0.0,0.53236,0.0,0.0,0.0,
cfl_exp2_alpha0.5_n_mm2_seed1,2,0.5,1,5.0,0.9,50,0.5,markout,8,17,0.11082774461089362,0.7673284113849168,0.824459555502745,0.6690587626124248,0.39543203082003303,0.3817179546841316,0.5814433617559818,0.3102785442906978,0.4726248730490628,0.8852523444031508,0.5402670414617007,0.3980228928199792,0.39819627025374504,0.2846,0.97,0.0,0.03,
cfl_exp2_alpha0.5_n_mm2_seed1,2,0.5,1,5.0,0.9,50,0.5,anon,8,17,0.11082774461089362,0.7673284113849168,0.824459555502745,0.6690587626124248,0.39543203082003303,0.45919674154175955,0.699461195977462,0.0865727789598028,0.13187005488541623,0.6625153604609847,0.6537614466210734,0.40106382978723404,0.4226648811516572,0.34508,0.92428,0.06734,0.00838,0.5052532322872468
cfl_exp2_alpha0.5_n_mm2_seed1,2,0.5,1,5.0,0.9,50,0.5,id,8,17,0.11082774461089362,0.7673284113849168,0.824459555502745,0.6690587626124248,0.39543203082003303,0.5810891298605051,0.8851310581540113,0.05709084944407022,0.08696236322898007,0.8032775309810976,0.6828604271280779,0.3604146363072561,0.44524990461655856,0.33058,0.87948,0.08986,0.03066,0.48835691996681047
cfl_exp2_alpha0.5_n_mm2_seed1,2,0.5,1,5.0,0.9,50,0.5,oracle,8,17,0.11082774461089362,0.7673284113849168,0.824459555502745,0.6690587626124248,0.39543203082003303,0.5775997949955295,0.8798160066368181,0.06786304456961464,0.10337086922255033,0.8143709854574749,0.6593546047860769,0.3505636513610118,0.44332091538052154,0.33096,0.85874,0.10382,0.03744,
cfl_exp2_alpha0.5_n_mm2_seed1,2,0.5,1,5.0,0.99,50,0.5,competitive,8,17,0.11082774461089362,0.7673284113849168,0.8359231187505904,0.6915681162540757,0.3816201497617427,0.20201398141168578,0.3077132920585774,0.0,0.0,0.13889740165668368,1.0,0.40606467494685017,0.0,0.53622,0.0,0.0,0.0,
cfl_exp2_alpha0.5_n_mm2_seed1,2,0.5,1,5.0,0.99,50,0.5,markout,8,17,0.11082774461089362,0.7673284113849168,0.8359231187505904,0.6915681162540757,0.3816201497617427,0.3704313242199151,0.5642512536052348,0.31016137473860034,0.47244639714183606,0.8678817603451771,0.5481585408628551,0.39736370616841565,0.3853438907002018,0.2851,0.97254,0.0,0.02746,
cfl_exp2_alpha0.5_n_mm2_seed1,2,0.5,1,5.0,0.99,50,0.5,anon,8,17,0.11082774461089362,0.7673284113849168,0.8359231187505904,0.6915681162540757,0.3816201497617427,0.46492079665998093,0.7081802352837719,0.1017957694510111,0.1550581356622607,0.6944224805441391,0.6519528541714814,0.39152782701169797,0.4040504648074369,0.34616,0.92202,0.06656,0.01142,0.4956015102432589
cfl_exp2_alpha0.5_n_mm2_seed1,2,0.5,1,5.0,0.99,50,0.5,id,8,17,0.11082774461089362,0.7673284113849168,0.8359231187505904,0.6915681162540757,0.3816201497617427,0.6204810199255021,0.9451338762144478,0.05225565902435893,0.07959726725204692,0.855915253064601,0.7071428571428572,0.3281957506095437,0.4308242220353238,0.3248,0.8446,0.1105,0.0449,0.4656746103504546
cfl_exp2_alpha0.5_n_mm2_seed1,2,0.5,1,5.0,0.99,50,0.5,oracle,8,17,0.11082774461089362,0.7673284113849168,0.8359231187505904,0.6915681162540757,0.3816201497617427,0.6423001240990489,0.9783693400575596,0.061922775979199096,0.09432248756651117,0.9038759372221772,0.6932919490720213,0.32014618547281865,0.42379182156133827,0.31574,0.81822,0.1307,0.05108,
cfl_exp2_alpha0.5_n_mm2_seed1,2,0.5,1,1.0,0.0,50,0.49999999999999994,competitive,8,17,0.11082774461089384,0.7673284113849168,0.7673284113849168,0.679693986257208,0.39276910435497125,0.11483961778940453,0.1749268867520191,0.0,0.0,0.006110996350125023,1.0,0.4203234118833327,0.0,0.53554,0.0,0.0,0.0,
cfl_exp2_alpha0.5_n_mm2_seed1,2,0.5,1,1.0,0.0,50,0.49999999999999994,markout,8,17,0.11082774461089384,0.7673284113849168,0.7673284113849168,0.679693986257208,0.39276910435497125,0.33982482047102147,0.5176305793273385,0.3073971088578066,0.46823579078498806,0.8170504797104324,0.5433505555948758,0.39898397811645175,0.4009609423434594,0.28258,0.97214,0.0,0.02786,
cfl_exp2_alpha0.5_n_mm2_seed1,2,0.5,1,1.0,0.0,50,0.49999999999999994,anon,8,17,0.11082774461089384,0.7673284113849168,0.7673284113849168,0.679693986257208,0.39276910435497125,0.7578383806148574,1.1543604126691869,-0.0011560038176733733,-0.001760857035155589,0.9837836652321371,0.9909037311547207,0.3870803229919252,0.4537037037037037,0.23746,0.99846,0.0015,4e-05,0.4997780424072733
cfl_exp2_alpha0.5_n_mm2_seed1,2,0.5,1,1.0,0.0,50,0.49999999999999994,id,8,17,0.11082774461089384,0.7673284113849168,0.7673284113849168,0.679693986257208,0.39276910435497125,0.7578383806148574,1.1543604126691869,-0.0011560038176733733,-0.001760857035155589,0.9837836652321371,0.9909037311547207,0.3870803229919252,0.4537037037037037,0.23746,0.99846,0.0015,4e-05,0.4997780424072733
cfl_exp2_alpha0.5_n_mm2_seed1,2,0.5,1,1.0,0.0,50,0.49999999999999994,oracle,8,17,0.11082774461089384,0.7673284113849168,0.7673284113849168,0.679693986257208,0.39276910435497125,0.7584631356554314,1.155312056852039,0.0,0.0,0.9864961664501448,1.0,0.39183638541844945,0.0,0.23372,1.0,0.0,0.0,
cfl_exp2_alpha0.5_n_mm2_seed1,2,0.5,1,1.0,0.5,50,0.49999999999999994,competitive,8,17,0.11082774461089384,0.7673284113849168,0.8209296340736418,0.6363507923948856,0.4062412538483067,0.1290235432943158,0.1965322349607416,0.0,0.0,0.027716344558847524,1.0,0.4218399401645475,0.0,0.5348,0.0,0.0,0.0,
cfl_exp2_alpha0.5_n_mm2_seed1,2,0.5,1,1.0,0.5,50,0.49999999999999994,markout,8,17,0.11082774461089384,0.7673284113849168,0.8209296340736418,0.6363507923948856,0.4062412538483067,0.3539417181886032,0.5391338289538022,0.3090077435237746,0.4706891541210567,0.8410070926729648,0.5474697077690663,0.40177060278609555,0.3943928177665774,0.2806,0.9726,0.0,0.0274,
cfl_exp2_alpha0.5_n_mm2_seed1,2,0.5,1,1.0,0.5,50,0.49999999999999994,anon,8,17,0.11082774461089384,0.7673284113849168,0.8209296340736418,0.6363507923948856,0.4062412538483067,0.49266480194975826,0.7504406726205818,0.10824830328359494,0.1648868139243727,0.7465115961430605,0.6508546294749735,0.3938408896492729,0.4162015627491628,0.35922,0.91686,0.0705,0.01264,0.48993196380434895
cfl_exp2_alpha0.5_n_mm2_seed1,2,0.5,1,1.0,0.5,50,0.49999999999999994,id,8,17,0.11082774461089384,0.7673284113849168,0.8209296340736418,0.6363507923948856,0.4062412538483067,0.5031224521379539,0.7663700550530225,0.0795719954871645,0.1212062675856418,0.7187604322367703,0.6585537918871253,0.3757364756293519,0.4428374655647383,0.3402,0.89002,0.07684,0.03314,0.4979458724115997
cfl_exp2_alpha0.5_n_mm2_seed1,2,0.5,1,1.0,0.5,50,0.49999999999999994,oracle,8,17,0.11082774461089384,0.7673284113849168,0.8209296340736418,0.6363507923948856,0.4062412538483067,0.5053742358428018,0.769800034364259,0.08238482619395818,0.12549084923064704,0.7264749931930119,0.6491578144257292,0.37464967001175303,0.4386082301773168,0.34078,0.88386,0.0857,0.03044,
cfl_exp2_alpha0.5_n_mm2_seed1,2,0.5,1,1.0,0.9,50,0.49999999999999994,competitive,8,17,0.11082774461089384,0.7673284113849168,0.9314376472050786,0.6527790984010081,0.40099282956425814,0.15465912832089312,0.2355810681516475,0.0,0.0,0.06676517774975342,1.0,0.4202887708535947,0.0,0.53468,0.0,0.0,0.0,
cfl_exp2_alpha0.5_n_mm2_seed1,2,0.5,1,1.0,0.9,50,0.49999999999999994,markout,8,17,0.11082774461089384,0.7673284113849168,0.9314376472050786,0.6527790984010081,0.40099282956425814,0.3548234261656621,0.540476870966831,0.2954053015619007,0.44996953775156406,0.8216305183165009,0.542835055169021,0.39759192128430865,0.398923904688701,0.28458,0.97118,0.0,0.02882,
cfl_exp2_alpha0.5_n_mm2_seed1,2,0.5,1,1.0,0.9,50,0.49999999999999994,anon,8,17,0.11082774461089384,0.7673284113849168,0.9314376472050786,0.6527790984010081,0.40099282956425814,0.5051874650888816,0.7695155399785365,0.10198407222341505,0.15534496366097286,0.7560446132376153,0.6707736050231016,0.3817555634051572,0.4418855703490464,0.33764,0.92134,0.05672,0.02194,0.49493526458805587
cfl_exp2_alpha0.5_n_mm2_seed1,2,0.5,1,1.0,0.9,50,0.49999999999999994,id,8,17,0.11082774461089384,0.7673284113849168,0.9314376472050786,0.6527790984010081,0.40099282956425814,0.6032259234987789,0.9188504353894555,0.009307997636476871,0.01417819982151034,0.7642127448090719,0.6166968941283155,0.26541678154581383,0.44314653260387404,0.35288,0.7371,0.19462,0.06828,0.4499830734678391
cfl_exp2_alpha0.5_n_mm2_seed1,2,0.5,1,1.0,0.9,50,0.49999999999999994,oracle,8,17,0.11082774461089384,0.7673284113849168,0.9314376472050786,0.6527790984010081,0.40099282956425814,0.5825687352091141,0.8873848340045064,0.01730779083806322,0.026363706411924804,0.7449326500145371,0.6125648347805817,0.2654362096850918,0.44660048134777375,0.34318,0.71918,0.2158,0.06502,
cfl_exp2_alpha0.5_n_mm2_seed1,2,0.5,1,1.0,0.99,50,0.49999999999999994,competitive,8,17,0.11082774461089384,0.7673284113849168,0.9594752431196846,0.7082653029067086,0.3811264554562686,-0.06629869774417405,-0.100988012807297,0.0,0.0,-0.26980390320919106,1.0,0.4599742988888049,0.0,0.52916,0.0,0.0,0.0,
cfl_exp2_alpha0.5_n_mm2_seed1,2,0.5,1,1.0,0.99,50,0.49999999999999994,markout,8,17,0.11082774461089384,0.7673284113849168,0.9594752431196846,0.7082653029067086,0.3811264554562686,0.3151456963865081,0.48003865393633455,0.31478276341633066,0.4794858243833032,0.7907085879177437,0.47853913043478263,0.40805349614769587,0.4003468516542156,0.2875,0.85926,0.0,0.14074,
cfl_exp2_alpha0.5_n_mm2_seed1,2,0.5,1,1.0,0.99,50,0.49999999999999994,anon,8,17,0.11082774461089384,0.7673284113849168,0.9594752431196846,0.7082653029067086,0.3811264554562686,0.7511996229447614,1.144248073099574,-0.029313342218997382,-0.04465089481636042,0.9307812878813196,0.7652195765533706,0.33711001642036126,0.5587369547765587,0.31834,0.93224,0.03998,0.02778,0.4821246746135832
cfl_exp2_alpha0.5_n_mm2_seed1,2,0.5,1,1.0,0.99,50,0.49999999999999994,id,8,17,0.11082774461089384,0.7673284113849168,0.9594752431196846,0.7082653029067086,0.3811264554562686,0.769905384737359,1.1727412075917534,0.010928634147986246,0.016646798245748072,1.0205721154356076,0.6387195121951219,0.18266280259120354,0.38366485834840264,0.36736,0.67176,0.23002,0.09822,0.37200901657938057
cfl_exp2_alpha0.5_n_mm2_seed1,2,0.5,1,1.0,0.99,50,0.49999999999999994,oracle,8,17,0.11082774461089384,0.7673284113849168,0.9594752431196846,0.7082653029067086,0.3811264554562686,0.6961845906564236,1.0604476520601318,-0.017892217271950145,-0.02725392094401163,0.8643778407142261,0.6248915334077104,0.1907359650862924,0.45224719101123595,0.32268,0.5992,0.29706,0.10374,
cfl_exp2_alpha0.5_n_mm2_seed2,2,0.5,2,1000000.0,0.0,50,0.5,competitive,8,17,0.11082774461089362,0.7673284113849168,0.7673284113849168,0.6204845065260975,0.4035472428248952,0.11446976065801659,0.17436351012483997,0.0026937679312488603,0.004103221927383195,0.009650841650329513,0.9132945794956968,0.42322793965695393,0.42490204614714844,0.52984,0.0,0.0,0.0,
cfl_exp2_alpha0.5_n_mm2_seed2,2,0.5,2,1000000.0,0.0,50,0.5,markout,8,17,0.11082774461089362,0.7673284113849168,0.7673284113849168,0.6204845065260975,0.4035472428248952,0.621965775773901,0.947395497448886,0.09103300049309562,0.13866398786831768,0.9172435949153098,0.8536047081902893,0.38394139615053147,0.4128978224455611,0.16312,1.0,0.0,0.0,
cfl_exp2_alpha0.5_n_mm2_seed2,2,0.5,2,1000000.0,0.0,50,0.5,anon,8,17,0.11082774461089362,0.7673284113849168,0.7673284113849168,0.6204845065260975,0.4035472428248952,0.7517575310484044,1.1450978941765035,0.0111187036071779,0.01693631731071054,0.9932183210853205,0.9860092709650232,0.39148645183349007,0.3493975903614458,0.2373,0.99978,8e-05,0.00014,0.5056377433702303
cfl_exp2_alpha0.5_n_mm2_seed2,2,0.5,2,1000000.0,0.0,50,0.5,id,8,17,0.11082774461089362,0.7673284113849168,0.7673284113849168,0.6204845065260975,0.4035472428248952,0.7517575310484044,1.1450978941765035,0.0111187036071779,0.01693631731071054,0.9932183210853205,0.9860092709650232,0.39148645183349007,0.3493975903614458,0.2373,0.99978,8e-05,0.00014,0.5056377433702303
cfl_exp2_alpha0.5_n_mm2_seed2,2,0.5,2,1000000.0,0.0,50,0.5,oracle,8,17,0.11082774461089362,0.7673284113849168,0.7673284113849168,0.6204845065260975,0.4035472428248952,0.7424379249742106,1.1309020120611213,0.009602202705855135,0.01462634113235463,0.9767124627915823,0.9891257813168935,0.3898891966759003,0.3543307086614173,0.23358,1.0,0.0,0.0,
cfl_exp2_alpha0.5_n_mm2_seed2,2,0.5,2,1000000.0,0.5,50,0.5,competitive,8,17,0.11082774461089362,0.7673284113849168,0.7673284113849168,0.6377594731042184,0.40368799794397325,0.06901915909659795,0.10513189489319334,0.004498336948397786,0.006851991438945754,-0.056832004069754576,0.9133652264912543,0.42438006383501103,0.44176013805004316,0.53512,0.0,0.0,0.0,
cfl_exp2_alpha0.5_n_mm2_seed2,2,0.5,2,1000000.0,0.5,50,0.5,markout,8,17,0.11082774461089362,0.7673284113849168,0.7673284113849168,0.6377594731042184,0.40368799794397325,0.6072872936868534,0.9250368269555623,0.09873648901167031,0.1503981549582444,0.9066190915119131,0.8578490475042199,0.3971890372452565,0.40627650551314676,0.16588,1.0,0.0,0.0,
cfl_exp2_alpha0.5_n_mm2_seed2,2,0.5,2,1000000.0,0.5,50,0.5,anon,8,17,0.11082774461089362,0.7673284113849168,0.7673284113849168,0.6377594731042184,0.40368799794397325,0.7745803345008426,1.1798622205626246,0.010564960339660217,0.0160928402275284,1.0271391703882593,0.9798797795959259,0.38860015336116555,0.4149377593360996,0.23956,0.9987,0.00066,0.00064,0.4987383242513506
cfl_exp2_alpha0.5_n_mm2_seed2,2,0.5,2,1000000.0,0.5,50,0.5,id,8,17,0.11082774461089362,0.7673284113849168,0.7673284113849168,0.6377594731042184,0.40368799794397325,0.7745803345008426,1.1798622205626246,0.010564960339660217,0.0160928402275284,1.0271391703882593,0.9798797795959259,0.38860015336116555,0.4149377593360996,0.23956,0.9987,0.00066,0.00064,0.4987383242513506
cfl_exp2_alpha0.5_n_mm2_seed2,2,0.5,2,1000000.0,0.5,50,0.5,oracle,8,17,0.11082774461089362,0.7673284113849168,0.7673284113849168,0.6377594731042184,0.40368799794397325,0.7665882321438036,1.1676884288796527,0.008211557571870491,0.012508071944878962,1.0113806104226382,0.9894816560080781,0.39416617059273745,0.36,0.23768,1.0,0.0,0.0,
cfl_exp2_alpha0.5_n_mm2_seed2,2,0.5,2,1000000.0,0.9,50,0.5,competitive,8,17,0.11082774461089362,0.7673284113849168,0.7673284113849168,0.6273023634958939,0.40017928031758226,0.0879176575951696,0.1339186112745139,0.013499298059440725,0.020562504720330124,-0.01433477440704964,0.9140756854067434,0.4222058099458395,0.40855521606285466,0.53326,0.0,0.0,0.0,
cfl_exp2_alpha0.5_n_mm2_seed2,2,0.5,2,1000000.0,0.9,50,0.5,markout,8,17,0.11082774461089362,0.7673284113849168,0.7673284113849168,0.6273023634958939,0.40017928031758226,0.610281737644283,0.9295980469344299,0.10114715571438108,0.15407014925271564,0.9148523057852518,0.8553764092617286,0.3852040816326531,0.37803855825649624,0.16498,1.0,0.0,0.0,
cfl_exp2_alpha0.5_n_mm2_seed2,2,0.5,2,1000000.0,0.9,50,0.5,anon,8,17,0.11082774461089362,0.7673284113849168,0.7673284113849168,0.6273023634958939,0.40017928031758226,0.7326409762852603,1.1159790284530597,0.01002449387390877,0.01526958673654987,0.9624327247877159,0.9850670716274361,0.39148681055155876,0.423728813559322,0.23706,0.9991,0.00038,0.00052,0.5073864861238737
cfl_exp2_alpha0.5_n_mm2_seed2,2,0.5,2,1000000.0,0.9,50,0.5,id,8,17,0.11082774461089362,0.7673284113849168,0.7673284113849168,0.6273023634958939,0.40017928031758226,0.7326409762852603,1.1159790284530597,0.01002449387390877,0.01526958673654987,0.9624327247877159,0.9850670716274361,0.39148681055155876,0.423728813559322,0.23706,0.9991,0.00038,0.00052,0.5073864861238737
cfl_exp2_alpha0.5_n_mm2_seed2,2,0.5,2,1000000.0,0.9,50,0.5,oracle,8,17,0.11082774461089362,0.7673284113849168,0.7673284113849168,0.6273023634958939,0.40017928031758226,0.7455569332440394,1.1356529718509343,0.010265448716010678,0.015636615826232193,0.9824736972752728,0.989010989010989,0.39145299145299145,0.4230769230769231,0.2366,1.0,0.0,0.0,
cfl_exp2_alpha0.5_n_mm2_seed2,2,0.5,2,1000000.0,0.99,50,0.5,competitive,8,17,0.11082774461089362,0.7673284113849168,0.7673284113849167,0.6291349534114887,0.4016330204449016,0.09827544411853964,0.14969587860657488,0.004400686959943496,0.0067032482717314205,-0.01241676352358736,0.9178097678625263,0.41966741942106345,0.4259513984410821,0.53072,0.0,0.0,0.0,
cfl_exp2_alpha0.5_n_mm2_seed2,2,0.5,2,1000000.0,0.99,50,0.5,markout,8,17,0.11082774461089362,0.7673284113849168,0.7673284113849167,0.6291349534114887,0.4016330204449016,0.6092387915787623,0.9280094025989327,0.0977593250976509,0.14890971181800952,0.9081032240150487,0.8540704738760632,0.38113529662825435,0.39050791007493757,0.1646,1.0,0.0,0.0,
cfl_exp2_alpha0.5_n_mm2_seed2,2,0.5,2,1000000.0,0.99,50,0.5,anon,8,17,0.11082774461089362,0.7673284113849168,0.7673284113849167,0.6291349534114887,0.4016330204449016,0.7321238953238899,1.115191396410108,0.010143343949003432,0.015450622462954656,0.9618261284711689,0.977724011346571,0.39499957334243535,0.4419475655430712,0.23972,0.99766,0.00138,0.00096,0.5094574017883572
cfl_exp2_alpha0.5_n_mm2_seed2,2,0.5,2,1000000.0,0.99,50,0.5,id,8,17,0.11082774461089362,0.7673284113849168,0.7673284113849167,0.6291349534114887,0.4016330204449016,0.7321238953238899,1.115191396410108,0.010143343949003432,0.015450622462954656,0.9618261284711689,0.977724011346571,0.39499957334243535,0.4419475655430712,0.23972,0.99766,0.00138,0.00096,0.5094574017883572
cfl_exp2_alpha0.5_n_mm2_seed2,2,0.5,2,1000000.0,0.99,50,0.5,oracle,8,17,0.11082774461089362,0.7673284113849168,0.7673284113849167,0.6291349534114887,0.4016330204449016,0.7462962478420544,1.1367791163248584,0.004915231818844006,0.00748701725315368,0.9754502431761184,0.9897752239310461,0.3926406556817212,0.4628099173553719,0.23668,1.0,0.0,0.0,
cfl_exp2_alpha0.5_n_mm2_seed2,2,0.5,2,5.0,0.0,50,0.49999999999999994,competitive,8,17,0.11082774461089384,0.7673284113849168,0.7673284113849168,0.6562152723827457,0.3979905286061692,0.0657491041161695,0.10015085656996185,-0.0022653326047042863,-0.003450617370787906,-0.07211565120272012,0.9151800740491417,0.4237260430713906,0.4417989417989418,0.53478,0.0,0.0,0.0,
cfl_exp2_alpha0.5_n_mm2_seed2,2,0.5,2,5.0,0.0,50,0.49999999999999994,markout,8,17,0.11082774461089384,0.7673284113849168,0.7673284113849168,0.6562152723827457,0.3979905286061692,0.6171310790513516,0.9400311534851449,0.0997594296009495,0.1519563263982002,0.9231715894814512,0.8564320388349514,0.3901091115204761,0.378698224852071,0.1648,1.0,0.0,0.0,
cfl_exp2_alpha0.5_n_mm2_seed2,2,0.5,2,5.0,0.0,50,0.49999999999999994,anon,8,17,0.11082774461089384,0.7673284113849168,0.7673284113849168,0.6562152723827457,0.3979905286061692,0.7820472095367955,1.1912359714418805,0.009240451392375362,0.014075311511535842,1.0364953925515221,0.9839209446445021,0.38573495616648223,0.453125,0.23882,0.99966,0.00022,0.00012,0.4973297995767922
cfl_exp2_alpha0.5_n_mm2_seed2,2,0.5,2,5.0,0.0,50,0.49999999999999994,id,8,17,0.11082774461089384,0.7673284113849168,0.7673284113849168,0.6562152723827457,0.3979905286061692,0.7820472095367955,1.1912359714418805,0.009240451392375362,0.014075311511535842,1.0364953925515221,0.9839209446445021,0.38573495616648223,0.453125,0.23882,0.99966,0.00022,0.00012,0.4973297995767922
cfl_exp2_alpha0.5_n_mm2_seed2,2,0.5,2,5.0,0.0,50,0.49999999999999994,oracle,8,17,0.11082774461089384,0.7673284113849168,0.7673284113849168,0.6562152723827457,0.3979905286061692,0.7841128967246688,1.1943824833837857,0.007905669004591265,0.012042134006411468,1.0376087269883032,0.9875807669715533,0.3854193219474892,0.3783783783783784,0.23834,1.0,0.0,0.0,
cfl_exp2_alpha0.5_n_mm2_seed2,2,0.5,2,5.0,0.5,50,0.49999999999999994,competitive,8,17,0.11082774461089384,0.7673284113849168,0.784170209143298,0.6203510342571887,0.4032942993179771,0.041541548869558666,0.06327723789480608,0.0035580098104159765,0.005419659096310857,-0.10011899341077712,0.9154495963957199,0.42833121437066807,0.4280639431616341,0.5327,0.0,0.0,0.0,
cfl_exp2_alpha0.5_n_mm2_seed2,2,0.5,2,5.0,0.5,50,0.49999999999999994,markout,8,17,0.11082774461089384,0.7673284113849168,0.784170209143298,0.6203510342571887,0.4032942993179771,0.5883921483896876,0.8962552182635035,0.09923086854886984,0.15115120756309383,0.8785905354247033,0.8586637298091042,0.40287872310104034,0.3913419913419913,0.16344,1.0,0.0,0.0,
cfl_exp2_alpha0.5_n_mm2_seed2,2,0.5,2,5.0,0.5,50,0.49999999999999994,anon,8,17,0.11082774461089384,0.7673284113849168,0.784170209143298,0.6203510342571887,0.4032942993179771,0.3573966643646916,0.5443964986675522,0.030839807919264724,0.04697604965248304,0.42255665791814123,0.5988638077522498,0.4083277367360645,0.43426494548189,0.39782,0.82382,0.08996,0.08622,0.5030588484772353
cfl_exp2_alpha0.5_n_mm2_seed2,2,0.5,2,5.0,0.5,50,0.49999999999999994,id,8,17,0.11082774461089384,0.7673284113849168,0.784170209143298,0.6203510342571887,0.4032942993179771,0.43733246958780686,0.6661569313201369,0.04270624985338058,0.06505134269434137,0.5623923836125841,0.6747588598677794,0.4010600706713781,0.4315228257247584,0.36908,0.86694,0.07612,0.05694,0.5050565191892833
cfl_exp2_alpha0.5_n_mm2_seed2,2,0.5,2,5.0,0.5,50,0.49999999999999994,oracle,8,17,0.11082774461089384,0.7673284113849168,0.784170209143298,0.6203510342571887,0.4032942993179771,0.4470024686921615,0.680886541804574,0.036770078037896205,0.05600920135935368,0.5680798527620337,0.6473681442919493,0.3985054016733003,0.4388607217417238,0.38034,0.85696,0.08314,0.0599,
cfl_exp2_alpha0.5_n_mm2_seed2,2,0.5,2,5.0,0.9,50,0.49999999999999994,competitive,8,17,0.11082774461089384,0.7673284113849168,0.824459555502745,0.6060916178781451,0.40607416879795394,0.12448753635714846,0.18962286355148344,0.007552645876223814,0.011504399398917205,0.03231137254850658,0.9161398289326887,0.4165618023137812,0.4057649667405765,0.5378,0.0,0.0,0.0,
cfl_exp2_alpha0.5_n_mm2_seed2,2,0.5,2,5.0,0.9,50,0.49999999999999994,markout,8,17,0.11082774461089384,0.7673284113849168,0.824459555502745,0.6060916178781451,0.40607416879795394,0.614097574888623,0.9354104359196398,0.09024957467039309,0.13747065195511568,0.9040651974728614,0.8558798595131404,0.38488750530635346,0.4016806722689076,0.16514,1.0,0.0,0.0,
cfl_exp2_alpha0.5_n_mm2_seed2,2,0.5,2,5.0,0.9,50,0.49999999999999994,anon,8,17,0.11082774461089384,0.7673284113849168,0.824459555502745,0.6060916178781451,0.40607416879795394,0.3293336848712209,0.501650190988431,0.06271723981020419,0.0955326368797008,0.4283669374662378,0.7370023074279543,0.41140420996536103,0.42299794661190965,0.40738,0.72064,0.07504,0.20432,0.5031230511210892
cfl_exp2_alpha0.5_n_mm2_seed2,2,0.5,2,5.0,0.9,50,0.49999999999999994,id,8,17,0.11082774461089384,0.7673284113849168,0.824459555502745,0.6060916178781451,0.40607416879795394,0.5055174133399035,0.7700181262937086,0.04353821476100822,0.06631861468618235,0.6675208505779969,0.6535126234906696,0.3531536071218611,0.4375099002059243,0.3644,0.82562,0.11056,0.06382,0.477656786744493
cfl_exp2_alpha0.5_n_mm2_seed2,2,0.5,2,5.0,0.9,50,0.49999999999999994,oracle,8,17,0.11082774461089384,0.7673284113849168,0.824459555502745,0.6060916178781451,0.40607416879795394,0.4964367994657785,0.7561862837173008,0.05194886068676251,0.07912994352623264,0.6665003368416393,0.6416583857789555,0.3593736556826981,0.4515482976428902,0.36228,0.8112,0.1241,0.0647,
cfl_exp2_alpha0.5_n_mm2_seed2,2,0.5,2,5.0,0.99,50,0.49999999999999994,competitive,8,17,0.11082774461089384,0.7673284113849168,0.8359231187505904,0.6138558120044673,0.40436456996148906,0.17627481596930275,0.268506682309249,0.009026508964256405,0.01374942847904747,0.11344022038640246,0.9149516303738842,0.40957707380796865,0.4137022397891963,0.53546,0.0,0.0,0.0,
cfl_exp2_alpha0.5_n_mm2_seed2,2,0.5,2,5.0,0.99,50,0.49999999999999994,markout,8,17,0.11082774461089384,0.7673284113849168,0.8359231187505904,0.6138558120044673,0.40436456996148906,0.5630938969456328,0.8577202209292772,0.09851937291311696,0.15006743770304312,0.8389717682304264,0.8548387096774194,0.40601503759398494,0.4143692564745196,0.16492,0.99984,0.0,0.00016,
cfl_exp2_alpha0.5_n_mm2_seed2,2,0.5,2,5.0,0.99,50,0.49999999999999994,anon,8,17,0.11082774461089384,0.7673284113849168,0.8359231187505904,0.6138558120044673,0.40436456996148906,0.32998125764461694,0.5026365917739445,0.07049426692743395,0.10737882000003984,0.4411995213720903,0.706194314806958,0.42625413036948034,0.4362815884476534,0.37712,0.81936,0.0754,0.10524,0.5213846639072367
cfl_exp2_alpha0.5_n_mm2_seed2,2,0.5,2,5.0,0.99,50,0.49999999999999994,id,8,17,0.11082774461089384,0.7673284113849168,0.8359231187505904,0.6138558120044673,0.40436456996148906,0.6210652947379263,0.9460238597925231,0.02712368062475483,0.041315541624714285,0.8185235110153434,0.7536596092228435,0.3561187062354118,0.47232848763070645,0.31834,0.85592,0.0869,0.05718,0.4844947476886947
cfl_exp2_alpha0.5_n_mm2_seed2,2,0.5,2,5.0,0.99,50,0.49999999999999994,oracle,8,17,0.11082774461089384,0.7673284113849168,0.8359231187505904,0.6138558120044673,0.40436456996148906,0.5803562844887434,0.8840147677847073,0.028293712885096314,0.04309776717231487,0.758296644555128,0.6777951321098529,0.34363898223715794,0.49747525752373256,0.30732,0.76158,0.16042,0.078,
cfl_exp2_alpha0.5_n_mm2_seed2,2,0.5,2,1.0,0.0,50,0.49999999999999994,competitive,8,17,0.11082774461089384,0.7673284113849168,0.7673284113849168,0.6527253275948932,0.39938299376566616,0.09606394919068509,0.1463272682764109,0.010801824773052627,0.016453638693364452,-0.006034983432118732,0.9167826643090929,0.425417538676187,0.4177215189873418,0.53162,0.0,0.0,0.0,
cfl_exp2_alpha0.5_n_mm2_seed2,2,0.5,2,1.0,0.0,50,0.49999999999999994,markout,8,17,0.11082774461089384,0.7673284113849168,0.7673284113849168,0.6527253275948932,0.39938299376566616,0.5850185967872222,0.8911165310188391,0.10735036429095728,0.16351904837883252,0.8858196889957776,0.8581894945982863,0.3905368253508899,0.36690017513134854,0.16106,1.0,0.0,0.0,
cfl_exp2_alpha0.5_n_mm2_seed2,2,0.5,2,1.0,0.0,50,0.49999999999999994,anon,8,17,0.11082774461089384,0.7673284113849168,0.7673284113849168,0.6527253275948932,0.39938299376566616,0.7709688275119412,1.17436107308223,0.010139531839424702,0.01544481575205296,1.020989998432389,0.9848522679983354,0.3878137412321474,0.4175824175824176,0.2403,0.99576,0.00032,0.00392,0.4963278404966178
cfl_exp2_alpha0.5_n_mm2_seed2,2,0.5,2,1.0,0.0,50,0.49999999999999994,id,8,17,0.11082774461089384,0.7673284113849168,0.7673284113849168,0.6527253275948932,0.39938299376566616,0.7709688275119412,1.17436107308223,0.010139531839424702,0.01544481575205296,1.020989998432389,0.9848522679983354,0.3878137412321474,0.4175824175824176,0.2403,0.99576,0.00032,0.00392,0.4963278404966178
cfl_exp2_alpha0.5_n_mm2_seed2,2,0.5,2,1.0,0.0,50,0.49999999999999994,oracle,8,17,0.11082774461089384,0.7673284113849168,0.7673284113849168,0.6527253275948932,0.39938299376566616,0.7837853273246864,1.1938835206004088,0.006980715803103985,0.010633219669686717,1.0357008498682017,0.9895261424106766,0.38753734528382416,0.3709677419354839,0.23678,1.0,0.0,0.0,
cfl_exp2_alpha0.5_n_mm2_seed2,2,0.5,2,1.0,0.5,50,0.49999999999999994,competitive,8,17,0.11082774461089384,0.7673284113849168,0.8209296340736417,0.6437520568056738,0.40267857142857144,0.07595682398084792,0.11569953821081702,0.0038125931775810354,0.005807447532865013,-0.04730890465821203,0.9138247295324374,0.4271435008807505,0.4261511728931364,0.53426,0.0,0.0,0.0,
cfl_exp2_alpha0.5_n_mm2_seed2,2,0.5,2,1.0,0.5,50,0.49999999999999994,markout,8,17,0.11082774461089384,0.7673284113849168,0.8209296340736417,0.6437520568056738,0.40267857142857144,0.6295621171519292,0.9589664550464708,0.10088479441391539,0.15367051325271752,0.9438210778972943,0.8521926156052098,0.3927369601794728,0.3945028294260307,0.16738,1.0,0.0,0.0,
cfl_exp2_alpha0.5_n_mm2_seed2,2,0.5,2,1.0,0.5,50,0.49999999999999994,anon,8,17,0.11082774461089384,0.7673284113849168,0.8209296340736417,0.6437520568056738,0.40267857142857144,0.47788516773257367,0.7279279244008272,0.037531848141536456,0.05716955068143969,0.616281584680373,0.7388687022072781,0.4005431591309454,0.4431983385254413,0.36878,0.86844,0.0538,0.07776,0.5011466548747462
cfl_exp2_alpha0.5_n_mm2_seed2,2,0.5,2,1.0,0.5,50,0.49999999999999994,id,8,17,0.11082774461089384,0.7673284113849168,0.8209296340736417,0.6437520568056738,0.40267857142857144,0.4259327283740558,0.6487925297426514,0.03437375130285192,0.05235905010083388,0.5323356894415913,0.5999171456682719,0.38282261545101426,0.4361894900336526,0.38622,0.82948,0.1145,0.05602,0.49413344226000677
cfl_exp2_alpha0.5_n_mm2_seed2,2,0.5,2,1.0,0.5,50,0.49999999999999994,oracle,8,17,0.11082774461089384,0.7673284113849168,0.8209296340736417,0.6437520568056738,0.40267857142857144,0.43682405326185714,0.6653824974898591,0.04289714098550605,0.0653421133542761,0.561908720442241,0.598746408984069,0.3779987786792288,0.4360843530330643,0.3829,0.82622,0.1179,0.05588,
cfl_exp2_alpha0.5_n_mm2_seed2,2,0.5,2,1.0,0.9,50,0.49999999999999994,competitive,8,17,0.11082774461089384,0.7673284113849168,0.9314376472050786,0.6423270494960185,0.39899118886476825,0.06421425181894612,0.09781292703705599,0.004636579592596915,0.0070625664637639935,-0.06394039690107409,0.9176156650505506,0.4283841900471022,0.416514598540146,0.53214,0.0,0.0,0.0,
cfl_exp2_alpha0.5_n_mm2_seed2,2,0.5,2,1.0,0.9,50,0.49999999999999994,markout,8,17,0.11082774461089384,0.7673284113849168,0.9314376472050786,0.6423270494960185,0.39899118886476825,0.5921423374809258,0.9019676101635244,0.09383048826990203,0.14292519873738355,0.8760769184990139,0.8603365384615385,0.40164850516904166,0.39672977624784855,0.1664,1.0,0.0,0.0,
cfl_exp2_alpha0.5_n_mm2_seed2,2,0.5,2,1.0,0.9,50,0.49999999999999994,anon,8,17,0.11082774461089384,0.7673284113849168,0.9314376472050786,0.6423270494960185,0.39899118886476825,0.5021031659095491,0.7648174500367724,0.04453808093012943,0.06784163853021657,0.663843198165095,0.798339744887629,0.3969693127060614,0.43122489959839355,0.39512,0.9109,0.0561,0.033,0.4949256304109712
cfl_exp2_alpha0.5_n_mm2_seed2,2,0.5,2,1.0,0.9,50,0.49999999999999994,id,8,17,0.11082774461089384,0.7673284113849168,0.9314376472050786,0.6423270494960185,0.39899118886476825,0.639050622600088,0.9734196093666094,-0.008879417002039367,-0.013525373927907664,0.7910783450368077,0.5983551900422316,0.27526002971768204,0.49889319313779745,0.35992,0.72042,0.2298,0.04978,0.46387721200940585
cfl_exp2_alpha0.5_n_mm2_seed2,2,0.5,2,1.0,0.9,50,0.49999999999999994,oracle,8,17,0.11082774461089384,0.7673284113849168,0.9314376472050786,0.6423270494960185,0.39899118886476825,0.6323687101754611,0.9632415352795546,-0.011880943786257443,-0.018097382664726273,0.7763282622129342,0.5825765220316179,0.2649153194765204,0.5059092130002686,0.35676,0.68456,0.27202,0.04342,
cfl_exp2_alpha0.5_n_mm2_seed2,2,0.5,2,1.0,0.99,50,0.49999999999999994,competitive,8,17,0.11082774461089384,0.7673284113849168,0.9594752431196847,0.6095597194850229,0.4074313408723748,0.1577556694626908,0.24029780538972792,0.007739674497962237,0.011789286576042952,0.0832712015638768,0.9168449097527112,0.41239307493963084,0.42283393501805056,0.53298,0.0,0.0,0.0,
cfl_exp2_alpha0.5_n_mm2_seed2,2,0.5,2,1.0,0.99,50,0.49999999999999994,markout,8,17,0.11082774461089384,0.7673284113849168,0.9594752431196847,0.6095597194850229,0.4074313408723748,0.609634036592709,0.928611450752043,0.08797899772008776,0.13401204625184546,0.8938076066019944,0.8534178140611673,0.39149057681324956,0.4114713216957606,0.16414,0.99766,0.0,0.00234,
cfl_exp2_alpha0.5_n_mm2_seed2,2,0.5,2,1.0,0.99,50,0.49999999999999994,anon,8,17,0.11082774461089384,0.7673284113849168,0.9594752431196847,0.6095597194850229,0.4074313408723748,0.6452610460401205,0.9828794983725868,0.02758850803486708,0.04202357961102185,0.8560871875817146,0.7780243000528262,0.34824823465507876,0.4107567824845312,0.3786,0.87568,0.05946,0.06486,0.4578804102698919
cfl_exp2_alpha0.5_n_mm2_seed2,2,0.5,2,1.0,0.99,50,0.49999999999999994,id,8,17,0.11082774461089384,0.7673284113849168,0.9594752431196847,0.6095597194850229,0.4074313408723748,0.8080533692023202,1.230849274187354,-0.142237036494953,-0.21665939380365176,0.8453739899818082,0.6073045933070634,0.17276777067596358,0.6263291897558784,0.34006,0.63002,0.33256,0.03742,0.4618210138524601
cfl_exp2_alpha0.5_n_mm2_seed2,2,0.5,2,1.0,0.99,50,0.49999999999999994,oracle,8,17,0.11082774461089384,0.7673284113849168,0.9594752431196847,0.6095597194850229,0.4074313408723748,0.7661183268203882,1.1669726560751494,-0.19426918688065337,-0.29591620650634254,0.7022405591669126,0.5903432438965434,0.19654007574982085,0.6683876677976103,0.33096,0.60668,0.35708,0.03624,
cfl_exp2_alpha0.5_n_mm2_seed3,2,0.5,3,1000000.0,0.0,50,0.5,competitive,8,17,0.11082774461089362,0.7673284113849168,0.7673284113849168,0.6940426475367204,0.3948447568834212,0.10807962735480287,0.16462988207749285,0.0,0.0,-0.004186008324400826,1.0,0.42503770739064856,0.0,0.5304,0.0,0.0,0.0,
cfl_exp2_alpha0.5_n_mm2_seed3,2,0.5,3,1000000.0,0.0,50,0.5,markout,8,17,0.11082774461089362,0.7673284113849168,0.7673284113849168,0.6940426475367204,0.3948447568834212,0.2886487831472857,0.4396778217540527,0.28157640173500087,0.4289049744894219,0.6997669058415809,0.5074552373822446,0.4059503319400049,0.4045598480050665,0.32058,0.95568,0.0,0.04432,
cfl_exp2_alpha0.5_n_mm2_seed3,2,0.5,3,1000000.0,0.0,50,0.5,anon,8,17,0.11082774461089362,0.7673284113849168,0.7673284113849168,0.6940426475367204,0.3948447568834212,0.2900770978453916,0.44185347026500466,0.0752990631306047,0.11469761866445094,0.3877351985275619,0.5873979693410313,0.4161159125571937,0.420627261761158,0.40184,0.79268,0.1185,0.08882,0.5095554626992523
cfl_exp2_alpha0.5_n_mm2_seed3,2,0.5,3,1000000.0,0.0,50,0.5,id,8,17,0.11082774461089362,0.7673284113849168,0.7673284113849168,0.6940426475367204,0.3948447568834212,0.2900770978453916,0.44185347026500466,0.0752990631306047,0.11469761866445094,0.3877351985275619,0.5873979693410313,0.4161159125571937,0.420627261761158,0.40184,0.79268,0.1185,0.08882,0.5095554626992523
cfl_exp2_alpha0.5_n_mm2_seed3,2,0.5,3,1000000.0,0.0,50,0.5,oracle,8,17,0.11082774461089362,0.7673284113849168,0.7673284113849168,0.6940426475367204,0.3948447568834212,0.27856459277507034,0.4243173036577527,0.06751346377457049,0.10283837807252308,0.3583397913283822,0.5801912233390537,0.4126595115355362,0.42116327960756833,0.4079,0.79,0.12,0.09,
cfl_exp2_alpha0.5_n_mm2_seed3,2,0.5,3,1000000.0,0.5,50,0.5,competitive,8,17,0.11082774461089362,0.7673284113849168,0.7673284113849168,0.7465787955074554,0.3962154294032023,0.1294470194940716,0.19717728563804965,0.0,0.0,0.02836139523615596,1.0,0.4230856110232663,0.0,0.53124,0.0,0.0,0.0,
cfl_exp2_alpha0.5_n_mm2_seed3,2,0.5,3,1000000.0,0.5,50,0.5,markout,8,17,0.11082774461089362,0.7673284113849168,0.7673284113849168,0.7465787955074554,0.3962154294032023,0.29627666794639373,0.4512968271643452,0.29766408974495023,0.4534101864780138,0.7358911232404655,0.510605017831446,0.40754809459625047,0.408335464075684,0.31966,0.9547,0.0,0.0453,
cfl_exp2_alpha0.5_n_mm2_seed3,2,0.5,3,1000000.0,0.5,50,0.5,anon,8,17,0.11082774461089362,0.7673284113849168,0.7673284113849168,0.7465787955074554,0.3962154294032023,0.3327665303793051,0.5068791963525119,0.08389649896768989,0.12779347107132222,0.4658567770219405,0.5837864315454323,0.41038764893438495,0.42344356831823,0.4083,0.79044,0.11866,0.0909,0.5040501819272448
cfl_exp2_alpha0.5_n_mm2_seed3,2,0.5,3,1000000.0,0.5,50,0.5,id,8,17,0.11082774461089362,0.7673284113849168,0.7673284113849168,0.7465787955074554,0.3962154294032023,0.3327665303793051,0.5068791963525119,0.08389649896768989,0.12779347107132222,0.4658567770219405,0.5837864315454323,0.41038764893438495,0.42344356831823,0.4083,0.79044,0.11866,0.0909,0.5040501819272448
cfl_exp2_alpha0.5_n_mm2_seed3,2,0.5,3,1000000.0,0.5,50,0.5,oracle,8,17,0.11082774461089362,0.7673284113849168,0.7673284113849168,0.7465787955074554,0.3962154294032023,0.33056462356184574,0.5035251908976823,0.0939748037485218,0.14314502407180227,0.47785432456759086,0.5811505507955936,0.41221566975568663,0.4211572180011689,0.4085,0.79,0.12,0.09,
cfl_exp2_alpha0.5_n_mm2_seed3,2,0.5,3,1000000.0,0.9,50,0.5,competitive,8,17,0.11082774461089362,0.7673284113849168,0.7673284113849169,0.7544098157253665,0.3908678443865238,0.11486062885317934,0.1749588913863449,0.0,0.0,0.006143000984451239,1.0,0.42168810652222977,0.0,0.53172,0.0,0.0,0.0,
cfl_exp2_alpha0.5_n_mm2_seed3,2,0.5,3,1000000.0,0.9,50,0.5,markout,8,17,0.11082774461089362,0.7673284113849168,0.7673284113849169,0.7544098157253665,0.3908678443865238,0.309724648578407,0.4717811637577797,0.27098400232784414,0.4127703383142498,0.7157356116701358,0.5092828540225701,0.39814152966404576,0.4061572700296736,0.32964,0.953,0.0,0.047,
cfl_exp2_alpha0.5_n_mm2_seed3,2,0.5,3,1000000.0,0.9,50,0.5,anon,8,17,0.11082774461089362,0.7673284113849168,0.7673284113849169,0.7544098157253665,0.3908678443865238,0.35236514759608917,0.5367323529579571,0.07856695461668009,0.1196753614931574,0.48759182404922075,0.5808459540263686,0.4072230191545017,0.4257483629560337,0.40806,0.78978,0.1177,0.09252,0.499514940941477
cfl_exp2_alpha0.5_n_mm2_seed3,2,0.5,3,1000000.0,0.9,50,0.5,id,8,17,0.11082774461089362,0.7673284113849168,0.7673284113849169,0.7544098157253665,0.3908678443865238,0.35236514759608917,0.5367323529579571,0.07856695461668009,0.1196753614931574,0.48759182404922075,0.5808459540263686,0.4072230191545017,0.4257483629560337,0.40806,0.78978,0.1177,0.09252,0.499514940941477
cfl_exp2_alpha0.5_n_mm2_seed3,2,0.5,3,1000000.0,0.9,50,0.5,oracle,8,17,0.11082774461089362,0.7673284113849168,0.7673284113849169,0.7544098157253665,0.3908678443865238,0.34433448483041057,0.5244998249924632,0.08721055914852119,0.13284153933470458,0.48852547392527423,0.5876637715295157,0.41148964595858384,0.42080209449006306,0.40758,0.79,0.12,0.09,
cfl_exp2_alpha0.5_n_mm2_seed3,2,0.5,3,1000000.0,0.99,50,0.5,competitive,8,17,0.11082774461089362,0.7673284113849168,0.7673284113849168,0.7444775462082075,0.38928150765606595,0.111134786042454,0.16928358441516733,0.0,0.0,0.00046769401327366304,1.0,0.4211671983486583,0.0,0.5329,0.0,0.0,0.0,
cfl_exp2_alpha0.5_n_mm2_seed3,2,0.5,3,1000000.0,0.99,50,0.5,markout,8,17,0.11082774461089362,0.7673284113849168,0.7673284113849168,0.7444775462082075,0.38928150765606595,0.29692570063841867,0.45228545173835244,0.2864718399995524,0.43636184165241687,0.7198314029888756,0.507355668191371,0.40046296296296297,0.4075282308657466,0.32356,0.9531,0.0,0.0469,
cfl_exp2_alpha0.5_n_mm2_seed3,2,0.5,3,1000000.0,0.99,50,0.5,anon,8,17,0.11082774461089362,0.7673284113849168,0.7673284113849168,0.7444775462082075,0.38928150765606595,0.3385295469550929,0.5156575828301779,0.07793374510632442,0.11871083922775408,0.4655525316560383,0.5848558866634098,0.40811894420314065,0.41515650741350907,0.4094,0.79302,0.11816,0.08882,0.4970666630868485
cfl_exp2_alpha0.5_n_mm2_seed3,2,0.5,3,1000000.0,0.99,50,0.5,id,8,17,0.11082774461089362,0.7673284113849168,0.7673284113849168,0.7444775462082075,0.38928150765606595,0.3385295469550929,0.5156575828301779,0.07793374510632442,0.11871083922775408,0.4655525316560383,0.5848558866634098,0.40811894420314065,0.41515650741350907,0.4094,0.79302,0.11816,0.08882,0.4970666630868485
cfl_exp2_alpha0.5_n_mm2_seed3,2,0.5,3,1000000.0,0.99,50,0.5,oracle,8,17,0.11082774461089362,0.7673284113849168,0.7673284113849168,0.7444775462082075,0.38928150765606595,0.3453336561129982,0.5260217903660819,0.0718076985362043,0.1093794754071766,0.46658537537136485,0.5825819971733516,0.4062238581228041,0.41762988908347926,0.41038,0.79,0.12,0.09,
cfl_exp2_alpha0.5_n_mm2_seed3,2,0.5,3,5.0,0.0,50,0.5,competitive,8,17,0.11082774461089362,0.7673284113849168,0.7673284113849168,0.7384687301294772,0.3843094362135826,0.09663522338878318,0.14719744895864117,0.0,0.0,-0.021618441443252485,1.0,0.4232445337072265,0.0,0.52778,0.0,0.0,0.0,
cfl_exp2_alpha0.5_n_mm2_seed3,2,0.5,3,5.0,0.0,50,0.5,markout,8,17,0.11082774461089362,0.7673284113849168,0.7673284113849168,0.7384687301294772,0.3843094362135826,0.29840077776101,0.45453233006955,0.2930747143881053,0.44641952281365427,0.7321359624813105,0.5101619661059346,0.40034322137778866,0.4025277671390272,0.31982,0.95626,0.0,0.04374,
cfl_exp2_alpha0.5_n_mm2_seed3,2,0.5,3,5.0,0.0,50,0.5,anon,8,17,0.11082774461089362,0.7673284113849168,0.7673284113849168,0.7384687301294772,0.3843094362135826,0.3249252169414913,0.4949350905279966,0.06894742614106968,0.10502262926840614,0.43114182939450907,0.5858710090028042,0.4085145688135024,0.42563554288429556,0.40654,0.79026,0.11512,0.09462,0.5077707798612873
cfl_exp2_alpha0.5_n_mm2_seed3,2,0.5,3,5.0,0.0,50,0.5,id,8,17,0.11082774461089362,0.7673284113849168,0.7673284113849168,0.7384687301294772,0.3843094362135826,0.3249252169414913,0.4949350905279966,0.06894742614106968,0.10502262926840614,0.43114182939450907,0.5858710090028042,0.4085145688135024,0.42563554288429556,0.40654,0.79026,0.11512,0.09462,0.5077707798612873
cfl_exp2_alpha0.5_n_mm2_seed3,2,0.5,3,5.0,0.0,50,0.5,oracle,8,17,0.11082774461089362,0.7673284113849168,0.7673284113849168,0.7384687301294772,0.3843094362135826,0.33739750330054114,0.5139332225791602,0.05995326708103037,0.09132247705952008,0.4364398092367866,0.5853970125786163,0.40792345140171227,0.42581180374496325,0.40704,0.79,0.12,0.09,
cfl_exp2_alpha0.5_n_mm2_seed3,2,0.5,3,5.0,0.5,50,0.5,competitive,8,17,0.11082774461089362,0.7673284113849168,0.784170209143298,0.7320827034426843,0.4000774968516904,0.06976578555932798,0.10626917700198217,0.0,0.0,-0.06254671339991148,1.0,0.4255743879472693,0.0,0.531,0.0,0.0,0.0,
cfl_exp2_alpha0.5_n_mm2_seed3,2,0.5,3,5.0,0.5,50,0.5,markout,8,17,0.11082774461089362,0.7673284113849168,0.784170209143298,0.7320827034426843,0.4000774968516904,0.30223894220396985,0.4603787284621369,0.2734626923674292,0.416545947639622,0.7081087856998652,0.50503043100236,0.4010083620265617,0.40363864491844414,0.32204,0.95438,0.0,0.04562,
cfl_exp2_alpha0.5_n_mm2_seed3,2,0.5,3,5.0,0.5,50,0.5,anon,8,17,0.11082774461089362,0.7673284113849168,0.784170209143298,0.7320827034426843,0.4000774968516904,0.3912105073384549,0.5959026808926534,0.09739540547610764,0.14835537937028861,0.5754421698610483,0.5941384483497643,0.4053566597529083,0.42534653465346534,0.37328,0.86654,0.0776,0.05586,0.5041777709159516
cfl_exp2_alpha0.5_n_mm2_seed3,2,0.5,3,5.0,0.5,50,0.5,id,8,17,0.11082774461089362,0.7673284113849168,0.784170209143298,0.7320827034426843,0.4000774968516904,0.39569341726200097,0.6027311734600328,0.11904977155820642,0.18133990958943694,0.6152551926475761,0.5995530604458494,0.39790909090909093,0.41268544984347355,0.36694,0.86646,0.07516,0.05838,0.5023292935662588
cfl_exp2_alpha0.5_n_mm2_seed3,2,0.5,3,5.0,0.5,50,0.5,oracle,8,17,0.11082774461089362,0.7673284113849168,0.784170209143298,0.7320827034426843,0.4000774968516904,0.4258166969046824,0.6486157873945534,0.0993300804111287,0.15130232981974948,0.6311022268124091,0.5987002437043054,0.3970149253731343,0.4280701754385965,0.3693,0.86286,0.08046,0.05668,
cfl_exp2_alpha0.5_n_mm2_seed3,2,0.5,3,5.0,0.9,50,0.5,competitive,8,17,0.11082774461089362,0.7673284113849168,0.8244595555027449,0.7304455044389186,0.3954532149477998,0.10181901610691897,0.1550935456124472,0.0,0.0,-0.013722344789446464,1.0,0.42438860219878843,0.0,0.53484,0.0,0.0,0.0,
cfl_exp2_alpha0.5_n_mm2_seed3,2,0.5,3,5.0,0.9,50,0.5,markout,8,17,0.11082774461089362,0.7673284113849168,0.8244595555027449,0.7304455044389186,0.3954532149477998,-0.0012058851379620325,-0.0018368376438787613,0.7387286922139495,1.1252520059788917,0.9545992779331193,0.0019466614755693985,0.7,0.39370001950458355,0.20548,0.00156,0.0,0.99844,
cfl_exp2_alpha0.5_n_mm2_seed3,2,0.5,3,5.0,0.9,50,0.5,anon,8,17,0.11082774461089362,0.7673284113849168,0.8244595555027449,0.7304455044389186,0.3954532149477998,0.4096521665700663,0.6239935270485786,0.1042139498167946,0.1587415749764448,0.6139192116231298,0.600053447354356,0.392357709094148,0.4221568889482828,0.3742,0.86848,0.07592,0.0556,0.49464458839128445
cfl_exp2_alpha0.5_n_mm2_seed3,2,0.5,3,5.0,0.9,50,0.5,id,8,17,0.11082774461089362,0.7673284113849168,0.8244595555027449,0.7304455044389186,0.3954532149477998,0.5173157383742587,0.7879896617870856,0.07503889191489543,0.11430131866221681,0.7334750900474087,0.6256590509666081,0.3645342515404132,0.43767984249583525,0.35278,0.84758,0.10022,0.0522,0.4875147696132953
cfl_exp2_alpha0.5_n_mm2_seed3,2,0.5,3,5.0,0.9,50,0.5,oracle,8,17,0.11082774461089362,0.7673284113849168,0.8244595555027449,0.7304455044389186,0.3954532149477998,0.5108984763784852,0.7782147105637954,0.08785959310378147,0.13383016583290688,0.7432289859948087,0.6094837261503928,0.34996777460638984,0.43713177180629403,0.3564,0.83234,0.11484,0.05282,
cfl_exp2_alpha0.5_n_mm2_seed3,2,0.5,3,5.0,0.99,50,0.5,competitive,8,17,0.11082774461089362,0.7673284113849168,0.8359231187505904,0.7634793551202803,0.3852721451440768,0.22213906763817537,0.33836838084223725,0.0,0.0,0.16955249044034357,1.0,0.3995111654260638,0.0,0.54006,0.0,0.0,0.0,
cfl_exp2_alpha0.5_n_mm2_seed3,2,0.5,3,5.0,0.99,50,0.5,markout,8,17,0.11082774461089362,0.7673284113849168,0.8359231187505904,0.7634793551202803,0.3852721451440768,0.28538903320750736,0.4347124803541781,0.2882179491717472,0.43902156350886984,0.7049181534611543,0.5085912784566714,0.3978533967557019,0.39888916940166624,0.32242,0.93892,0.0,0.06108,
cfl_exp2_alpha0.5_n_mm2_seed3,2,0.5,3,5.0,0.99,50,0.5,anon,8,17,0.11082774461089362,0.7673284113849168,0.8359231187505904,0.7634793551202803,0.3852721451440768,0.445934064913725,0.6792591195756117,0.12076407207597861,0.18395117962240748,0.6943944087961255,0.6259877544612487,0.38162514629660593,0.40436546802854345,0.38218,0.89698,0.05106,0.05196,0.47885235231388806
cfl_exp2_alpha0.5_n_mm2_seed3,2,0.5,3,5.0,0.99,50,0.5,id,8,17,0.11082774461089362,0.7673284113849168,0.8359231187505904,0.7634793551202803,0.3852721451440768,0.6073390331291111,0.9251156379071368,0.05262416176372146,0.08015858083177764,0.8364583283370207,0.6677589233469865,0.32553452506133895,0.4446988376188799,0.3418,0.82762,0.12912,0.04326,0.4645021279983722
cfl_exp2_alpha0.5_n_mm2_seed3,2,0.5,3,5.0,0.99,50,0.5,oracle,8,17,0.11082774461089362,0.7673284113849168,0.8359231187505904,0.7634793551202803,0.3852721451440768,0.569480522868481,0.8674485064377007,0.03468512269289726,0.052833339626807065,0.7514659556626141,0.6578013080037372,0.3334911466717167,0.48143429195485987,0.3211,0.77984,0.17902,0.04114,
cfl_exp2_alpha0.5_n_mm2_seed3,2,0.5,3,1.0,0.0,50,0.49999999999999994,competitive,8,17,0.11082774461089384,0.7673284113849168,0.7673284113849168,0.7302750764633822,0.38219326818675353,0.10407819956207426,0.15853479642831722,0.0,0.0,-0.010281093973576847,1.0,0.41631367844960077,0.0,0.53354,0.0,0.0,0.0,
cfl_exp2_alpha0.5_n_mm2_seed3,2,0.5,3,1.0,0.0,50,0.49999999999999994,markout,8,17,0.11082774461089384,0.7673284113849168,0.7673284113849168,0.7302750764633822,0.38219326818675353,0.2930398642680791,0.4463664381455193,0.28545979996658977,0.43482027424177644,0.7123708219854018,0.5070668077952805,0.39476915520628686,0.40848806366047746,0.32122,0.95706,0.0,0.04294,
cfl_exp2_alpha0.5_n_mm2_seed3,2,0.5,3,1.0,0.0,50,0.49999999999999994,anon,8,17,0.11082774461089384,0.7673284113849168,0.7673284113849168,0.7302750764633822,0.38219326818675353,0.3520287630637234,0.5362199627207641,0.059079515679718045,0.08999155472305723,0.4573956270419272,0.6081292602878061,0.4022749916971106,0.4080659708800412,0.3961,0.82754,0.09868,0.07378,0.5006568392598819
cfl_exp2_alpha0.5_n_mm2_seed3,2,0.5,3,1.0,0.0,50,0.49999999999999994,id,8,17,0.11082774461089384,0.7673284113849168,0.7673284113849168,0.7302750764633822,0.38219326818675353,0.3520287630637234,0.5362199627207641,0.059079515679718045,0.08999155472305723,0.4573956270419272,0.6081292602878061,0.4022749916971106,0.4080659708800412,0.3961,0.82754,0.09868,0.07378,0.5006568392598819
cfl_exp2_alpha0.5_n_mm2_seed3,2,0.5,3,1.0,0.0,50,0.49999999999999994,oracle,8,17,0.11082774461089384,0.7673284113849168,0.7673284113849168,0.7302750764633822,0.38219326818675353,0.3095633136942152,0.4715354139933743,0.06339705354956539,0.09656814799761289,0.39928767158909306,0.5816256495734876,0.40382670262980447,0.4115303491914694,0.40796,0.79,0.12,0.09,
cfl_exp2_alpha0.5_n_mm2_seed3,2,0.5,3,1.0,0.5,50,0.49999999999999994,competitive,8,17,0.11082774461089384,0.7673284113849168,0.8209296340736417,0.7650891853905075,0.38562543192812715,0.10571269230171063,0.16102450104304078,0.0,0.0,-0.007791389358853285,1.0,0.4255972440650041,0.0,0.53412,0.0,0.0,0.0,
cfl_exp2_alpha0.5_n_mm2_seed3,2,0.5,3,1.0,0.5,50,0.49999999999999994,markout,8,17,0.11082774461089384,0.7673284113849168,0.8209296340736417,0.7650891853905075,0.38562543192812715,-0.0013077489317530372,-0.001991999396099903,0.7650782775375018,1.1653884241991985,0.9945805344012046,0.0019698611247907023,0.55,0.3854732063554722,0.20306,0.00164,0.0,0.99836,
cfl_exp2_alpha0.5_n_mm2_seed3,2,0.5,3,1.0,0.5,50,0.49999999999999994,anon,8,17,0.11082774461089384,0.7673284113849168,0.8209296340736417,0.7650891853905075,0.38562543192812715,0.36161656948428933,0.5508243750326045,0.11382217602725866,0.17337709127786446,0.5553855759085748,0.5740222726553016,0.40226186097830086,0.4252261182009664,0.37894,0.85366,0.08098,0.06536,0.502265974304249
cfl_exp2_alpha0.5_n_mm2_seed3,2,0.5,3,1.0,0.5,50,0.49999999999999994,id,8,17,0.11082774461089384,0.7673284113849168,0.8209296340736417,0.7650891853905075,0.38562543192812715,0.4372880940666405,0.6660893372971415,0.10673213603231582,0.16257734597100504,0.6598507928662525,0.6027874564459931,0.38489769703642535,0.4319131161236424,0.36162,0.85886,0.08692,0.05422,0.49612546938021224
cfl_exp2_alpha0.5_n_mm2_seed3,2,0.5,3,1.0,0.5,50,0.49999999999999994,oracle,8,17,0.11082774461089384,0.7673284113849168,0.8209296340736417,0.7650891853905075,0.38562543192812715,0.44290593162942815,0.6746465830809015,0.11276000208122713,0.17175915850218132,0.6775898511811889,0.5938959487346585,0.37390270665691294,0.42631719711152716,0.36828,0.84626,0.0968,0.05694,
cfl_exp2_alpha0.5_n_mm2_seed3,2,0.5,3,1.0,0.9,50,0.49999999999999994,competitive,8,17,0.11082774461089384,0.7673284113849168,0.9314376472050786,0.7514219920643403,0.3799901429275505,0.12051405342460907,0.18357034428739089,0.0,0.0,0.014754453885496791,1.0,0.41791212495786045,0.0,0.53394,0.0,0.0,0.0,
cfl_exp2_alpha0.5_n_mm2_seed3,2,0.5,3,1.0,0.9,50,0.49999999999999994,markout,8,17,0.11082774461089384,0.7673284113849168,0.9314376472050786,0.7514219920643403,0.3799901429275505,-0.0016190738613815977,-0.0024662181522793584,0.7506755653735745,1.1434498140913052,0.9721677055371318,0.001966181675186787,0.8,0.3798266351457841,0.20344,0.00172,0.0,0.99828,
cfl_exp2_alpha0.5_n_mm2_seed3,2,0.5,3,1.0,0.9,50,0.49999999999999994,anon,8,17,0.11082774461089384,0.7673284113849168,0.9314376472050786,0.7514219920643403,0.3799901429275505,0.5415618380414731,0.8249219923913443,0.06080143458020712,0.09261442928760323,0.7487205312770536,0.6514473993880913,0.37084537572254334,0.46421336934503715,0.33992,0.91074,0.06494,0.02432,0.4983122286570253
cfl_exp2_alpha0.5_n_mm2_seed3,2,0.5,3,1.0,0.9,50,0.49999999999999994,id,8,17,0.11082774461089384,0.7673284113849168,0.9314376472050786,0.7514219920643403,0.3799901429275505,0.6695809860411243,1.019924304618572,0.01262137942178736,0.019225234734044562,0.8703336489507225,0.6062194068528649,0.2601880877742947,0.511699327288681,0.3473,0.72484,0.21964,0.05552,0.45991199180648623
cfl_exp2_alpha0.5_n_mm2_seed3,2,0.5,3,1.0,0.9,50,0.49999999999999994,oracle,8,17,0.11082774461089384,0.7673284113849168,0.9314376472050786,0.7514219920643403,0.3799901429275505,0.6269218319182426,0.9549446994454283,0.023585315184462108,0.03592580537710332,0.8220546144206373,0.5908564144165025,0.25880160831617144,0.5002124344993627,0.34516,0.68972,0.25232,0.05796,
cfl_exp2_alpha0.5_n_mm2_seed3,2,0.5,3,1.0,0.99,50,0.49999999999999994,competitive,8,17,0.11082774461089384,0.7673284113849168,0.9594752431196847,0.7838553451367746,0.3794128933231005,0.1819364219384033,0.27713059734184314,0.0,0.0,0.10831470693994905,1.0,0.39997022923489134,0.0,0.53744,0.0,0.0,0.0,
cfl_exp2_alpha0.5_n_mm2_seed3,2,0.5,3,1.0,0.99,50,0.49999999999999994,markout,8,17,0.11082774461089384,0.7673284113849168,0.9594752431196847,0.7838553451367746,0.3794128933231005,0.37913361341691904,0.577506821554261,0.3417292938563138,0.5205315259397016,0.9292224570920686,0.5124904931843445,0.3550228310502283,0.3651746069842794,0.34186,0.91842,0.0,0.08158,
cfl_exp2_alpha0.5_n_mm2_seed3,2,0.5,3,1.0,0.99,50,0.49999999999999994,anon,8,17,0.11082774461089384,0.7673284113849168,0.9594752431196847,0.7838553451367746,0.3794128933231005,0.7532395737941542,1.1473553827378369,0.00384901786377372,0.005862930623798753,0.9844024229597415,0.9359724336885968,0.3625,0.5294117647058824,0.24958,0.99028,0.0045,0.00522,0.4811609069627758
cfl_exp2_alpha0.5_n_mm2_seed3,2,0.5,3,1.0,0.99,50,0.49999999999999994,id,8,17,0.11082774461089384,0.7673284113849168,0.9594752431196847,0.7838553451367746,0.3794128933231005,0.8397693194289029,1.2791598880705535,-0.05190747094778248,-0.07906689752936653,1.0312771001392929,0.6643140168400198,0.19534016775396085,0.5466617484323129,0.32304,0.67908,0.2997,0.02122,0.43035042833941245
cfl_exp2_alpha0.5_n_mm2_seed3,2,0.5,3,1.0,0.99,50,0.49999999999999994,oracle,8,17,0.11082774461089384,0.7673284113849168,0.9594752431196847,0.7838553451367746,0.3794128933231005,0.7852802682115534,1.1961606559675564,0.059761595516388974,0.09103051762315997,1.118375283188822,0.5946802888849745,0.17535545023696683,0.4748660002897291,0.34062,0.6399,0.33252,0.02758,
cfl_exp2_alpha0.5_n_mm2_seed4,2,0.5,4,1000000.0,0.0,50,0.5000000000000001,competitive,8,17,0.11082774461089318,0.7673284113849165,0.7673284113849165,0.5899405184266363,0.40943604865462585,0.09046339038073331,0.13779634196757345,0.0,0.0,-0.03101954843431951,1.0,0.4234200464802459,0.0,0.53356,0.0,0.0,0.0,
cfl_exp2_alpha0.5_n_mm2_seed4,2,0.5,4,1000000.0,0.0,50,0.5000000000000001,markout,8,17,0.11082774461089318,0.7673284113849165,0.7673284113849165,0.5899405184266363,0.40943604865462585,0.35396839089837717,0.5391744575641353,0.22018163074000136,0.3353867587400196,0.705745325902262,0.5718503937007874,0.4012621916236374,0.4154789272030651,0.3048,0.94938,0.0,0.05062,
cfl_exp2_alpha0.5_n_mm2_seed4,2,0.5,4,1000000.0,0.0,50,0.5000000000000001,anon,8,17,0.11082774461089318,0.7673284113849165,0.7673284113849165,0.5899405184266363,0.40943604865462585,0.2966277608444361,0.4518316215915429,0.14030486453499172,0.2137162559551316,0.4967319871447815,0.5529282100095185,0.4073570716680257,0.4125952487673689,0.39922,0.79788,0.02858,0.17354,0.5015890030587487
cfl_exp2_alpha0.5_n_mm2_seed4,2,0.5,4,1000000.0,0.0,50,0.5000000000000001,id,8,17,0.11082774461089318,0.7673284113849165,0.7673284113849165,0.5899405184266363,0.40943604865462585,0.2966277608444361,0.4518316215915429,0.14030486453499172,0.2137162559551316,0.4967319871447815,0.5529282100095185,0.4073570716680257,0.4125952487673689,0.39922,0.79788,0.02858,0.17354,0.5015890030587487
cfl_exp2_alpha0.5_n_mm2_seed4,2,0.5,4,1000000.0,0.0,50,0.5000000000000001,oracle,8,17,0.11082774461089318,0.7673284113849165,0.7673284113849165,0.5899405184266363,0.40943604865462585,0.22765986490323495,0.3467778121565848,0.16769656490056883,0.25544005267292796,0.43340197442761985,0.5004725897920604,0.4118035882908404,0.40832544938505205,0.4232,0.76,0.03,0.21,
cfl_exp2_alpha0.5_n_mm2_seed4,2,0.5,4,1000000.0,0.5,50,0.5000000000000001,competitive,8,17,0.11082774461089318,0.7673284113849165,0.7673284113849165,0.591825064302427,0.4039898386132696,0.10702398305325339,0.16302189543714896,0.0,0.0,-0.005793994964744023,1.0,0.41999924758285995,0.0,0.53162,0.0,0.0,0.0,
cfl_exp2_alpha0.5_n_mm2_seed4,2,0.5,4,1000000.0,0.5,50,0.5000000000000001,markout,8,17,0.11082774461089318,0.7673284113849165,0.7673284113849165,0.591825064302427,0.4039898386132696,0.3883269370272702,0.5915103467228279,0.23365979096620504,0.35591706572726756,0.7786115220482025,0.5773230015232796,0.3926809682230125,0.39799435913506737,0.30198,0.95966,0.0,0.04034,
cfl_exp2_alpha0.5_n_mm2_seed4,2,0.5,4,1000000.0,0.5,50,0.5000000000000001,anon,8,17,0.11082774461089318,0.7673284113849165,0.7673284113849165,0.591825064302427,0.4039898386132696,0.30873812608470397,0.470278465369748,0.13988320561182355,0.2130739734038584,0.5145365483717134,0.5353327452709987,0.40113511534236546,0.4161569289179498,0.40812,0.79064,0.02884,0.18052,0.4976595566616977
cfl_exp2_alpha0.5_n_mm2_seed4,2,0.5,4,1000000.0,0.5,50,0.5000000000000001,id,8,17,0.11082774461089318,0.7673284113849165,0.7673284113849165,0.591825064302427,0.4039898386132696,0.30873812608470397,0.470278465369748,0.13988320561182355,0.2130739734038584,0.5145365483717134,0.5353327452709987,0.40113511534236546,0.4161569289179498,0.40812,0.79064,0.02884,0.18052,0.4976595566616977
cfl_exp2_alpha0.5_n_mm2_seed4,2,0.5,4,1000000.0,0.5,50,0.5000000000000001,oracle,8,17,0.11082774461089318,0.7673284113849165,0.7673284113849165,0.591825064302427,0.4039898386132696,0.25564018380971154,0.38939820893998645,0.16298372148221232,0.24826131903734014,0.46884363757543357,0.4980098337625849,0.4085566525622943,0.4134328358208955,0.4271,0.76,0.03,0.21,
cfl_exp2_alpha0.5_n_mm2_seed4,2,0.5,4,1000000.0,0.9,50,0.5000000000000001,competitive,8,17,0.11082774461089318,0.7673284113849165,0.7673284113849167,0.5850779207032066,0.4030755245814711,0.09159487115613794,0.13951984482548313,0.0,0.0,-0.029296045576409826,1.0,0.42293247201983025,0.0,0.53252,0.0,0.0,0.0,
cfl_exp2_alpha0.5_n_mm2_seed4,2,0.5,4,1000000.0,0.9,50,0.5000000000000001,markout,8,17,0.11082774461089318,0.7673284113849165,0.7673284113849167,0.5850779207032066,0.4030755245814711,0.3652952744325458,0.5564278803060005,0.23770574349569767,0.36207997268877,0.7496919625928776,0.5778268728660374,0.4094542926659715,0.4089755788138281,0.29874,0.95456,0.0,0.04544,
cfl_exp2_alpha0.5_n_mm2_seed4,2,0.5,4,1000000.0,0.9,50,0.5000000000000001,anon,8,17,0.11082774461089318,0.7673284113849165,0.7673284113849167,0.5850779207032066,0.4030755245814711,0.22443130872908135,0.3418599859645439,0.16598191188308858,0.25282824570263823,0.42587234126528917,0.5107035103682774,0.4115716429107277,0.4141137320152687,0.41762,0.76864,0.0296,0.20176,0.5064467627741109
cfl_exp2_alpha0.5_n_mm2_seed4,2,0.5,4,1000000.0,0.9,50,0.5000000000000001,id,8,17,0.11082774461089318,0.7673284113849165,0.7673284113849167,0.5850779207032066,0.4030755245814711,0.22443130872908135,0.3418599859645439,0.16598191188308858,0.25282824570263823,0.42587234126528917,0.5107035103682774,0.4115716429107277,0.4141137320152687,0.41762,0.76864,0.0296,0.20176,0.5064467627741109
cfl_exp2_alpha0.5_n_mm2_seed4,2,0.5,4,1000000.0,0.9,50,0.5000000000000001,oracle,8,17,0.11082774461089318,0.7673284113849165,0.7673284113849167,0.5850779207032066,0.4030755245814711,0.20532410742859633,0.31275536769450346,0.17264371955636512,0.26297569567555595,0.4069151729681665,0.4986272839155543,0.41218910195557246,0.41380287009063443,0.42252,0.76,0.03,0.21,
cfl_exp2_alpha0.5_n_mm2_seed4,2,0.5,4,1000000.0,0.99,50,0.5000000000000001,competitive,8,17,0.11082774461089318,0.7673284113849165,0.7673284113849167,0.6196631161097632,0.40233935667691384,0.10483399175345405,0.15968604002886622,0.0,0.0,-0.009129850373026747,1.0,0.423561829986411,0.0,0.52984,0.0,0.0,0.0,
cfl_exp2_alpha0.5_n_mm2_seed4,2,0.5,4,1000000.0,0.99,50,0.5000000000000001,markout,8,17,0.11082774461089318,0.7673284113849165,0.7673284113849167,0.6196631161097632,0.40233935667691384,0.3619899330255378,0.5513930927204066,0.22820581198157355,0.3476094138684633,0.7301866161869769,0.5764212803352937,0.40764629998827256,0.4154165336737951,0.29586,0.95834,0.0,0.04166,
cfl_exp2_alpha0.5_n_mm2_seed4,2,0.5,4,1000000.0,0.99,50,0.5000000000000001,anon,8,17,0.11082774461089318,0.7673284113849165,0.7673284113849167,0.6196631161097632,0.40233935667691384,0.27189359480051395,0.4141558547633639,0.16750170340623227,0.2551432342472985,0.5004831986087694,0.5149846801991574,0.4076415357441666,0.41516138584542495,0.41776,0.76786,0.02984,0.2023,0.49858764972085967
cfl_exp2_alpha0.5_n_mm2_seed4,2,0.5,4,1000000.0,0.99,50,0.5000000000000001,id,8,17,0.11082774461089318,0.7673284113849165,0.7673284113849167,0.6196631161097632,0.40233935667691384,0.27189359480051395,0.4141558547633639,0.16750170340623227,0.2551432342472985,0.5004831986087694,0.5149846801991574,0.4076415357441666,0.41516138584542495,0.41776,0.76786,0.02984,0.2023,0.49858764972085967
cfl_exp2_alpha0.5_n_mm2_seed4,2,0.5,4,1000000.0,0.99,50,0.5000000000000001,oracle,8,17,0.11082774461089318,0.7673284113849165,0.7673284113849167,0.6196631161097632,0.40233935667691384,0.25598394820728465,0.3899218403922778,0.17257916140252327,0.2628773589074319,0.48398330889781666,0.5030541218807709,0.4080384036144578,0.41600762267746544,0.42238,0.76,0.03,0.21,
cfl_exp2_alpha0.5_n_mm2_seed4,2,0.5,4,5.0,0.0,50,0.5,competitive,8,17,0.11082774461089362,0.7673284113849168,0.7673284113849168,0.590663171152714,0.4097088813358948,0.12373385807073715,0.18847483990953523,0.0,0.0,0.019658949507641563,1.0,0.4225558266091199,0.0,0.5329,0.0,0.0,0.0,
cfl_exp2_alpha0.5_n_mm2_seed4,2,0.5,4,5.0,0.0,50,0.5,markout,8,17,0.11082774461089362,0.7673284113849168,0.7673284113849168,0.590663171152714,0.4097088813358948,0.40023480112187865,0.6096487351468983,0.21994111573442848,0.33502039962152136,0.775853244366526,0.5749297431540422,0.3941116289644197,0.4089790897908979,0.30602,0.95194,0.0,0.04806,
cfl_exp2_alpha0.5_n_mm2_seed4,2,0.5,4,5.0,0.0,50,0.5,anon,8,17,0.11082774461089362,0.7673284113849168,0.7673284113849168,0.590663171152714,0.4097088813358948,0.2488832108281148,0.37910580053345766,0.18498145994357362,0.2817688835756306,0.49205879370719463,0.5099971706120909,0.4130374479889043,0.41093253777307287,0.42412,0.76256,0.03076,0.20668,0.4989329851790216
cfl_exp2_alpha0.5_n_mm2_seed4,2,0.5,4,5.0,0.0,50,0.5,id,8,17,0.11082774461089362,0.7673284113849168,0.7673284113849168,0.590663171152714,0.4097088813358948,0.2488832108281148,0.37910580053345766,0.18498145994357362,0.2817688835756306,0.49205879370719463,0.5099971706120909,0.4130374479889043,0.41093253777307287,0.42412,0.76256,0.03076,0.20668,0.4989329851790216
cfl_exp2_alpha0.5_n_mm2_seed4,2,0.5,4,5.0,0.0,50,0.5,oracle,8,17,0.11082774461089362,0.7673284113849168,0.7673284113849168,0.590663171152714,0.4097088813358948,0.24355403446192952,0.37098825147997033,0.18894716250718782,0.2878095515662684,0.4899819126443452,0.505750363798526,0.4122888435121589,0.41115015671003896,0.42606,0.76,0.03,0.21,
cfl_exp2_alpha0.5_n_mm2_seed4,2,0.5,4,5.0,0.5,50,0.5,competitive,8,17,0.11082774461089362,0.7673284113849168,0.784170209143298,0.596284385465838,0.3985735735735736,0.08664617580656632,0.13198185499542098,0.0,0.0,-0.036834035406472676,1.0,0.41895439543954394,0.0,0.53328,0.0,0.0,0.0,
cfl_exp2_alpha0.5_n_mm2_seed4,2,0.5,4,5.0,0.5,50,0.5,markout,8,17,0.11082774461089362,0.7673284113849168,0.784170209143298,0.596284385465838,0.3985735735735736,0.3620282952642283,0.5514515271449733,0.20892258498435604,0.3182366683814354,0.700872305124515,0.5675782018493016,0.39896013864818025,0.40870488322717624,0.30498,0.94958,0.0,0.05042,
cfl_exp2_alpha0.5_n_mm2_seed4,2,0.5,4,5.0,0.5,50,0.5,anon,8,17,0.11082774461089362,0.7673284113849168,0.784170209143298,0.596284385465838,0.3985735735735736,0.3843613442291323,0.5854698459300041,0.09261147920286186,0.14106837036121403,0.5577223258893245,0.587305633443793,0.39253472222222224,0.42100061766522545,0.3923,0.85968,0.06198,0.07834,0.49645701881904614
cfl_exp2_alpha0.5_n_mm2_seed4,2,0.5,4,5.0,0.5,50,0.5,id,8,17,0.11082774461089362,0.7673284113849168,0.784170209143298,0.596284385465838,0.3985735735735736,0.41577564471544964,0.6333209785734544,0.044839021332782836,0.0683000392872671,0.5328051274588279,0.6042310067943175,0.39185620580969416,0.42229158538171413,0.38856,0.84018,0.10232,0.0575,0.4946197065563293
cfl_exp2_alpha0.5_n_mm2_seed4,2,0.5,4,5.0,0.5,50,0.5,oracle,8,17,0.11082774461089362,0.7673284113849168,0.784170209143298,0.596284385465838,0.3985735735735736,0.3681855230329841,0.5608303870309986,0.03303192864404467,0.05031514865987901,0.4423296452889839,0.6024246192104445,0.39026487788097697,0.4401876465989054,0.38604,0.8392,0.1038,0.057,
cfl_exp2_alpha0.5_n_mm2_seed4,2,0.5,4,5.0,0.9,50,0.5,competitive,8,17,0.11082774461089362,0.7673284113849168,0.824459555502745,0.5818308292095503,0.4073356195020128,0.09056553271595687,0.13795192800182,0.0,0.0,-0.030863962400073663,1.0,0.42278212036123547,0.0,0.52708,0.0,0.0,0.0,
cfl_exp2_alpha0.5_n_mm2_seed4,2,0.5,4,5.0,0.9,50,0.5,markout,8,17,0.11082774461089362,0.7673284113849168,0.824459555502745,0.5818308292095503,0.4073356195020128,0.38568512119737336,0.587486259675242,0.21103867667090773,0.32145995785187864,0.7401303271252272,0.5683741360377237,0.39663598136151834,0.4049685722837474,0.30962,0.9385,0.0,0.0615,
cfl_exp2_alpha0.5_n_mm2_seed4,2,0.5,4,5.0,0.9,50,0.5,anon,8,17,0.11082774461089362,0.7673284113849168,0.824459555502745,0.5818308292095503,0.4073356195020128,0.45038861548560344,0.6860444143930071,-0.004714048786807666,-0.0071805696862000425,0.5100479543049135,0.6256004366812227,0.4059855160980717,0.44263012100889343,0.3664,0.8584,0.09596,0.04564,0.5083921211911211
cfl_exp2_alpha0.5_n_mm2_seed4,2,0.5,4,5.0,0.9,50,0.5,id,8,17,0.11082774461089362,0.7673284113849168,0.824459555502745,0.5818308292095503,0.4073356195020128,0.5244913088109567,0.7989196894319287,-0.008947499775964176,-0.01362907949497031,0.6164747195350647,0.6222063587941354,0.3537198835054276,0.47281976744186044,0.36422,0.81896,0.13198,0.04906,0.4899280595630298
cfl_exp2_alpha0.5_n_mm2_seed4,2,0.5,4,5.0,0.9,50,0.5,oracle,8,17,0.11082774461089362,0.7673284113849168,0.824459555502745,0.5818308292095503,0.4073356195020128,0.5409924584185553,0.824054697578506,0.0020146137727276303,0.0030687155012762367,0.6583075226778885,0.6019176723425359,0.34257987732307976,0.4808970099667774,0.36294,0.78668,0.15994,0.05338,
cfl_exp2_alpha0.5_n_mm2_seed4,2,0.5,4,5.0,0.99,50,0.5,competitive,8,17,0.11082774461089362,0.7673284113849168,0.8359231187505904,0.5997211648149782,0.4082572269605253,0.09297097592757823,0.1416159657299787,0.0,0.0,-0.02719992467191497,1.0,0.42863578346722725,0.0,0.53276,0.0,0.0,0.0,
cfl_exp2_alpha0.5_n_mm2_seed4,2,0.5,4,5.0,0.99,50,0.5,markout,8,17,0.11082774461089362,0.7673284113849168,0.8359231187505904,0.5997211648149782,0.4082572269605253,0.39747921588064455,0.605451351380672,0.21726465208095563,0.33094353604935667,0.7675789970281349,0.5499125477748267,0.38331959005772176,0.40040299366724236,0.30874,0.92304,0.0,0.07696,
cfl_exp2_alpha0.5_n_mm2_seed4,2,0.5,4,5.0,0.99,50,0.5,anon,8,17,0.11082774461089362,0.7673284113849168,0.8359231187505904,0.5997211648149782,0.4082572269605253,0.503421831570034,0.7668260780964582,-0.005468846320579104,-0.00833029819672911,0.5896798894978353,0.6266564450772095,0.3852673890248165,0.438985039601056,0.36524,0.8541,0.10252,0.04338,0.49216632941449195
cfl_exp2_alpha0.5_n_mm2_seed4,2,0.5,4,5.0,0.99,50,0.5,id,8,17,0.11082774461089362,0.7673284113849168,0.8359231187505904,0.5997211648149782,0.4082572269605253,0.712399510338739,1.0851466668562533,-0.002884963510407408,-0.0043944563294715635,0.9119363201248879,0.67146340013082,0.3020722635494155,0.4937556561085973,0.33634,0.79768,0.16626,0.03606,0.46143627577018026
cfl_exp2_alpha0.5_n_mm2_seed4,2,0.5,4,5.0,0.99,50,0.5,oracle,8,17,0.11082774461089362,0.7673284113849168,0.8359231187505904,0.5997211648149782,0.4082572269605253,0.6208577076691244,0.9457076574193829,-0.04771583724370536,-0.07268208496752346,0.7042096820499658,0.6184957700776451,0.33099119355443135,0.5126063183475091,0.34516,0.75272,0.19442,0.05286,
cfl_exp2_alpha0.5_n_mm2_seed4,2,0.5,4,1.0,0.0,50,0.5,competitive,8,17,0.11082774461089362,0.7673284113849168,0.7673284113849168,0.6108731416824875,0.4006548593540705,0.09070509174205726,0.1381645081760126,0.0,0.0,-0.030651382225881037,1.0,0.42277977797779775,0.0,0.53328,0.0,0.0,0.0,
cfl_exp2_alpha0.5_n_mm2_seed4,2,0.5,4,1.0,0.0,50,0.5,markout,8,17,0.11082774461089362,0.7673284113849168,0.7673284113849168,0.6108731416824875,0.4006548593540705,0.3701915780094079,0.5638860655366753,0.238177116431448,0.36279798100103366,0.7578681561358154,0.571561585528066,0.399813823597859,0.40841353616889164,0.30072,0.95652,0.0,0.04348,
cfl_exp2_alpha0.5_n_mm2_seed4,2,0.5,4,1.0,0.0,50,0.5,anon,8,17,0.11082774461089362,0.7673284113849168,0.7673284113849168,0.6108731416824875,0.4006548593540705,0.36509761071671504,0.5561267934589726,0.0901550444665572,0.13732666093024676,0.5246375639873258,0.5777120114297377,0.4051404345521993,0.4253262445625906,0.39196,0.81466,0.02764,0.1577,0.5039606989426718
cfl_exp2_alpha0.5_n_mm2_seed4,2,0.5,4,1.0,0.0,50,0.5,id,8,17,0.11082774461089362,0.7673284113849168,0.7673284113849168,0.6108731416824875,0.4006548593540705,0.36509761071671504,0.5561267934589726,0.0901550444665572,0.13732666093024676,0.5246375639873258,0.5777120114297377,0.4051404345521993,0.4253262445625906,0.39196,0.81466,0.02764,0.1577,0.5039606989426718
cfl_exp2_alpha0.5_n_mm2_seed4,2,0.5,4,1.0,0.0,50,0.5,oracle,8,17,0.11082774461089362,0.7673284113849168,0.7673284113849168,0.6108731416824875,0.4006548593540705,0.23163296946922918,0.35282975508227554,0.14524407267126843,0.22123979459911727,0.40525365927949913,0.5069268931947954,0.4187055673529683,0.41186521120075936,0.42732,0.76,0.03,0.21,
cfl_exp2_alpha0.5_n_mm2_seed4,2,0.5,4,1.0,0.5,50,0.5,competitive,8,17,0.11082774461089362,0.7673284113849168,0.8209296340736416,0.5748632977851154,0.4019410227696902,0.0962830269924351,0.14666097365225841,0.0,0.0,-0.022154916749635233,1.0,0.4212426658642997,0.0,0.53176,0.0,0.0,0.0,
cfl_exp2_alpha0.5_n_mm2_seed4,2,0.5,4,1.0,0.5,50,0.5,markout,8,17,0.11082774461089362,0.7673284113849168,0.8209296340736416,0.5748632977851154,0.4019410227696902,0.3814331401824788,0.5810095244180057,0.22174454371157803,0.3377674310693513,0.7499610650854631,0.5825733219605013,0.39858092127491834,0.4012889028607356,0.30482,0.9477,0.0,0.0523,
cfl_exp2_alpha0.5_n_mm2_seed4,2,0.5,4,1.0,0.5,50,0.5,anon,8,17,0.11082774461089362,0.7673284113849168,0.8209296340736416,0.5748632977851154,0.4019410227696902,0.3677133230494312,0.5601111189366139,0.017567780453150113,0.026759729795060805,0.41805495832978096,0.6005895738518825,0.40669938861620597,0.4231516250161854,0.38672,0.8416,0.10134,0.05706,0.50675649379147
cfl_exp2_alpha0.5_n_mm2_seed4,2,0.5,4,1.0,0.5,50,0.5,id,8,17,0.11082774461089362,0.7673284113849168,0.8209296340736416,0.5748632977851154,0.4019410227696902,0.39974899265760466,0.6089087382377388,0.012491332928059977,0.019027144312649527,0.4591199921484947,0.5853811238065425,0.3777183600713013,0.4503586258965647,0.38334,0.82094,0.12628,0.05278,0.5013253202123141
cfl_exp2_alpha0.5_n_mm2_seed4,2,0.5,4,1.0,0.5,50,0.5,oracle,8,17,0.11082774461089362,0.7673284113849168,0.8209296340736416,0.5748632977851154,0.4019410227696902,0.4194023718797142,0.638845309846545,0.012359951006857096,0.0188270197311339,0.48885643917578525,0.589587807049704,0.37354534956027363,0.44818785094435937,0.38186,0.82278,0.1237,0.05352,
cfl_exp2_alpha0.5_n_mm2_seed4,2,0.5,4,1.0,0.9,50,0.5,competitive,8,17,0.11082774461089362,0.7673284113849168,0.9314376472050788,0.6326104396697397,0.40560925600468656,0.053460148730589345,0.08143197933566011,0.0,0.0,-0.08738391106623355,1.0,0.42560957254665865,0.0,0.53152,0.0,0.0,0.0,
cfl_exp2_alpha0.5_n_mm2_seed4,2,0.5,4,1.0,0.9,50,0.5,markout,8,17,0.11082774461089362,0.7673284113849168,0.9314376472050788,0.6326104396697397,0.40560925600468656,0.3997531841820927,0.6089151228839398,0.2130857086707605,0.3245780536946623,0.7646772861767083,0.5681861288487071,0.39212195393345944,0.40102489019033677,0.31634,0.93326,0.0,0.06674,
cfl_exp2_alpha0.5_n_mm2_seed4,2,0.5,4,1.0,0.9,50,0.5,anon,8,17,0.11082774461089362,0.7673284113849168,0.9314376472050788,0.6326104396697397,0.40560925600468656,0.4343796982355087,0.661659188207692,0.0021364102681072318,0.0032542392966717496,0.4960975371024702,0.5952189634391322,0.37622342220722244,0.4478908188585608,0.39824,0.81614,0.1123,0.07156,0.4871506809905726
cfl_exp2_alpha0.5_n_mm2_seed4,2,0.5,4,1.0,0.9,50,0.5,id,8,17,0.11082774461089362,0.7673284113849168,0.9314376472050788,0.6326104396697397,0.40560925600468656,0.6417534883699278,0.9775366893737344,-0.023078709582062477,-0.03515412969109214,0.7735666692807486,0.5740182923489786,0.262761186909646,0.5141424530727694,0.36518,0.69508,0.25956,0.04536,0.4655000821995316
cfl_exp2_alpha0.5_n_mm2_seed4,2,0.5,4,1.0,0.9,50,0.5,oracle,8,17,0.11082774461089362,0.7673284113849168,0.9314376472050788,0.6326104396697397,0.40560925600468656,0.6301500427414398,0.9598619995893262,-0.0357252007770371,-0.054417615373624925,0.7366284938138076,0.5635229076577809,0.2616804273919378,0.5057687484324053,0.36538,0.6743,0.28084,0.04486,
cfl_exp2_alpha0.5_n_mm2_seed4,2,0.5,4,1.0,0.99,50,0.5,competitive,8,17,0.11082774461089362,0.7673284113849168,0.9594752431196846,0.5578325099343562,0.40532655046008825,0.27339560623281506,0.4164437601811632,0.0,0.0,0.24762786977926957,1.0,0.3938146623651129,0.0,0.53934,0.0,0.0,0.0,
cfl_exp2_alpha0.5_n_mm2_seed4,2,0.5,4,1.0,0.99,50,0.5,markout,8,17,0.11082774461089362,0.7673284113849168,0.9594752431196846,0.5578325099343562,0.40532655046008825,-0.0003538919397124863,-0.00053905800500017,0.5743499149973867,0.8748656994054297,0.7055107509985359,0.002012072434607646,0.7407407407407407,0.4039725209080048,0.26838,0.00382,0.0,0.99618,
cfl_exp2_alpha0.5_n_mm2_seed4,2,0.5,4,1.0,0.99,50,0.5,anon,8,17,0.11082774461089362,0.7673284113849168,0.9594752431196846,0.5578325099343562,0.40532655046008825,0.5610056011986527,0.8545392710039071,-0.07335869084702376,-0.1117419898558532,0.5739813907461604,0.6414921183329735,0.36447025161996127,0.5280831200120464,0.37048,0.8409,0.1022,0.0569,0.5014181592344876
cfl_exp2_alpha0.5_n_mm2_seed4,2,0.5,4,1.0,0.99,50,0.5,id,8,17,0.11082774461089362,0.7673284113849168,0.9594752431196846,0.5578325099343562,0.40532655046008825,0.707201167761496,1.0772284074540395,-0.05830584525299307,-0.08881307849922225,0.8195994385529235,0.5599935054391947,0.19319609548661448,0.4981549815498155,0.36954,0.64364,0.31798,0.03838,0.4336548100067782
cfl_exp2_alpha0.5_n_mm2_seed4,2,0.5,4,1.0,0.99,50,0.5,oracle,8,17,0.11082774461089362,0.7673284113849168,0.9594752431196846,0.5578325099343562,0.40532655046008825,0.7016487684779349,1.0687708390697679,-0.06130400903936576,-0.09337996462457131,0.8065749840433031,0.527155876310383,0.1548915758968722,0.4969919786096257,0.37966,0.58754,0.37584,0.03662,
