run,n_mm,alpha,seed,kappa,rho,rho_z,n_wallets,alpha_eff,policy,hC,hM,PiC,PiM,PiM_id,Pi_nominal,informed_share_nominal,entrant_pnl,entrant_pnl_norm,incumbent_pnl,incumbent_pnl_norm,delta_market,entrant_fill_share,entrant_informed_share,incumbent_informed_share,fill_rate,dec_undercut,dec_withdraw,dec_competitive,abar_hat
cfl_exp2_alpha0.3_n_mm2_seed0,2,0.3,0,5.0,0.0,0.0,50,0.29973965736877045,competitive,4,14,0.11943267886137865,1.5008330702367623,1.5008330702367623,1.256819448934725,0.2224200956040866,0.05257245918658525,0.038057365203322244,0.0,0.0,-0.048400319047415645,1.0,0.2643576003136845,0.0,0.7651,0.0,0.0,0.0,
cfl_exp2_alpha0.3_n_mm2_seed0,2,0.3,0,5.0,0.0,0.0,50,0.29973965736877045,markout,4,14,0.11943267886137865,1.5008330702367623,1.5008330702367623,1.256819448934725,0.2224200956040866,0.5841992955618887,0.42290367022426706,0.6096180305294899,0.4413043707932695,0.7777503567667986,0.5233233063593611,0.23567033678756477,0.23509021420318194,0.47206,0.9436,0.0,0.0564,
cfl_exp2_alpha0.3_n_mm2_seed0,2,0.3,0,5.0,0.0,0.0,50,0.29973965736877045,anon,4,14,0.11943267886137865,1.5008330702367623,1.5008330702367623,1.256819448934725,0.2224200956040866,0.3850875578765448,0.2787660697657212,0.008567046390969002,0.006201711281143673,0.19851009679612697,0.5714075729068674,0.2540515511653033,0.26373550998010836,0.68032,0.71052,0.16968,0.1198,0.30631039516592357
cfl_exp2_alpha0.3_n_mm2_seed0,2,0.3,0,5.0,0.0,0.0,50,0.29973965736877045,id,4,14,0.11943267886137865,1.5008330702367623,1.5008330702367623,1.256819448934725,0.2224200956040866,0.3850875578765448,0.2787660697657212,0.008567046390969002,0.006201711281143673,0.19851009679612697,0.5714075729068674,0.2540515511653033,0.26373550998010836,0.68032,0.71052,0.16968,0.1198,0.30631039516592357
cfl_exp2_alpha0.3_n_mm2_seed0,2,0.3,0,5.0,0.0,0.0,50,0.29973965736877045,oracle,4,14,0.11943267886137865,1.5008330702367623,1.5008330702367623,1.256819448934725,0.2224200956040866,0.383077151972004,0.2773107307365067,0.005984669819151231,0.00433232092340196,0.19518536740917075,0.5713110660673894,0.2542677910324969,0.2638936476392791,0.68082,0.71,0.17,0.12,
cfl_exp2_alpha0.3_n_mm2_seed0,2,0.3,0,5.0,0.0,0.9,50,0.29973965736877045,competitive,4,14,0.11943267886137865,1.5008330702367623,1.5008330702367623,1.2893558904786013,0.2176614573526643,0.14425002870616796,0.10442304027621291,0.0,0.0,0.017965356025475023,1.0,0.2653595455616345,0.0,0.76402,0.0,0.0,0.0,
cfl_exp2_alpha0.3_n_mm2_seed0,2,0.3,0,5.0,0.0,0.9,50,0.29973965736877045,markout,4,14,0.11943267886137865,1.5008330702367623,1.5008330702367623,1.2893558904786013,0.2176614573526643,0.5934439212561612,0.42959588325098275,0.6235292737943262,0.451374762659154,0.7945129616593989,0.5188170902456617,0.23994111874386653,0.23128471916056786,0.47138,0.93942,0.0,0.06058,
cfl_exp2_alpha0.3_n_mm2_seed0,2,0.3,0,5.0,0.0,0.9,50,0.29973965736877045,anon,4,14,0.11943267886137865,1.5008330702367623,1.5008330702367623,1.2893558904786013,0.2176614573526643,0.6138542968837029,0.4443710170608264,0.13594968784461176,0.09841439794964457,0.4563277307597331,0.6045687009887487,0.24069478908188585,0.2661665804449043,0.5866,0.81138,0.10954,0.07908,0.2998861284781195
cfl_exp2_alpha0.3_n_mm2_seed0,2,0.3,0,5.0,0.0,0.9,50,0.29973965736877045,id,4,14,0.11943267886137865,1.5008330702367623,1.5008330702367623,1.2893558904786013,0.2176614573526643,0.7774101028725984,0.5627695690013337,0.3038583576430114,0.2199640014148805,0.6962758861654764,0.6392728725529365,0.23436035247797013,0.24443459962343558,0.5006,0.91542,0.04862,0.03596,0.30378290789692025
cfl_exp2_alpha0.3_n_mm2_seed0,2,0.3,0,5.0,0.0,0.9,50,0.29973965736877045,oracle,4,14,0.11943267886137865,1.5008330702367623,1.5008330702367623,1.2893558904786013,0.2176614573526643,0.7931234170937326,0.574144485585431,0.29651454643037645,0.2146477938486418,0.7023345951833349,0.641379587894398,0.2352387525883165,0.24924250925822017,0.49696,0.9155,0.04802,0.03648,
cfl_exp2_alpha0.3_n_mm2_seed0,2,0.3,0,5.0,0.0,0.99,50,0.29973965736877045,competitive,4,14,0.11943267886137865,1.5008330702367623,1.5008330702367623,1.307343199019438,0.21238772455089822,0.1244369141472234,0.09008026559434262,0.0,0.0,0.0036225813436047264,1.0,0.26229937423088,0.0,0.76386,0.0,0.0,0.0,
cfl_exp2_alpha0.3_n_mm2_seed0,2,0.3,0,5.0,0.0,0.99,50,0.29973965736877045,markout,4,14,0.11943267886137865,1.5008330702367623,1.5008330702367623,1.307343199019438,0.21238772455089822,0.6134759324211139,0.4440971178604561,0.6053986499536121,0.43824994819268176,0.7958893818023999,0.5198360724998944,0.22480494148244473,0.2299164100307963,0.47338,0.938,0.0,0.062,
cfl_exp2_alpha0.3_n_mm2_seed0,2,0.3,0,5.0,0.0,0.99,50,0.29973965736877045,anon,4,14,0.11943267886137865,1.5008330702367623,1.5008330702367623,1.307343199019438,0.21238772455089822,0.6880074766694352,0.4980507324052691,0.2319832837666252,0.16793341395802872,0.57952646211256,0.6102532650263367,0.23097842151936152,0.24539479774136813,0.55436,0.85268,0.08544,0.06188,0.29666211569449374
cfl_exp2_alpha0.3_n_mm2_seed0,2,0.3,0,5.0,0.0,0.99,50,0.29973965736877045,id,4,14,0.11943267886137865,1.5008330702367623,1.5008330702367623,1.307343199019438,0.21238772455089822,0.6561866525504121,0.4750155397719871,0.21598469123796768,0.15635198352805135,0.5449098390493006,0.5975959186525963,0.23523564495380658,0.23740882250781523,0.57236,0.83228,0.10004,0.06768,0.295748281494587
cfl_exp2_alpha0.3_n_mm2_seed0,2,0.3,0,5.0,0.0,0.99,50,0.29973965736877045,oracle,4,14,0.11943267886137865,1.5008330702367623,1.5008330702367623,1.307343199019438,0.21238772455089822,0.9048694542026642,0.6550377861857531,0.35512326828866186,0.25707482820030575,0.825654930135321,0.6762748427961629,0.2214605673951405,0.24103218488586417,0.43574,0.97234,0.01376,0.0139,
cfl_exp2_alpha0.3_n_mm2_seed0,2,0.3,0,1.0,0.0,0.0,50,0.29999385107801696,competitive,4,14,0.11817269785667106,1.4998406974468963,1.4998406974468963,1.2569858530691014,0.22357457166931935,0.04644232730476263,0.0336132322081256,0.0,0.0,-0.05191577902447057,1.0,0.26765021318894033,0.0,0.76458,0.0,0.0,0.0,
cfl_exp2_alpha0.3_n_mm2_seed0,2,0.3,0,1.0,0.0,0.0,50,0.29999385107801696,markout,4,14,0.11817269785667106,1.4998406974468963,1.4998406974468963,1.2569858530691014,0.22357457166931935,0.5785461268932524,0.4187302065799001,0.6036834395332416,0.43692366017906026,0.7701248555263642,0.5284504404817636,0.24297334299750342,0.23492779783393503,0.46994,0.94128,0.0,0.05872,
cfl_exp2_alpha0.3_n_mm2_seed0,2,0.3,0,1.0,0.0,0.0,50,0.29999385107801696,anon,4,14,0.11817269785667106,1.4998406974468963,1.4998406974468963,1.2569858530691014,0.22357457166931935,0.408328774014286,0.29553320633856184,-0.010003047587185745,-0.007239834453828595,0.20276436065213707,0.5750162308918138,0.25239928149858865,0.27609193805985693,0.67772,0.71712,0.16578,0.1171,0.3050001677358017
cfl_exp2_alpha0.3_n_mm2_seed0,2,0.3,0,1.0,0.0,0.0,50,0.29999385107801696,id,4,14,0.11817269785667106,1.4998406974468963,1.4998406974468963,1.2569858530691014,0.22357457166931935,0.408328774014286,0.29553320633856184,-0.010003047587185745,-0.007239834453828595,0.20276436065213707,0.5750162308918138,0.25239928149858865,0.27609193805985693,0.67772,0.71712,0.16578,0.1171,0.3050001677358017
cfl_exp2_alpha0.3_n_mm2_seed0,2,0.3,0,1.0,0.0,0.0,50,0.29999385107801696,oracle,4,14,0.11817269785667106,1.4998406974468963,1.4998406974468963,1.2569858530691014,0.22357457166931935,0.39163337036905405,0.28344969304145756,-0.022767640767803125,-0.016478373078449775,0.1814423087304116,0.5734924255717377,0.2534421213666497,0.27674163466812945,0.68388,0.71,0.17,0.12,
cfl_exp2_alpha0.3_n_mm2_seed0,2,0.3,0,1.0,0.0,0.9,50,0.29999385107801696,competitive,4,14,0.11817269785667106,1.4998406974468963,1.4998406974468963,1.3178298365148469,0.21409674981103552,0.17650247904499314,0.12774594120826435,0.0,0.0,0.04221692997566818,1.0,0.26217494089834514,0.0,0.7614,0.0,0.0,0.0,
cfl_exp2_alpha0.3_n_mm2_seed0,2,0.3,0,1.0,0.0,0.9,50,0.29999385107801696,markout,4,14,0.11817269785667106,1.4998406974468963,1.4998406974468963,1.3178298365148469,0.21409674981103552,0.6097631247697762,0.4413239106287615,0.6007480914999495,0.434799164255175,0.7905940636513402,0.5267956510572724,0.24189485658568294,0.2308457711442786,0.46724,0.94056,0.0,0.05944,
cfl_exp2_alpha0.3_n_mm2_seed0,2,0.3,0,1.0,0.0,0.9,50,0.29999385107801696,anon,4,14,0.11817269785667106,1.4998406974468963,1.4998406974468963,1.3178298365148469,0.21409674981103552,0.9268074126416459,0.6707887950770505,0.31076975413649505,0.22492360988939678,0.8101833937338512,0.6730913752707661,0.22336792328911073,0.2549019607843137,0.45242,0.96864,0.0188,0.01256,0.3051667707007891
cfl_exp2_alpha0.3_n_mm2_seed0,2,0.3,0,1.0,0.0,0.9,50,0.29999385107801696,id,4,14,0.11817269785667106,1.4998406974468963,1.4998406974468963,1.3178298365148469,0.21409674981103552,0.9827770760176913,0.7112975594058508,0.30231117632976856,0.2188016053201116,0.8445701534933662,0.6804461643523788,0.21356884785226818,0.27140618321698246,0.4393,0.95384,0.03202,0.01414,0.3036141832945169
cfl_exp2_alpha0.3_n_mm2_seed0,2,0.3,0,1.0,0.0,0.9,50,0.29999385107801696,oracle,4,14,0.11817269785667106,1.4998406974468963,1.4998406974468963,1.3178298365148469,0.21409674981103552,1.127483158248372,0.8160304491258107,0.2444190075877405,0.17690140298554372,0.9074028408787582,0.7158947516006917,0.2006789398093746,0.28524428359927617,0.42794,0.95058,0.03656,0.01286,
cfl_exp2_alpha0.3_n_mm2_seed0,2,0.3,0,1.0,0.0,0.99,50,0.29999385107801696,competitive,4,14,0.11817269785667106,1.4998406974468963,1.4998406974468963,1.332222894449186,0.20486891385767791,0.1812079822006045,0.13115160968796202,0.0,0.0,0.04562259845536585,1.0,0.2524444910477888,0.0,0.76294,0.0,0.0,0.0,
cfl_exp2_alpha0.3_n_mm2_seed0,2,0.3,0,1.0,0.0,0.99,50,0.29999385107801696,markout,4,14,0.11817269785667106,1.4998406974468963,1.4998406974468963,1.332222894449186,0.20486891385767791,0.6401153943903416,0.4632917564712991,0.6588800367256731,0.4768729079063013,0.8546356531450041,0.5089025163882428,0.2164048865619546,0.2162418188081295,0.4729,0.91248,0.0,0.08752,
cfl_exp2_alpha0.3_n_mm2_seed0,2,0.3,0,1.0,0.0,0.99,50,0.29999385107801696,anon,4,14,0.11817269785667106,1.4998406974468963,1.4998406974468963,1.332222894449186,0.20486891385767791,1.3555428584546505,0.9810915928114982,0.12145178999498443,0.08790229637728063,0.9834648779561826,0.7873970503734916,0.17629530527852105,0.34256756756756757,0.41768,0.94106,0.04414,0.0148,0.2780559859615879
cfl_exp2_alpha0.3_n_mm2_seed0,2,0.3,0,1.0,0.0,0.99,50,0.29999385107801696,id,4,14,0.11817269785667106,1.4998406974468963,1.4998406974468963,1.332222894449186,0.20486891385767791,1.3034340023171047,0.9433771374191752,0.10036555686395539,0.07264086371959239,0.9304889899061713,0.7585614804922255,0.1756161971830986,0.3646779928881865,0.41932,0.92282,0.05658,0.0206,0.29211087576978145
cfl_exp2_alpha0.3_n_mm2_seed0,2,0.3,0,1.0,0.0,0.99,50,0.29999385107801696,oracle,4,14,0.11817269785667106,1.4998406974468963,1.4998406974468963,1.332222894449186,0.20486891385767791,1.3530219162492745,0.9792670284399388,0.08240877781687882,0.05964441373855339,0.9533824309458959,0.7877431229169776,0.16569840868906288,0.3972345910475744,0.40206,0.93436,0.05596,0.00968,
cfl_exp2_alpha0.3_n_mm2_seed1,2,0.3,1,5.0,0.0,0.0,50,0.29973965736877034,competitive,4,14,0.11943267886137954,1.5008330702367627,1.5008330702367627,1.448259044852764,0.21740478848778066,0.11574908490855997,0.08379111923756954,0.0,0.0,-0.002666565013168999,1.0,0.26280862181580666,0.0,0.7655,0.0,0.0,0.0,
cfl_exp2_alpha0.3_n_mm2_seed1,2,0.3,1,5.0,0.0,0.0,50,0.29973965736877034,markout,4,14,0.11943267886137954,1.5008330702367627,1.5008330702367627,1.448259044852764,0.21740478848778066,0.7445092083418956,0.5389525100688797,0.43438464463132587,0.3144523827728421,0.7669472085909832,0.5919206094627105,0.23090601185436072,0.2381478752149349,0.39904,0.92978,0.0,0.07022,
cfl_exp2_alpha0.3_n_mm2_seed1,2,0.3,1,5.0,0.0,0.0,50,0.29973965736877034,anon,4,14,0.11943267886137954,1.5008330702367627,1.5008330702367627,1.448259044852764,0.21740478848778066,1.2916629712260277,0.9350388050346439,0.08604189514580336,0.062285993027797144,0.9108671138117025,0.8564586064333972,0.21987402131041384,0.23709167544783982,0.39668,0.97114,0.00968,0.01918,0.29699472417958167
cfl_exp2_alpha0.3_n_mm2_seed1,2,0.3,1,5.0,0.0,0.0,50,0.29973965736877034,id,4,14,0.11943267886137954,1.5008330702367627,1.5008330702367627,1.448259044852764,0.21740478848778066,1.2916629712260277,0.9350388050346439,0.08604189514580336,0.062285993027797144,0.9108671138117025,0.8564586064333972,0.21987402131041384,0.23709167544783982,0.39668,0.97114,0.00968,0.01918,0.29699472417958167
cfl_exp2_alpha0.3_n_mm2_seed1,2,0.3,1,5.0,0.0,0.0,50,0.29973965736877034,oracle,4,14,0.11943267886137954,1.5008330702367627,1.5008330702367627,1.448259044852764,0.21740478848778066,1.3045617590623568,0.9443762772960254,0.07139793609152834,0.05168518594412833,0.9096037789894151,0.8626906373093627,0.21980916700813674,0.23795513056270687,0.39604,0.97,0.01,0.02,
cfl_exp2_alpha0.3_n_mm2_seed1,2,0.3,1,5.0,0.0,0.9,50,0.29973965736877034,competitive,4,14,0.11943267886137954,1.5008330702367627,1.5008330702367627,1.4402584391691822,0.2114479382413858,0.17606905311804333,0.12745693009594503,0.0,0.0,0.04099924584520649,1.0,0.2573650718831016,0.0,0.76374,0.0,0.0,0.0,
cfl_exp2_alpha0.3_n_mm2_seed1,2,0.3,1,5.0,0.0,0.9,50,0.29973965736877034,markout,4,14,0.11943267886137954,1.5008330702367627,1.5008330702367627,1.4402584391691822,0.2114479382413858,0.7492503789510262,0.5423846580823967,0.47081431463280166,0.34082393314225007,0.7967509069739084,0.5915662047921565,0.2204464738711314,0.22963870177587262,0.39982,0.93118,0.0,0.06882,
cfl_exp2_alpha0.3_n_mm2_seed1,2,0.3,1,5.0,0.0,0.9,50,0.29973965736877034,anon,4,14,0.11943267886137954,1.5008330702367627,1.5008330702367627,1.4402584391691822,0.2114479382413858,1.2515652236840236,0.9060119220307372,0.08196606789709529,0.059335489123096496,0.8788897269030952,0.8428984928635592,0.21580817051509768,0.23856416772554004,0.40076,0.96664,0.01142,0.02194,0.29522928359236283
cfl_exp2_alpha0.3_n_mm2_seed1,2,0.3,1,5.0,0.0,0.9,50,0.29973965736877034,id,4,14,0.11943267886137954,1.5008330702367627,1.5008330702367627,1.4402584391691822,0.2114479382413858,1.1205230890885376,0.811150117000398,0.14129998495296892,0.10228749451293004,0.8269799272625894,0.7586317575312944,0.21891810214566335,0.2412613981762918,0.43618,0.95386,0.02004,0.0261,0.29157436268958226
cfl_exp2_alpha0.3_n_mm2_seed1,2,0.3,1,5.0,0.0,0.9,50,0.29973965736877034,oracle,4,14,0.11943267886137954,1.5008330702367627,1.5008330702367627,1.4402584391691822,0.2114479382413858,1.0351630722368768,0.7493577377708882,0.20390416832712682,0.1476068557676539,0.8105069092878036,0.7232618554885298,0.2264093510288567,0.24136833731105808,0.45422,0.95046,0.02294,0.0266,
cfl_exp2_alpha0.3_n_mm2_seed1,2,0.3,1,5.0,0.0,0.99,50,0.29973965736877034,competitive,4,14,0.11943267886137954,1.5008330702367627,1.5008330702367627,1.4271029982618502,0.2111216429699842,0.19587258700452662,0.14179276929949847,0.0,0.0,0.05533508504875993,1.0,0.2565403934700712,0.0,0.76448,0.0,0.0,0.0,
cfl_exp2_alpha0.3_n_mm2_seed1,2,0.3,1,5.0,0.0,0.99,50,0.29973965736877034,markout,4,14,0.11943267886137954,1.5008330702367627,1.5008330702367627,1.4271029982618502,0.2111216429699842,0.7355449804975748,0.5324632779097693,0.49830174638249203,0.3607221696863433,0.8067277633453741,0.5815551537070525,0.22565742714996445,0.22916409433263366,0.3871,0.93622,0.0,0.06378,
cfl_exp2_alpha0.3_n_mm2_seed1,2,0.3,1,5.0,0.0,0.99,50,0.29973965736877034,anon,4,14,0.11943267886137954,1.5008330702367627,1.5008330702367627,1.4271029982618502,0.2111216429699842,1.2059117668891277,0.8729632439791541,0.1347592177434431,0.09755261297506285,0.8840581727034785,0.7965618767214361,0.22028138786216764,0.24603174603174602,0.42116,0.9679,0.01328,0.01882,0.29445480981884786
cfl_exp2_alpha0.3_n_mm2_seed1,2,0.3,1,5.0,0.0,0.99,50,0.29973965736877034,id,4,14,0.11943267886137954,1.5008330702367627,1.5008330702367627,1.4271029982618502,0.2111216429699842,1.2031028036826992,0.8709298268584078,0.1447965681083293,0.10481868183355837,0.8892908244412278,0.7941048562454699,0.21485943775100402,0.25041070171321284,0.4139,0.97214,0.01104,0.01682,0.2941012866267041
cfl_exp2_alpha0.3_n_mm2_seed1,2,0.3,1,5.0,0.0,0.99,50,0.29973965736877034,oracle,4,14,0.11943267886137954,1.5008330702367627,1.5008330702367627,1.4271029982618502,0.2111216429699842,1.1642176535410547,0.8427807468491508,0.14309728067607955,0.10358856242512396,0.8599116250235362,0.7881161635460451,0.21684848484848485,0.2430117222723174,0.41872,0.97472,0.01702,0.00826,
cfl_exp2_alpha0.3_n_mm2_seed1,2,0.3,1,1.0,0.0,0.0,50,0.299993851078017,competitive,4,14,0.11817269785667084,1.4998406974468959,1.4998406974468959,1.4360005016524986,0.21508888749293298,0.16520955095508943,0.11957253913681672,0.0,0.0,0.03404352790422068,1.0,0.26404169079328316,0.0,0.75988,0.0,0.0,0.0,
cfl_exp2_alpha0.3_n_mm2_seed1,2,0.3,1,1.0,0.0,0.0,50,0.299993851078017,markout,4,14,0.11817269785667084,1.4998406974468959,1.4998406974468959,1.4360005016524986,0.21508888749293298,0.7355356360496502,0.5323533846537629,0.46824344204596546,0.33889721856830807,0.785721591989475,0.5893486828458826,0.2339639243290805,0.23664604116681398,0.38568,0.93504,0.0,0.06496,
cfl_exp2_alpha0.3_n_mm2_seed1,2,0.3,1,1.0,0.0,0.0,50,0.299993851078017,anon,4,14,0.11817269785667084,1.4998406974468959,1.4998406974468959,1.4360005016524986,0.21508888749293298,1.2626800237464022,0.9138809208296694,0.08773668971577256,0.063500558558057,0.8918524681551304,0.8479003415712276,0.22381516587677724,0.2509907529722589,0.39816,0.97292,0.00914,0.01794,0.30042979975939127
cfl_exp2_alpha0.3_n_mm2_seed1,2,0.3,1,1.0,0.0,0.0,50,0.299993851078017,id,4,14,0.11817269785667084,1.4998406974468959,1.4998406974468959,1.4360005016524986,0.21508888749293298,1.2626800237464022,0.9138809208296694,0.08773668971577256,0.063500558558057,0.8918524681551304,0.8479003415712276,0.22381516587677724,0.2509907529722589,0.39816,0.97292,0.00914,0.01794,0.30042979975939127
cfl_exp2_alpha0.3_n_mm2_seed1,2,0.3,1,1.0,0.0,0.0,50,0.299993851078017,oracle,4,14,0.11817269785667084,1.4998406974468959,1.4998406974468959,1.4360005016524986,0.21508888749293298,1.310894203452781,0.9487765540213466,0.07797354145193088,0.056434354327563684,0.9196818971163143,0.861367556051537,0.22295506742830223,0.25064032199048664,0.39428,0.97,0.01,0.02,
cfl_exp2_alpha0.3_n_mm2_seed1,2,0.3,1,1.0,0.0,0.9,50,0.299993851078017,competitive,4,14,0.11817269785667084,1.4998406974468959,1.4998406974468959,1.4469855819049537,0.21610729802909137,0.1535404868873494,0.1111269038096608,0.0,0.0,0.025597892577064768,1.0,0.2628575915408171,0.0,0.76414,0.0,0.0,0.0,
cfl_exp2_alpha0.3_n_mm2_seed1,2,0.3,1,1.0,0.0,0.9,50,0.299993851078017,markout,4,14,0.11817269785667084,1.4998406974468959,1.4998406974468959,1.4469855819049537,0.21610729802909137,0.6941583079284428,0.5024060108031135,0.4869748304144301,0.35245430201673417,0.7693313015872516,0.58544,0.23986517263368862,0.2486813328187315,0.375,0.93968,0.0,0.06032,
cfl_exp2_alpha0.3_n_mm2_seed1,2,0.3,1,1.0,0.0,0.9,50,0.299993851078017,anon,4,14,0.11817269785667084,1.4998406974468959,1.4998406974468959,1.4469855819049537,0.21610729802909137,0.873327325946575,0.6320818939177765,0.256717134575393,0.18580233069849644,0.7323552133836768,0.6614368290668868,0.22771535580524344,0.2553658536585366,0.4844,0.933,0.05144,0.01556,0.30134963176318774
cfl_exp2_alpha0.3_n_mm2_seed1,2,0.3,1,1.0,0.0,0.9,50,0.299993851078017,id,4,14,0.11817269785667084,1.4998406974468959,1.4998406974468959,1.4469855819049537,0.21610729802909137,0.9367840475797637,0.6780095130361238,0.2462213504885165,0.1782058718603462,0.7706863736638739,0.6620432450553134,0.2112158997404899,0.2662120272783633,0.47728,0.92578,0.05962,0.0146,0.29736196530838754
cfl_exp2_alpha0.3_n_mm2_seed1,2,0.3,1,1.0,0.0,0.9,50,0.299993851078017,oracle,4,14,0.11817269785667084,1.4998406974468959,1.4998406974468959,1.4469855819049537,0.21610729802909137,0.9461020816471669,0.6847535601372846,0.2651349827028799,0.19189485663814576,0.7911194055428344,0.6666953750753596,0.20921069629246866,0.27080103359173124,0.46444,0.92608,0.0544,0.01952,
cfl_exp2_alpha0.3_n_mm2_seed1,2,0.3,1,1.0,0.0,0.99,50,0.299993851078017,competitive,4,14,0.11817269785667084,1.4998406974468959,1.4998406974468959,1.4821315324188788,0.20950229084290467,0.22321854176735298,0.1615572929484906,0.0,0.0,0.07602828171589458,1.0,0.2550120709562297,0.0,0.76216,0.0,0.0,0.0,
cfl_exp2_alpha0.3_n_mm2_seed1,2,0.3,1,1.0,0.0,0.99,50,0.299993851078017,markout,4,14,0.11817269785667084,1.4998406974468959,1.4998406974468959,1.4821315324188788,0.20950229084290467,0.6931664669111945,0.5016881530995679,0.5739874423430855,0.4154307999557916,0.8315899418227636,0.5514914582552348,0.2158671586715867,0.2186268656716418,0.37346,0.93612,0.0,0.06388,
cfl_exp2_alpha0.3_n_mm2_seed1,2,0.3,1,1.0,0.0,0.99,50,0.299993851078017,anon,4,14,0.11817269785667084,1.4998406974468959,1.4998406974468959,1.4821315324188788,0.20950229084290467,1.0968085122716291,0.7938292792457526,0.28031942919716435,0.20288479524770167,0.9111850632608582,0.6899918999189992,0.18952585925780996,0.281463202206416,0.44444,0.93088,0.05074,0.01838,0.2806737846980243
cfl_exp2_alpha0.3_n_mm2_seed1,2,0.3,1,1.0,0.0,0.99,50,0.299993851078017,id,4,14,0.11817269785667084,1.4998406974468959,1.4998406974468959,1.4821315324188788,0.20950229084290467,0.9664198916061023,0.6994588366327679,0.21584483533519164,0.15622047800137723,0.770150303401549,0.6746691952933064,0.19753401903788412,0.2992845786963434,0.46402,0.91112,0.06154,0.02734,0.30368746469065633
cfl_exp2_alpha0.3_n_mm2_seed1,2,0.3,1,1.0,0.0,0.99,50,0.299993851078017,oracle,4,14,0.11817269785667084,1.4998406974468959,1.4998406974468959,1.4821315324188788,0.20950229084290467,1.121838957307776,0.8119453860409961,0.2491450865107059,0.18032196344172213,0.9067383382501222,0.6837914691943128,0.17902689215414472,0.31819544364508395,0.422,0.9096,0.06748,0.02292,
cfl_exp2_alpha0.3_n_mm2_seed2,2,0.3,2,5.0,0.0,0.0,50,0.29973965736877034,competitive,4,14,0.11943267886137954,1.5008330702367627,1.5008330702367627,1.2881177300304008,0.23061164764413228,0.1124392974705228,0.0813951539123087,0.0,0.0,-0.005062530338429838,1.0,0.26287106662823906,0.0,0.76334,0.0,0.0,0.0,
cfl_exp2_alpha0.3_n_mm2_seed2,2,0.3,2,5.0,0.0,0.0,50,0.29973965736877034,markout,4,14,0.11943267886137954,1.5008330702367627,1.5008330702367627,1.2881177300304008,0.23061164764413228,0.6648293683593673,0.4812720283779809,0.7252597859711276,0.5250177938990064,0.9198321380262487,0.5199547511312217,0.22661213123313897,0.22386652841926666,0.442,0.9999,0.0,0.0001,
cfl_exp2_alpha0.3_n_mm2_seed2,2,0.3,2,5.0,0.0,0.0,50,0.29973965736877034,anon,4,14,0.11943267886137954,1.5008330702367627,1.5008330702367627,1.2881177300304008,0.23061164764413228,1.4911077356298708,1.0794174845609086,0.01265915343028864,0.009164000176433009,1.002123800486603,0.9896076599719758,0.21882005899705015,0.21910112359550563,0.34256,1.0,0.0,0.0,0.29892002939425594
cfl_exp2_alpha0.3_n_mm2_seed2,2,0.3,2,5.0,0.0,0.0,50,0.29973965736877034,id,4,14,0.11943267886137954,1.5008330702367627,1.5008330702367627,1.2881177300304008,0.23061164764413228,1.4911077356298708,1.0794174845609086,0.01265915343028864,0.009164000176433009,1.002123800486603,0.9896076599719758,0.21882005899705015,0.21910112359550563,0.34256,1.0,0.0,0.0,0.29892002939425594
cfl_exp2_alpha0.3_n_mm2_seed2,2,0.3,2,5.0,0.0,0.0,50,0.29973965736877034,oracle,4,14,0.11943267886137954,1.5008330702367627,1.5008330702367627,1.2881177300304008,0.23061164764413228,1.4777012601922845,1.0697124956805752,0.014881909013179886,0.010773059792145274,0.9940278712219822,0.9891489236905391,0.21892789373814042,0.24864864864864866,0.34098,1.0,0.0,0.0,
cfl_exp2_alpha0.3_n_mm2_seed2,2,0.3,2,5.0,0.0,0.9,50,0.29973965736877034,competitive,4,14,0.11943267886137954,1.5008330702367627,1.5008330702367627,1.2644793826568739,0.22897223349371051,0.07148175756210406,0.05174586456496778,0.0,0.0,-0.03471181968577077,1.0,0.2646788870532085,0.0,0.76266,0.0,0.0,0.0,
cfl_exp2_alpha0.3_n_mm2_seed2,2,0.3,2,5.0,0.0,0.9,50,0.29973965736877034,markout,4,14,0.11943267886137954,1.5008330702367627,1.5008330702367627,1.2644793826568739,0.22897223349371051,0.6512263424436823,0.471424756000896,0.7011031032934765,0.5075306968716198,0.8924977686217773,0.5160159935307067,0.2348946543618318,0.23057644110275688,0.44518,0.99986,0.0,0.00014,
cfl_exp2_alpha0.3_n_mm2_seed2,2,0.3,2,5.0,0.0,0.9,50,0.29973965736877034,anon,4,14,0.11943267886137954,1.5008330702367627,1.5008330702367627,1.2644793826568739,0.22897223349371051,0.9782812833627362,0.7081808355278633,0.24298806019477395,0.17589980552477208,0.7976229568018969,0.7312604825183847,0.23247471183251,0.24307889262281965,0.46506,0.98776,0.00886,0.00338,0.3081356276483446
cfl_exp2_alpha0.3_n_mm2_seed2,2,0.3,2,5.0,0.0,0.9,50,0.29973965736877034,id,4,14,0.11943267886137954,1.5008330702367627,1.5008330702367627,1.2644793826568739,0.22897223349371051,0.9783174879140641,0.7082070441141313,0.28017229646028496,0.2028175887378554,0.8245669486012481,0.7296113615103325,0.2352701206364007,0.2368296902028621,0.47036,0.99112,0.0063,0.00258,0.30484378646892335
cfl_exp2_alpha0.3_n_mm2_seed2,2,0.3,2,5.0,0.0,0.9,50,0.29973965736877034,oracle,4,14,0.11943267886137954,1.5008330702367627,1.5008330702367627,1.2644793826568739,0.22897223349371051,1.010692289712093,0.7316432628962868,0.2443909196033463,0.17691533977344534,0.8221009184189936,0.7401274437556895,0.23333723790558744,0.24437030859049208,0.46138,0.9888,0.00858,0.00262,
cfl_exp2_alpha0.3_n_mm2_seed2,2,0.3,2,5.0,0.0,0.99,50,0.29973965736877034,competitive,4,14,0.11943267886137954,1.5008330702367627,1.5008330702367627,1.2822144690504231,0.2342483205930044,0.05541380456776903,0.0401142238801573,0.0,0.0,-0.046343460370581256,1.0,0.27422901722603277,0.0,0.76396,0.0,0.0,0.0,
cfl_exp2_alpha0.3_n_mm2_seed2,2,0.3,2,5.0,0.0,0.99,50,0.29973965736877034,markout,4,14,0.11943267886137954,1.5008330702367627,1.5008330702367627,1.2822144690504231,0.2342483205930044,0.6369021786317315,0.46105544967857115,0.7282138233940653,0.5271562306921193,0.9017539961199519,0.5181998378232273,0.22854907415456838,0.2230949041608228,0.44396,0.99858,0.0,0.00142,
cfl_exp2_alpha0.3_n_mm2_seed2,2,0.3,2,5.0,0.0,0.99,50,0.29973965736877034,anon,4,14,0.11943267886137954,1.5008330702367627,1.5008330702367627,1.2822144690504231,0.2342483205930044,1.1913001451343843,0.8623858459662613,0.14298432451896503,0.1035067931149227,0.8794349548304455,0.8080415675229446,0.22415865384615385,0.26789779913989376,0.41186,0.99442,0.00382,0.00176,0.30798968437480595
cfl_exp2_alpha0.3_n_mm2_seed2,2,0.3,2,5.0,0.0,0.99,50,0.29973965736877034,id,4,14,0.11943267886137954,1.5008330702367627,1.5008330702367627,1.2822144690504231,0.2342483205930044,1.193978725136736,0.8643248782838103,0.14028305428007015,0.10155133526522181,0.8794185292982936,0.8084466019417476,0.22312957847964454,0.2863659401926001,0.412,0.9968,0.00256,0.00064,0.310406266909727
cfl_exp2_alpha0.3_n_mm2_seed2,2,0.3,2,5.0,0.0,0.99,50,0.29973965736877034,oracle,4,14,0.11943267886137954,1.5008330702367627,1.5008330702367627,1.2822144690504231,0.2342483205930044,1.148589935839045,0.8314677938490073,0.1221666490631182,0.08843681370430458,0.8334469233025733,0.7983487735803773,0.2353896103896104,0.28850273744346583,0.41666,0.99678,0.00244,0.00078,
cfl_exp2_alpha0.3_n_mm2_seed2,2,0.3,2,1.0,0.0,0.0,50,0.299993851078017,competitive,4,14,0.11817269785667084,1.4998406974468959,1.4998406974468959,1.255063160343496,0.23425219941348974,0.10202126974611594,0.07383920723095086,0.0,0.0,-0.011689804001645168,1.0,0.2624665020230151,0.0,0.76124,0.0,0.0,0.0,
cfl_exp2_alpha0.3_n_mm2_seed2,2,0.3,2,1.0,0.0,0.0,50,0.299993851078017,markout,4,14,0.11817269785667084,1.4998406974468959,1.4998406974468959,1.255063160343496,0.23425219941348974,0.6783760437950027,0.49098339398190843,0.7169114555166334,0.5188738942562576,0.9243282770055701,0.5245650410168575,0.2289053101907544,0.22421312097080015,0.44372,0.9998,0.0,0.0002,
cfl_exp2_alpha0.3_n_mm2_seed2,2,0.3,2,1.0,0.0,0.0,50,0.299993851078017,anon,4,14,0.11817269785667084,1.4998406974468959,1.4998406974468959,1.255063160343496,0.23425219941348974,1.4858974182223765,1.0754373834112565,0.01506965101808156,0.010906853905967944,1.0008152260846286,0.9893690778830598,0.2189324924083158,0.22282608695652173,0.34616,0.99998,0.0,2e-05,0.29842446373881976
cfl_exp2_alpha0.3_n_mm2_seed2,2,0.3,2,1.0,0.0,0.0,50,0.299993851078017,id,4,14,0.11817269785667084,1.4998406974468959,1.4998406974468959,1.255063160343496,0.23425219941348974,1.4858974182223765,1.0754373834112565,0.01506965101808156,0.010906853905967944,1.0008152260846286,0.9893690778830598,0.2189324924083158,0.22282608695652173,0.34616,0.99998,0.0,2e-05,0.29842446373881976
cfl_exp2_alpha0.3_n_mm2_seed2,2,0.3,2,1.0,0.0,0.0,50,0.299993851078017,oracle,4,14,0.11817269785667084,1.4998406974468959,1.4998406974468959,1.255063160343496,0.23425219941348974,1.4867374717214374,1.076045382944654,0.016951009741056133,0.012268511499204918,1.0027848832112627,0.989110394100023,0.22065590959398845,0.20105820105820105,0.34712,1.0,0.0,0.0,
cfl_exp2_alpha0.3_n_mm2_seed2,2,0.3,2,1.0,0.0,0.9,50,0.299993851078017,competitive,4,14,0.11817269785667084,1.4998406974468959,1.4998406974468959,1.2400893273909364,0.23501632462686567,0.0665637771795215,0.04817639056507278,0.0,0.0,-0.03735262066752324,1.0,0.2667103023956015,0.0,0.7639,0.0,0.0,0.0,
cfl_exp2_alpha0.3_n_mm2_seed2,2,0.3,2,1.0,0.0,0.9,50,0.299993851078017,markout,4,14,0.11817269785667084,1.4998406974468959,1.4998406974468959,1.2400893273909364,0.23501632462686567,0.6891973877248677,0.4988154809471377,0.7167137476431957,0.5187308006378947,0.9320172703524363,0.5205720472796175,0.21726319438426206,0.22207584454690882,0.44332,0.9996,0.0,0.0004,
cfl_exp2_alpha0.3_n_mm2_seed2,2,0.3,2,1.0,0.0,0.9,50,0.299993851078017,anon,4,14,0.11817269785667084,1.4998406974468959,1.4998406974468959,1.2400893273909364,0.23501632462686567,0.8396489362770576,0.6077067258748705,0.3164758052969622,0.22905343786700028,0.7512311525092746,0.671370475803172,0.22672481676661216,0.250711545600792,0.4918,0.96358,0.0217,0.01472,0.3021953326540847
cfl_exp2_alpha0.3_n_mm2_seed2,2,0.3,2,1.0,0.0,0.9,50,0.299993851078017,id,4,14,0.11817269785667084,1.4998406974468959,1.4998406974468959,1.2400893273909364,0.23501632462686567,0.9584018379974445,0.6936556671224109,0.29002728140677514,0.2099109782471559,0.8180376341369708,0.6710790045097712,0.2108145106091718,0.25783927891329184,0.47896,0.94732,0.03732,0.01536,0.2933228915873406
cfl_exp2_alpha0.3_n_mm2_seed2,2,0.3,2,1.0,0.0,0.9,50,0.299993851078017,oracle,4,14,0.11817269785667084,1.4998406974468959,1.4998406974468959,1.2400893273909364,0.23501632462686567,0.8538586012888788,0.6179911538387776,0.29622603882994486,0.21439740872467158,0.7468595513308531,0.6463770498540956,0.21498060660011445,0.2611576011157601,0.48662,0.9329,0.05048,0.01662,
cfl_exp2_alpha0.3_n_mm2_seed2,2,0.3,2,1.0,0.0,0.99,50,0.299993851078017,competitive,4,14,0.11817269785667084,1.4998406974468959,1.4998406974468959,1.1708019003418397,0.25153736991485337,0.18005964074882078,0.13032048278039504,0.0,0.0,0.04479147154779901,1.0,0.2524355978046795,0.0,0.76162,0.0,0.0,0.0,
cfl_exp2_alpha0.3_n_mm2_seed2,2,0.3,2,1.0,0.0,0.99,50,0.299993851078017,markout,4,14,0.11817269785667084,1.4998406974468959,1.4998406974468959,1.1708019003418397,0.25153736991485337,0.7072995623682745,0.5119171628626018,0.7240615225300677,0.5240488472953052,0.9504369989253111,0.5216085358199588,0.21813493768801032,0.2136631993252741,0.44612,0.9806,0.0,0.0194,
cfl_exp2_alpha0.3_n_mm2_seed2,2,0.3,2,1.0,0.0,0.99,50,0.299993851078017,anon,4,14,0.11817269785667084,1.4998406974468959,1.4998406974468959,1.1708019003418397,0.25153736991485337,0.8589578082086567,0.6216817704856784,0.3310841816938557,0.23962643832820082,0.7757791975812832,0.6492240920443844,0.19304994954591323,0.2671880471576981,0.48846,0.91448,0.06416,0.02136,0.2919961612745844
cfl_exp2_alpha0.3_n_mm2_seed2,2,0.3,2,1.0,0.0,0.99,50,0.299993851078017,id,4,14,0.11817269785667084,1.4998406974468959,1.4998406974468959,1.1708019003418397,0.25153736991485337,0.9805604610772767,0.7096932558097105,0.27984289253269246,0.20253989570264944,0.8267041402797639,0.6567915263179254,0.18524468610973802,0.27905876788459266,0.49282,0.9109,0.07598,0.01312,0.2859555625429629
cfl_exp2_alpha0.3_n_mm2_seed2,2,0.3,2,1.0,0.0,0.99,50,0.299993851078017,oracle,4,14,0.11817269785667084,1.4998406974468959,1.4998406974468959,1.1708019003418397,0.25153736991485337,0.8623856181964681,0.6241626920882833,0.3172777147320571,0.22963383014309902,0.7682675109987865,0.6500265316951712,0.1831083202511774,0.27163517611383253,0.48998,0.89456,0.08156,0.02388,
cfl_exp2_alpha0.3_n_mm2_seed3,2,0.3,3,5.0,0.0,0.0,50,0.29973965736877034,competitive,4,14,0.11943267886137954,1.5008330702367627,1.5008330702367627,1.3976588990331467,0.21431701972242512,0.14973158255416977,0.1083911539977851,0.0,0.0,0.021933469747046554,1.0,0.26393712301224637,0.0,0.76594,0.0,0.0,0.0,
cfl_exp2_alpha0.3_n_mm2_seed3,2,0.3,3,5.0,0.0,0.0,50,0.29973965736877034,markout,4,14,0.11943267886137954,1.5008330702367627,1.5008330702367627,1.3976588990331467,0.21431701972242512,0.6788300207388799,0.4914071437774871,0.5195197324220413,0.37608193516203114,0.7810313946887797,0.5347801406052137,0.23026047195231486,0.23624929603904637,0.45802,0.92296,0.0,0.07704,
cfl_exp2_alpha0.3_n_mm2_seed3,2,0.3,3,5.0,0.0,0.0,50,0.29973965736877034,anon,4,14,0.11943267886137954,1.5008330702367627,1.5008330702367627,1.3976588990331467,0.21431701972242512,0.720808985824824,0.521795845958285,0.5074639139941683,0.36735469105297913,0.8026928527605255,0.5963295099061522,0.231377212002518,0.22587311427980988,0.4795,0.96984,0.00028,0.02988,0.29549699110794386
cfl_exp2_alpha0.3_n_mm2_seed3,2,0.3,3,5.0,0.0,0.0,50,0.29973965736877034,id,4,14,0.11943267886137954,1.5008330702367627,1.5008330702367627,1.3976588990331467,0.21431701972242512,0.720808985824824,0.521795845958285,0.5074639139941683,0.36735469105297913,0.8026928527605255,0.5963295099061522,0.231377212002518,0.22587311427980988,0.4795,0.96984,0.00028,0.02988,0.29549699110794386
cfl_exp2_alpha0.3_n_mm2_seed3,2,0.3,3,5.0,0.0,0.0,50,0.29973965736877034,oracle,4,14,0.11943267886137954,1.5008330702367627,1.5008330702367627,1.3976588990331467,0.21431701972242512,0.7196355099426095,0.5209463631511706,0.5112843705757284,0.37012033134482547,0.8046090102452575,0.5986921571077513,0.2321552803673299,0.22511676180591594,0.48018,0.97,0.0,0.03,
cfl_exp2_alpha0.3_n_mm2_seed3,2,0.3,3,5.0,0.0,0.9,50,0.29973965736877034,competitive,4,14,0.11943267886137954,1.5008330702367627,1.5008330702367627,1.3506796157434207,0.21550318660145248,0.1387004414001881,0.1004056769247704,0.0,0.0,0.013947992674031857,1.0,0.26149885733799155,0.0,0.76138,0.0,0.0,0.0,
cfl_exp2_alpha0.3_n_mm2_seed3,2,0.3,3,5.0,0.0,0.9,50,0.29973965736877034,markout,4,14,0.11943267886137954,1.5008330702367627,1.5008330702367627,1.3506796157434207,0.21550318660145248,0.7047668177321751,0.5101828710432593,0.5092927634267261,0.3686786007926723,0.7924037875851931,0.533731290874775,0.2292763157894737,0.23910383130942295,0.45566,0.9229,0.0,0.0771,
cfl_exp2_alpha0.3_n_mm2_seed3,2,0.3,3,5.0,0.0,0.9,50,0.29973965736877034,anon,4,14,0.11943267886137954,1.5008330702367627,1.5008330702367627,1.3506796157434207,0.21550318660145248,0.7400515578185465,0.5357256031191062,0.5158195402702017,0.3734033546614454,0.8226712735298131,0.603400987383434,0.22958041958041958,0.22693903606766677,0.47398,0.9719,0.00068,0.02742,0.29480686047428717
cfl_exp2_alpha0.3_n_mm2_seed3,2,0.3,3,5.0,0.0,0.9,50,0.29973965736877034,id,4,14,0.11943267886137954,1.5008330702367627,1.5008330702367627,1.3506796157434207,0.21550318660145248,0.8396600438057362,0.6078324930614314,0.42610034053176116,0.3084553495076955,0.8298301583183884,0.6379926752703174,0.2282512130116859,0.2379862700228833,0.45872,0.97528,0.00474,0.01998,0.300099962108589
cfl_exp2_alpha0.3_n_mm2_seed3,2,0.3,3,5.0,0.0,0.9,50,0.29973965736877034,oracle,4,14,0.11943267886137954,1.5008330702367627,1.5008330702367627,1.3506796157434207,0.21550318660145248,0.8282980236780734,0.5996074916797898,0.4248226263423923,0.3075304082688294,0.8206802156978806,0.6340570232801465,0.22703520352035203,0.24088634739099357,0.45876,0.97456,0.0055,0.01994,
cfl_exp2_alpha0.3_n_mm2_seed3,2,0.3,3,5.0,0.0,0.99,50,0.29973965736877034,competitive,4,14,0.11943267886137954,1.5008330702367627,1.5008330702367627,1.3632893671951818,0.21926934621861044,0.08604991860216796,0.06229180123258316,0.0,0.0,-0.024165883018155386,1.0,0.2658459447450273,0.0,0.76518,0.0,0.0,0.0,
cfl_exp2_alpha0.3_n_mm2_seed3,2,0.3,3,5.0,0.0,0.99,50,0.29973965736877034,markout,4,14,0.11943267886137954,1.5008330702367627,1.5008330702367627,1.3632893671951818,0.21926934621861044,0.6718936700078221,0.48638589810942146,0.4877629244074555,0.3530930839840122,0.7530212978426951,0.5331216563002914,0.23235702047809415,0.24231414197875908,0.45982,0.91684,0.0,0.08316,
cfl_exp2_alpha0.3_n_mm2_seed3,2,0.3,3,5.0,0.0,0.99,50,0.29973965736877034,anon,4,14,0.11943267886137954,1.5008330702367627,1.5008330702367627,1.3632893671951818,0.21926934621861044,0.765797989372334,0.5543635242566217,0.44811347742137514,0.32439072713394385,0.7922965671398272,0.6155978168173291,0.2313500034633234,0.23982251802551302,0.46904,0.96848,0.00564,0.02588,0.3048865056912288
cfl_exp2_alpha0.3_n_mm2_seed3,2,0.3,3,5.0,0.0,0.99,50,0.29973965736877034,id,4,14,0.11943267886137954,1.5008330702367627,1.5008330702367627,1.3632893671951818,0.21926934621861044,0.7874548155030516,0.5700409674265597,0.4657508478563138,0.33715847394005133,0.8207417571158726,0.6164736164736164,0.22964509394572025,0.23590604026845638,0.4662,0.96136,0.00354,0.0351,0.30184333777753675
cfl_exp2_alpha0.3_n_mm2_seed3,2,0.3,3,5.0,0.0,0.99,50,0.29973965736877034,oracle,4,14,0.11943267886137954,1.5008330702367627,1.5008330702367627,1.3632893671951818,0.21926934621861044,0.8002886545937252,0.5793314230908263,0.40554215506550806,0.29357321570014355,0.7864469545402313,0.6180596142606662,0.2297872340425532,0.2386053120559624,0.47908,0.9556,0.01054,0.03386,
cfl_exp2_alpha0.3_n_mm2_seed3,2,0.3,3,1.0,0.0,0.0,50,0.299993851078017,competitive,4,14,0.11817269785667084,1.4998406974468959,1.4998406974468959,1.331475342993718,0.21887683565788502,0.09625318058123053,0.06966447844907553,0.0,0.0,-0.015864532783520496,1.0,0.2638022335238295,0.0,0.76292,0.0,0.0,0.0,
cfl_exp2_alpha0.3_n_mm2_seed3,2,0.3,3,1.0,0.0,0.0,50,0.299993851078017,markout,4,14,0.11817269785667084,1.4998406974468959,1.4998406974468959,1.331475342993718,0.21887683565788502,0.6711104572426478,0.48572483218956053,0.49199412178768454,0.3560870787581388,0.7562828997151032,0.5345812461551982,0.23253328949531482,0.23800981873111782,0.45516,0.92086,0.0,0.07914,
cfl_exp2_alpha0.3_n_mm2_seed3,2,0.3,3,1.0,0.0,0.0,50,0.299993851078017,anon,4,14,0.11817269785667084,1.4998406974468959,1.4998406974468959,1.331475342993718,0.21887683565788502,0.7109250630322069,0.5145411656367905,0.4852369548323395,0.3511964921936753,0.7802086465978698,0.5966675039772251,0.23421274207128823,0.23811500934191404,0.47772,0.97012,0.00022,0.02966,0.2984986730466975
cfl_exp2_alpha0.3_n_mm2_seed3,2,0.3,3,1.0,0.0,0.0,50,0.299993851078017,id,4,14,0.11817269785667084,1.4998406974468959,1.4998406974468959,1.331475342993718,0.21887683565788502,0.7109250630322069,0.5145411656367905,0.4852369548323395,0.3511964921936753,0.7802086465978698,0.5966675039772251,0.23421274207128823,0.23811500934191404,0.47772,0.97012,0.00022,0.02966,0.2984986730466975
cfl_exp2_alpha0.3_n_mm2_seed3,2,0.3,3,1.0,0.0,0.0,50,0.299993851078017,oracle,4,14,0.11817269785667084,1.4998406974468959,1.4998406974468959,1.331475342993718,0.21887683565788502,0.7126656454371522,0.5158009345577335,0.485008558115009,0.3510311871295078,0.7813031104546451,0.5953426146578035,0.23384831460674158,0.23669800599235458,0.47838,0.97,0.0,0.03,
cfl_exp2_alpha0.3_n_mm2_seed3,2,0.3,3,1.0,0.0,0.9,50,0.299993851078017,competitive,4,14,0.11817269785667084,1.4998406974468959,1.4998406974468959,1.3667184983307723,0.21070159857904086,0.12334435497847708,0.08927206464581834,0.0,0.0,0.0037430534132223115,1.0,0.2689397919512451,0.0,0.76136,0.0,0.0,0.0,
cfl_exp2_alpha0.3_n_mm2_seed3,2,0.3,3,1.0,0.0,0.9,50,0.299993851078017,markout,4,14,0.11817269785667084,1.4998406974468959,1.4998406974468959,1.3667184983307723,0.21070159857904086,0.6601643928535269,0.477802477186501,0.4995719753854628,0.3615716478442186,0.7538451137981235,0.5326670775733028,0.23795354988015538,0.24135657089024964,0.45428,0.91644,0.0,0.08356,
cfl_exp2_alpha0.3_n_mm2_seed3,2,0.3,3,1.0,0.0,0.9,50,0.299993851078017,anon,4,14,0.11817269785667084,1.4998406974468959,1.4998406974468959,1.3667184983307723,0.21070159857904086,0.8485043469976411,0.6141159433737269,0.3599990513268052,0.26055394742700394,0.7891408795681347,0.6392083101782584,0.2281147595800174,0.2362559241706161,0.46786,0.95784,0.02886,0.0133,0.3004434644594941
cfl_exp2_alpha0.3_n_mm2_seed3,2,0.3,3,1.0,0.0,0.9,50,0.299993851078017,id,4,14,0.11817269785667084,1.4998406974468959,1.4998406974468959,1.3667184983307723,0.21070159857904086,0.8935479144303394,0.646716805119137,0.3641966533668556,0.2635920159364399,0.8247798098229808,0.641455859576665,0.20677397719651242,0.24550035997120231,0.46488,0.94796,0.03962,0.01242,0.29421213766930976
cfl_exp2_alpha0.3_n_mm2_seed3,2,0.3,3,1.0,0.0,0.9,50,0.299993851078017,oracle,4,14,0.11817269785667084,1.4998406974468959,1.4998406974468959,1.3667184983307723,0.21070159857904086,0.8672268394379125,0.6276665882796116,0.35146689628078676,0.25437869038367017,0.7965162674306859,0.6359258470061794,0.21129875351829513,0.24324007959733115,0.4693,0.9439,0.04454,0.01156,
cfl_exp2_alpha0.3_n_mm2_seed3,2,0.3,3,1.0,0.0,0.99,50,0.299993851078017,competitive,4,14,0.11817269785667084,1.4998406974468959,1.4998406974468959,1.4148542598348162,0.2078016241299304,0.16009248298920722,0.11586899532788444,0.0,0.0,0.03033998409528841,1.0,0.25550810824971837,0.0,0.76342,0.0,0.0,0.0,
cfl_exp2_alpha0.3_n_mm2_seed3,2,0.3,3,1.0,0.0,0.99,50,0.299993851078017,markout,4,14,0.11817269785667084,1.4998406974468959,1.4998406974468959,1.4148542598348162,0.2078016241299304,0.6761374171541343,0.4893631591342226,0.5117609167967455,0.3703935510908001,0.7742276989924267,0.5273579533009156,0.2240405382953979,0.23523959588469737,0.45654,0.90168,0.0,0.09832,
cfl_exp2_alpha0.3_n_mm2_seed3,2,0.3,3,1.0,0.0,0.99,50,0.299993851078017,anon,4,14,0.11817269785667084,1.4998406974468959,1.4998406974468959,1.4148542598348162,0.2078016241299304,1.1392707429856035,0.8245618653131492,0.2409573994795357,0.17439601955824324,0.9134288736387965,0.7166750445551341,0.18784671300133904,0.2593548387096774,0.43766,0.9551,0.03448,0.01042,0.279237791726054
cfl_exp2_alpha0.3_n_mm2_seed3,2,0.3,3,1.0,0.0,0.99,50,0.299993851078017,id,4,14,0.11817269785667084,1.4998406974468959,1.4998406974468959,1.4148542598348162,0.2078016241299304,1.1304675867194043,0.8181904676482905,0.25240989211867304,0.18268490852616745,0.915346364941862,0.710272208938753,0.17951705832847803,0.27328995397555944,0.43496,0.9526,0.0401,0.0073,0.28287386362186734
cfl_exp2_alpha0.3_n_mm2_seed3,2,0.3,3,1.0,0.0,0.99,50,0.299993851078017,oracle,4,14,0.11817269785667084,1.4998406974468959,1.4998406974468959,1.4148542598348162,0.2078016241299304,1.2069333655459267,0.8735335593672857,0.2014362967690408,0.14579211274255663,0.9337966608772463,0.7433185115843669,0.18053019331276368,0.27698760029175784,0.4273,0.9428,0.0446,0.0126,
cfl_exp2_alpha0.3_n_mm2_seed4,2,0.3,4,5.0,0.0,0.0,50,0.2997396573687703,competitive,4,14,0.11943267886137954,1.5008330702367627,1.5008330702367627,1.333594582681538,0.21823452274139002,0.07015772344044276,0.050787392184383724,-0.08572811684888909,-0.062058847951776235,-0.09772914001813107,0.8424615384615385,0.26022644265887507,0.28759765625,0.78,0.0,0.0,0.0,
cfl_exp2_alpha0.3_n_mm2_seed4,2,0.3,4,5.0,0.0,0.0,50,0.2997396573687703,markout,4,14,0.11943267886137954,1.5008330702367627,1.5008330702367627,1.333594582681538,0.21823452274139002,0.7436855348135654,0.5383562502636323,0.5222808248986311,0.3780806985139372,0.829979264526831,0.5666534723138497,0.22927662216702888,0.23464934537704252,0.45474,0.95152,0.0,0.04848,
cfl_exp2_alpha0.3_n_mm2_seed4,2,0.3,4,5.0,0.0,0.0,50,0.2997396573687703,anon,4,14,0.11943267886137954,1.5008330702367627,1.5008330702367627,1.333594582681538,0.21823452274139002,0.8372776526523464,0.60610787276433,0.5708920098426113,0.4132704850866635,0.932920673600255,0.5994738893219018,0.22176174223955794,0.21697883726587205,0.41056,0.99964,0.00024,0.00012,0.29743191219304077
cfl_exp2_alpha0.3_n_mm2_seed4,2,0.3,4,5.0,0.0,0.0,50,0.2997396573687703,id,4,14,0.11943267886137954,1.5008330702367627,1.5008330702367627,1.333594582681538,0.21823452274139002,0.8372776526523464,0.60610787276433,0.5708920098426113,0.4132704850866635,0.932920673600255,0.5994738893219018,0.22176174223955794,0.21697883726587205,0.41056,0.99964,0.00024,0.00012,0.29743191219304077
cfl_exp2_alpha0.3_n_mm2_seed4,2,0.3,4,5.0,0.0,0.0,50,0.2997396573687703,oracle,4,14,0.11943267886137954,1.5008330702367627,1.5008330702367627,1.333594582681538,0.21823452274139002,0.8363543801226165,0.6054395129350624,0.5761373285999416,0.4170675874981575,0.9360494161824814,0.5998048780487805,0.22137280416395574,0.2166016577279376,0.41,1.0,0.0,0.0,
cfl_exp2_alpha0.3_n_mm2_seed4,2,0.3,4,5.0,0.0,0.9,50,0.2997396573687703,competitive,4,14,0.11943267886137954,1.5008330702367627,1.5008330702367627,1.3631769884792755,0.21631720988166908,0.10311924341709808,0.07464833806397579,-0.06818655656726832,-0.04936045841088751,-0.06116980459765027,0.8414872798434442,0.2606487148102815,0.28362573099415206,0.77672,0.0,0.0,0.0,
cfl_exp2_alpha0.3_n_mm2_seed4,2,0.3,4,5.0,0.0,0.9,50,0.2997396573687703,markout,4,14,0.11943267886137954,1.5008330702367627,1.5008330702367627,1.3631769884792755,0.21631720988166908,0.7505231936857978,0.5433060525909825,0.5176917677748704,0.37475866592120594,0.83160703426145,0.5643349840820658,0.22439865235446213,0.2342433776514767,0.45232,0.9526,0.0,0.0474,
cfl_exp2_alpha0.3_n_mm2_seed4,2,0.3,4,5.0,0.0,0.9,50,0.2997396573687703,anon,4,14,0.11943267886137954,1.5008330702367627,1.5008330702367627,1.3631769884792755,0.21631720988166908,0.8848591488474035,0.6405522644788009,0.5724175401816936,0.41437482119993424,0.9684694014279966,0.6142732049036778,0.2196087748475489,0.21894312019170134,0.41112,0.99872,0.00048,0.0008,0.2918985896761144
cfl_exp2_alpha0.3_n_mm2_seed4,2,0.3,4,5.0,0.0,0.9,50,0.2997396573687703,id,4,14,0.11943267886137954,1.5008330702367627,1.5008330702367627,1.3631769884792755,0.21631720988166908,0.9307204234348632,0.673751382470796,0.4425052984756481,0.3203309491139425,0.9076246473340002,0.6440312455072603,0.2186918669543865,0.23182552504038773,0.41734,0.98446,0.00712,0.00842,0.2987186507416621
cfl_exp2_alpha0.3_n_mm2_seed4,2,0.3,4,5.0,0.0,0.9,50,0.2997396573687703,oracle,4,14,0.11943267886137954,1.5008330702367627,1.5008330702367627,1.3631769884792755,0.21631720988166908,0.9386804281537203,0.6795136544149438,0.42739144253744604,0.3093899822280463,0.9024459523922517,0.6519384264538198,0.22074041684885584,0.23382473382473382,0.42096,0.98208,0.0077,0.01022,
cfl_exp2_alpha0.3_n_mm2_seed4,2,0.3,4,5.0,0.0,0.99,50,0.2997396573687703,competitive,4,14,0.11943267886137954,1.5008330702367627,1.5008330702367627,1.402079913524243,0.2174298778407152,0.12696428846356914,0.09190983964986277,-0.0748449312336425,-0.054180476349165924,-0.04872832095004171,0.8416289592760181,0.2602333822091887,0.2709415584415584,0.77792,0.0,0.0,0.0,
cfl_exp2_alpha0.3_n_mm2_seed4,2,0.3,4,5.0,0.0,0.99,50,0.2997396573687703,markout,4,14,0.11943267886137954,1.5008330702367627,1.5008330702367627,1.402079913524243,0.2174298778407152,0.7112659003841239,0.5148875770014486,0.5251448066733926,0.3801539437458355,0.8085838364965455,0.5715302807813821,0.2316256617876051,0.23283830096583238,0.44946,0.954,0.0,0.046,
cfl_exp2_alpha0.3_n_mm2_seed4,2,0.3,4,5.0,0.0,0.99,50,0.2997396573687703,anon,4,14,0.11943267886137954,1.5008330702367627,1.5008330702367627,1.402079913524243,0.2174298778407152,0.8571965093300142,0.6205271944917806,0.5760503019811118,0.4170045886606205,0.9510740989016626,0.6052881871789995,0.227294154619736,0.21951807228915662,0.42056,0.98984,0.0065,0.00366,0.2946015754928258
cfl_exp2_alpha0.3_n_mm2_seed4,2,0.3,4,5.0,0.0,0.99,50,0.2997396573687703,id,4,14,0.11943267886137954,1.5008330702367627,1.5008330702367627,1.402079913524243,0.2174298778407152,0.8001203594424944,0.5792095937122612,0.5272674757924788,0.38169055046199024,0.874442459923513,0.5626148948571941,0.2181224099458081,0.2549461814454126,0.44606,0.99128,0.00628,0.00244,0.30007988555975934
cfl_exp2_alpha0.3_n_mm2_seed4,2,0.3,4,5.0,0.0,0.99,50,0.2997396573687703,oracle,4,14,0.11943267886137954,1.5008330702367627,1.5008330702367627,1.402079913524243,0.2174298778407152,0.739393677832414,0.5352493617699363,0.584360000070542,0.42302000471328044,0.8718116822324782,0.5495029821073558,0.22961890979257116,0.24399333137197216,0.4527,0.99362,0.00454,0.00184,
cfl_exp2_alpha0.3_n_mm2_seed4,2,0.3,4,1.0,0.0,0.0,50,0.299993851078017,competitive,4,14,0.11817269785667084,1.4998406974468959,1.4998406974468959,1.3614030261392993,0.22571998075469105,0.1201783537923571,0.08698063053352874,-0.11437584810197655,-0.08278099234830519,-0.08132937304737248,0.843128703727457,0.2638288809103633,0.2871627146361406,0.77962,0.0,0.0,0.0,
cfl_exp2_alpha0.3_n_mm2_seed4,2,0.3,4,1.0,0.0,0.0,50,0.299993851078017,markout,4,14,0.11817269785667084,1.4998406974468959,1.4998406974468959,1.3614030261392993,0.22571998075469105,0.7312451233465984,0.5292480708560023,0.5230388735141143,0.37855611743865897,0.8222751770620653,0.5702293111827862,0.23260498992716566,0.23573558137144032,0.45266,0.95692,0.0,0.04308,
cfl_exp2_alpha0.3_n_mm2_seed4,2,0.3,4,1.0,0.0,0.0,50,0.299993851078017,anon,4,14,0.11817269785667084,1.4998406974468959,1.4998406974468959,1.3614030261392993,0.22571998075469105,0.8521321382735186,0.6167416040077963,0.597643422313641,0.43255211996723525,0.9637647127424355,0.6018707980122772,0.22672818520317306,0.2233235438081253,0.41052,0.99986,8e-05,6e-05,0.3042638470111487
cfl_exp2_alpha0.3_n_mm2_seed4,2,0.3,4,1.0,0.0,0.0,50,0.299993851078017,id,4,14,0.11817269785667084,1.4998406974468959,1.4998406974468959,1.3614030261392993,0.22571998075469105,0.8521321382735186,0.6167416040077963,0.597643422313641,0.43255211996723525,0.9637647127424355,0.6018707980122772,0.22672818520317306,0.2233235438081253,0.41052,0.99986,8e-05,6e-05,0.3042638470111487
cfl_exp2_alpha0.3_n_mm2_seed4,2,0.3,4,1.0,0.0,0.0,50,0.299993851078017,oracle,4,14,0.11817269785667084,1.4998406974468959,1.4998406974468959,1.3614030261392993,0.22571998075469105,0.8579545612852904,0.6209556576107592,0.563563065615675,0.4078860231132345,0.9433126694913978,0.6016153359606871,0.22765871411241406,0.22752808988764045,0.41106,1.0,0.0,0.0,
cfl_exp2_alpha0.3_n_mm2_seed4,2,0.3,4,1.0,0.0,0.9,50,0.299993851078017,competitive,4,14,0.11817269785667084,1.4998406974468959,1.4998406974468959,1.3906567164220909,0.21737642064904833,0.11837075654644319,0.08567235875879703,-0.07528550265670973,-0.05448885164818024,-0.05434550412197924,0.8413669064748202,0.2654980761008978,0.27178490443796566,0.7784,0.0,0.0,0.0,
cfl_exp2_alpha0.3_n_mm2_seed4,2,0.3,4,1.0,0.0,0.9,50,0.299993851078017,markout,4,14,0.11817269785667084,1.4998406974468959,1.4998406974468959,1.3906567164220909,0.21737642064904833,0.7386289550363163,0.534592214088608,0.5514982385669576,0.3991539492342016,0.8482171520902135,0.5721525740197386,0.222999222999223,0.2271404821280133,0.44988,0.95684,0.0,0.04316,
cfl_exp2_alpha0.3_n_mm2_seed4,2,0.3,4,1.0,0.0,0.9,50,0.299993851078017,anon,4,14,0.11817269785667084,1.4998406974468959,1.4998406974468959,1.3906567164220909,0.21737642064904833,0.9026610346094408,0.6533125431559188,0.33705506917385447,0.2439479450011278,0.8117314769244506,0.6377438542489913,0.21549699973910774,0.23045125732001379,0.48082,0.96048,0.02356,0.01596,0.28541556275973023
cfl_exp2_alpha0.3_n_mm2_seed4,2,0.3,4,1.0,0.0,0.9,50,0.299993851078017,id,4,14,0.11817269785667084,1.4998406974468959,1.4998406974468959,1.3906567164220909,0.21737642064904833,0.8902904935506577,0.6443592048268469,0.36252100335487925,0.2623792426707398,0.8212094362649908,0.6353399373465414,0.2122867803837953,0.23821685628047365,0.47244,0.94842,0.0347,0.01688,0.2860295604241246
cfl_exp2_alpha0.3_n_mm2_seed4,2,0.3,4,1.0,0.0,0.9,50,0.299993851078017,oracle,4,14,0.11817269785667084,1.4998406974468959,1.4998406974468959,1.3906567164220909,0.21737642064904833,0.9409620119480706,0.6810333685278526,0.30077702736738604,0.21769124526050432,0.8131956025557608,0.6492879153826935,0.2072857875833761,0.24257895986701497,0.48028,0.93654,0.03898,0.02448,
cfl_exp2_alpha0.3_n_mm2_seed4,2,0.3,4,1.0,0.0,0.99,50,0.299993851078017,competitive,4,14,0.11817269785667084,1.4998406974468959,1.4998406974468959,1.2548614776627591,0.24084467517889716,-0.032083577214977024,-0.023220901999968423,-0.10480830415679956,-0.07585635926133022,-0.1846062724938947,0.8415864638311084,0.28826585508315655,0.31095868038543195,0.77304,0.0,0.0,0.0,
cfl_exp2_alpha0.3_n_mm2_seed4,2,0.3,4,1.0,0.0,0.99,50,0.299993851078017,markout,4,14,0.11817269785667084,1.4998406974468959,1.4998406974468959,1.2548614776627591,0.24084467517889716,0.6820071091890991,0.4936114243011843,0.5112738760730238,0.37004104909765395,0.7781234621662423,0.5690537663631834,0.24030884342911724,0.2344965314273702,0.44154,0.93094,0.0,0.06906,
cfl_exp2_alpha0.3_n_mm2_seed4,2,0.3,4,1.0,0.0,0.99,50,0.299993851078017,anon,4,14,0.11817269785667084,1.4998406974468959,1.4998406974468959,1.2548614776627591,0.24084467517889716,0.9913941595843212,0.7175342845592059,0.13729080164524365,0.09936598494425676,0.7313712582708666,0.6863473777117108,0.2265989847715736,0.3324940758293839,0.43054,0.89972,0.08128,0.019,0.33717408024396067
cfl_exp2_alpha0.3_n_mm2_seed4,2,0.3,4,1.0,0.0,0.99,50,0.299993851078017,id,4,14,0.11817269785667084,1.4998406974468959,1.4998406974468959,1.2548614776627591,0.24084467517889716,1.150747375938122,0.8328682261436253,0.14513055131150493,0.10504010468111567,0.852379319592145,0.7296205860255447,0.20202085210451795,0.32198680097255994,0.42592,0.92102,0.05906,0.01992,0.30763848891210527
cfl_exp2_alpha0.3_n_mm2_seed4,2,0.3,4,1.0,0.0,0.99,50,0.299993851078017,oracle,4,14,0.11817269785667084,1.4998406974468959,1.4998406974468959,1.2548614776627591,0.24084467517889716,1.2788803097150456,0.9256060863350211,0.016711969943662006,0.012095503368840011,0.852172578471265,0.7787,0.18402465647874663,0.4604609127880705,0.4,0.88762,0.08928,0.0231,
cfl_exp2_alpha0.5_n_mm2_seed0,2,0.5,0,5.0,0.0,0.0,50,0.5000000000000001,competitive,8,17,0.11082774461089318,0.7673284113849165,0.7673284113849165,0.6990276160928558,0.39886204337428877,0.08446662113150004,0.12866189694301502,0.0,0.0,-0.04015399345887794,1.0,0.425178591465011,0.0,0.53474,0.0,0.0,0.0,
cfl_exp2_alpha0.5_n_mm2_seed0,2,0.5,0,5.0,0.0,0.0,50,0.5000000000000001,markout,8,17,0.11082774461089318,0.7673284113849165,0.7673284113849165,0.6990276160928558,0.39886204337428877,0.34687685247055966,0.5283724298028162,0.3981072695715294,0.6064080201590466,0.9659645595599697,0.4953660403026954,0.3880878819086852,0.3942712721145746,0.23522,1.0,0.0,0.0,
cfl_exp2_alpha0.5_n_mm2_seed0,2,0.5,0,5.0,0.0,0.0,50,0.5000000000000001,anon,8,17,0.11082774461089318,0.7673284113849165,0.7673284113849165,0.6990276160928558,0.39886204337428877,0.33760512557779576,0.5142494785827905,0.1238906963209194,0.1887137402764654,0.5341473284573629,0.5674174174174175,0.4066331480991444,0.41143121601295846,0.3996,0.8701,0.11108,0.01882,0.49582584343676617
cfl_exp2_alpha0.5_n_mm2_seed0,2,0.5,0,5.0,0.0,0.0,50,0.5000000000000001,id,8,17,0.11082774461089318,0.7673284113849165,0.7673284113849165,0.6990276160928558,0.39886204337428877,0.33760512557779576,0.5142494785827905,0.1238906963209194,0.1887137402764654,0.5341473284573629,0.5674174174174175,0.4066331480991444,0.41143121601295846,0.3996,0.8701,0.11108,0.01882,0.49582584343676617
cfl_exp2_alpha0.5_n_mm2_seed0,2,0.5,0,5.0,0.0,0.0,50,0.5000000000000001,oracle,8,17,0.11082774461089318,0.7673284113849165,0.7673284113849165,0.6990276160928558,0.39886204337428877,0.2681953292543002,0.4085225542453512,0.1335862146892757,0.20348222241068636,0.44318888625414465,0.5263057567670606,0.4115356754798986,0.41277665995975854,0.41968,0.85,0.13,0.02,
cfl_exp2_alpha0.5_n_mm2_seed0,2,0.5,0,5.0,0.0,0.9,50,0.5000000000000001,competitive,8,17,0.11082774461089318,0.7673284113849165,0.7673284113849165,0.7147213741908934,0.39427911961091416,0.11762505609435513,0.17916974353179646,0.0,0.0,0.010353853129903504,1.0,0.42025773002216626,0.0,0.53234,0.0,0.0,0.0,
cfl_exp2_alpha0.5_n_mm2_seed0,2,0.5,0,5.0,0.0,0.9,50,0.5000000000000001,markout,8,17,0.11082774461089318,0.7673284113849165,0.7673284113849165,0.7147213741908934,0.39427911961091416,0.34698140126002697,0.528531681414823,0.42066370517647705,0.640766607661764,1.000482398674694,0.4939738727349347,0.3891827333219587,0.391072618254497,0.2373,1.0,0.0,0.0,
cfl_exp2_alpha0.5_n_mm2_seed0,2,0.5,0,5.0,0.0,0.9,50,0.5000000000000001,anon,8,17,0.11082774461089318,0.7673284113849165,0.7673284113849165,0.7147213741908934,0.39427911961091416,0.3695279555814239,0.562875217472735,0.10379320707466112,0.15810068797750085,0.5521600150483428,0.593218607976306,0.399672893173797,0.41815214662314837,0.39166,0.88578,0.08774,0.02648,0.49604080045017057
cfl_exp2_alpha0.5_n_mm2_seed0,2,0.5,0,5.0,0.0,0.9,50,0.5000000000000001,id,8,17,0.11082774461089318,0.7673284113849165,0.7673284113849165,0.7147213741908934,0.39427911961091416,0.4614137404495435,0.7028381901223087,0.09026898302995903,0.13750021530599738,0.6715225150264132,0.6585233441910966,0.3950535861500412,0.41399046104928455,0.3684,0.90648,0.07488,0.01864,0.4943218493253321
cfl_exp2_alpha0.5_n_mm2_seed0,2,0.5,0,5.0,0.0,0.9,50,0.5000000000000001,oracle,8,17,0.11082774461089318,0.7673284113849165,0.7673284113849165,0.7147213741908934,0.39427911961091416,0.45033859429175466,0.6859682207250027,0.09123158710012738,0.1389664804887861,0.6561188108118958,0.6540748898678415,0.39720491665263513,0.41817892390958294,0.3632,0.9113,0.06966,0.01904,
cfl_exp2_alpha0.5_n_mm2_seed0,2,0.5,0,5.0,0.0,0.99,50,0.5000000000000001,competitive,8,17,0.11082774461089318,0.7673284113849165,0.7673284113849165,0.6884768409317171,0.3980817347789825,0.0988955877868283,0.1506404986194318,0.0,0.0,-0.018175391782461196,1.0,0.42733156260521493,0.0,0.53462,0.0,0.0,0.0,
cfl_exp2_alpha0.5_n_mm2_seed0,2,0.5,0,5.0,0.0,0.99,50,0.5000000000000001,markout,8,17,0.11082774461089318,0.7673284113849165,0.7673284113849165,0.6884768409317171,0.3980817347789825,0.31082472155376223,0.4734568253846914,0.42184413065578297,0.6425646644483723,0.9472055994311709,0.48869669463949306,0.4040651831084633,0.39122425054429744,0.23356,1.0,0.0,0.0,
cfl_exp2_alpha0.5_n_mm2_seed0,2,0.5,0,5.0,0.0,0.99,50,0.5000000000000001,anon,8,17,0.11082774461089318,0.7673284113849165,0.7673284113849165,0.6884768409317171,0.3980817347789825,0.4728798829645187,0.7203037360010642,0.06789810704307363,0.10342427735331623,0.6549121229524875,0.6563338471199406,0.40106114638601376,0.4262458471760797,0.35034,0.90534,0.07536,0.0193,0.5052991471721475
cfl_exp2_alpha0.5_n_mm2_seed0,2,0.5,0,5.0,0.0,0.99,50,0.5000000000000001,id,8,17,0.11082774461089318,0.7673284113849165,0.7673284113849165,0.6884768409317171,0.3980817347789825,0.5541937678859814,0.8441632978215126,0.037592460587807845,0.0572618772385005,0.7326092846581201,0.7049321294760764,0.39592227934129126,0.4581598667776853,0.32562,0.9285,0.0498,0.0217,0.5096770806606474
cfl_exp2_alpha0.5_n_mm2_seed0,2,0.5,0,5.0,0.0,0.99,50,0.5000000000000001,oracle,8,17,0.11082774461089318,0.7673284113849165,0.7673284113849165,0.6884768409317171,0.3980817347789825,0.5613613458772955,0.8550811511521647,0.03216023886423604,0.048987366642395266,0.7352526273926668,0.712834890965732,0.3923608076217114,0.45823389021479716,0.321,0.92972,0.04642,0.02386,
cfl_exp2_alpha0.5_n_mm2_seed0,2,0.5,0,1.0,0.0,0.0,50,0.5,competitive,8,17,0.11082774461089362,0.7673284113849168,0.7673284113849168,0.7031179550737462,0.3896189224704336,0.13007654616108094,0.19813619809445696,0.0,0.0,0.029320307692563292,1.0,0.41588105973096845,0.0,0.53674,0.0,0.0,0.0,
cfl_exp2_alpha0.5_n_mm2_seed0,2,0.5,0,1.0,0.0,0.0,50,0.5,markout,8,17,0.11082774461089362,0.7673284113849168,0.7673284113849168,0.7031179550737462,0.3896189224704336,0.3377829756852992,0.5145203847927985,0.4232673008078021,0.6447324766442266,0.9904369710351315,0.4870580274065302,0.3869399096908649,0.3778034300791557,0.23644,1.0,0.0,0.0,
cfl_exp2_alpha0.5_n_mm2_seed0,2,0.5,0,1.0,0.0,0.0,50,0.5,anon,8,17,0.11082774461089362,0.7673284113849168,0.7673284113849168,0.7031179550737462,0.3896189224704336,0.27998418405195974,0.4264796644118783,0.09332154182534397,0.14214995741575776,0.3998137314257423,0.5318658079400173,0.4025844930417495,0.42638603696098565,0.41612,0.85072,0.12932,0.01996,0.5049485601835341
cfl_exp2_alpha0.5_n_mm2_seed0,2,0.5,0,1.0,0.0,0.0,50,0.5,id,8,17,0.11082774461089362,0.7673284113849168,0.7673284113849168,0.7031179550737462,0.3896189224704336,0.27998418405195974,0.4264796644118783,0.09332154182534397,0.14214995741575776,0.3998137314257423,0.5318658079400173,0.4025844930417495,0.42638603696098565,0.41612,0.85072,0.12932,0.01996,0.5049485601835341
cfl_exp2_alpha0.5_n_mm2_seed0,2,0.5,0,1.0,0.0,0.0,50,0.5,oracle,8,17,0.11082774461089362,0.7673284113849168,0.7673284113849168,0.7031179550737462,0.3896189224704336,0.2551836213877498,0.3887027604125612,0.13915378121689403,0.21196289396122234,0.43184976397188984,0.5242905242905243,0.40376146788990824,0.4136501516683519,0.4158,0.85,0.13,0.02,
cfl_exp2_alpha0.5_n_mm2_seed0,2,0.5,0,1.0,0.0,0.9,50,0.5,competitive,8,17,0.11082774461089362,0.7673284113849168,0.7673284113849168,0.6752057488069617,0.4026394422310757,0.07892173146286609,0.12021576741220899,0.0,0.0,-0.04860012298968467,1.0,0.4261167106780228,0.0,0.53774,0.0,0.0,0.0,
cfl_exp2_alpha0.5_n_mm2_seed0,2,0.5,0,1.0,0.0,0.9,50,0.5,markout,8,17,0.11082774461089362,0.7673284113849168,0.7673284113849168,0.6752057488069617,0.4026394422310757,0.3311765155655226,0.5044572417464401,0.3974886767493531,0.6054657624379448,0.9411071137824913,0.49248762164930854,0.39417576703068125,0.40235492010092516,0.23428,1.0,0.0,0.0,
cfl_exp2_alpha0.5_n_mm2_seed0,2,0.5,0,1.0,0.0,0.9,50,0.5,anon,8,17,0.11082774461089362,0.7673284113849168,0.7673284113849168,0.6752057488069617,0.4026394422310757,0.435800076154194,0.6638227471963902,0.09725154437396202,0.14813624615470097,0.6431431029491975,0.6371080823377643,0.3947530592481733,0.41854714064914994,0.35658,0.90394,0.0673,0.02876,0.49766178032144237
cfl_exp2_alpha0.5_n_mm2_seed0,2,0.5,0,1.0,0.0,0.9,50,0.5,id,8,17,0.11082774461089362,0.7673284113849168,0.7673284113849168,0.6752057488069617,0.4026394422310757,0.4411824843423447,0.67202138043556,0.09876516624335166,0.15044183691187024,0.6536473269455367,0.6231547989367118,0.3691232528589581,0.42863574966231427,0.35362,0.87768,0.093,0.02932,0.4898946090781579
cfl_exp2_alpha0.5_n_mm2_seed0,2,0.5,0,1.0,0.0,0.9,50,0.5,oracle,8,17,0.11082774461089362,0.7673284113849168,0.7673284113849168,0.6752057488069617,0.4026394422310757,0.48408441141328495,0.737370784087739,0.0667878287148455,0.10173307065023106,0.6702879643360764,0.640249228439993,0.37253296953160525,0.4430236322434445,0.34346,0.87684,0.09896,0.0242,
cfl_exp2_alpha0.5_n_mm2_seed0,2,0.5,0,1.0,0.0,0.99,50,0.5,competitive,8,17,0.11082774461089362,0.7673284113849168,0.7673284113849168,0.7115505606908985,0.3931844692551241,0.10553915234479054,0.1607601601737879,0.0,0.0,-0.00805573022810573,1.0,0.41745538887434064,0.0,0.53462,0.0,0.0,0.0,
cfl_exp2_alpha0.5_n_mm2_seed0,2,0.5,0,1.0,0.0,0.99,50,0.5,markout,8,17,0.11082774461089362,0.7673284113849168,0.7673284113849168,0.7115505606908985,0.3931844692551241,0.3415723925333012,0.520292529498489,0.39939304498560696,0.6083665488843801,0.9598431879809755,0.48598371195885126,0.3889574880931381,0.392761841227485,0.2333,0.99986,0.0,0.00014,
cfl_exp2_alpha0.5_n_mm2_seed0,2,0.5,0,1.0,0.0,0.99,50,0.5,anon,8,17,0.11082774461089362,0.7673284113849168,0.7673284113849168,0.7115505606908985,0.3931844692551241,0.7104957120130387,1.082246748513359,-0.05862319380317969,-0.08929647260108363,0.8241343855103815,0.7170263788968825,0.3206182771400163,0.5698579935868071,0.30858,0.82356,0.14284,0.0336,0.49429252245534233
cfl_exp2_alpha0.5_n_mm2_seed0,2,0.5,0,1.0,0.0,0.99,50,0.5,id,8,17,0.11082774461089362,0.7673284113849168,0.7673284113849168,0.7115505606908985,0.3931844692551241,0.8270861820854096,1.2598405819595373,-0.0425250033832216,-0.06477526305066085,1.0262494285069825,0.7445329288332702,0.2879456706281834,0.5890648193963385,0.31644,0.83914,0.1225,0.03836,0.4599893494727876
cfl_exp2_alpha0.5_n_mm2_seed0,2,0.5,0,1.0,0.0,0.99,50,0.5,oracle,8,17,0.11082774461089362,0.7673284113849168,0.7673284113849168,0.7115505606908985,0.3931844692551241,0.8658669267383616,1.3189124864002693,-0.08210036160646561,-0.125057544891612,1.0250390511067635,0.753401702526979,0.27144128113879,0.6289752650176679,0.29838,0.7968,0.17022,0.03298,
cfl_exp2_alpha0.5_n_mm2_seed1,2,0.5,1,5.0,0.0,0.0,50,0.5,competitive,8,17,0.11082774461089362,0.7673284113849168,0.7673284113849168,0.6598956990613245,0.4013221319377496,0.1315847414280617,0.2004335229005259,0.0,0.0,0.03161763249863224,1.0,0.4185302311572924,0.0,0.53124,0.0,0.0,0.0,
cfl_exp2_alpha0.5_n_mm2_seed1,2,0.5,1,5.0,0.0,0.0,50,0.5,markout,8,17,0.11082774461089362,0.7673284113849168,0.7673284113849168,0.6598956990613245,0.4013221319377496,0.37225087636592297,0.567022845833692,0.30666370874990323,0.46711865542622705,0.8653256108580255,0.5400042671218264,0.3968128539444225,0.40197897340754485,0.28122,0.97772,0.0,0.02228,
cfl_exp2_alpha0.5_n_mm2_seed1,2,0.5,1,5.0,0.0,0.0,50,0.5,anon,8,17,0.11082774461089362,0.7673284113849168,0.7673284113849168,0.6598956990613245,0.4013221319377496,0.765252697304947,1.1656541052202127,-0.0007147011341380124,-0.0010886525639798362,0.9957495622543393,0.9923011120615911,0.39077586206896553,0.4444444444444444,0.2338,0.99864,0.00132,4e-05,0.5053129364859763
cfl_exp2_alpha0.5_n_mm2_seed1,2,0.5,1,5.0,0.0,0.0,50,0.5,id,8,17,0.11082774461089362,0.7673284113849168,0.7673284113849168,0.6598956990613245,0.4013221319377496,0.765252697304947,1.1656541052202127,-0.0007147011341380124,-0.0010886525639798362,0.9957495622543393,0.9923011120615911,0.39077586206896553,0.4444444444444444,0.2338,0.99864,0.00132,4e-05,0.5053129364859763
cfl_exp2_alpha0.5_n_mm2_seed1,2,0.5,1,5.0,0.0,0.0,50,0.5,oracle,8,17,0.11082774461089362,0.7673284113849168,0.7673284113849168,0.6598956990613245,0.4013221319377496,0.7825313052012315,1.1919733593668838,0.0,0.0,1.02315746896499,1.0,0.38937977181092903,0.0,0.23314,1.0,0.0,0.0,
cfl_exp2_alpha0.5_n_mm2_seed1,2,0.5,1,5.0,0.0,0.9,50,0.5,competitive,8,17,0.11082774461089362,0.7673284113849168,0.7673284113849168,0.6284473484271615,0.40061204618166646,0.13170114548492692,0.20061083278421152,0.0,0.0,0.03179494238231783,1.0,0.4186300750179063,0.0,0.53054,0.0,0.0,0.0,
cfl_exp2_alpha0.5_n_mm2_seed1,2,0.5,1,5.0,0.0,0.9,50,0.5,markout,8,17,0.11082774461089362,0.7673284113849168,0.7673284113849168,0.6284473484271615,0.40061204618166646,0.3534845640586914,0.5384374791204375,0.2789602877925706,0.42492003726874,0.7945416259872838,0.5408513069561491,0.39059817773669614,0.40177321511899206,0.28004,0.97838,0.0,0.02162,
cfl_exp2_alpha0.5_n_mm2_seed1,2,0.5,1,5.0,0.0,0.9,50,0.5,anon,8,17,0.11082774461089362,0.7673284113849168,0.7673284113849168,0.6284473484271615,0.40061204618166646,0.5743367234858594,0.8748456057296804,0.016150583957568944,0.02460101683815685,0.7306307321659437,0.752648885641213,0.38972491909385115,0.43377646479566717,0.32844,0.92862,0.06916,0.00222,0.4970371613886747
cfl_exp2_alpha0.5_n_mm2_seed1,2,0.5,1,5.0,0.0,0.9,50,0.5,id,8,17,0.11082774461089362,0.7673284113849168,0.7673284113849168,0.6284473484271615,0.40061204618166646,0.5320519825055564,0.810436317026158,0.042809541745012586,0.0652086797647507,0.7068291063890152,0.7312986608533167,0.3952814922067967,0.4184051923968475,0.3211,0.94042,0.0576,0.00198,0.5033113192545601
cfl_exp2_alpha0.5_n_mm2_seed1,2,0.5,1,5.0,0.0,0.9,50,0.5,oracle,8,17,0.11082774461089362,0.7673284113849168,0.7673284113849168,0.6284473484271615,0.40061204618166646,0.48943644191325264,0.745523145190839,0.05879805168333651,0.08956282096751568,0.666270075756461,0.6982311952831874,0.39696349368816103,0.4142490625616736,0.33582,0.9316,0.06524,0.00316,
cfl_exp2_alpha0.5_n_mm2_seed1,2,0.5,1,5.0,0.0,0.99,50,0.5,competitive,8,17,0.11082774461089362,0.7673284113849168,0.7673284113849168,0.6455753513626773,0.39569145239749826,0.10557313713102602,0.16081192674152422,0.0,0.0,-0.008003963660369455,1.0,0.42091952287483014,0.0,0.52984,0.0,0.0,0.0,
cfl_exp2_alpha0.5_n_mm2_seed1,2,0.5,1,5.0,0.0,0.99,50,0.5,markout,8,17,0.11082774461089362,0.7673284113849168,0.7673284113849168,0.6455753513626773,0.39569145239749826,0.3750209784910063,0.5712423421194998,0.27121898155601765,0.4131282651832783,0.8155547169008843,0.5402577062718018,0.38410857820529715,0.39965933725611646,0.28094,0.97806,0.0,0.02194,
cfl_exp2_alpha0.5_n_mm2_seed1,2,0.5,1,5.0,0.0,0.99,50,0.5,anon,8,17,0.11082774461089362,0.7673284113849168,0.7673284113849168,0.6455753513626773,0.39569145239749826,0.5271443273625278,0.8029608407754723,0.03585997868400592,0.05462291281472443,0.688767863188303,0.735100154083205,0.3964115033118135,0.4057701256398325,0.3245,0.9362,0.06222,0.00158,0.5002867926547381
cfl_exp2_alpha0.5_n_mm2_seed1,2,0.5,1,5.0,0.0,0.99,50,0.5,id,8,17,0.11082774461089362,0.7673284113849168,0.7673284113849168,0.6455753513626773,0.39569145239749826,0.5204702745728704,0.7927947387021065,0.06026572237499822,0.09179841761797103,0.715777265918184,0.7337759959909798,0.3978999487792385,0.3755294117647059,0.31928,0.93662,0.0623,0.00108,0.49324554320665254
cfl_exp2_alpha0.5_n_mm2_seed1,2,0.5,1,5.0,0.0,0.99,50,0.5,oracle,8,17,0.11082774461089362,0.7673284113849168,0.7673284113849168,0.6455753513626773,0.39569145239749826,0.5080058140339784,0.7738085271569741,0.047653590533596676,0.07258726905451829,0.6775799058095988,0.7341978324876276,0.3940273037542662,0.3796841857176526,0.31926,0.92542,0.0731,0.00148,
cfl_exp2_alpha0.5_n_mm2_seed1,2,0.5,1,1.0,0.0,0.0,50,0.49999999999999994,competitive,8,17,0.11082774461089384,0.7673284113849168,0.7673284113849168,0.679693986257208,0.39276910435497125,0.11483961778940453,0.1749268867520191,0.0,0.0,0.006110996350125023,1.0,0.4203234118833327,0.0,0.53554,0.0,0.0,0.0,
cfl_exp2_alpha0.5_n_mm2_seed1,2,0.5,1,1.0,0.0,0.0,50,0.49999999999999994,markout,8,17,0.11082774461089384,0.7673284113849168,0.7673284113849168,0.679693986257208,0.39276910435497125,0.33982482047102147,0.5176305793273385,0.3073971088578066,0.46823579078498806,0.8170504797104324,0.5433505555948758,0.39898397811645175,0.4009609423434594,0.28258,0.97214,0.0,0.02786,
cfl_exp2_alpha0.5_n_mm2_seed1,2,0.5,1,1.0,0.0,0.0,50,0.49999999999999994,anon,8,17,0.11082774461089384,0.7673284113849168,0.7673284113849168,0.679693986257208,0.39276910435497125,0.7578383806148574,1.1543604126691869,-0.0011560038176733733,-0.001760857035155589,0.9837836652321371,0.9909037311547207,0.3870803229919252,0.4537037037037037,0.23746,0.9985,0.0015,0.0,0.4997780424072733
cfl_exp2_alpha0.5_n_mm2_seed1,2,0.5,1,1.0,0.0,0.0,50,0.49999999999999994,id,8,17,0.11082774461089384,0.7673284113849168,0.7673284113849168,0.679693986257208,0.39276910435497125,0.7578383806148574,1.1543604126691869,-0.0011560038176733733,-0.001760857035155589,0.9837836652321371,0.9909037311547207,0.3870803229919252,0.4537037037037037,0.23746,0.9985,0.0015,0.0,0.4997780424072733
cfl_exp2_alpha0.5_n_mm2_seed1,2,0.5,1,1.0,0.0,0.0,50,0.49999999999999994,oracle,8,17,0.11082774461089384,0.7673284113849168,0.7673284113849168,0.679693986257208,0.39276910435497125,0.7584631356554314,1.155312056852039,0.0,0.0,0.9864961664501448,1.0,0.39183638541844945,0.0,0.23372,1.0,0.0,0.0,
cfl_exp2_alpha0.5_n_mm2_seed1,2,0.5,1,1.0,0.0,0.9,50,0.49999999999999994,competitive,8,17,0.11082774461089384,0.7673284113849168,0.7673284113849168,0.6303373300563025,0.40690899001109876,0.09617237800569849,0.1464924300508021,0.0,0.0,-0.022323460351091978,1.0,0.4295362789118213,0.0,0.53006,0.0,0.0,0.0,
cfl_exp2_alpha0.5_n_mm2_seed1,2,0.5,1,1.0,0.0,0.9,50,0.49999999999999994,markout,8,17,0.11082774461089384,0.7673284113849168,0.7673284113849168,0.6303373300563025,0.40690899001109876,0.33636670436220323,0.5123630810842504,0.27889700994626637,0.4248236507005205,0.768370841382877,0.5451775210828431,0.4094631483166515,0.4074478030539109,0.28222,0.96468,0.0,0.03532,
cfl_exp2_alpha0.5_n_mm2_seed1,2,0.5,1,1.0,0.0,0.9,50,0.49999999999999994,anon,8,17,0.11082774461089384,0.7673284113849168,0.7673284113849168,0.6303373300563025,0.40690899001109876,0.5178721016833598,0.7888371297901803,0.07876712762609293,0.11998027056567441,0.7400015099539606,0.6616355983162958,0.37780605289466507,0.43433445885907235,0.3326,0.92106,0.06502,0.01392,0.4955681742148385
cfl_exp2_alpha0.5_n_mm2_seed1,2,0.5,1,1.0,0.0,0.9,50,0.49999999999999994,id,8,17,0.11082774461089384,0.7673284113849168,0.7673284113849168,0.6303373300563025,0.40690899001109876,0.5450355259880956,0.8302132100890991,0.07188913743560504,0.10950352539451468,0.7709008450817197,0.665547889862639,0.36234590960029883,0.4571640958929567,0.32178,0.91802,0.0652,0.01678,0.49428674574192955
cfl_exp2_alpha0.5_n_mm2_seed1,2,0.5,1,1.0,0.0,0.9,50,0.49999999999999994,oracle,8,17,0.11082774461089384,0.7673284113849168,0.7673284113849168,0.6303373300563025,0.40690899001109876,0.5673887636621922,0.8642622808751779,0.07981424581216255,0.12157526999075505,0.8170216604640388,0.6517143910532137,0.3567791815953234,0.43454481298517994,0.32548,0.8985,0.08342,0.01808,
cfl_exp2_alpha0.5_n_mm2_seed1,2,0.5,1,1.0,0.0,0.99,50,0.49999999999999994,competitive,8,17,0.11082774461089384,0.7673284113849168,0.7673284113849168,0.706698416957484,0.37710810063588607,0.18504955536897508,0.28187260841377304,0.0,0.0,0.11305671801187898,1.0,0.40318302387267907,0.0,0.53534,0.0,0.0,0.0,
cfl_exp2_alpha0.5_n_mm2_seed1,2,0.5,1,1.0,0.0,0.99,50,0.49999999999999994,markout,8,17,0.11082774461089384,0.7673284113849168,0.7673284113849168,0.706698416957484,0.37710810063588607,0.398299128458786,0.6067002649304031,0.33301053266380004,0.5072508673908585,0.9451352419193674,0.5463968410661402,0.3778552071234998,0.3698119073527126,0.28364,0.97776,0.0,0.02224,
cfl_exp2_alpha0.5_n_mm2_seed1,2,0.5,1,1.0,0.0,0.99,50,0.49999999999999994,anon,8,17,0.11082774461089384,0.7673284113849168,0.7673284113849168,0.706698416957484,0.37710810063588607,0.6770590225346911,1.0313150569392255,0.0841153635052837,0.12812685159729995,0.9906260181346315,0.696341094647717,0.30528052805280526,0.41286596295558653,0.3307,0.90746,0.06954,0.023,0.44600036592724573
cfl_exp2_alpha0.5_n_mm2_seed1,2,0.5,1,1.0,0.0,0.99,50,0.49999999999999994,id,8,17,0.11082774461089384,0.7673284113849168,0.7673284113849168,0.706698416957484,0.37710810063588607,0.6229185873355713,0.9488468464114886,0.128053160807362,0.19505412147805137,0.975085077487646,0.6512233873530346,0.30164926319898505,0.42018950437317787,0.3147,0.88444,0.09548,0.02008,0.45280309670033586
cfl_exp2_alpha0.5_n_mm2_seed1,2,0.5,1,1.0,0.0,0.99,50,0.49999999999999994,oracle,8,17,0.11082774461089384,0.7673284113849168,0.7673284113849168,0.706698416957484,0.37710810063588607,0.6991859559038782,1.0650194147396779,0.06804922719657003,0.10365446775698943,0.9998579920947733,0.652370503357936,0.2768321272041586,0.4843152257077276,0.30078,0.79066,0.18086,0.02848,
cfl_exp2_alpha0.5_n_mm2_seed2,2,0.5,2,5.0,0.0,0.0,50,0.49999999999999994,competitive,8,17,0.11082774461089384,0.7673284113849168,0.7673284113849168,0.6562152723827457,0.3979905286061692,0.0657491041161695,0.10015085656996185,-0.0022653326047042863,-0.003450617370787906,-0.07211565120272012,0.9151800740491417,0.4237260430713906,0.4417989417989418,0.53478,0.0,0.0,0.0,
cfl_exp2_alpha0.5_n_mm2_seed2,2,0.5,2,5.0,0.0,0.0,50,0.49999999999999994,markout,8,17,0.11082774461089384,0.7673284113849168,0.7673284113849168,0.6562152723827457,0.3979905286061692,0.6171310790513516,0.9400311534851449,0.0997594296009495,0.1519563263982002,0.9231715894814512,0.8564320388349514,0.3901091115204761,0.378698224852071,0.1648,1.0,0.0,0.0,
cfl_exp2_alpha0.5_n_mm2_seed2,2,0.5,2,5.0,0.0,0.0,50,0.49999999999999994,anon,8,17,0.11082774461089384,0.7673284113849168,0.7673284113849168,0.6562152723827457,0.3979905286061692,0.7820472095367955,1.1912359714418805,0.009240451392375362,0.014075311511535842,1.0364953925515221,0.9839209446445021,0.38573495616648223,0.453125,0.23882,0.9997,0.00022,8e-05,0.4973297995767922
cfl_exp2_alpha0.5_n_mm2_seed2,2,0.5,2,5.0,0.0,0.0,50,0.49999999999999994,id,8,17,0.11082774461089384,0.7673284113849168,0.7673284113849168,0.6562152723827457,0.3979905286061692,0.7820472095367955,1.1912359714418805,0.009240451392375362,0.014075311511535842,1.0364953925515221,0.9839209446445021,0.38573495616648223,0.453125,0.23882,0.9997,0.00022,8e-05,0.4973297995767922
cfl_exp2_alpha0.5_n_mm2_seed2,2,0.5,2,5.0,0.0,0.0,50,0.49999999999999994,oracle,8,17,0.11082774461089384,0.7673284113849168,0.7673284113849168,0.6562152723827457,0.3979905286061692,0.7841128967246688,1.1943824833837857,0.007905669004591265,0.012042134006411468,1.0376087269883032,0.9875807669715533,0.3854193219474892,0.3783783783783784,0.23834,1.0,0.0,0.0,
cfl_exp2_alpha0.5_n_mm2_seed2,2,0.5,2,5.0,0.0,0.9,50,0.49999999999999994,competitive,8,17,0.11082774461089384,0.7673284113849168,0.7673284113849168,0.63000746421982,0.40213636945119613,0.10126659109981814,0.1542520765400465,0.006131989830564471,0.00934041675950832,-0.005223397102339259,0.9169512515480167,0.4166325611852337,0.4369633981021238,0.53294,0.0,0.0,0.0,
cfl_exp2_alpha0.5_n_mm2_seed2,2,0.5,2,5.0,0.0,0.9,50,0.49999999999999994,markout,8,17,0.11082774461089384,0.7673284113849168,0.7673284113849168,0.63000746421982,0.40213636945119613,0.6327721445745541,0.9638560577309565,0.10575346251556077,0.16108660336206884,0.9561267706911313,0.8621399176954733,0.3839674294538818,0.38366988586479367,0.16524,1.0,0.0,0.0,
cfl_exp2_alpha0.5_n_mm2_seed2,2,0.5,2,5.0,0.0,0.9,50,0.49999999999999994,anon,8,17,0.11082774461089384,0.7673284113849168,0.7673284113849168,0.63000746421982,0.40213636945119613,0.5790692651440789,0.8820543442698481,0.03233587529884023,0.049254900924526716,0.7624933547924806,0.7502246758248813,0.39488320355951056,0.4117193523515806,0.31156,0.93714,0.0397,0.02316,0.49641345750687976
cfl_exp2_alpha0.5_n_mm2_seed2,2,0.5,2,5.0,0.0,0.9,50,0.49999999999999994,id,8,17,0.11082774461089384,0.7673284113849168,0.7673284113849168,0.63000746421982,0.40213636945119613,0.47633226315408567,0.7255624971330701,0.04322069894988948,0.06583496580783622,0.6225815725390124,0.6685615848406546,0.39886627157948984,0.4133749133749134,0.3483,0.90508,0.06414,0.03078,0.4976630704361717
cfl_exp2_alpha0.5_n_mm2_seed2,2,0.5,2,5.0,0.0,0.9,50,0.49999999999999994,oracle,8,17,0.11082774461089384,0.7673284113849168,0.7673284113849168,0.63000746421982,0.40213636945119613,0.4485950295930671,0.6833123746810755,0.06036679324271895,0.09195237156323875,0.6064488558424201,0.6508898144642181,0.3986537023186238,0.4130771614502634,0.36974,0.89174,0.07388,0.03438,
cfl_exp2_alpha0.5_n_mm2_seed2,2,0.5,2,5.0,0.0,0.99,50,0.49999999999999994,competitive,8,17,0.11082774461089384,0.7673284113849168,0.7673284113849168,0.6440665127176172,0.3994130032540037,0.08703658769940423,0.13257654120458567,-0.0050830111469196155,-0.007742583372987283,-0.04398193257029568,0.9159078937467078,0.417450601815717,0.4501118568232662,0.53156,0.0,0.0,0.0,
cfl_exp2_alpha0.5_n_mm2_seed2,2,0.5,2,5.0,0.0,0.99,50,0.49999999999999994,markout,8,17,0.11082774461089384,0.7673284113849168,0.7673284113849168,0.6440665127176172,0.3994130032540037,0.6103831052078679,0.9297524528150565,0.10397849421912582,0.1583829224882063,0.9193194849013687,0.8575631282177004,0.3900800457404231,0.36316695352839934,0.16316,1.0,0.0,0.0,
cfl_exp2_alpha0.5_n_mm2_seed2,2,0.5,2,5.0,0.0,0.99,50,0.49999999999999994,anon,8,17,0.11082774461089384,0.7673284113849168,0.7673284113849168,0.6440665127176172,0.3994130032540037,0.5386065097743443,0.820420354515406,0.0531350741056983,0.08093681666280494,0.7325412807763167,0.7389509470616804,0.39023989484061783,0.40581395348837207,0.32944,0.93328,0.04448,0.02224,0.4981793452132972
cfl_exp2_alpha0.5_n_mm2_seed2,2,0.5,2,5.0,0.0,0.99,50,0.49999999999999994,id,8,17,0.11082774461089384,0.7673284113849168,0.7673284113849168,0.6440665127176172,0.3994130032540037,0.5313928999837086,0.8094323842729954,0.09880887814619557,0.15050842009305532,0.7911249139641566,0.7840589887640449,0.3987908643081057,0.4116531165311653,0.34176,0.9466,0.03906,0.01434,0.49933456388203634
cfl_exp2_alpha0.5_n_mm2_seed2,2,0.5,2,5.0,0.0,0.99,50,0.49999999999999994,oracle,8,17,0.11082774461089384,0.7673284113849168,0.7673284113849168,0.6440665127176172,0.3994130032540037,0.49417519470501997,0.7527413447016684,0.07585572052509602,0.1155455346265576,0.699470988926332,0.7965404552625648,0.411190493032468,0.4059817225145389,0.35496,0.94282,0.04452,0.01266,
cfl_exp2_alpha0.5_n_mm2_seed2,2,0.5,2,1.0,0.0,0.0,50,0.49999999999999994,competitive,8,17,0.11082774461089384,0.7673284113849168,0.7673284113849168,0.6527253275948932,0.39938299376566616,0.09606394919068509,0.1463272682764109,0.010801824773052627,0.016453638693364452,-0.006034983432118732,0.9167826643090929,0.425417538676187,0.4177215189873418,0.53162,0.0,0.0,0.0,
cfl_exp2_alpha0.5_n_mm2_seed2,2,0.5,2,1.0,0.0,0.0,50,0.49999999999999994,markout,8,17,0.11082774461089384,0.7673284113849168,0.7673284113849168,0.6527253275948932,0.39938299376566616,0.5850185967872222,0.8911165310188391,0.10735036429095728,0.16351904837883252,0.8858196889957776,0.8581894945982863,0.3905368253508899,0.36690017513134854,0.16106,1.0,0.0,0.0,
cfl_exp2_alpha0.5_n_mm2_seed2,2,0.5,2,1.0,0.0,0.0,50,0.49999999999999994,anon,8,17,0.11082774461089384,0.7673284113849168,0.7673284113849168,0.6527253275948932,0.39938299376566616,0.7709688275119412,1.17436107308223,0.010139531839424702,0.01544481575205296,1.020989998432389,0.9848522679983354,0.3878137412321474,0.4175824175824176,0.2403,0.99924,0.00032,0.00044,0.4963278404966178
cfl_exp2_alpha0.5_n_mm2_seed2,2,0.5,2,1.0,0.0,0.0,50,0.49999999999999994,id,8,17,0.11082774461089384,0.7673284113849168,0.7673284113849168,0.6527253275948932,0.39938299376566616,0.7709688275119412,1.17436107308223,0.010139531839424702,0.01544481575205296,1.020989998432389,0.9848522679983354,0.3878137412321474,0.4175824175824176,0.2403,0.99924,0.00032,0.00044,0.4963278404966178
cfl_exp2_alpha0.5_n_mm2_seed2,2,0.5,2,1.0,0.0,0.0,50,0.49999999999999994,oracle,8,17,0.11082774461089384,0.7673284113849168,0.7673284113849168,0.6527253275948932,0.39938299376566616,0.7837853273246864,1.1938835206004088,0.006980715803103985,0.010633219669686717,1.0357008498682017,0.9895261424106766,0.38753734528382416,0.3709677419354839,0.23678,1.0,0.0,0.0,
cfl_exp2_alpha0.5_n_mm2_seed2,2,0.5,2,1.0,0.0,0.9,50,0.49999999999999994,competitive,8,17,0.11082774461089384,0.7673284113849168,0.7673284113849168,0.6841010506625322,0.38819954418840213,0.10496012896314288,0.1598781757205308,0.007124220547930077,0.01085181007193453,0.0019140953905712767,0.9142931800365822,0.41689462295349694,0.40897212543554007,0.53578,0.0,0.0,0.0,
cfl_exp2_alpha0.5_n_mm2_seed2,2,0.5,2,1.0,0.0,0.9,50,0.49999999999999994,markout,8,17,0.11082774461089384,0.7673284113849168,0.7673284113849168,0.6841010506625322,0.38819954418840213,0.6246874955162289,0.9515412963491405,0.10622881502846045,0.16181067347647637,0.9445360794237229,0.862588973338159,0.3855944055944056,0.3617208077260755,0.16578,1.0,0.0,0.0,
cfl_exp2_alpha0.5_n_mm2_seed2,2,0.5,2,1.0,0.0,0.9,50,0.49999999999999994,anon,8,17,0.11082774461089384,0.7673284113849168,0.7673284113849168,0.6841010506625322,0.38819954418840213,0.4107076043145937,0.6256011990555452,0.05386135226759968,0.0820431036761453,0.5388284123297964,0.620709234501626,0.3856964656964657,0.42841589548176373,0.38746,0.8595,0.10626,0.03424,0.4930155929610693
cfl_exp2_alpha0.5_n_mm2_seed2,2,0.5,2,1.0,0.0,0.9,50,0.49999999999999994,id,8,17,0.11082774461089384,0.7673284113849168,0.7673284113849168,0.6841010506625322,0.38819954418840213,0.5263708512009299,0.80178266046166,0.04585725686436342,0.06985104385301127,0.7028178139127771,0.6475973779728046,0.35193240756232225,0.4325903151421983,0.36918,0.8647,0.1054,0.0299,0.4780178603464286
cfl_exp2_alpha0.5_n_mm2_seed2,2,0.5,2,1.0,0.0,0.9,50,0.49999999999999994,oracle,8,17,0.11082774461089384,0.7673284113849168,0.7673284113849168,0.6841010506625322,0.38819954418840213,0.5209497488141874,0.7935250871474071,0.08014330044308043,0.12207649511903225,0.7467856918645454,0.6266585243990451,0.35019489723600283,0.4328624535315985,0.36026,0.85282,0.1179,0.02928,
cfl_exp2_alpha0.5_n_mm2_seed2,2,0.5,2,1.0,0.0,0.99,50,0.49999999999999994,competitive,8,17,0.11082774461089384,0.7673284113849168,0.7673284113849168,0.6820922763018717,0.38563846793273227,0.1863120441424584,0.2837956662831383,0.014838527531491681,0.022602456147389288,0.13758223202863346,0.9138780997908574,0.40224765018389863,0.396357328707719,0.53552,0.0,0.0,0.0,
cfl_exp2_alpha0.5_n_mm2_seed2,2,0.5,2,1.0,0.0,0.99,50,0.49999999999999994,markout,8,17,0.11082774461089384,0.7673284113849168,0.7673284113849168,0.6820922763018717,0.38563846793273227,0.586736497376353,0.8937332847802213,0.09512114315625182,0.14489116001003835,0.8698085543883656,0.8586744639376218,0.3959988649262202,0.3956896551724138,0.16416,1.0,0.0,0.0,
cfl_exp2_alpha0.5_n_mm2_seed2,2,0.5,2,1.0,0.0,0.99,50,0.49999999999999994,anon,8,17,0.11082774461089384,0.7673284113849168,0.7673284113849168,0.6820922763018717,0.38563846793273227,0.7466050685405987,1.1372495205668862,0.03474450397130787,0.052923790834880344,1.0213574209998726,0.7529586715409877,0.3068630678077683,0.4494607474291447,0.32278,0.9109,0.07146,0.01764,0.4470809068459059
cfl_exp2_alpha0.5_n_mm2_seed2,2,0.5,2,1.0,0.0,0.99,50,0.49999999999999994,id,8,17,0.11082774461089384,0.7673284113849168,0.7673284113849168,0.6820922763018717,0.38563846793273227,0.7290113113431944,1.110450222275449,0.03104848844019221,0.04729391760218814,0.9889282494757433,0.7496275183001878,0.3047874179052886,0.43053040103492884,0.30874,0.91004,0.06396,0.026,0.44123493602270786
cfl_exp2_alpha0.5_n_mm2_seed2,2,0.5,2,1.0,0.0,0.99,50,0.49999999999999994,oracle,8,17,0.11082774461089384,0.7673284113849168,0.7673284113849168,0.6820922763018717,0.38563846793273227,0.8569370906928934,1.3053103127888575,0.028567562808778302,0.04351490296141873,1.1800093253483819,0.8352792235194824,0.2862074772650724,0.4457728437233134,0.28436,0.94602,0.0435,0.01048,
cfl_exp2_alpha0.5_n_mm2_seed3,2,0.5,3,5.0,0.0,0.0,50,0.5,competitive,8,17,0.11082774461089362,0.7673284113849168,0.7673284113849168,0.7384687301294772,0.3843094362135826,0.09663522338878318,0.14719744895864117,0.0,0.0,-0.021618441443252485,1.0,0.4232445337072265,0.0,0.52778,0.0,0.0,0.0,
cfl_exp2_alpha0.5_n_mm2_seed3,2,0.5,3,5.0,0.0,0.0,50,0.5,markout,8,17,0.11082774461089362,0.7673284113849168,0.7673284113849168,0.7384687301294772,0.3843094362135826,0.29840077776101,0.45453233006955,0.2930747143881053,0.44641952281365427,0.7321359624813105,0.5101619661059346,0.40034322137778866,0.4025277671390272,0.31982,0.95626,0.0,0.04374,
cfl_exp2_alpha0.5_n_mm2_seed3,2,0.5,3,5.0,0.0,0.0,50,0.5,anon,8,17,0.11082774461089362,0.7673284113849168,0.7673284113849168,0.7384687301294772,0.3843094362135826,0.3249252169414913,0.4949350905279966,0.06894742614106968,0.10502262926840614,0.43114182939450907,0.5858710090028042,0.4085145688135024,0.42563554288429556,0.40654,0.82778,0.11512,0.0571,0.5077707798612873
cfl_exp2_alpha0.5_n_mm2_seed3,2,0.5,3,5.0,0.0,0.0,50,0.5,id,8,17,0.11082774461089362,0.7673284113849168,0.7673284113849168,0.7384687301294772,0.3843094362135826,0.3249252169414913,0.4949350905279966,0.06894742614106968,0.10502262926840614,0.43114182939450907,0.5858710090028042,0.4085145688135024,0.42563554288429556,0.40654,0.82778,0.11512,0.0571,0.5077707798612873
cfl_exp2_alpha0.5_n_mm2_seed3,2,0.5,3,5.0,0.0,0.0,50,0.5,oracle,8,17,0.11082774461089362,0.7673284113849168,0.7673284113849168,0.7384687301294772,0.3843094362135826,0.33739750330054114,0.5139332225791602,0.05995326708103037,0.09132247705952008,0.4364398092367866,0.5853970125786163,0.40792345140171227,0.42581180374496325,0.40704,0.83,0.12,0.05,
cfl_exp2_alpha0.5_n_mm2_seed3,2,0.5,3,5.0,0.0,0.9,50,0.5,competitive,8,17,0.11082774461089362,0.7673284113849168,0.7673284113849168,0.7107343380601571,0.39310004928536224,0.12468274608543702,0.18992021241671425,0.0,0.0,0.021104322014820584,1.0,0.42379334801597673,0.0,0.53578,0.0,0.0,0.0,
cfl_exp2_alpha0.5_n_mm2_seed3,2,0.5,3,5.0,0.0,0.9,50,0.5,markout,8,17,0.11082774461089362,0.7673284113849168,0.7673284113849168,0.7107343380601571,0.39310004928536224,0.29359436356351737,0.4472110668313711,0.31069722191564647,0.4732626144043093,0.7516577908337867,0.5037022852036257,0.4047649220631099,0.40758842443729904,0.31332,0.95724,0.0,0.04276,
cfl_exp2_alpha0.5_n_mm2_seed3,2,0.5,3,5.0,0.0,0.9,50,0.5,anon,8,17,0.11082774461089362,0.7673284113849168,0.7673284113849168,0.7107343380601571,0.39310004928536224,0.3812265390103494,0.5806948237899856,0.10010900299411601,0.15248880627348235,0.5643677396615742,0.6003248965047424,0.40563896648044695,0.41667759276255406,0.38166,0.88602,0.07938,0.0346,0.504398680820137
cfl_exp2_alpha0.5_n_mm2_seed3,2,0.5,3,5.0,0.0,0.9,50,0.5,id,8,17,0.11082774461089362,0.7673284113849168,0.7673284113849168,0.7107343380601571,0.39310004928536224,0.39548350069976407,0.6024114227379682,0.08737783828999304,0.1330963435564487,0.5666918758925233,0.5918346037381226,0.39458362738179253,0.42670759785111284,0.38308,0.88452,0.08622,0.02926,0.5017000660024888
cfl_exp2_alpha0.5_n_mm2_seed3,2,0.5,3,5.0,0.0,0.9,50,0.5,oracle,8,17,0.11082774461089362,0.7673284113849168,0.7673284113849168,0.7107343380601571,0.39310004928536224,0.40615377116312223,0.6186646742628916,0.08054895913414778,0.12269440567358002,0.5725431895345781,0.6029646158750398,0.3997709049255441,0.4282082162451492,0.37644,0.8973,0.078,0.0247,
cfl_exp2_alpha0.5_n_mm2_seed3,2,0.5,3,5.0,0.0,0.99,50,0.5,competitive,8,17,0.11082774461089362,0.7673284113849168,0.7673284113849168,0.8069551774559885,0.3757453356414695,0.13760393637685822,0.2096021273718271,0.0,0.0,0.04078623696993342,1.0,0.4138098077209718,0.0,0.53672,0.0,0.0,0.0,
cfl_exp2_alpha0.5_n_mm2_seed3,2,0.5,3,5.0,0.0,0.99,50,0.5,markout,8,17,0.11082774461089362,0.7673284113849168,0.7673284113849168,0.8069551774559885,0.3757453356414695,0.35606607595407563,0.5423697095446189,0.2992623767633661,0.4558447415353143,0.8293985606780394,0.5153565544834079,0.37721201050348213,0.38873376229209666,0.33992,0.9477,0.0,0.0523,
cfl_exp2_alpha0.5_n_mm2_seed3,2,0.5,3,5.0,0.0,0.99,50,0.5,anon,8,17,0.11082774461089362,0.7673284113849168,0.7673284113849168,0.8069551774559885,0.3757453356414695,0.44190497177474225,0.673121893304721,0.11158065114421001,0.1699627384881509,0.6742687413909783,0.6428686543110395,0.3929138464109635,0.4104993983152828,0.3723,0.92146,0.0543,0.02424,0.49130203692321
cfl_exp2_alpha0.5_n_mm2_seed3,2,0.5,3,5.0,0.0,0.99,50,0.5,id,8,17,0.11082774461089362,0.7673284113849168,0.7673284113849168,0.8069551774559885,0.3757453356414695,0.45679341641384236,0.6958003845730703,0.09450322349522748,0.14394992766664902,0.6709344218378256,0.6409117981482484,0.39013263495818196,0.4262665862484922,0.36938,0.90922,0.07012,0.02066,0.4956404402677881
cfl_exp2_alpha0.5_n_mm2_seed3,2,0.5,3,5.0,0.0,0.99,50,0.5,oracle,8,17,0.11082774461089362,0.7673284113849168,0.7673284113849168,0.8069551774559885,0.3757453356414695,0.4389175933229474,0.6685714356997432,0.12298580107273091,0.18733537876978937,0.6870909240676388,0.6370058782289812,0.38596342702336606,0.4155400386272471,0.37086,0.90124,0.08022,0.01854,
cfl_exp2_alpha0.5_n_mm2_seed3,2,0.5,3,1.0,0.0,0.0,50,0.49999999999999994,competitive,8,17,0.11082774461089384,0.7673284113849168,0.7673284113849168,0.7302750764633822,0.38219326818675353,0.10407819956207426,0.15853479642831722,0.0,0.0,-0.010281093973576847,1.0,0.41631367844960077,0.0,0.53354,0.0,0.0,0.0,
cfl_exp2_alpha0.5_n_mm2_seed3,2,0.5,3,1.0,0.0,0.0,50,0.49999999999999994,markout,8,17,0.11082774461089384,0.7673284113849168,0.7673284113849168,0.7302750764633822,0.38219326818675353,0.2930398642680791,0.4463664381455193,0.28545979996658977,0.43482027424177644,0.7123708219854018,0.5070668077952805,0.39476915520628686,0.40848806366047746,0.32122,0.95706,0.0,0.04294,
cfl_exp2_alpha0.5_n_mm2_seed3,2,0.5,3,1.0,0.0,0.0,50,0.49999999999999994,anon,8,17,0.11082774461089384,0.7673284113849168,0.7673284113849168,0.7302750764633822,0.38219326818675353,0.3520287630637234,0.5362199627207641,0.059079515679718045,0.08999155472305723,0.4573956270419272,0.6081292602878061,0.4022749916971106,0.4080659708800412,0.3961,0.86024,0.09868,0.04108,0.5006568392598819
cfl_exp2_alpha0.5_n_mm2_seed3,2,0.5,3,1.0,0.0,0.0,50,0.49999999999999994,id,8,17,0.11082774461089384,0.7673284113849168,0.7673284113849168,0.7302750764633822,0.38219326818675353,0.3520287630637234,0.5362199627207641,0.059079515679718045,0.08999155472305723,0.4573956270419272,0.6081292602878061,0.4022749916971106,0.4080659708800412,0.3961,0.86024,0.09868,0.04108,0.5006568392598819
cfl_exp2_alpha0.5_n_mm2_seed3,2,0.5,3,1.0,0.0,0.0,50,0.49999999999999994,oracle,8,17,0.11082774461089384,0.7673284113849168,0.7673284113849168,0.7302750764633822,0.38219326818675353,0.3095633136942152,0.4715354139933743,0.06339705354956539,0.09656814799761289,0.39928767158909306,0.5816256495734876,0.40382670262980447,0.4115303491914694,0.40796,0.83,0.12,0.05,
cfl_exp2_alpha0.5_n_mm2_seed3,2,0.5,3,1.0,0.0,0.9,50,0.49999999999999994,competitive,8,17,0.11082774461089384,0.7673284113849168,0.7673284113849168,0.725795561618066,0.3920696324951644,0.06757225084020978,0.10292792415924404,0.0,0.0,-0.06588796624265003,1.0,0.4287119349347456,0.0,0.5287,0.0,0.0,0.0,
cfl_exp2_alpha0.5_n_mm2_seed3,2,0.5,3,1.0,0.0,0.9,50,0.49999999999999994,markout,8,17,0.11082774461089384,0.7673284113849168,0.7673284113849168,0.725795561618066,0.3920696324951644,0.282570334054377,0.4304189597291632,0.28965100033328456,0.44120442673211574,0.7028074960593849,0.5029993054240071,0.4079839317097665,0.4041417863041545,0.31674,0.95132,0.0,0.04868,
cfl_exp2_alpha0.5_n_mm2_seed3,2,0.5,3,1.0,0.0,0.9,50,0.49999999999999994,anon,8,17,0.11082774461089384,0.7673284113849168,0.7673284113849168,0.725795561618066,0.3920696324951644,0.42166189859330383,0.6422870835231702,0.09541863345144874,0.14534430546784688,0.618815498589123,0.6259626604434072,0.3857768664367602,0.42411480268288876,0.3428,0.90686,0.0706,0.02254,0.503354573837511
cfl_exp2_alpha0.5_n_mm2_seed3,2,0.5,3,1.0,0.0,0.9,50,0.49999999999999994,id,8,17,0.11082774461089384,0.7673284113849168,0.7673284113849168,0.725795561618066,0.3920696324951644,0.4788195836250526,0.729351252570577,0.0974329529504489,0.14841257272323036,0.7089479348919133,0.622228637413395,0.3629952676997309,0.42992511080544094,0.3464,0.88504,0.08966,0.0253,0.4885134896510768
cfl_exp2_alpha0.5_n_mm2_seed3,2,0.5,3,1.0,0.0,0.9,50,0.49999999999999994,oracle,8,17,0.11082774461089384,0.7673284113849168,0.7673284113849168,0.725795561618066,0.3920696324951644,0.3984137663052679,0.6068748844735107,0.10175187735343777,0.15499127800347268,0.5930502720750892,0.5912651451112989,0.36389630194433853,0.42644422997380393,0.3549,0.85814,0.11442,0.02744,
cfl_exp2_alpha0.5_n_mm2_seed3,2,0.5,3,1.0,0.0,0.99,50,0.49999999999999994,competitive,8,17,0.11082774461089384,0.7673284113849168,0.7673284113849168,0.754777919325756,0.38977946177013506,0.21445394910099666,0.3266621954168019,0.0,0.0,0.15784630501490787,1.0,0.3983540014151119,0.0,0.53706,0.0,0.0,0.0,
cfl_exp2_alpha0.5_n_mm2_seed3,2,0.5,3,1.0,0.0,0.99,50,0.49999999999999994,markout,8,17,0.11082774461089384,0.7673284113849168,0.7673284113849168,0.754777919325756,0.38977946177013506,0.31084819390177426,0.47349257911534265,0.3102088531208427,0.4725187175287684,0.777195406242217,0.5087729804179891,0.3950094161958569,0.39107643545044496,0.33398,0.91416,0.0,0.08584,
cfl_exp2_alpha0.5_n_mm2_seed3,2,0.5,3,1.0,0.0,0.99,50,0.49999999999999994,anon,8,17,0.11082774461089384,0.7673284113849168,0.7673284113849168,0.754777919325756,0.38977946177013506,0.4213378380568136,0.6417934655378563,0.1398001253598721,0.21294742326285152,0.6859249983988137,0.5366124465663688,0.3307469480653838,0.4267401461602971,0.36026,0.78748,0.16778,0.04474,0.4829101351460878
cfl_exp2_alpha0.5_n_mm2_seed3,2,0.5,3,1.0,0.0,0.99,50,0.49999999999999994,id,8,17,0.11082774461089384,0.7673284113849168,0.7673284113849168,0.754777919325756,0.38977946177013506,0.44328457741281446,0.6752233468262409,0.11664481696660796,0.1776766161408314,0.6840840725651782,0.5288641621681173,0.3110092698677221,0.42581550333216417,0.36308,0.76352,0.18324,0.05324,0.4705296874489116
cfl_exp2_alpha0.5_n_mm2_seed3,2,0.5,3,1.0,0.0,0.99,50,0.49999999999999994,oracle,8,17,0.11082774461089384,0.7673284113849168,0.7673284113849168,0.754777919325756,0.38977946177013506,0.48094492500998304,0.7325886314377975,0.22366528829740173,0.340693162425059,0.9044659034609626,0.5545544445665311,0.27947295423023577,0.3639615194869265,0.36404,0.83976,0.1257,0.03454,
cfl_exp2_alpha0.5_n_mm2_seed4,2,0.5,4,5.0,0.0,0.0,50,0.5,competitive,8,17,0.11082774461089362,0.7673284113849168,0.7673284113849168,0.590663171152714,0.4097088813358948,0.12373385807073715,0.18847483990953523,0.0,0.0,0.019658949507641563,1.0,0.4225558266091199,0.0,0.5329,0.0,0.0,0.0,
cfl_exp2_alpha0.5_n_mm2_seed4,2,0.5,4,5.0,0.0,0.0,50,0.5,markout,8,17,0.11082774461089362,0.7673284113849168,0.7673284113849168,0.590663171152714,0.4097088813358948,0.40023480112187865,0.6096487351468983,0.21994111573442848,0.33502039962152136,0.775853244366526,0.5749297431540422,0.3941116289644197,0.4089790897908979,0.30602,0.95194,0.0,0.04806,
cfl_exp2_alpha0.5_n_mm2_seed4,2,0.5,4,5.0,0.0,0.0,50,0.5,anon,8,17,0.11082774461089362,0.7673284113849168,0.7673284113849168,0.590663171152714,0.4097088813358948,0.2488832108281148,0.37910580053345766,0.18498145994357362,0.2817688835756306,0.49205879370719463,0.5099971706120909,0.4130374479889043,0.41093253777307287,0.42412,0.96896,0.03076,0.00028,0.4989329851790216
cfl_exp2_alpha0.5_n_mm2_seed4,2,0.5,4,5.0,0.0,0.0,50,0.5,id,8,17,0.11082774461089362,0.7673284113849168,0.7673284113849168,0.590663171152714,0.4097088813358948,0.2488832108281148,0.37910580053345766,0.18498145994357362,0.2817688835756306,0.49205879370719463,0.5099971706120909,0.4130374479889043,0.41093253777307287,0.42412,0.96896,0.03076,0.00028,0.4989329851790216
cfl_exp2_alpha0.5_n_mm2_seed4,2,0.5,4,5.0,0.0,0.0,50,0.5,oracle,8,17,0.11082774461089362,0.7673284113849168,0.7673284113849168,0.590663171152714,0.4097088813358948,0.24355403446192952,0.37098825147997033,0.18894716250718782,0.2878095515662684,0.4899819126443452,0.505750363798526,0.4122888435121589,0.41115015671003896,0.42606,0.97,0.03,0.0,
cfl_exp2_alpha0.5_n_mm2_seed4,2,0.5,4,5.0,0.0,0.9,50,0.5,competitive,8,17,0.11082774461089362,0.7673284113849168,0.7673284113849168,0.5582976151461465,0.4088529983550172,0.03813556443580238,0.058089148063164384,0.0,0.0,-0.11072674233872927,1.0,0.4247150569886023,0.0,0.53344,0.0,0.0,0.0,
cfl_exp2_alpha0.5_n_mm2_seed4,2,0.5,4,5.0,0.0,0.9,50,0.5,markout,8,17,0.11082774461089362,0.7673284113849168,0.7673284113849168,0.5582976151461465,0.4088529983550172,0.3522870284998008,0.5366133597866748,0.2110733081266232,0.3215127094444789,0.6893101788292602,0.5759040932573851,0.4025301897642323,0.4177729189442449,0.30196,0.95606,0.0,0.04394,
cfl_exp2_alpha0.5_n_mm2_seed4,2,0.5,4,5.0,0.0,0.9,50,0.5,anon,8,17,0.11082774461089362,0.7673284113849168,0.7673284113849168,0.5582976151461465,0.4088529983550172,0.39911499520303456,0.6079430157538829,0.05686589423444718,0.08661970522266235,0.5257468305746514,0.65527950310559,0.4133378469871361,0.4229407979407979,0.36064,0.92668,0.06222,0.0111,0.5106507438923459
cfl_exp2_alpha0.5_n_mm2_seed4,2,0.5,4,5.0,0.0,0.9,50,0.5,id,8,17,0.11082774461089362,0.7673284113849168,0.7673284113849168,0.5582976151461465,0.4088529983550172,0.422251673767555,0.6431854454047341,0.0259240355981475,0.03948820909129544,0.5138577640941359,0.6454575633506695,0.40245156866106635,0.43679775280898875,0.36148,0.90002,0.08064,0.01934,0.5077109247608468
cfl_exp2_alpha0.5_n_mm2_seed4,2,0.5,4,5.0,0.0,0.9,50,0.5,oracle,8,17,0.11082774461089362,0.7673284113849168,0.7673284113849168,0.5582976151461465,0.4088529983550172,0.45081638697060755,0.6866960077677803,0.00444773539940194,0.006774913757906225,0.5246550311237929,0.654910591471802,0.4054440057128455,0.43909438775510207,0.3635,0.90056,0.07824,0.0212,
cfl_exp2_alpha0.5_n_mm2_seed4,2,0.5,4,5.0,0.0,0.99,50,0.5,competitive,8,17,0.11082774461089362,0.7673284113849168,0.7673284113849168,0.5543713643848596,0.4105600238308013,0.07026937398777933,0.1070362568450628,0.0,0.0,-0.06177963355683087,1.0,0.4258946973955406,0.0,0.5337,0.0,0.0,0.0,
cfl_exp2_alpha0.5_n_mm2_seed4,2,0.5,4,5.0,0.0,0.99,50,0.5,markout,8,17,0.11082774461089362,0.7673284113849168,0.7673284113849168,0.5543713643848596,0.4105600238308013,0.3698050847230788,0.5632973482574862,0.1978303534544641,0.3013406740720952,0.6958221319276877,0.5698219908746225,0.4022781098454945,0.4196295189722139,0.31122,0.94022,0.0,0.05978,
cfl_exp2_alpha0.5_n_mm2_seed4,2,0.5,4,5.0,0.0,0.99,50,0.5,anon,8,17,0.11082774461089362,0.7673284113849168,0.7673284113849168,0.5543713643848596,0.4105600238308013,0.5281966236064151,0.8045637275616474,0.009429935555042446,0.014363939036619994,0.6501117761963737,0.6782699202035388,0.39471440750213127,0.4441049604601007,0.34588,0.9057,0.07962,0.01468,0.5047259443395004
cfl_exp2_alpha0.5_n_mm2_seed4,2,0.5,4,5.0,0.0,0.99,50,0.5,id,8,17,0.11082774461089362,0.7673284113849168,0.7673284113849168,0.5543713643848596,0.4105600238308013,0.5495739226246613,0.8371262215546728,-0.027715103927368173,-0.042216413981051,0.6260939171717281,0.671803127874885,0.390191715166039,0.4679397337070778,0.34784,0.8918,0.09878,0.00942,0.5091904916996005
cfl_exp2_alpha0.5_n_mm2_seed4,2,0.5,4,5.0,0.0,0.99,50,0.5,oracle,8,17,0.11082774461089362,0.7673284113849168,0.7673284113849168,0.5543713643848596,0.4105600238308013,0.5577579102501647,0.8495922981935872,-0.0041455439991737175,-0.006314607446698409,0.6744618003449953,0.6819564842987542,0.3912787271655863,0.4536101083032491,0.34838,0.89534,0.09746,0.0072,
cfl_exp2_alpha0.5_n_mm2_seed4,2,0.5,4,1.0,0.0,0.0,50,0.5,competitive,8,17,0.11082774461089362,0.7673284113849168,0.7673284113849168,0.6108731416824875,0.4006548593540705,0.09070509174205726,0.1381645081760126,0.0,0.0,-0.030651382225881037,1.0,0.42277977797779775,0.0,0.53328,0.0,0.0,0.0,
cfl_exp2_alpha0.5_n_mm2_seed4,2,0.5,4,1.0,0.0,0.0,50,0.5,markout,8,17,0.11082774461089362,0.7673284113849168,0.7673284113849168,0.6108731416824875,0.4006548593540705,0.3701915780094079,0.5638860655366753,0.238177116431448,0.36279798100103366,0.7578681561358154,0.571561585528066,0.399813823597859,0.40841353616889164,0.30072,0.95652,0.0,0.04348,
cfl_exp2_alpha0.5_n_mm2_seed4,2,0.5,4,1.0,0.0,0.0,50,0.5,anon,8,17,0.11082774461089362,0.7673284113849168,0.7673284113849168,0.6108731416824875,0.4006548593540705,0.36509761071671504,0.5561267934589726,0.0901550444665572,0.13732666093024676,0.5246375639873258,0.5777120114297377,0.4051404345521993,0.4253262445625906,0.39196,0.97232,0.02764,4e-05,0.5039606989426718
cfl_exp2_alpha0.5_n_mm2_seed4,2,0.5,4,1.0,0.0,0.0,50,0.5,id,8,17,0.11082774461089362,0.7673284113849168,0.7673284113849168,0.6108731416824875,0.4006548593540705,0.36509761071671504,0.5561267934589726,0.0901550444665572,0.13732666093024676,0.5246375639873258,0.5777120114297377,0.4051404345521993,0.4253262445625906,0.39196,0.97232,0.02764,4e-05,0.5039606989426718
cfl_exp2_alpha0.5_n_mm2_seed4,2,0.5,4,1.0,0.0,0.0,50,0.5,oracle,8,17,0.11082774461089362,0.7673284113849168,0.7673284113849168,0.6108731416824875,0.4006548593540705,0.23163296946922918,0.35282975508227554,0.14524407267126843,0.22123979459911727,0.40525365927949913,0.5069268931947954,0.4187055673529683,0.41186521120075936,0.42732,0.97,0.03,0.0,
cfl_exp2_alpha0.5_n_mm2_seed4,2,0.5,4,1.0,0.0,0.9,50,0.5,competitive,8,17,0.11082774461089362,0.7673284113849168,0.7673284113849168,0.6219557388207878,0.3891139426972085,0.12992887493195202,0.19791126118791189,0.0,0.0,0.029095370786018218,1.0,0.41324345461993967,0.0,0.53702,0.0,0.0,0.0,
cfl_exp2_alpha0.5_n_mm2_seed4,2,0.5,4,1.0,0.0,0.9,50,0.5,markout,8,17,0.11082774461089362,0.7673284113849168,0.7673284113849168,0.6219557388207878,0.3891139426972085,-0.0005236660710066027,-0.0007976626643501277,0.6220379726362546,0.9475054697093992,0.7778919166431554,0.0014732965009208103,0.75,0.3887126521578753,0.2715,0.00244,0.0,0.99756,
cfl_exp2_alpha0.5_n_mm2_seed4,2,0.5,4,1.0,0.0,0.9,50,0.5,anon,8,17,0.11082774461089362,0.7673284113849168,0.7673284113849168,0.6219557388207878,0.3891139426972085,0.4212820743189242,0.6417085246677068,0.020534809671792983,0.03127919088444941,0.5041718251502626,0.5869104809132704,0.3773983453617321,0.43916468675753406,0.38718,0.84846,0.12764,0.0239,0.495041036949712
cfl_exp2_alpha0.5_n_mm2_seed4,2,0.5,4,1.0,0.0,0.9,50,0.5,id,8,17,0.11082774461089362,0.7673284113849168,0.7673284113849168,0.6219557388207878,0.3891139426972085,0.4806563983299956,0.7321491396069585,0.007404444906038669,0.011278655576122032,0.5746119047811868,0.577479778629204,0.3581828234426834,0.4688916876574307,0.37584,0.82704,0.14906,0.0239,0.49642158911952594
cfl_exp2_alpha0.5_n_mm2_seed4,2,0.5,4,1.0,0.0,0.9,50,0.5,oracle,8,17,0.11082774461089362,0.7673284113849168,0.7673284113849168,0.6219557388207878,0.3891139426972085,0.4790684837984003,0.7297303842088898,0.020051004126272753,0.030542244876614257,0.5914567386836105,0.5852162685603616,0.3497885640742784,0.4674448767833982,0.37176,0.82384,0.15424,0.02192,
cfl_exp2_alpha0.5_n_mm2_seed4,2,0.5,4,1.0,0.0,0.99,50,0.5,competitive,8,17,0.11082774461089362,0.7673284113849168,0.7673284113849168,0.5747145254117617,0.4048115596603605,0.09639135691965231,0.14682598479801937,0.0,0.0,-0.021989905603874302,1.0,0.4154532733255172,0.0,0.52882,0.0,0.0,0.0,
cfl_exp2_alpha0.5_n_mm2_seed4,2,0.5,4,1.0,0.0,0.99,50,0.5,markout,8,17,0.11082774461089362,0.7673284113849168,0.7673284113849168,0.5747145254117617,0.4048115596603605,-0.0019645155959980383,-0.0029924045708155426,0.5764604020090026,0.8780804516797672,0.706272156707058,0.0014899798852715488,0.85,0.40408863687234203,0.26846,0.00288,0.0,0.99712,
cfl_exp2_alpha0.5_n_mm2_seed4,2,0.5,4,1.0,0.0,0.99,50,0.5,anon,8,17,0.11082774461089362,0.7673284113849168,0.7673284113849168,0.5747145254117617,0.4048115596603605,0.6066532196486424,0.9240709878173833,-0.04638106092413892,-0.0706489167056763,0.6846061807098133,0.58456476218965,0.30999897656329956,0.529089861751152,0.3343,0.73062,0.24486,0.02452,0.4941728596210575
cfl_exp2_alpha0.5_n_mm2_seed4,2,0.5,4,1.0,0.0,0.99,50,0.5,id,8,17,0.11082774461089362,0.7673284113849168,0.7673284113849168,0.5747145254117617,0.4048115596603605,0.5746003311034279,0.8752471401544112,-0.08853506011774062,-0.13485905589828692,0.5715721938542307,0.5926709802261595,0.3228242016120804,0.5767517814726841,0.33074,0.76184,0.21054,0.02762,0.5184181505047121
cfl_exp2_alpha0.5_n_mm2_seed4,2,0.5,4,1.0,0.0,0.99,50,0.5,oracle,8,17,0.11082774461089362,0.7673284113849168,0.7673284113849168,0.5747145254117617,0.4048115596603605,0.7358339905330696,1.1208427161984196,-0.06185326303300945,-0.09421660352144047,0.8578102222750853,0.6094552285535378,0.2661050035960136,0.5738335738335738,0.3194,0.718,0.2497,0.0323,
