run,n_mm,alpha,seed,kappa,rho,rho_z,mark_lag,n_wallets,alpha_eff,policy,hC,hM,PiC,PiM,PiM_id,Pi_nominal,informed_share_nominal,entrant_pnl,entrant_pnl_norm,incumbent_pnl,incumbent_pnl_norm,delta_market,entrant_fill_share,entrant_informed_share,incumbent_informed_share,fill_rate,dec_undercut,dec_withdraw,dec_competitive,abar_hat
cfl_exp2_alpha0.3_n_mm2_seed0,2,0.3,0,1000000.0,0.0,0.0,1,50,0.2999999966547333,competitive,4,14,0.11814223561608861,1.4998167051021234,1.4998167051021232,1.277827132602498,0.2199943783378619,0.10633112301928799,0.07695815864560471,0.0,0.0,-0.008548404749198416,1.0,0.26481665533294974,0.0,0.76468,0.0,0.0,0.0,
cfl_exp2_alpha0.3_n_mm2_seed0,2,0.3,0,1000000.0,0.0,0.0,1,50,0.2999999966547333,markout,4,14,0.11814223561608861,1.4998167051021234,1.4998167051021232,1.277827132602498,0.2199943783378619,0.5969725254247101,0.4320645264921022,0.5770350654344647,0.41763460075303727,0.7641925638503364,0.525504759465574,0.2321501096580294,0.23893486865779057,0.46854,0.9455,0.0,0.0545,
cfl_exp2_alpha0.3_n_mm2_seed0,2,0.3,0,1000000.0,0.0,0.0,1,50,0.2999999966547333,anon,4,14,0.11814223561608861,1.4998167051021234,1.4998167051021232,1.277827132602498,0.2199943783378619,0.40277657087091595,0.29151336278272816,0.026500793935696286,0.0191802009235607,0.22518700031148575,0.5710199912447104,0.25488091587447614,0.265732362745765,0.6853,0.71312,0.1681,0.11878,0.2946781538421269
cfl_exp2_alpha0.3_n_mm2_seed0,2,0.3,0,1000000.0,0.0,0.0,1,50,0.2999999966547333,id,4,14,0.11814223561608861,1.4998167051021234,1.4998167051021232,1.277827132602498,0.2199943783378619,0.40277657087091595,0.29151336278272816,0.026500793935696286,0.0191802009235607,0.22518700031148575,0.5710199912447104,0.25488091587447614,0.265732362745765,0.6853,0.71312,0.1681,0.11878,0.2946781538421269
cfl_exp2_alpha0.3_n_mm2_seed0,2,0.3,0,1000000.0,0.0,0.0,1,50,0.2999999966547333,oracle,4,14,0.11814223561608861,1.4998167051021234,1.4998167051021232,1.277827132602498,0.2199943783378619,0.39989479354189195,0.28942764911234675,0.021887898837622592,0.015841574351275818,0.21976266006881948,0.5699265154375671,0.253694832331057,0.26683325454177076,0.68858,0.71,0.17,0.12,
cfl_exp2_alpha0.3_n_mm2_seed0,2,0.3,0,1000000.0,0.9,0.0,1,50,0.2999999966547333,competitive,4,14,0.11814223561608861,1.4998167051021234,1.4998167051021236,1.2823790109799875,0.21870032725572697,0.12932812388257758,0.09360245610580471,0.0,0.0,0.008095892711001598,1.0,0.26220851197323014,0.0,0.76504,0.0,0.0,0.0,
cfl_exp2_alpha0.3_n_mm2_seed0,2,0.3,0,1000000.0,0.9,0.0,1,50,0.2999999966547333,markout,4,14,0.11814223561608861,1.4998167051021234,1.4998167051021236,1.2823790109799875,0.21870032725572697,0.5733627699448121,0.41497674206725094,0.6200830817873206,0.4487910108218064,0.7782611894942543,0.5259881465057775,0.23824578469520102,0.22721957362597822,0.46906,0.94874,0.0,0.05126,
cfl_exp2_alpha0.3_n_mm2_seed0,2,0.3,0,1000000.0,0.9,0.0,1,50,0.2999999966547333,anon,4,14,0.11814223561608861,1.4998167051021234,1.4998167051021236,1.2823790109799875,0.21870032725572697,0.3826580350418946,0.27695238168816894,0.006718018264365931,0.0048622294272144635,0.19630804772058028,0.5726458442389345,0.2509776039815144,0.2712487240558013,0.68772,0.7106,0.16962,0.11978,0.30005704279222906
cfl_exp2_alpha0.3_n_mm2_seed0,2,0.3,0,1000000.0,0.9,0.0,1,50,0.2999999966547333,id,4,14,0.11814223561608861,1.4998167051021234,1.4998167051021236,1.2823790109799875,0.21870032725572697,0.3826580350418946,0.27695238168816894,0.006718018264365931,0.0048622294272144635,0.19630804772058028,0.5726458442389345,0.2509776039815144,0.2712487240558013,0.68772,0.7106,0.16962,0.11978,0.30005704279222906
cfl_exp2_alpha0.3_n_mm2_seed0,2,0.3,0,1000000.0,0.9,0.0,1,50,0.2999999966547333,oracle,4,14,0.11814223561608861,1.4998167051021234,1.4998167051021236,1.2823790109799875,0.21870032725572697,0.38110034757284245,0.27582499061056465,0.004382595919971664,0.003171945358158014,0.19349037257391957,0.5724660837230922,0.2507865624682838,0.2724060610178705,0.68846,0.71,0.17,0.12,
cfl_exp2_alpha0.3_n_mm2_seed0,2,0.3,0,1000000.0,0.99,0.0,1,50,0.2999999966547333,competitive,4,14,0.11814223561608861,1.4998167051021234,1.4998167051021234,1.3060964898618728,0.21620615871243837,0.10210448533231521,0.07389908953756436,0.0,0.0,-0.011607473857238771,1.0,0.2647573754213593,0.0,0.76538,0.0,0.0,0.0,
cfl_exp2_alpha0.3_n_mm2_seed0,2,0.3,0,1000000.0,0.99,0.0,1,50,0.2999999966547333,markout,4,14,0.11814223561608861,1.4998167051021234,1.4998167051021234,1.3060964898618728,0.21620615871243837,0.5959619595138149,0.4313331198306828,0.5924685994484773,0.42880476735512674,0.7746313237910064,0.5235622153165042,0.2294495487438003,0.23150464617583988,0.46982,0.9442,0.0,0.0558,
cfl_exp2_alpha0.3_n_mm2_seed0,2,0.3,0,1000000.0,0.99,0.0,1,50,0.2999999966547333,anon,4,14,0.11814223561608861,1.4998167051021234,1.4998167051021234,1.3060964898618728,0.21620615871243837,0.37841760416902676,0.27388332963103335,-0.008063527307149015,-0.005836054356673858,0.1825407118795563,0.5753176573681904,0.25365556458164096,0.26597427608501273,0.6847,0.71212,0.16872,0.11916,0.3036021676894038
cfl_exp2_alpha0.3_n_mm2_seed0,2,0.3,0,1000000.0,0.99,0.0,1,50,0.2999999966547333,id,4,14,0.11814223561608861,1.4998167051021234,1.4998167051021234,1.3060964898618728,0.21620615871243837,0.37841760416902676,0.27388332963103335,-0.008063527307149015,-0.005836054356673858,0.1825407118795563,0.5753176573681904,0.25365556458164096,0.26597427608501273,0.6847,0.71212,0.16872,0.11916,0.3036021676894038
cfl_exp2_alpha0.3_n_mm2_seed0,2,0.3,0,1000000.0,0.99,0.0,1,50,0.2999999966547333,oracle,4,14,0.11814223561608861,1.4998167051021234,1.4998167051021234,1.3060964898618728,0.21620615871243837,0.37544737342406487,0.2717335969620445,-0.00675750056571469,-0.0048908051172345925,0.18133622845000683,0.5746229546380947,0.25359748682610456,0.26591375770020537,0.68692,0.71,0.17,0.12,
cfl_exp2_alpha0.3_n_mm2_seed0,2,0.3,0,5.0,0.0,0.0,1,50,0.29973965736877045,competitive,4,14,0.11943267886137865,1.5008330702367623,1.5008330702367623,1.256819448934725,0.2224200956040866,0.05257245918658525,0.038057365203322244,0.0,0.0,-0.048400319047415645,1.0,0.2643576003136845,0.0,0.7651,0.0,0.0,0.0,
cfl_exp2_alpha0.3_n_mm2_seed0,2,0.3,0,5.0,0.0,0.0,1,50,0.29973965736877045,markout,4,14,0.11943267886137865,1.5008330702367623,1.5008330702367623,1.256819448934725,0.2224200956040866,0.5841992955618887,0.42290367022426706,0.6096180305294899,0.4413043707932695,0.7777503567667986,0.5233233063593611,0.23567033678756477,0.23509021420318194,0.47206,0.9436,0.0,0.0564,
cfl_exp2_alpha0.3_n_mm2_seed0,2,0.3,0,5.0,0.0,0.0,1,50,0.29973965736877045,anon,4,14,0.11943267886137865,1.5008330702367623,1.5008330702367623,1.256819448934725,0.2224200956040866,0.3850875578765448,0.2787660697657212,0.008567046390969002,0.006201711281143673,0.19851009679612697,0.5714075729068674,0.2540515511653033,0.26373550998010836,0.68032,0.71052,0.16968,0.1198,0.3059858210610059
cfl_exp2_alpha0.3_n_mm2_seed0,2,0.3,0,5.0,0.0,0.0,1,50,0.29973965736877045,id,4,14,0.11943267886137865,1.5008330702367623,1.5008330702367623,1.256819448934725,0.2224200956040866,0.3850875578765448,0.2787660697657212,0.008567046390969002,0.006201711281143673,0.19851009679612697,0.5714075729068674,0.2540515511653033,0.26373550998010836,0.68032,0.71052,0.16968,0.1198,0.3059858210610059
cfl_exp2_alpha0.3_n_mm2_seed0,2,0.3,0,5.0,0.0,0.0,1,50,0.29973965736877045,oracle,4,14,0.11943267886137865,1.5008330702367623,1.5008330702367623,1.256819448934725,0.2224200956040866,0.383077151972004,0.2773107307365067,0.005984669819151231,0.00433232092340196,0.19518536740917075,0.5713110660673894,0.2542677910324969,0.2638936476392791,0.68082,0.71,0.17,0.12,
cfl_exp2_alpha0.3_n_mm2_seed0,2,0.3,0,5.0,0.9,0.0,1,50,0.29973965736877045,competitive,4,14,0.11943267886137865,1.5008330702367623,1.5282824168226188,1.2897380124684619,0.2168998424905031,0.1058993900292008,0.07666089476329355,0.0,0.0,-0.009796789487444332,1.0,0.2597715603059834,0.0,0.76344,0.0,0.0,0.0,
cfl_exp2_alpha0.3_n_mm2_seed0,2,0.3,0,5.0,0.9,0.0,1,50,0.29973965736877045,markout,4,14,0.11943267886137865,1.5008330702367623,1.5282824168226188,1.2897380124684619,0.2168998424905031,0.5998573797603984,0.43423860562479916,0.6120537667060704,0.44306760771703735,0.7908485290910987,0.5203245161835545,0.2316063017703427,0.22595137420718817,0.47332,0.9436,0.0,0.0564,
cfl_exp2_alpha0.3_n_mm2_seed0,2,0.3,0,5.0,0.9,0.0,1,50,0.29973965736877045,anon,4,14,0.11943267886137865,1.5008330702367623,1.5282824168226188,1.2897380124684619,0.2168998424905031,0.821481540209884,0.5946730182926765,0.37990979178950285,0.2750178689404075,0.7832332029823461,0.6443097132752306,0.23296085734823238,0.23875473484848486,0.47502,0.96456,0.01946,0.01598,0.3001507507800501
cfl_exp2_alpha0.3_n_mm2_seed0,2,0.3,0,5.0,0.9,0.0,1,50,0.29973965736877045,id,4,14,0.11943267886137865,1.5008330702367623,1.5282824168226188,1.2897380124684619,0.2168998424905031,1.0448595541945391,0.7563770509390333,0.23712248341470474,0.17165369641933795,0.8415730631076335,0.6945819519505881,0.20779390610697004,0.2853531598513011,0.44038,0.9517,0.03738,0.01092,0.304019252245297
cfl_exp2_alpha0.3_n_mm2_seed0,2,0.3,0,5.0,0.9,0.0,1,50,0.29973965736877045,oracle,4,14,0.11943267886137865,1.5008330702367623,1.5282824168226188,1.2897380124684619,0.2168998424905031,1.024959222624922,0.7419711395943844,0.2675110845763712,0.19365209844050013,0.8491655537841466,0.6846625766871166,0.2026417098101686,0.27439112264014986,0.4401,0.94934,0.03776,0.0129,
cfl_exp2_alpha0.3_n_mm2_seed0,2,0.3,0,5.0,0.99,0.0,1,50,0.29973965736877045,competitive,4,14,0.11943267886137865,1.5008330702367623,1.5351131617082756,1.3591704232284156,0.198013367991088,0.2173881480795727,0.15736795026033792,0.0,0.0,0.07091026600960004,1.0,0.23982584665119797,0.0,0.76714,0.0,0.0,0.0,
cfl_exp2_alpha0.3_n_mm2_seed0,2,0.3,0,5.0,0.99,0.0,1,50,0.29973965736877045,markout,4,14,0.11943267886137865,1.5008330702367623,1.5351131617082756,1.3591704232284156,0.198013367991088,0.5693883949913469,0.41218201366255475,0.5892461581896851,0.4265571096320636,0.7522814390438805,0.5134490977187607,0.23325596816976127,0.21990902729181247,0.46992,0.91214,0.0,0.08786,
cfl_exp2_alpha0.3_n_mm2_seed0,2,0.3,0,5.0,0.99,0.0,1,50,0.29973965736877045,anon,4,14,0.11943267886137865,1.5008330702367623,1.5351131617082756,1.3591704232284156,0.198013367991088,0.7766505456521834,0.5622197231889559,0.3886513835740084,0.28134593416978104,0.757107973107999,0.6262932340591316,0.24225877799281173,0.24591683076566662,0.46202,0.962,0.025,0.013,0.3116283416978883
cfl_exp2_alpha0.3_n_mm2_seed0,2,0.3,0,5.0,0.99,0.0,1,50,0.29973965736877045,id,4,14,0.11943267886137865,1.5008330702367623,1.5351131617082756,1.3591704232284156,0.198013367991088,1.1039004922959474,0.7991169679609365,0.2145351164656204,0.15530263188359147,0.8679619155937901,0.7005953180251555,0.19307436749297213,0.2822544476005382,0.44682,0.9328,0.04902,0.01818,0.28598646995207866
cfl_exp2_alpha0.3_n_mm2_seed0,2,0.3,0,5.0,0.99,0.0,1,50,0.29973965736877045,oracle,4,14,0.11943267886137865,1.5008330702367623,1.5351131617082756,1.3591704232284156,0.198013367991088,1.1132387709607885,0.8058769766616314,0.2217845896197494,0.16055054783858197,0.8799698402494756,0.7012604496036731,0.17671402100061767,0.2766420182688125,0.46174,0.92194,0.05422,0.02384,
cfl_exp2_alpha0.3_n_mm2_seed0,2,0.3,0,1.0,0.0,0.0,1,50,0.29999385107801696,competitive,4,14,0.11817269785667106,1.4998406974468963,1.4998406974468963,1.2569858530691014,0.22357457166931935,0.04644232730476263,0.0336132322081256,0.0,0.0,-0.05191577902447057,1.0,0.26765021318894033,0.0,0.76458,0.0,0.0,0.0,
cfl_exp2_alpha0.3_n_mm2_seed0,2,0.3,0,1.0,0.0,0.0,1,50,0.29999385107801696,markout,4,14,0.11817269785667106,1.4998406974468963,1.4998406974468963,1.2569858530691014,0.22357457166931935,0.5785461268932524,0.4187302065799001,0.6036834395332416,0.43692366017906026,0.7701248555263642,0.5284504404817636,0.24297334299750342,0.23492779783393503,0.46994,0.94128,0.0,0.05872,
cfl_exp2_alpha0.3_n_mm2_seed0,2,0.3,0,1.0,0.0,0.0,1,50,0.29999385107801696,anon,4,14,0.11817269785667106,1.4998406974468963,1.4998406974468963,1.2569858530691014,0.22357457166931935,0.4009420211944634,0.29018694890044117,0.0015711879639303816,0.0011371675137561007,0.20579510518160105,0.5746432166755492,0.25319455894476506,0.27404983989976334,0.67548,0.7201,0.16402,0.11588,0.30537748426549965
cfl_exp2_alpha0.3_n_mm2_seed0,2,0.3,0,1.0,0.0,0.0,1,50,0.29999385107801696,id,4,14,0.11817269785667106,1.4998406974468963,1.4998406974468963,1.2569858530691014,0.22357457166931935,0.4009420211944634,0.29018694890044117,0.0015711879639303816,0.0011371675137561007,0.20579510518160105,0.5746432166755492,0.25319455894476506,0.27404983989976334,0.67548,0.7201,0.16402,0.11588,0.30537748426549965
cfl_exp2_alpha0.3_n_mm2_seed0,2,0.3,0,1.0,0.0,0.0,1,50,0.29999385107801696,oracle,4,14,0.11817269785667106,1.4998406974468963,1.4998406974468963,1.2569858530691014,0.22357457166931935,0.39163337036905405,0.28344969304145756,-0.022767640767803125,-0.016478373078449775,0.1814423087304116,0.5734924255717377,0.2534421213666497,0.27674163466812945,0.68388,0.71,0.17,0.12,
cfl_exp2_alpha0.3_n_mm2_seed0,2,0.3,0,1.0,0.9,0.0,1,50,0.29999385107801696,competitive,4,14,0.11817269785667106,1.4998406974468963,1.601945470430985,1.3141363135503095,0.21372622155911974,0.09802360765470418,0.07094584783303659,0.0,0.0,-0.01458316339955959,1.0,0.2553202628065859,0.0,0.76406,0.0,0.0,0.0,
cfl_exp2_alpha0.3_n_mm2_seed0,2,0.3,0,1.0,0.9,0.0,1,50,0.29999385107801696,markout,4,14,0.11817269785667106,1.4998406974468963,1.601945470430985,1.3141363135503095,0.21372622155911974,0.6006996171273459,0.4347640803040247,0.550707521475206,0.39858165756066916,0.7478167266320979,0.5173489607487668,0.23453671257436232,0.23366526904262752,0.47438,0.92472,0.0,0.07528,
cfl_exp2_alpha0.3_n_mm2_seed0,2,0.3,0,1.0,0.9,0.0,1,50,0.29999385107801696,anon,4,14,0.11817269785667106,1.4998406974468963,1.601945470430985,1.3141363135503095,0.21372622155911974,0.7440443419112096,0.5385116700479986,0.41365574722587484,0.2993886717710454,0.7523713305864479,0.5976671309192201,0.2332508010486455,0.24599740372133275,0.45952,0.9335,0.0432,0.0233,0.3165963702500799
cfl_exp2_alpha0.3_n_mm2_seed0,2,0.3,0,1.0,0.9,0.0,1,50,0.29999385107801696,id,4,14,0.11817269785667106,1.4998406974468963,1.601945470430985,1.3141363135503095,0.21372622155911974,1.0932978526321406,0.7912883941412775,0.21721892751656194,0.15721499490542204,0.8629743778141034,0.6625837762884216,0.1612835716777119,0.333972602739726,0.4327,0.87466,0.1096,0.01574,0.29556090953792596
cfl_exp2_alpha0.3_n_mm2_seed0,2,0.3,0,1.0,0.9,0.0,1,50,0.29999385107801696,oracle,4,14,0.11817269785667106,1.4998406974468963,1.601945470430985,1.3141363135503095,0.21372622155911974,1.079461050728911,0.7812738306518334,0.22754536632346165,0.1646888879173195,0.8604337073365568,0.651701407446998,0.15431930016402406,0.3112531969309463,0.44904,0.86632,0.11658,0.0171,
cfl_exp2_alpha0.3_n_mm2_seed0,2,0.3,0,1.0,0.99,0.0,1,50,0.29999385107801696,competitive,4,14,0.11817269785667106,1.4998406974468963,1.6243410820482906,1.2005262171961153,0.23416634872186187,-0.03165923736119836,-0.022913780568550368,0.0,0.0,-0.10844279180114653,1.0,0.28241046649927315,0.0,0.7567,0.0,0.0,0.0,
cfl_exp2_alpha0.3_n_mm2_seed0,2,0.3,0,1.0,0.99,0.0,1,50,0.29999385107801696,markout,4,14,0.11817269785667106,1.4998406974468963,1.6243410820482906,1.2005262171961153,0.23416634872186187,0.517553774136768,0.37458620615825505,0.6682337311762142,0.48364276466879075,0.7726999595944496,0.4354010104869868,0.22847391516333496,0.2243946458114002,0.47106,0.75994,0.0,0.24006,
cfl_exp2_alpha0.3_n_mm2_seed0,2,0.3,0,1.0,0.99,0.0,1,50,0.29999385107801696,anon,4,14,0.11817269785667106,1.4998406974468963,1.6243410820482906,1.2005262171961153,0.23416634872186187,0.7305954989951692,0.5287778968694715,0.4120719073651192,0.29824234728410254,0.7414912329209778,0.5751807331992984,0.2289156626506024,0.26523008760447087,0.46754,0.89002,0.075,0.03498,0.3174625916422138
cfl_exp2_alpha0.3_n_mm2_seed0,2,0.3,0,1.0,0.99,0.0,1,50,0.29999385107801696,id,4,14,0.11817269785667106,1.4998406974468963,1.6243410820482906,1.2005262171961153,0.23416634872186187,1.2091568003775002,0.8751427989474401,0.18192285811103814,0.13166901033026224,0.921282798045106,0.673905666779776,0.10948065026614875,0.3506763787721124,0.41258,0.79776,0.18722,0.01502,0.27367723446625203
cfl_exp2_alpha0.3_n_mm2_seed0,2,0.3,0,1.0,0.99,0.0,1,50,0.29999385107801696,oracle,4,14,0.11817269785667106,1.4998406974468963,1.6243410820482906,1.2005262171961153,0.23416634872186187,1.0856690907911404,0.7857669795588578,0.22142556837399466,0.16025960537528913,0.8604975737015507,0.6535452322738386,0.1339319117096895,0.33916725476358506,0.409,0.80584,0.1792,0.01496,
cfl_exp2_alpha0.3_n_mm2_seed1,2,0.3,1,1000000.0,0.0,0.0,1,50,0.2999999966547333,competitive,4,14,0.11814223561608861,1.4998167051021234,1.4998167051021232,1.4190225973319357,0.21754807692307693,0.10891666190742152,0.07882946693510022,0.0,0.0,-0.006677096459702894,1.0,0.2616280594978882,0.0,0.76238,0.0,0.0,0.0,
cfl_exp2_alpha0.3_n_mm2_seed1,2,0.3,1,1000000.0,0.0,0.0,1,50,0.2999999966547333,markout,4,14,0.11814223561608861,1.4998167051021234,1.4998167051021232,1.4190225973319357,0.21754807692307693,0.7159695224888561,0.5181897315908194,0.4823447420155208,0.3491015812103316,0.7817847494063478,0.584762787822593,0.23449612403100775,0.2357027664061531,0.38826,0.93276,0.0,0.06724,
cfl_exp2_alpha0.3_n_mm2_seed1,2,0.3,1,1000000.0,0.0,0.0,1,50,0.2999999966547333,anon,4,14,0.11814223561608861,1.4998167051021234,1.4998167051021232,1.4190225973319357,0.21754807692307693,1.2676451031823166,0.9174701647732294,0.08071421672045252,0.05841767978131432,0.8903812811597405,0.8591535034426894,0.22186210960518563,0.24730409777138748,0.39504,0.97034,0.00992,0.01974,0.30341405557391543
cfl_exp2_alpha0.3_n_mm2_seed1,2,0.3,1,1000000.0,0.0,0.0,1,50,0.2999999966547333,id,4,14,0.11814223561608861,1.4998167051021234,1.4998167051021232,1.4190225973319357,0.21754807692307693,1.2676451031823166,0.9174701647732294,0.08071421672045252,0.05841767978131432,0.8903812811597405,0.8591535034426894,0.22186210960518563,0.24730409777138748,0.39504,0.97034,0.00992,0.01974,0.30341405557391543
cfl_exp2_alpha0.3_n_mm2_seed1,2,0.3,1,1000000.0,0.0,0.0,1,50,0.2999999966547333,oracle,4,14,0.11814223561608861,1.4998167051021234,1.4998167051021232,1.4190225973319357,0.21754807692307693,1.295330224440752,0.9375075338278476,0.07145666675457946,0.05171744020222102,0.9037184106352655,0.8634587076798133,0.22085709246957852,0.25464684014869887,0.39402,0.97,0.01,0.02,
cfl_exp2_alpha0.3_n_mm2_seed1,2,0.3,1,1000000.0,0.9,0.0,1,50,0.2999999966547333,competitive,4,14,0.11814223561608861,1.4998167051021234,1.4998167051021232,1.435332832316742,0.21765000626330952,0.1359588921186136,0.09840153749760502,0.0,0.0,0.012894974102801916,1.0,0.2625789473684211,0.0,0.76,0.0,0.0,0.0,
cfl_exp2_alpha0.3_n_mm2_seed1,2,0.3,1,1000000.0,0.9,0.0,1,50,0.2999999966547333,markout,4,14,0.11814223561608861,1.4998167051021234,1.4998167051021232,1.435332832316742,0.21765000626330952,0.7438727598577518,0.5383849642488241,0.47703707532447615,0.34526010710896887,0.7981385079629899,0.5859363134713714,0.22844306203559703,0.2385377185474997,0.39506,0.93094,0.0,0.06906,
cfl_exp2_alpha0.3_n_mm2_seed1,2,0.3,1,1000000.0,0.9,0.0,1,50,0.2999999966547333,anon,4,14,0.11814223561608861,1.4998167051021234,1.4998167051021232,1.435332832316742,0.21765000626330952,1.290225208767504,0.9338127303223973,0.07040495919066353,0.050956256879272924,0.899262423806867,0.8612464474218433,0.22463170300530347,0.24798829553767374,0.39408,0.9703,0.00992,0.01978,0.3037314429471271
cfl_exp2_alpha0.3_n_mm2_seed1,2,0.3,1,1000000.0,0.9,0.0,1,50,0.2999999966547333,id,4,14,0.11814223561608861,1.4998167051021234,1.4998167051021232,1.435332832316742,0.21765000626330952,1.290225208767504,0.9338127303223973,0.07040495919066353,0.050956256879272924,0.899262423806867,0.8612464474218433,0.22463170300530347,0.24798829553767374,0.39408,0.9703,0.00992,0.01978,0.3037314429471271
cfl_exp2_alpha0.3_n_mm2_seed1,2,0.3,1,1000000.0,0.9,0.0,1,50,0.2999999966547333,oracle,4,14,0.11814223561608861,1.4998167051021234,1.4998167051021232,1.435332832316742,0.21765000626330952,1.2943502296703455,0.9367982533192694,0.06592164488122823,0.04771141563160694,0.8990031055560732,0.8631167115492099,0.2242891623005828,0.2479584261321455,0.39362,0.97,0.01,0.02,
cfl_exp2_alpha0.3_n_mm2_seed1,2,0.3,1,1000000.0,0.99,0.0,1,50,0.2999999966547333,competitive,4,14,0.11814223561608861,1.4998167051021234,1.4998167051021232,1.4348087682011716,0.21673981191222572,0.15506002522080675,0.11222616372037843,0.0,0.0,0.02671960032557531,1.0,0.2624668469840603,0.0,0.76162,0.0,0.0,0.0,
cfl_exp2_alpha0.3_n_mm2_seed1,2,0.3,1,1000000.0,0.99,0.0,1,50,0.2999999966547333,markout,4,14,0.11814223561608861,1.4998167051021234,1.4998167051021232,1.4348087682011716,0.21673981191222572,0.7575886556276653,0.5483119738830222,0.4744496965440642,0.3433874671799888,0.8061928776682078,0.5898982848025528,0.22610092130842702,0.23306990881458967,0.40112,0.931,0.0,0.069,
cfl_exp2_alpha0.3_n_mm2_seed1,2,0.3,1,1000000.0,0.99,0.0,1,50,0.2999999966547333,anon,4,14,0.11814223561608861,1.4998167051021234,1.4998167051021232,1.4348087682011716,0.21673981191222572,1.308813320258967,0.9472660522893129,0.06692992136373208,0.04844116529751697,0.9102006541920267,0.8611800455811598,0.2221242060691602,0.26340751550529,0.3949,0.97022,0.00994,0.01984,0.30288880302035825
cfl_exp2_alpha0.3_n_mm2_seed1,2,0.3,1,1000000.0,0.99,0.0,1,50,0.2999999966547333,id,4,14,0.11814223561608861,1.4998167051021234,1.4998167051021232,1.4348087682011716,0.21673981191222572,1.308813320258967,0.9472660522893129,0.06692992136373208,0.04844116529751697,0.9102006541920267,0.8611800455811598,0.2221242060691602,0.26340751550529,0.3949,0.97022,0.00994,0.01984,0.30288880302035825
cfl_exp2_alpha0.3_n_mm2_seed1,2,0.3,1,1000000.0,0.99,0.0,1,50,0.2999999966547333,oracle,4,14,0.11814223561608861,1.4998167051021234,1.4998167051021232,1.4348087682011716,0.21673981191222572,1.3099801298289988,0.948110541780724,0.06417681659684532,0.04644857961421135,0.9090525580001321,0.8628594613785059,0.22247692940692412,0.2644230769230769,0.39434,0.97,0.01,0.02,
cfl_exp2_alpha0.3_n_mm2_seed1,2,0.3,1,5.0,0.0,0.0,1,50,0.29973965736877034,competitive,4,14,0.11943267886137954,1.5008330702367627,1.5008330702367627,1.448259044852764,0.21740478848778066,0.11574908490855997,0.08379111923756954,0.0,0.0,-0.002666565013168999,1.0,0.26280862181580666,0.0,0.7655,0.0,0.0,0.0,
cfl_exp2_alpha0.3_n_mm2_seed1,2,0.3,1,5.0,0.0,0.0,1,50,0.29973965736877034,markout,4,14,0.11943267886137954,1.5008330702367627,1.5008330702367627,1.448259044852764,0.21740478848778066,0.7445092083418956,0.5389525100688797,0.43438464463132587,0.3144523827728421,0.7669472085909832,0.5919206094627105,0.23090601185436072,0.2381478752149349,0.39904,0.92978,0.0,0.07022,
cfl_exp2_alpha0.3_n_mm2_seed1,2,0.3,1,5.0,0.0,0.0,1,50,0.29973965736877034,anon,4,14,0.11943267886137954,1.5008330702367627,1.5008330702367627,1.448259044852764,0.21740478848778066,1.2881381407311319,0.9324871693778838,0.08146123430668384,0.05897003853139019,0.9049995236585355,0.8537399484145046,0.2197144718914756,0.23858921161825727,0.39546,0.97128,0.00962,0.0191,0.29899272530556725
cfl_exp2_alpha0.3_n_mm2_seed1,2,0.3,1,5.0,0.0,0.0,1,50,0.29973965736877034,id,4,14,0.11943267886137954,1.5008330702367627,1.5008330702367627,1.448259044852764,0.21740478848778066,1.2881381407311319,0.9324871693778838,0.08146123430668384,0.05897003853139019,0.9049995236585355,0.8537399484145046,0.2197144718914756,0.23858921161825727,0.39546,0.97128,0.00962,0.0191,0.29899272530556725
cfl_exp2_alpha0.3_n_mm2_seed1,2,0.3,1,5.0,0.0,0.0,1,50,0.29973965736877034,oracle,4,14,0.11943267886137954,1.5008330702367627,1.5008330702367627,1.448259044852764,0.21740478848778066,1.3045617590623568,0.9443762772960254,0.07139793609152834,0.05168518594412833,0.9096037789894151,0.8626906373093627,0.21980916700813674,0.23795513056270687,0.39604,0.97,0.01,0.02,
cfl_exp2_alpha0.3_n_mm2_seed1,2,0.3,1,5.0,0.9,0.0,1,50,0.29973965736877034,competitive,4,14,0.11943267886137954,1.5008330702367627,1.5282824168226188,1.4232500483349466,0.21345121566150932,0.1537418571306601,0.1112942041210716,0.0,0.0,0.02483651987033306,1.0,0.2603556512831289,0.0,0.76142,0.0,0.0,0.0,
cfl_exp2_alpha0.3_n_mm2_seed1,2,0.3,1,5.0,0.9,0.0,1,50,0.29973965736877034,markout,4,14,0.11943267886137954,1.5008330702367627,1.5282824168226188,1.4232500483349466,0.21345121566150932,0.7417205537803873,0.5369337944387707,0.471082955631021,0.34101840318865845,0.7914945133766906,0.5839053966026958,0.22637947309705655,0.24120905587668592,0.39914,0.9325,0.0,0.0675,
cfl_exp2_alpha0.3_n_mm2_seed1,2,0.3,1,5.0,0.9,0.0,1,50,0.29973965736877034,anon,4,14,0.11943267886137954,1.5008330702367627,1.5282824168226188,1.4232500483349466,0.21345121566150932,0.9719961299195448,0.7036309935831006,0.2708444632164826,0.1960651415096371,0.8132384508419992,0.6918110918544194,0.22778230099580385,0.2463095740194011,0.4616,0.94482,0.03142,0.02376,0.3000450317946659
cfl_exp2_alpha0.3_n_mm2_seed1,2,0.3,1,5.0,0.9,0.0,1,50,0.29973965736877034,id,4,14,0.11943267886137954,1.5008330702367627,1.5282824168226188,1.4232500483349466,0.21345121566150932,0.9691565362348091,0.701575402964722,0.2849363472802074,0.20626629980646827,0.8213840185204517,0.6842831278558497,0.2152576540254504,0.2549153468050246,0.46396,0.93686,0.04504,0.0181,0.29499550430131183
cfl_exp2_alpha0.3_n_mm2_seed1,2,0.3,1,5.0,0.9,0.0,1,50,0.29973965736877034,oracle,4,14,0.11943267886137954,1.5008330702367627,1.5282824168226188,1.4232500483349466,0.21345121566150932,1.0377577649124976,0.7512360437941241,0.2625738506174285,0.1900780195638995,0.8548563791072851,0.6916615357551236,0.2098302282698544,0.26415632577378406,0.45476,0.94,0.04438,0.01562,
cfl_exp2_alpha0.3_n_mm2_seed1,2,0.3,1,5.0,0.99,0.0,1,50,0.29973965736877034,competitive,4,14,0.11943267886137954,1.5008330702367627,1.5351131617082754,1.30180436135507,0.24130944089153422,-0.017685727806735507,-0.012802752856560882,0.0,0.0,-0.09926043710729945,1.0,0.2880153959717389,0.0,0.75864,0.0,0.0,0.0,
cfl_exp2_alpha0.3_n_mm2_seed1,2,0.3,1,5.0,0.99,0.0,1,50,0.29973965736877034,markout,4,14,0.11943267886137954,1.5008330702367627,1.5351131617082754,1.30180436135507,0.24130944089153422,0.7065177742783029,0.5114503938824446,0.5159695568149861,0.37351195210047977,0.7985046617321858,0.567196608373079,0.22208726525273287,0.22921513407616015,0.3774,0.94084,0.0,0.05916,
cfl_exp2_alpha0.3_n_mm2_seed1,2,0.3,1,5.0,0.99,0.0,1,50,0.29973965736877034,anon,4,14,0.11943267886137954,1.5008330702367627,1.5351131617082754,1.30180436135507,0.24130944089153422,0.9923983246187363,0.7184002051937026,0.28421093124042135,0.20574116889995117,0.8376836898429153,0.6899036374685302,0.21970554926387317,0.2389417693169093,0.46076,0.94532,0.03292,0.02176,0.29361259594150396
cfl_exp2_alpha0.3_n_mm2_seed1,2,0.3,1,5.0,0.99,0.0,1,50,0.29973965736877034,id,4,14,0.11943267886137954,1.5008330702367627,1.5351131617082754,1.30180436135507,0.24130944089153422,1.0330288709853974,0.7478127829085587,0.19472920715440928,0.1409650731027579,0.8023201717605781,0.705830223880597,0.2118548866715126,0.2949104169969875,0.4288,0.92894,0.05424,0.01682,0.31121492450879024
cfl_exp2_alpha0.3_n_mm2_seed1,2,0.3,1,5.0,0.99,0.0,1,50,0.29973965736877034,oracle,4,14,0.11943267886137954,1.5008330702367627,1.5351131617082754,1.30180436135507,0.24130944089153422,1.0563737816732266,0.7647122356910977,0.18279174334475426,0.13232350626653488,0.8105780577068942,0.7166565093057053,0.212795185451691,0.32197220383851755,0.42662,0.93058,0.05256,0.01686,
cfl_exp2_alpha0.3_n_mm2_seed1,2,0.3,1,1.0,0.0,0.0,1,50,0.299993851078017,competitive,4,14,0.11817269785667084,1.4998406974468959,1.4998406974468959,1.4360005016524986,0.21508888749293298,0.16520955095508943,0.11957253913681672,0.0,0.0,0.03404352790422068,1.0,0.26404169079328316,0.0,0.75988,0.0,0.0,0.0,
cfl_exp2_alpha0.3_n_mm2_seed1,2,0.3,1,1.0,0.0,0.0,1,50,0.299993851078017,markout,4,14,0.11817269785667084,1.4998406974468959,1.4998406974468959,1.4360005016524986,0.21508888749293298,0.7355356360496502,0.5323533846537629,0.46824344204596546,0.33889721856830807,0.785721591989475,0.5893486828458826,0.2339639243290805,0.23664604116681398,0.38568,0.93504,0.0,0.06496,
cfl_exp2_alpha0.3_n_mm2_seed1,2,0.3,1,1.0,0.0,0.0,1,50,0.299993851078017,anon,4,14,0.11817269785667084,1.4998406974468959,1.4998406974468959,1.4360005016524986,0.21508888749293298,1.2442246752605923,0.9005236247995932,0.10869273191318699,0.07866776385168005,0.8936623774186773,0.8400139944022391,0.22478729100969835,0.24148703530146828,0.40016,0.9741,0.00868,0.01722,0.30238662168421593
cfl_exp2_alpha0.3_n_mm2_seed1,2,0.3,1,1.0,0.0,0.0,1,50,0.299993851078017,id,4,14,0.11817269785667084,1.4998406974468959,1.4998406974468959,1.4360005016524986,0.21508888749293298,1.2442246752605923,0.9005236247995932,0.10869273191318699,0.07866776385168005,0.8936623774186773,0.8400139944022391,0.22478729100969835,0.24148703530146828,0.40016,0.9741,0.00868,0.01722,0.30238662168421593
cfl_exp2_alpha0.3_n_mm2_seed1,2,0.3,1,1.0,0.0,0.0,1,50,0.299993851078017,oracle,4,14,0.11817269785667084,1.4998406974468959,1.4998406974468959,1.4360005016524986,0.21508888749293298,1.310894203452781,0.9487765540213466,0.07797354145193088,0.056434354327563684,0.9196818971163143,0.861367556051537,0.22295506742830223,0.25064032199048664,0.39428,0.97,0.01,0.02,
cfl_exp2_alpha0.3_n_mm2_seed1,2,0.3,1,1.0,0.9,0.0,1,50,0.299993851078017,competitive,4,14,0.11817269785667084,1.4998406974468959,1.601945470430985,1.45668851651526,0.21334085637264122,0.1658668537135953,0.12004827046930817,0.0,0.0,0.03451925923671214,1.0,0.2598893753112958,0.0,0.76294,0.0,0.0,0.0,
cfl_exp2_alpha0.3_n_mm2_seed1,2,0.3,1,1.0,0.9,0.0,1,50,0.299993851078017,markout,4,14,0.11817269785667084,1.4998406974468959,1.601945470430985,1.45668851651526,0.21334085637264122,0.6954089948877819,0.5033112115891996,0.5320658405443579,0.38508950102496253,0.8028717013815662,0.567455684109967,0.23063973063973064,0.22969325153374234,0.37684,0.94246,0.0,0.05754,
cfl_exp2_alpha0.3_n_mm2_seed1,2,0.3,1,1.0,0.9,0.0,1,50,0.299993851078017,anon,4,14,0.11817269785667084,1.4998406974468959,1.601945470430985,1.45668851651526,0.21334085637264122,0.9007047931252761,0.6518966882003542,0.3641100341135544,0.2635293241368709,0.829897001104629,0.6158296194720604,0.21355507619511516,0.24484104852203012,0.46672,0.91734,0.06492,0.01774,0.28739607685131696
cfl_exp2_alpha0.3_n_mm2_seed1,2,0.3,1,1.0,0.9,0.0,1,50,0.299993851078017,id,4,14,0.11817269785667084,1.4998406974468959,1.601945470430985,1.45668851651526,0.21334085637264122,1.1207667656344231,0.811169373515794,0.18904270646262816,0.1368220922238153,0.8624624545070132,0.6607306774371213,0.15705751597666018,0.3463203463203463,0.43576,0.86908,0.11496,0.01596,0.2926393757264633
cfl_exp2_alpha0.3_n_mm2_seed1,2,0.3,1,1.0,0.9,0.0,1,50,0.299993851078017,oracle,4,14,0.11817269785667084,1.4998406974468959,1.601945470430985,1.45668851651526,0.21334085637264122,1.132019703665949,0.8193138322677251,0.1376517339331303,0.09962721433365689,0.8334120353687859,0.6725165104142613,0.15416838346380993,0.37018756169792694,0.43306,0.85556,0.12918,0.01526,
cfl_exp2_alpha0.3_n_mm2_seed1,2,0.3,1,1.0,0.99,0.0,1,50,0.299993851078017,competitive,4,14,0.11817269785667084,1.4998406974468959,1.6243410820482904,1.304122055585713,0.25077990704781306,-0.026727442590083816,-0.019344330619230264,0.0,0.0,-0.10487334185182628,1.0,0.29516942661701395,0.0,0.75726,0.0,0.0,0.0,
cfl_exp2_alpha0.3_n_mm2_seed1,2,0.3,1,1.0,0.99,0.0,1,50,0.299993851078017,markout,4,14,0.11817269785667084,1.4998406974468959,1.6243410820482904,1.304122055585713,0.25077990704781306,0.668264827260135,0.4836652708598078,0.5590064671023305,0.40458812628512825,0.8027243859123401,0.5389694041867955,0.23125186734389006,0.2326231225986727,0.3726,0.91718,0.0,0.08282,
cfl_exp2_alpha0.3_n_mm2_seed1,2,0.3,1,1.0,0.99,0.0,1,50,0.299993851078017,anon,4,14,0.11817269785667084,1.4998406974468959,1.6243410820482904,1.304122055585713,0.25077990704781306,0.9762414009555015,0.7065672804501769,0.380083812488335,0.2750905518554821,0.896128821073063,0.6333082407120401,0.18612781429170747,0.24067141649559232,0.45166,0.93174,0.0543,0.01396,0.27290526529745734
cfl_exp2_alpha0.3_n_mm2_seed1,2,0.3,1,1.0,0.99,0.0,1,50,0.299993851078017,id,4,14,0.11817269785667084,1.4998406974468959,1.6243410820482904,1.304122055585713,0.25077990704781306,1.2743003143154235,0.9222912557092987,0.101341536444009,0.0733472415037946,0.9101094859804973,0.70256605933416,0.12613713509843857,0.39175753688261705,0.41932,0.84048,0.14864,0.01088,0.280364957474346
cfl_exp2_alpha0.3_n_mm2_seed1,2,0.3,1,1.0,0.99,0.0,1,50,0.299993851078017,oracle,4,14,0.11817269785667084,1.4998406974468959,1.6243410820482904,1.304122055585713,0.25077990704781306,1.2896512955633275,0.9334017259904783,0.06168599210449244,0.04464603082852557,0.8925187455864078,0.7108462800347389,0.12197108531867237,0.4348406474219923,0.41452,0.82426,0.15826,0.01748,
cfl_exp2_alpha0.3_n_mm2_seed2,2,0.3,2,1000000.0,0.0,0.0,1,50,0.2999999966547333,competitive,4,14,0.11814223561608861,1.4998167051021234,1.4998167051021232,1.2637897431801475,0.23095808733267084,0.16621512937368704,0.12029977613722351,0.0,0.0,0.03479321274242039,1.0,0.26207710464201417,0.0,0.7626,0.0,0.0,0.0,
cfl_exp2_alpha0.3_n_mm2_seed2,2,0.3,2,1000000.0,0.0,0.0,1,50,0.2999999966547333,markout,4,14,0.11814223561608861,1.4998167051021234,1.4998167051021232,1.2637897431801475,0.23095808733267084,0.6473168464119209,0.46850170623237647,0.7032258805656576,0.5089663998982689,0.8919615427358422,0.5194982274338696,0.23088363954505686,0.22540673477109346,0.44004,0.9998,0.0,0.0002,
cfl_exp2_alpha0.3_n_mm2_seed2,2,0.3,2,1000000.0,0.0,0.0,1,50,0.2999999966547333,anon,4,14,0.11814223561608861,1.4998167051021234,1.4998167051021232,1.2637897431801475,0.23095808733267084,1.4857818222809211,1.0753486838572135,0.01993546921936246,0.014428484899759491,1.0042706053621697,0.9870802537391608,0.21773480337244266,0.17567567567567569,0.34366,0.99998,2e-05,0.0,0.29644345526403637
cfl_exp2_alpha0.3_n_mm2_seed2,2,0.3,2,1000000.0,0.0,0.0,1,50,0.2999999966547333,id,4,14,0.11814223561608861,1.4998167051021234,1.4998167051021232,1.2637897431801475,0.23095808733267084,1.4857818222809211,1.0753486838572135,0.01993546921936246,0.014428484899759491,1.0042706053621697,0.9870802537391608,0.21773480337244266,0.17567567567567569,0.34366,0.99998,2e-05,0.0,0.29644345526403637
cfl_exp2_alpha0.3_n_mm2_seed2,2,0.3,2,1000000.0,0.0,0.0,1,50,0.2999999966547333,oracle,4,14,0.11814223561608861,1.4998167051021234,1.4998167051021232,1.2637897431801475,0.23095808733267084,1.4928389956335029,1.0804563799958031,0.01531690444589153,0.011085754846139136,1.0060355714471392,0.9886170275186293,0.21597720932993056,0.2422680412371134,0.34086,1.0,0.0,0.0,
cfl_exp2_alpha0.3_n_mm2_seed2,2,0.3,2,1000000.0,0.9,0.0,1,50,0.2999999966547333,competitive,4,14,0.11814223561608861,1.4998167051021234,1.4998167051021234,1.2672930960474096,0.22829881312543635,0.14954899483283218,0.108237503214822,0.0,0.0,0.022730939820018888,1.0,0.26067368641626065,0.0,0.76356,0.0,0.0,0.0,
cfl_exp2_alpha0.3_n_mm2_seed2,2,0.3,2,1000000.0,0.9,0.0,1,50,0.2999999966547333,markout,4,14,0.11814223561608861,1.4998167051021234,1.4998167051021234,1.2672930960474096,0.22829881312543635,0.6581410676979307,0.47633583903649224,0.7277230140710788,0.5266964325842848,0.917525708225974,0.526448136506511,0.22407028317980213,0.22046273468613692,0.4454,0.9999,0.0,0.0001,
cfl_exp2_alpha0.3_n_mm2_seed2,2,0.3,2,1000000.0,0.9,0.0,1,50,0.2999999966547333,anon,4,14,0.11814223561608861,1.4998167051021234,1.4998167051021234,1.2672930960474096,0.22829881312543635,1.4786507201776289,1.0701874810842151,0.024224428190783544,0.017532659628425155,1.0022135773178371,0.9766212878396232,0.219268321373956,0.23095823095823095,0.34818,0.99978,0.00018,4e-05,0.3003705012292687
cfl_exp2_alpha0.3_n_mm2_seed2,2,0.3,2,1000000.0,0.9,0.0,1,50,0.2999999966547333,id,4,14,0.11814223561608861,1.4998167051021234,1.4998167051021234,1.2672930960474096,0.22829881312543635,1.4786507201776289,1.0701874810842151,0.024224428190783544,0.017532659628425155,1.0022135773178371,0.9766212878396232,0.219268321373956,0.23095823095823095,0.34818,0.99978,0.00018,4e-05,0.3003705012292687
cfl_exp2_alpha0.3_n_mm2_seed2,2,0.3,2,1000000.0,0.9,0.0,1,50,0.2999999966547333,oracle,4,14,0.11814223561608861,1.4998167051021234,1.4998167051021234,1.2672930960474096,0.22829881312543635,1.4996714263955815,1.0854014165532349,0.014801347779076464,0.010712615819399468,1.010607468977831,0.9889547727008487,0.21790500822948508,0.21578947368421053,0.34404,1.0,0.0,0.0,
cfl_exp2_alpha0.3_n_mm2_seed2,2,0.3,2,1000000.0,0.99,0.0,1,50,0.2999999966547333,competitive,4,14,0.11814223561608861,1.4998167051021234,1.4998167051021236,1.2764763147256786,0.2293396829084151,0.11253079493349526,0.08144522998630442,0.0,0.0,-0.004061333408498691,1.0,0.2634855857269921,0.0,0.76452,0.0,0.0,0.0,
cfl_exp2_alpha0.3_n_mm2_seed2,2,0.3,2,1000000.0,0.99,0.0,1,50,0.2999999966547333,markout,4,14,0.11814223561608861,1.4998167051021234,1.4998167051021236,1.2764763147256786,0.2293396829084151,0.6642806477697126,0.48077941833637305,0.707915462329976,0.5123605291724841,0.907633384114054,0.5189964480014387,0.22793034739669063,0.22667788371658254,0.44482,0.99966,0.0,0.00034,
cfl_exp2_alpha0.3_n_mm2_seed2,2,0.3,2,1000000.0,0.99,0.0,1,50,0.2999999966547333,anon,4,14,0.11814223561608861,1.4998167051021234,1.4998167051021236,1.2764763147256786,0.2293396829084151,1.4142284488328754,1.0235612512685062,0.032554257167757096,0.023561452344029243,0.9616161402177323,0.9622286788583149,0.22042628774422734,0.24132730015082957,0.35106,0.9996,0.00036,4e-05,0.3072750639223015
cfl_exp2_alpha0.3_n_mm2_seed2,2,0.3,2,1000000.0,0.99,0.0,1,50,0.2999999966547333,id,4,14,0.11814223561608861,1.4998167051021234,1.4998167051021236,1.2764763147256786,0.2293396829084151,1.4142284488328754,1.0235612512685062,0.032554257167757096,0.023561452344029243,0.9616161402177323,0.9622286788583149,0.22042628774422734,0.24132730015082957,0.35106,0.9996,0.00036,4e-05,0.3072750639223015
cfl_exp2_alpha0.3_n_mm2_seed2,2,0.3,2,1000000.0,0.99,0.0,1,50,0.2999999966547333,oracle,4,14,0.11814223561608861,1.4998167051021234,1.4998167051021236,1.2764763147256786,0.2293396829084151,1.4528376312058415,1.0515050131499344,0.011149885325017194,0.008069835240687924,0.9740682849958191,0.9890276642932182,0.21910775404225186,0.28191489361702127,0.34268,1.0,0.0,0.0,
cfl_exp2_alpha0.3_n_mm2_seed2,2,0.3,2,5.0,0.0,0.0,1,50,0.29973965736877034,competitive,4,14,0.11943267886137954,1.5008330702367627,1.5008330702367627,1.2881177300304008,0.23061164764413228,0.1124392974705228,0.0813951539123087,0.0,0.0,-0.005062530338429838,1.0,0.26287106662823906,0.0,0.76334,0.0,0.0,0.0,
cfl_exp2_alpha0.3_n_mm2_seed2,2,0.3,2,5.0,0.0,0.0,1,50,0.29973965736877034,markout,4,14,0.11943267886137954,1.5008330702367627,1.5008330702367627,1.2881177300304008,0.23061164764413228,0.6648293683593673,0.4812720283779809,0.7252597859711276,0.5250177938990064,0.9198321380262487,0.5199547511312217,0.22661213123313897,0.22386652841926666,0.442,0.9999,0.0,0.0001,
cfl_exp2_alpha0.3_n_mm2_seed2,2,0.3,2,5.0,0.0,0.0,1,50,0.29973965736877034,anon,4,14,0.11943267886137954,1.5008330702367627,1.5008330702367627,1.2881177300304008,0.23061164764413228,1.485491362657236,1.0753517748595793,0.013594682784255066,0.009841232758533968,0.9987353233673748,0.9882661996497373,0.21938685096579832,0.22885572139303484,0.3426,1.0,0.0,0.0,0.29891479601099263
cfl_exp2_alpha0.3_n_mm2_seed2,2,0.3,2,5.0,0.0,0.0,1,50,0.29973965736877034,id,4,14,0.11943267886137954,1.5008330702367627,1.5008330702367627,1.2881177300304008,0.23061164764413228,1.485491362657236,1.0753517748595793,0.013594682784255066,0.009841232758533968,0.9987353233673748,0.9882661996497373,0.21938685096579832,0.22885572139303484,0.3426,1.0,0.0,0.0,0.29891479601099263
cfl_exp2_alpha0.3_n_mm2_seed2,2,0.3,2,5.0,0.0,0.0,1,50,0.29973965736877034,oracle,4,14,0.11943267886137954,1.5008330702367627,1.5008330702367627,1.2881177300304008,0.23061164764413228,1.4777012601922845,1.0697124956805752,0.014881909013179886,0.010773059792145274,0.9940278712219822,0.9891489236905391,0.21892789373814042,0.24864864864864866,0.34098,1.0,0.0,0.0,
cfl_exp2_alpha0.3_n_mm2_seed2,2,0.3,2,5.0,0.9,0.0,1,50,0.29973965736877034,competitive,4,14,0.11943267886137954,1.5008330702367627,1.528282416822619,1.2558930529762358,0.23439045679371545,0.06990926740258327,0.0506075340929783,0.0,0.0,-0.035850150157760254,1.0,0.26634021158479104,0.0,0.76376,0.0,0.0,0.0,
cfl_exp2_alpha0.3_n_mm2_seed2,2,0.3,2,5.0,0.9,0.0,1,50,0.29973965736877034,markout,4,14,0.11943267886137954,1.5008330702367627,1.528282416822619,1.2558930529762358,0.23439045679371545,0.6583549710923262,0.47658519224599244,0.7137052779903085,0.5166534499673278,0.9067809579625818,0.5258388659608828,0.22803275891486094,0.2251655629139073,0.44584,0.99802,0.0,0.00198,
cfl_exp2_alpha0.3_n_mm2_seed2,2,0.3,2,5.0,0.9,0.0,1,50,0.29973965736877034,anon,4,14,0.11943267886137954,1.5008330702367627,1.528282416822619,1.2558930529762358,0.23439045679371545,0.8847235310214936,0.6404540903167284,0.3151304278293988,0.22812388775685888,0.7821202938228489,0.6962920567433875,0.23127054955378112,0.24148606811145512,0.48922,0.98368,0.01006,0.00626,0.2997181399991586
cfl_exp2_alpha0.3_n_mm2_seed2,2,0.3,2,5.0,0.9,0.0,1,50,0.29973965736877034,id,4,14,0.11943267886137954,1.5008330702367627,1.528282416822619,1.2558930529762358,0.23439045679371545,0.931973999337906,0.6746588499298104,0.2792468721240885,0.20214767120925597,0.7903488368883279,0.6798720983347868,0.2110921084778891,0.2606044882604748,0.48162,0.95124,0.03516,0.0136,0.2930024362591704
cfl_exp2_alpha0.3_n_mm2_seed2,2,0.3,2,5.0,0.9,0.0,1,50,0.29973965736877034,oracle,4,14,0.11943267886137954,1.5008330702367627,1.528282416822619,1.2558930529762358,0.23439045679371545,0.944578125114499,0.6837830154181695,0.27705850796500564,0.20056350765121325,0.7978888388186441,0.6768016126322862,0.2108463638620005,0.2692307692307692,0.47624,0.94474,0.03998,0.01528,
cfl_exp2_alpha0.3_n_mm2_seed2,2,0.3,2,5.0,0.99,0.0,1,50,0.29973965736877034,competitive,4,14,0.11943267886137954,1.5008330702367627,1.5351131617082754,1.241396254121845,0.23930186709961732,0.06155067890827693,0.04455672612557635,0.0,0.0,-0.0419009581251622,1.0,0.2718944668376695,0.0,0.76412,0.0,0.0,0.0,
cfl_exp2_alpha0.3_n_mm2_seed2,2,0.3,2,5.0,0.99,0.0,1,50,0.29973965736877034,markout,4,14,0.11943267886137954,1.5008330702367627,1.5351131617082754,1.241396254121845,0.23930186709961732,0.6718305204003655,0.4863401839139928,0.7122240627679124,0.5155811937035798,0.9154636933668342,0.5265735208230379,0.22028837129937717,0.22357183526285823,0.44518,0.99504,0.0,0.00496,
cfl_exp2_alpha0.3_n_mm2_seed2,2,0.3,2,5.0,0.99,0.0,1,50,0.29973965736877034,anon,4,14,0.11943267886137954,1.5008330702367627,1.5351131617082754,1.241396254121845,0.23930186709961732,0.9362966381006185,0.6777880214500303,0.3067290392301837,0.22204209666162808,0.8133724338609198,0.7095337338073638,0.21862581351148996,0.24606077658975803,0.48942,0.9842,0.01024,0.00556,0.2913784141146471
cfl_exp2_alpha0.3_n_mm2_seed2,2,0.3,2,5.0,0.99,0.0,1,50,0.29973965736877034,id,4,14,0.11943267886137954,1.5008330702367627,1.5351131617082754,1.241396254121845,0.23930186709961732,0.9256981588064077,0.6701157496305193,0.25625288303790295,0.18550225165548584,0.7691603170352668,0.6846140666495331,0.21153725833698306,0.2818144777943773,0.46692,0.93098,0.057,0.01202,0.3049453810162973
cfl_exp2_alpha0.3_n_mm2_seed2,2,0.3,2,5.0,0.99,0.0,1,50,0.29973965736877034,oracle,4,14,0.11943267886137954,1.5008330702367627,1.5351131617082754,1.241396254121845,0.23930186709961732,0.9681829599064125,0.7008706280605921,0.2672123053648442,0.1934358112486097,0.8078487550584632,0.6822807165082836,0.1993097497842968,0.27302805717310746,0.47564,0.93118,0.0603,0.00852,
cfl_exp2_alpha0.3_n_mm2_seed2,2,0.3,2,1.0,0.0,0.0,1,50,0.299993851078017,competitive,4,14,0.11817269785667084,1.4998406974468959,1.4998406974468959,1.255063160343496,0.23425219941348974,0.10202126974611594,0.07383920723095086,0.0,0.0,-0.011689804001645168,1.0,0.2624665020230151,0.0,0.76124,0.0,0.0,0.0,
cfl_exp2_alpha0.3_n_mm2_seed2,2,0.3,2,1.0,0.0,0.0,1,50,0.299993851078017,markout,4,14,0.11817269785667084,1.4998406974468959,1.4998406974468959,1.255063160343496,0.23425219941348974,0.6783760437950027,0.49098339398190843,0.7169114555166334,0.5188738942562576,0.9243282770055701,0.5245650410168575,0.2289053101907544,0.22421312097080015,0.44372,0.9998,0.0,0.0002,
cfl_exp2_alpha0.3_n_mm2_seed2,2,0.3,2,1.0,0.0,0.0,1,50,0.299993851078017,anon,4,14,0.11817269785667084,1.4998406974468959,1.4998406974468959,1.255063160343496,0.23425219941348974,1.4679423913064917,1.0624422015577215,0.026446429334539445,0.019140943658232604,0.9960541339833582,0.9793667123914037,0.22176831047563467,0.20498614958448755,0.34992,0.99964,0.00036,0.0,0.3018251477689934
cfl_exp2_alpha0.3_n_mm2_seed2,2,0.3,2,1.0,0.0,0.0,1,50,0.299993851078017,id,4,14,0.11817269785667084,1.4998406974468959,1.4998406974468959,1.255063160343496,0.23425219941348974,1.4679423913064917,1.0624422015577215,0.026446429334539445,0.019140943658232604,0.9960541339833582,0.9793667123914037,0.22176831047563467,0.20498614958448755,0.34992,0.99964,0.00036,0.0,0.3018251477689934
cfl_exp2_alpha0.3_n_mm2_seed2,2,0.3,2,1.0,0.0,0.0,1,50,0.299993851078017,oracle,4,14,0.11817269785667084,1.4998406974468959,1.4998406974468959,1.255063160343496,0.23425219941348974,1.4867374717214374,1.076045382944654,0.016951009741056133,0.012268511499204918,1.0027848832112627,0.989110394100023,0.22065590959398845,0.20105820105820105,0.34712,1.0,0.0,0.0,
cfl_exp2_alpha0.3_n_mm2_seed2,2,0.3,2,1.0,0.9,0.0,1,50,0.299993851078017,competitive,4,14,0.11817269785667084,1.4998406974468959,1.6019454704309848,1.3098858325624636,0.22704052014396842,0.09108271538212716,0.06592228770525224,0.0,0.0,-0.019606723527343783,1.0,0.27126141926026753,0.0,0.76406,0.0,0.0,0.0,
cfl_exp2_alpha0.3_n_mm2_seed2,2,0.3,2,1.0,0.9,0.0,1,50,0.299993851078017,markout,4,14,0.11817269785667084,1.4998406974468959,1.6019454704309848,1.3098858325624636,0.22704052014396842,0.619548764021903,0.4484063930015378,0.7173839456761593,0.5192158650912672,0.8820932468602088,0.5222719667164112,0.24192570785349382,0.23267701628171147,0.44226,0.99398,0.0,0.00602,
cfl_exp2_alpha0.3_n_mm2_seed2,2,0.3,2,1.0,0.9,0.0,1,50,0.299993851078017,anon,4,14,0.11817269785667084,1.4998406974468959,1.6019454704309848,1.3098858325624636,0.22704052014396842,0.8045647335074265,0.5823140825046569,0.38378603170008396,0.27777008066619996,0.7745551519382609,0.6529362649596437,0.23054439166971136,0.23530759537174933,0.50302,0.9647,0.02038,0.01492,0.2950768662232731
cfl_exp2_alpha0.3_n_mm2_seed2,2,0.3,2,1.0,0.9,0.0,1,50,0.299993851078017,id,4,14,0.11817269785667084,1.4998406974468959,1.6019454704309848,1.3098858325624636,0.22704052014396842,1.0473543751793044,0.7580362109348474,0.24643720075545,0.17836209626953678,0.8508692959717882,0.6355650319829425,0.1572061191626409,0.29487479522583665,0.469,0.87106,0.11244,0.0165,0.28066674846665235
cfl_exp2_alpha0.3_n_mm2_seed2,2,0.3,2,1.0,0.9,0.0,1,50,0.299993851078017,oracle,4,14,0.11817269785667084,1.4998406974468959,1.6019454704309848,1.3098858325624636,0.22704052014396842,0.9722328923954786,0.703666070780986,0.22796246650063245,0.16499076953960107,0.7831278290879911,0.631130337944918,0.1668137088564642,0.3269856014862982,0.46694,0.85116,0.13244,0.0164,
cfl_exp2_alpha0.3_n_mm2_seed2,2,0.3,2,1.0,0.99,0.0,1,50,0.299993851078017,competitive,4,14,0.11817269785667084,1.4998406974468959,1.6243410820482904,1.3935484546690253,0.20760761926952875,0.1867867905578633,0.1351893440488312,0.0,0.0,0.04966033281623517,1.0,0.2542108140473277,0.0,0.76826,0.0,0.0,0.0,
cfl_exp2_alpha0.3_n_mm2_seed2,2,0.3,2,1.0,0.99,0.0,1,50,0.299993851078017,markout,4,14,0.11817269785667084,1.4998406974468959,1.6243410820482904,1.3935484546690253,0.20760761926952875,0.6056848372442449,0.4383721975350655,0.6797324342321205,0.49196509902068764,0.8448082853231571,0.5026128480043247,0.2332168145558842,0.2336744860067023,0.44396,0.93816,0.0,0.06184,
cfl_exp2_alpha0.3_n_mm2_seed2,2,0.3,2,1.0,0.99,0.0,1,50,0.299993851078017,anon,4,14,0.11817269785667084,1.4998406974468959,1.6243410820482904,1.3935484546690253,0.20760761926952875,0.8647893592845576,0.6259024306425544,0.41365817581726827,0.29939042949532807,0.8397638489052864,0.6136015563558094,0.2000809498111171,0.2295661489019818,0.48318,0.93074,0.03982,0.02944,0.2803975461276407
cfl_exp2_alpha0.3_n_mm2_seed2,2,0.3,2,1.0,0.99,0.0,1,50,0.299993851078017,id,4,14,0.11817269785667084,1.4998406974468959,1.6243410820482904,1.3935484546690253,0.20760761926952875,1.100513143712578,0.7965105539384049,0.18931218532149913,0.13701713101674592,0.8479986737225549,0.6318870523415978,0.12084468664850136,0.34763797942001873,0.46464,0.80564,0.18052,0.01384,0.2774569273614823
cfl_exp2_alpha0.3_n_mm2_seed2,2,0.3,2,1.0,0.99,0.0,1,50,0.299993851078017,oracle,4,14,0.11817269785667084,1.4998406974468959,1.6243410820482904,1.3935484546690253,0.20760761926952875,1.0435763429868055,0.7553018115034215,0.12465137577255528,0.090218037769945,0.7599908380407705,0.6198699358467352,0.12766711561636068,0.37486995723037797,0.45516,0.78726,0.19906,0.01368,
cfl_exp2_alpha0.3_n_mm2_seed3,2,0.3,3,1000000.0,0.0,0.0,1,50,0.2999999966547333,competitive,4,14,0.11814223561608861,1.4998167051021234,1.4998167051021232,1.367364385572119,0.21434380776340112,0.10603257728637422,0.07674208334023641,0.0,0.0,-0.008764480054566698,1.0,0.2674892816061905,0.0,0.76504,0.0,0.0,0.0,
cfl_exp2_alpha0.3_n_mm2_seed3,2,0.3,3,1000000.0,0.0,0.0,1,50,0.2999999966547333,markout,4,14,0.11814223561608861,1.4998167051021234,1.4998167051021232,1.367364385572119,0.21434380776340112,0.6574835661001212,0.4758599660198517,0.5051107729749367,0.3655787120122668,0.7559321146373154,0.5313924162647671,0.2308909242298085,0.24634123312246248,0.45202,0.91894,0.0,0.08106,
cfl_exp2_alpha0.3_n_mm2_seed3,2,0.3,3,1000000.0,0.0,0.0,1,50,0.2999999966547333,anon,4,14,0.11814223561608861,1.4998167051021234,1.4998167051021232,1.367364385572119,0.21434380776340112,0.6984134071861133,0.5054833266521268,0.49991553664549004,0.3618186104513115,0.781795373708635,0.6001002255073916,0.23869171885873347,0.23412698412698413,0.47892,0.97002,0.00054,0.02944,0.30387209289864725
cfl_exp2_alpha0.3_n_mm2_seed3,2,0.3,3,1000000.0,0.0,0.0,1,50,0.2999999966547333,id,4,14,0.11814223561608861,1.4998167051021234,1.4998167051021232,1.367364385572119,0.21434380776340112,0.6984134071861133,0.5054833266521268,0.49991553664549004,0.3618186104513115,0.781795373708635,0.6001002255073916,0.23869171885873347,0.23412698412698413,0.47892,0.97002,0.00054,0.02944,0.30387209289864725
cfl_exp2_alpha0.3_n_mm2_seed3,2,0.3,3,1000000.0,0.0,0.0,1,50,0.2999999966547333,oracle,4,14,0.11814223561608861,1.4998167051021234,1.4998167051021232,1.367364385572119,0.21434380776340112,0.7271682944912818,0.5262949490278843,0.502596843223483,0.3637592315145278,0.8045476171476091,0.5980567949626788,0.23385859712731838,0.23653906006847183,0.47962,0.97,0.0,0.03,
cfl_exp2_alpha0.3_n_mm2_seed3,2,0.3,3,1000000.0,0.9,0.0,1,50,0.2999999966547333,competitive,4,14,0.11814223561608861,1.4998167051021234,1.4998167051021236,1.321313887917947,0.22438058935639935,0.131231198599992,0.09497982447979104,0.0,0.0,0.009473261084987927,1.0,0.2669263345009672,0.0,0.76508,0.0,0.0,0.0,
cfl_exp2_alpha0.3_n_mm2_seed3,2,0.3,3,1000000.0,0.9,0.0,1,50,0.2999999966547333,markout,4,14,0.11814223561608861,1.4998167051021234,1.4998167051021236,1.321313887917947,0.22438058935639935,0.6564144882305631,0.4750862107734689,0.4964528058971893,0.3593124262344251,0.7488920736130908,0.5322192571853537,0.23721847772480684,0.24062470775273542,0.45718,0.91816,0.0,0.08184,
cfl_exp2_alpha0.3_n_mm2_seed3,2,0.3,3,1000000.0,0.9,0.0,1,50,0.2999999966547333,anon,4,14,0.11814223561608861,1.4998167051021234,1.4998167051021236,1.321313887917947,0.22438058935639935,0.7387951261239191,0.5347099786816943,0.5192323550820828,0.3757993409802459,0.8250027562671373,0.6010052756199892,0.23797345866740394,0.2358146798542426,0.48146,0.96992,0.0001,0.02998,0.29545983901029105
cfl_exp2_alpha0.3_n_mm2_seed3,2,0.3,3,1000000.0,0.9,0.0,1,50,0.2999999966547333,id,4,14,0.11814223561608861,1.4998167051021234,1.4998167051021236,1.321313887917947,0.22438058935639935,0.7387951261239191,0.5347099786816943,0.5192323550820828,0.3757993409802459,0.8250027562671373,0.6010052756199892,0.23797345866740394,0.2358146798542426,0.48146,0.96992,0.0001,0.02998,0.29545983901029105
cfl_exp2_alpha0.3_n_mm2_seed3,2,0.3,3,1000000.0,0.9,0.0,1,50,0.2999999966547333,oracle,4,14,0.11814223561608861,1.4998167051021234,1.4998167051021236,1.321313887917947,0.22438058935639935,0.737924145801687,0.5340795984137894,0.520071963834734,0.37640701577716357,0.8249800507961498,0.600755876733948,0.23802281368821293,0.2353063559762821,0.48156,0.97,0.0,0.03,
cfl_exp2_alpha0.3_n_mm2_seed3,2,0.3,3,1000000.0,0.99,0.0,1,50,0.2999999966547333,competitive,4,14,0.11814223561608861,1.4998167051021234,1.4998167051021234,1.332851440367357,0.22311372837688628,0.07339326702947087,0.05311907301636124,0.0,0.0,-0.03238749037844187,1.0,0.2676248426353336,0.0,0.76256,0.0,0.0,0.0,
cfl_exp2_alpha0.3_n_mm2_seed3,2,0.3,3,1000000.0,0.99,0.0,1,50,0.2999999966547333,markout,4,14,0.11814223561608861,1.4998167051021234,1.4998167051021234,1.332851440367357,0.22311372837688628,0.6842543870441307,0.495235601551402,0.49544564315026174,0.3585834826452002,0.7683125208017989,0.5322915287158434,0.23279150771272183,0.24218971212836243,0.45306,0.92254,0.0,0.07746,
cfl_exp2_alpha0.3_n_mm2_seed3,2,0.3,3,1000000.0,0.99,0.0,1,50,0.2999999966547333,anon,4,14,0.11814223561608861,1.4998167051021234,1.4998167051021234,1.332851440367357,0.22311372837688628,0.7136473781487914,0.5165090576033146,0.4864736828920663,0.3520899413253458,0.7830924355338572,0.5998238033309561,0.23786543572527627,0.23608344690219102,0.47674,0.96998,8e-05,0.02994,0.303613629235098
cfl_exp2_alpha0.3_n_mm2_seed3,2,0.3,3,1000000.0,0.99,0.0,1,50,0.2999999966547333,id,4,14,0.11814223561608861,1.4998167051021234,1.4998167051021234,1.332851440367357,0.22311372837688628,0.7136473781487914,0.5165090576033146,0.4864736828920663,0.3520899413253458,0.7830924355338572,0.5998238033309561,0.23786543572527627,0.23608344690219102,0.47674,0.96998,8e-05,0.02994,0.303613629235098
cfl_exp2_alpha0.3_n_mm2_seed3,2,0.3,3,1000000.0,0.99,0.0,1,50,0.2999999966547333,oracle,4,14,0.11814223561608861,1.4998167051021234,1.4998167051021234,1.332851440367357,0.22311372837688628,0.7105567544697745,0.5142721894065919,0.48972664918043046,0.3544443065251126,0.7832099325369014,0.5988923386758412,0.23819532016253328,0.23535564853556484,0.47668,0.97,0.0,0.03,
cfl_exp2_alpha0.3_n_mm2_seed3,2,0.3,3,5.0,0.0,0.0,1,50,0.29973965736877034,competitive,4,14,0.11943267886137954,1.5008330702367627,1.5008330702367627,1.3976588990331467,0.21431701972242512,0.14973158255416977,0.1083911539977851,0.0,0.0,0.021933469747046554,1.0,0.26393712301224637,0.0,0.76594,0.0,0.0,0.0,
cfl_exp2_alpha0.3_n_mm2_seed3,2,0.3,3,5.0,0.0,0.0,1,50,0.29973965736877034,markout,4,14,0.11943267886137954,1.5008330702367627,1.5008330702367627,1.3976588990331467,0.21431701972242512,0.6788300207388799,0.4914071437774871,0.5195197324220413,0.37608193516203114,0.7810313946887797,0.5347801406052137,0.23026047195231486,0.23624929603904637,0.45802,0.92296,0.0,0.07704,
cfl_exp2_alpha0.3_n_mm2_seed3,2,0.3,3,5.0,0.0,0.0,1,50,0.29973965736877034,anon,4,14,0.11943267886137954,1.5008330702367627,1.5008330702367627,1.3976588990331467,0.21431701972242512,0.7209364041201979,0.5218880844549362,0.5170153257004131,0.3742689874191,0.8096993876232975,0.5975309671768778,0.2327772736790675,0.22487046632124352,0.47954,0.9698,0.00056,0.02964,0.2947253700504417
cfl_exp2_alpha0.3_n_mm2_seed3,2,0.3,3,5.0,0.0,0.0,1,50,0.29973965736877034,id,4,14,0.11943267886137954,1.5008330702367627,1.5008330702367627,1.3976588990331467,0.21431701972242512,0.7209364041201979,0.5218880844549362,0.5170153257004131,0.3742689874191,0.8096993876232975,0.5975309671768778,0.2327772736790675,0.22487046632124352,0.47954,0.9698,0.00056,0.02964,0.2947253700504417
cfl_exp2_alpha0.3_n_mm2_seed3,2,0.3,3,5.0,0.0,0.0,1,50,0.29973965736877034,oracle,4,14,0.11943267886137954,1.5008330702367627,1.5008330702367627,1.3976588990331467,0.21431701972242512,0.7196355099426095,0.5209463631511706,0.5112843705757284,0.37012033134482547,0.8046090102452575,0.5986921571077513,0.2321552803673299,0.22511676180591594,0.48018,0.97,0.0,0.03,
cfl_exp2_alpha0.3_n_mm2_seed3,2,0.3,3,5.0,0.9,0.0,1,50,0.29973965736877034,competitive,4,14,0.11943267886137954,1.5008330702367627,1.528282416822619,1.3433977861624622,0.21905531477264378,0.162782935930425,0.11783906892363852,0.0,0.0,0.031381384672899984,1.0,0.2581067630572581,0.0,0.76356,0.0,0.0,0.0,
cfl_exp2_alpha0.3_n_mm2_seed3,2,0.3,3,5.0,0.9,0.0,1,50,0.29973965736877034,markout,4,14,0.11943267886137954,1.5008330702367627,1.528282416822619,1.3433977861624622,0.21905531477264378,0.6987549542468757,0.5058308645411375,0.47497213034973274,0.34383378875173876,0.7632069690421376,0.5377508619927505,0.2283600493218249,0.2468203117528928,0.45244,0.92292,0.0,0.07708,
cfl_exp2_alpha0.3_n_mm2_seed3,2,0.3,3,5.0,0.9,0.0,1,50,0.29973965736877034,anon,4,14,0.11943267886137954,1.5008330702367627,1.528282416822619,1.3433977861624622,0.21905531477264378,0.8822819818680748,0.638686645361115,0.40851322948923313,0.2957239856306247,0.8479529467410012,0.6492738268661987,0.23069078052760403,0.23222152297042165,0.45306,0.9692,0.01426,0.01654,0.29315106396648266
cfl_exp2_alpha0.3_n_mm2_seed3,2,0.3,3,5.0,0.9,0.0,1,50,0.29973965736877034,id,4,14,0.11943267886137954,1.5008330702367627,1.528282416822619,1.3433977861624622,0.21905531477264378,0.9374694681927701,0.6786370367677282,0.3438579620323179,0.24891983828812855,0.8410991908051184,0.6591704585229261,0.21439001725740078,0.2558408215661104,0.45712,0.95456,0.03192,0.01352,0.2923111325207247
cfl_exp2_alpha0.3_n_mm2_seed3,2,0.3,3,5.0,0.9,0.0,1,50,0.29973965736877034,oracle,4,14,0.11943267886137954,1.5008330702367627,1.528282416822619,1.3433977861624622,0.21905531477264378,0.9441773698570926,0.6834929074524352,0.35579446015869165,0.2575607060632486,0.8545959292649453,0.6550733469725329,0.20964848162668615,0.25201918223119635,0.45946,0.95032,0.0345,0.01518,
cfl_exp2_alpha0.3_n_mm2_seed3,2,0.3,3,5.0,0.99,0.0,1,50,0.29973965736877034,competitive,4,14,0.11943267886137954,1.5008330702367627,1.5351131617082754,1.3551735022124913,0.21806167400881057,0.11796285265349246,0.0853936725296881,0.0,0.0,-0.0010640117210504324,1.0,0.2608422704682187,0.0,0.7646,0.0,0.0,0.0,
cfl_exp2_alpha0.3_n_mm2_seed3,2,0.3,3,5.0,0.99,0.0,1,50,0.29973965736877034,markout,4,14,0.11943267886137954,1.5008330702367627,1.5351131617082754,1.3551735022124913,0.21806167400881057,0.6589720481212752,0.47703189620872594,0.45989537866782215,0.33291968175130604,0.7234938937092934,0.5278382852661846,0.22334103664575766,0.24137294703819892,0.45908,0.91028,0.0,0.08972,
cfl_exp2_alpha0.3_n_mm2_seed3,2,0.3,3,5.0,0.99,0.0,1,50,0.29973965736877034,anon,4,14,0.11943267886137954,1.5008330702367627,1.5351131617082754,1.3551735022124913,0.21806167400881057,0.8905048568326966,0.6446392098861871,0.4142780060455451,0.29989712514347244,0.858078650778921,0.6421412001575699,0.22043487151523414,0.2262720156555773,0.45694,0.9681,0.01516,0.01674,0.2857477177972616
cfl_exp2_alpha0.3_n_mm2_seed3,2,0.3,3,5.0,0.99,0.0,1,50,0.29973965736877034,id,4,14,0.11943267886137954,1.5008330702367627,1.5351131617082754,1.3551735022124913,0.21806167400881057,1.066897556449801,0.7723304286800953,0.3014452248375024,0.218217127141082,0.9040898715704387,0.6755463247245801,0.19903756182328566,0.267047035903145,0.44296,0.92938,0.05432,0.0163,0.2842656437831572
cfl_exp2_alpha0.3_n_mm2_seed3,2,0.3,3,5.0,0.99,0.0,1,50,0.29973965736877034,oracle,4,14,0.11943267886137954,1.5008330702367627,1.5351131617082754,1.3551735022124913,0.21806167400881057,1.0112448128596445,0.7320432361053587,0.33765631453208783,0.24443044655279292,0.8900159984074132,0.6651152579582876,0.1898600475310272,0.25357283335518555,0.4555,0.9397,0.04238,0.01792,
cfl_exp2_alpha0.3_n_mm2_seed3,2,0.3,3,1.0,0.0,0.0,1,50,0.299993851078017,competitive,4,14,0.11817269785667084,1.4998406974468959,1.4998406974468959,1.331475342993718,0.21887683565788502,0.09625318058123053,0.06966447844907553,0.0,0.0,-0.015864532783520496,1.0,0.2638022335238295,0.0,0.76292,0.0,0.0,0.0,
cfl_exp2_alpha0.3_n_mm2_seed3,2,0.3,3,1.0,0.0,0.0,1,50,0.299993851078017,markout,4,14,0.11817269785667084,1.4998406974468959,1.4998406974468959,1.331475342993718,0.21887683565788502,0.6711104572426478,0.48572483218956053,0.49199412178768454,0.3560870787581388,0.7562828997151032,0.5345812461551982,0.23253328949531482,0.23800981873111782,0.45516,0.92086,0.0,0.07914,
cfl_exp2_alpha0.3_n_mm2_seed3,2,0.3,3,1.0,0.0,0.0,1,50,0.299993851078017,anon,4,14,0.11817269785667084,1.4998406974468959,1.4998406974468959,1.331475342993718,0.21887683565788502,0.7134076706037172,0.5163379848236332,0.48618568579034793,0.35188314843691887,0.782692122027956,0.5972111720614715,0.23376805497125228,0.23796652458675538,0.47762,0.97018,0.00014,0.02968,0.29785793046352477
cfl_exp2_alpha0.3_n_mm2_seed3,2,0.3,3,1.0,0.0,0.0,1,50,0.299993851078017,id,4,14,0.11817269785667084,1.4998406974468959,1.4998406974468959,1.331475342993718,0.21887683565788502,0.7134076706037172,0.5163379848236332,0.48618568579034793,0.35188314843691887,0.782692122027956,0.5972111720614715,0.23376805497125228,0.23796652458675538,0.47762,0.97018,0.00014,0.02968,0.29785793046352477
cfl_exp2_alpha0.3_n_mm2_seed3,2,0.3,3,1.0,0.0,0.0,1,50,0.299993851078017,oracle,4,14,0.11817269785667084,1.4998406974468959,1.4998406974468959,1.331475342993718,0.21887683565788502,0.7126656454371522,0.5158009345577335,0.485008558115009,0.3510311871295078,0.7813031104546451,0.5953426146578035,0.23384831460674158,0.23669800599235458,0.47838,0.97,0.0,0.03,
cfl_exp2_alpha0.3_n_mm2_seed3,2,0.3,3,1.0,0.9,0.0,1,50,0.299993851078017,competitive,4,14,0.11817269785667084,1.4998406974468959,1.6019454704309846,1.4293505162669182,0.210438443670151,0.18326638645487606,0.13264140626346502,0.0,0.0,0.04711239503086899,1.0,0.25725652367367235,0.0,0.76414,0.0,0.0,0.0,
cfl_exp2_alpha0.3_n_mm2_seed3,2,0.3,3,1.0,0.9,0.0,1,50,0.299993851078017,markout,4,14,0.11817269785667084,1.4998406974468959,1.6019454704309846,1.4293505162669182,0.210438443670151,0.7017578393446462,0.5079062694893227,0.4687279775619094,0.3392479073850771,0.7616251656418036,0.5325675556729161,0.22931989091810595,0.24668110347424912,0.45444,0.9203,0.0,0.0797,
cfl_exp2_alpha0.3_n_mm2_seed3,2,0.3,3,1.0,0.9,0.0,1,50,0.299993851078017,anon,4,14,0.11817269785667084,1.4998406974468959,1.6019454704309846,1.4293505162669182,0.210438443670151,0.8828144754645192,0.6389483405031775,0.436535565657494,0.3159482348776708,0.8693675641482523,0.6201335794006503,0.21171969106497557,0.2286871023713129,0.45516,0.94142,0.03722,0.02136,0.281925481499951
cfl_exp2_alpha0.3_n_mm2_seed3,2,0.3,3,1.0,0.9,0.0,1,50,0.299993851078017,id,4,14,0.11817269785667084,1.4998406974468959,1.6019454704309846,1.4293505162669182,0.210438443670151,1.0138273837226444,0.7337706192973458,0.27464536592439204,0.1987781189155762,0.8470197269803261,0.6305467245779788,0.1567959096719216,0.2947521512543934,0.44666,0.8743,0.11052,0.01518,0.2865092322310429
cfl_exp2_alpha0.3_n_mm2_seed3,2,0.3,3,1.0,0.9,0.0,1,50,0.299993851078017,oracle,4,14,0.11817269785667084,1.4998406974468959,1.6019454704309846,1.4293505162669182,0.210438443670151,1.0152266082707948,0.7347833260753601,0.366187729429552,0.26503308286661914,0.9142873977093832,0.6163012392755005,0.15749138718976305,0.26696781479390175,0.46156,0.87798,0.10782,0.0142,
cfl_exp2_alpha0.3_n_mm2_seed3,2,0.3,3,1.0,0.99,0.0,1,50,0.299993851078017,competitive,4,14,0.11817269785667084,1.4998406974468959,1.6243410820482902,1.3749318635105419,0.20836978710994458,0.04715277019941863,0.03412742439819348,0.0,0.0,-0.051401586834402546,1.0,0.27220442250118176,0.0,0.76156,0.0,0.0,0.0,
cfl_exp2_alpha0.3_n_mm2_seed3,2,0.3,3,1.0,0.99,0.0,1,50,0.299993851078017,markout,4,14,0.11817269785667084,1.4998406974468959,1.6243410820482902,1.3749318635105419,0.20836978710994458,0.6803062025891169,0.49238037125480366,0.49428106376354985,0.3577422824514599,0.7645936424736676,0.5333392801391552,0.230222445224954,0.23320271432667494,0.44842,0.89484,0.0,0.10516,
cfl_exp2_alpha0.3_n_mm2_seed3,2,0.3,3,1.0,0.99,0.0,1,50,0.299993851078017,anon,4,14,0.11817269785667084,1.4998406974468959,1.6243410820482902,1.3749318635105419,0.20836978710994458,1.0166457385239176,0.7358104398635811,0.3409642109583182,0.24677723668742516,0.8970586653184102,0.6683932807280825,0.21431158108205983,0.2581021897810219,0.41314,0.9416,0.04062,0.01778,0.2948556271007302
cfl_exp2_alpha0.3_n_mm2_seed3,2,0.3,3,1.0,0.99,0.0,1,50,0.299993851078017,id,4,14,0.11817269785667084,1.4998406974468959,1.6243410820482902,1.3749318635105419,0.20836978710994458,1.0815342531553966,0.7827743375949635,0.22454851090212574,0.16251987522959374,0.8597652015919611,0.6108907657132192,0.11633058356248091,0.3308550185873606,0.42862,0.77234,0.19292,0.03474,0.28040690688894426
cfl_exp2_alpha0.3_n_mm2_seed3,2,0.3,3,1.0,0.99,0.0,1,50,0.299993851078017,oracle,4,14,0.11817269785667084,1.4998406974468959,1.6243410820482902,1.3749318635105419,0.20836978710994458,1.0634626663547389,0.769694794024426,0.277065899396508,0.2005300111739435,0.8846957939657734,0.6026842010448568,0.1148557764160813,0.29766492858762184,0.44408,0.7918,0.1764,0.0318,
cfl_exp2_alpha0.3_n_mm2_seed4,2,0.3,4,1000000.0,0.0,0.0,1,50,0.29999999665473326,competitive,4,14,0.11814223561608883,1.4998167051021234,1.4998167051021232,1.3591562547002949,0.22460149141410687,0.08972824456856707,0.06494166791830845,-0.09625310566850596,-0.06966409801601886,-0.09022899349251369,0.8421188164705277,0.265243715980674,0.2789104550644267,0.77666,0.0,0.0,0.0,
cfl_exp2_alpha0.3_n_mm2_seed4,2,0.3,4,1000000.0,0.0,0.0,1,50,0.29999999665473326,markout,4,14,0.11814223561608883,1.4998167051021234,1.4998167051021232,1.3591562547002949,0.22460149141410687,0.6800436504534105,0.492188041012568,0.5460925503017107,0.39523966199133015,0.8019211396090948,0.5726925128934732,0.2354630851641953,0.23910103006971178,0.44984,0.95642,0.0,0.04358,
cfl_exp2_alpha0.3_n_mm2_seed4,2,0.3,4,1000000.0,0.0,0.0,1,50,0.29999999665473326,anon,4,14,0.11814223561608883,1.4998167051021234,1.4998167051021232,1.3591562547002949,0.22460149141410687,0.8453787952435002,0.6118509199623342,0.5858667664690734,0.4240266281297131,0.9503709846972439,0.6036759371221282,0.22922842720935824,0.2211374176226507,0.4135,0.9997,0.00022,8e-05,0.29698909542743285
cfl_exp2_alpha0.3_n_mm2_seed4,2,0.3,4,1000000.0,0.0,0.0,1,50,0.29999999665473326,id,4,14,0.11814223561608883,1.4998167051021234,1.4998167051021232,1.3591562547002949,0.22460149141410687,0.8453787952435002,0.6118509199623342,0.5858667664690734,0.4240266281297131,0.9503709846972439,0.6036759371221282,0.22922842720935824,0.2211374176226507,0.4135,0.9997,0.00022,8e-05,0.29698909542743285
cfl_exp2_alpha0.3_n_mm2_seed4,2,0.3,4,1000000.0,0.0,0.0,1,50,0.29999999665473326,oracle,4,14,0.11814223561608883,1.4998167051021234,1.4998167051021232,1.3591562547002949,0.22460149141410687,0.8661856562947848,0.6269100829640393,0.5629059102358024,0.4074084906882562,0.9488120102574921,0.5968634686346863,0.2264703489790938,0.22895339034084067,0.41192,1.0,0.0,0.0,
cfl_exp2_alpha0.3_n_mm2_seed4,2,0.3,4,1000000.0,0.9,0.0,1,50,0.29999999665473326,competitive,4,14,0.11814223561608883,1.4998167051021234,1.4998167051021234,1.3738432378526042,0.2210809320281263,0.09060492465174097,0.06557617344224712,-0.0804842689989658,-0.05825125293724572,-0.07818164288980191,0.8431614062099051,0.2633148700468683,0.28174083769633507,0.7794,0.0,0.0,0.0,
cfl_exp2_alpha0.3_n_mm2_seed4,2,0.3,4,1000000.0,0.9,0.0,1,50,0.29999999665473326,markout,4,14,0.11814223561608883,1.4998167051021234,1.4998167051021234,1.3738432378526042,0.2210809320281263,0.7277612178956931,0.5267240829646445,0.5490017303900543,0.3973452086686352,0.8385627282384763,0.5726181512158391,0.23654084158415842,0.23256295989221681,0.45154,0.95702,0.0,0.04298,
cfl_exp2_alpha0.3_n_mm2_seed4,2,0.3,4,1000000.0,0.9,0.0,1,50,0.29999999665473326,anon,4,14,0.11814223561608883,1.4998167051021234,1.4998167051021234,1.3738432378526042,0.2210809320281263,0.8743972845024734,0.6328533267519506,0.5813966380395592,0.4207913302876845,0.9681380936448317,0.6025827750267017,0.22905252980986143,0.2159784998778402,0.41196,0.99998,0.0,2e-05,0.2959374464394409
cfl_exp2_alpha0.3_n_mm2_seed4,2,0.3,4,1000000.0,0.9,0.0,1,50,0.29999999665473326,id,4,14,0.11814223561608883,1.4998167051021234,1.4998167051021234,1.3738432378526042,0.2210809320281263,0.8743972845024734,0.6328533267519506,0.5813966380395592,0.4207913302876845,0.9681380936448317,0.6025827750267017,0.22905252980986143,0.2159784998778402,0.41196,0.99998,0.0,2e-05,0.2959374464394409
cfl_exp2_alpha0.3_n_mm2_seed4,2,0.3,4,1000000.0,0.9,0.0,1,50,0.29999999665473326,oracle,4,14,0.11814223561608883,1.4998167051021234,1.4998167051021234,1.3738432378526042,0.2210809320281263,0.8742388116719693,0.632738630538042,0.5816047904946131,0.42094198260098326,0.9681740497442219,0.602320726319367,0.22900209576011607,0.21609083140031743,0.41194,1.0,0.0,0.0,
cfl_exp2_alpha0.3_n_mm2_seed4,2,0.3,4,1000000.0,0.99,0.0,1,50,0.29999999665473326,competitive,4,14,0.11814223561608883,1.4998167051021234,1.4998167051021234,1.364449356956317,0.2227606257787623,0.09934772271496313,0.0719038564502963,-0.0884376938744402,-0.06400761961487057,-0.07761032655937757,0.8432575329808532,0.26878709481053115,0.27525790076960865,0.77924,0.0,0.0,0.0,
cfl_exp2_alpha0.3_n_mm2_seed4,2,0.3,4,1000000.0,0.99,0.0,1,50,0.29999999665473326,markout,4,14,0.11814223561608883,1.4998167051021234,1.4998167051021234,1.364449356956317,0.2227606257787623,0.6762861609955853,0.48946852238440447,0.5519799029544114,0.3995006893047252,0.8034626482943262,0.5654809308910715,0.23308035364994914,0.23500661847062418,0.45204,0.95536,0.0,0.04464,
cfl_exp2_alpha0.3_n_mm2_seed4,2,0.3,4,1000000.0,0.99,0.0,1,50,0.29999999665473326,anon,4,14,0.11814223561608883,1.4998167051021234,1.4998167051021234,1.364449356956317,0.2227606257787623,0.8386510799883726,0.6069816722460973,0.5871647712779106,0.4249660714193615,0.9464411802706555,0.6011139883715249,0.22677395757132407,0.22550220480156785,0.40934,0.99998,0.0,2e-05,0.30105715453669113
cfl_exp2_alpha0.3_n_mm2_seed4,2,0.3,4,1000000.0,0.99,0.0,1,50,0.29999999665473326,id,4,14,0.11814223561608883,1.4998167051021234,1.4998167051021234,1.364449356956317,0.2227606257787623,0.8386510799883726,0.6069816722460973,0.5871647712779106,0.4249660714193615,0.9464411802706555,0.6011139883715249,0.22677395757132407,0.22550220480156785,0.40934,0.99998,0.0,2e-05,0.30105715453669113
cfl_exp2_alpha0.3_n_mm2_seed4,2,0.3,4,1000000.0,0.99,0.0,1,50,0.29999999665473326,oracle,4,14,0.11814223561608883,1.4998167051021234,1.4998167051021234,1.364449356956317,0.2227606257787623,0.838566680900936,0.6069205876061907,0.5871648847162285,0.42496615352141986,0.9463801777328072,0.6005568853500073,0.22669594924353342,0.22551057845175493,0.40942,1.0,0.0,0.0,
cfl_exp2_alpha0.3_n_mm2_seed4,2,0.3,4,5.0,0.0,0.0,1,50,0.2997396573687703,competitive,4,14,0.11943267886137954,1.5008330702367627,1.5008330702367627,1.333594582681538,0.21823452274139002,0.07015772344044276,0.050787392184383724,-0.08572811684888909,-0.062058847951776235,-0.09772914001813107,0.8424615384615385,0.26022644265887507,0.28759765625,0.78,0.0,0.0,0.0,
cfl_exp2_alpha0.3_n_mm2_seed4,2,0.3,4,5.0,0.0,0.0,1,50,0.2997396573687703,markout,4,14,0.11943267886137954,1.5008330702367627,1.5008330702367627,1.333594582681538,0.21823452274139002,0.7436855348135654,0.5383562502636323,0.5222808248986311,0.3780806985139372,0.829979264526831,0.5666534723138497,0.22927662216702888,0.23464934537704252,0.45474,0.95152,0.0,0.04848,
cfl_exp2_alpha0.3_n_mm2_seed4,2,0.3,4,5.0,0.0,0.0,1,50,0.2997396573687703,anon,4,14,0.11943267886137954,1.5008330702367627,1.5008330702367627,1.333594582681538,0.21823452274139002,0.8587487844158811,0.6216508912096608,0.5620233900933111,0.4068504639221478,0.9420436708810701,0.6024090533780174,0.2204305409981456,0.21781089665282188,0.41178,0.9999,0.0,0.0001,0.29664424445461374
cfl_exp2_alpha0.3_n_mm2_seed4,2,0.3,4,5.0,0.0,0.0,1,50,0.2997396573687703,id,4,14,0.11943267886137954,1.5008330702367627,1.5008330702367627,1.333594582681538,0.21823452274139002,0.8587487844158811,0.6216508912096608,0.5620233900933111,0.4068504639221478,0.9420436708810701,0.6024090533780174,0.2204305409981456,0.21781089665282188,0.41178,0.9999,0.0,0.0001,0.29664424445461374
cfl_exp2_alpha0.3_n_mm2_seed4,2,0.3,4,5.0,0.0,0.0,1,50,0.2997396573687703,oracle,4,14,0.11943267886137954,1.5008330702367627,1.5008330702367627,1.333594582681538,0.21823452274139002,0.8363543801226165,0.6054395129350624,0.5761373285999416,0.4170675874981575,0.9360494161824814,0.5998048780487805,0.22137280416395574,0.2166016577279376,0.41,1.0,0.0,0.0,
cfl_exp2_alpha0.3_n_mm2_seed4,2,0.3,4,5.0,0.9,0.0,1,50,0.2997396573687703,competitive,4,14,0.11943267886137954,1.5008330702367627,1.5282824168226192,1.2878670665943253,0.2271365884237654,0.026155337912775786,0.018933929710801933,-0.09212254492878313,-0.06668779414276976,-0.13421154868270638,0.842820446956075,0.2691170643991344,0.2884458244811244,0.7786,0.0,0.0,0.0,
cfl_exp2_alpha0.3_n_mm2_seed4,2,0.3,4,5.0,0.9,0.0,1,50,0.2997396573687703,markout,4,14,0.11943267886137954,1.5008330702367627,1.5282824168226192,1.2878670665943253,0.2271365884237654,0.7182137736570872,0.5199171638731055,0.5368088235843893,0.38859756152951336,0.8220570411518804,0.5801557285873192,0.229235370810645,0.23007630351844002,0.4495,0.95618,0.0,0.04382,
cfl_exp2_alpha0.3_n_mm2_seed4,2,0.3,4,5.0,0.9,0.0,1,50,0.2997396573687703,anon,4,14,0.11943267886137954,1.5008330702367627,1.5282824168226192,1.2878670665943253,0.2271365884237654,0.8175260767559505,0.5918096461099055,0.4437884643617298,0.321259836852858,0.8266117987120251,0.6119796240997717,0.22897531572904709,0.24173834314169307,0.45544,0.97124,0.01644,0.01232,0.30304881783927534
cfl_exp2_alpha0.3_n_mm2_seed4,2,0.3,4,5.0,0.9,0.0,1,50,0.2997396573687703,id,4,14,0.11943267886137954,1.5008330702367627,1.5282824168226192,1.2878670665943253,0.2271365884237654,0.9412639040375685,0.6813838405680519,0.3056606650425363,0.22126869729507392,0.8161948536123873,0.6514243529616119,0.21211919205386306,0.25065404260620405,0.46056,0.95268,0.0309,0.01642,0.29396861923215667
cfl_exp2_alpha0.3_n_mm2_seed4,2,0.3,4,5.0,0.9,0.0,1,50,0.2997396573687703,oracle,4,14,0.11943267886137954,1.5008330702367627,1.5282824168226192,1.2878670665943253,0.2271365884237654,0.9494518316293253,0.6873111065822193,0.30364295968407506,0.21980807416867368,0.8206614965001545,0.6545327875990595,0.21075039914848323,0.2564910511721704,0.45932,0.94644,0.03624,0.01732,
cfl_exp2_alpha0.3_n_mm2_seed4,2,0.3,4,5.0,0.99,0.0,1,50,0.2997396573687703,competitive,4,14,0.11943267886137954,1.5008330702367627,1.5351131617082754,1.4053853241485048,0.2074822914517571,0.17734646646085123,0.12838165355105863,-0.0778566019031149,-0.056360634027037906,-0.01443666472671783,0.8409854998075196,0.24514022399218774,0.2683989670755326,0.7793,0.0,0.0,0.0,
cfl_exp2_alpha0.3_n_mm2_seed4,2,0.3,4,5.0,0.99,0.0,1,50,0.2997396573687703,markout,4,14,0.11943267886137954,1.5008330702367627,1.5351131617082754,1.4053853241485048,0.2074822914517571,0.7840126523984436,0.5675491749483624,0.5886940457686196,0.42615743374916076,0.9072489244467846,0.5684534427399215,0.2027928139954499,0.21659605249560815,0.44848,0.94982,0.0,0.05018,
cfl_exp2_alpha0.3_n_mm2_seed4,2,0.3,4,5.0,0.99,0.0,1,50,0.2997396573687703,anon,4,14,0.11943267886137954,1.5008330702367627,1.5351131617082754,1.4053853241485048,0.2074822914517571,0.8992304078072074,0.6509556631237768,0.4371429217901391,0.3164491081075345,0.8809470869805729,0.6319578814741484,0.2178866419823412,0.23144638708888618,0.44446,0.97336,0.01608,0.01056,0.28370057668445814
cfl_exp2_alpha0.3_n_mm2_seed4,2,0.3,4,5.0,0.99,0.0,1,50,0.2997396573687703,id,4,14,0.11943267886137954,1.5008330702367627,1.5351131617082754,1.4053853241485048,0.2074822914517571,1.1995604164749636,0.8683654818431232,0.2369778549262106,0.17154899941085508,0.9534567970032397,0.7288800642934808,0.18407056686989234,0.26782911944202265,0.42306,0.94742,0.03688,0.0157,0.27634433866794417
cfl_exp2_alpha0.3_n_mm2_seed4,2,0.3,4,5.0,0.99,0.0,1,50,0.2997396573687703,oracle,4,14,0.11943267886137954,1.5008330702367627,1.5351131617082754,1.4053853241485048,0.2074822914517571,1.0321708432285346,0.7471916539714165,0.2913323199518482,0.21089636413218685,0.8716303338528649,0.6806691449814126,0.19900327689787,0.26353317811408616,0.4304,0.9362,0.04604,0.01776,
cfl_exp2_alpha0.3_n_mm2_seed4,2,0.3,4,1.0,0.0,0.0,1,50,0.299993851078017,competitive,4,14,0.11817269785667084,1.4998406974468959,1.4998406974468959,1.3614030261392993,0.22571998075469105,0.1201783537923571,0.08698063053352874,-0.11437584810197655,-0.08278099234830519,-0.08132937304737248,0.843128703727457,0.2638288809103633,0.2871627146361406,0.77962,0.0,0.0,0.0,
cfl_exp2_alpha0.3_n_mm2_seed4,2,0.3,4,1.0,0.0,0.0,1,50,0.299993851078017,markout,4,14,0.11817269785667084,1.4998406974468959,1.4998406974468959,1.3614030261392993,0.22571998075469105,0.7312451233465984,0.5292480708560023,0.5230388735141143,0.37855611743865897,0.8222751770620653,0.5702293111827862,0.23260498992716566,0.23573558137144032,0.45266,0.95692,0.0,0.04308,
cfl_exp2_alpha0.3_n_mm2_seed4,2,0.3,4,1.0,0.0,0.0,1,50,0.299993851078017,anon,4,14,0.11817269785667084,1.4998406974468959,1.4998406974468959,1.3614030261392993,0.22571998075469105,0.8521321382735186,0.6167416040077963,0.597643422313641,0.43255211996723525,0.9637647127424355,0.6018707980122772,0.22672818520317306,0.2233235438081253,0.41052,0.99986,8e-05,6e-05,0.30386342788484083
cfl_exp2_alpha0.3_n_mm2_seed4,2,0.3,4,1.0,0.0,0.0,1,50,0.299993851078017,id,4,14,0.11817269785667084,1.4998406974468959,1.4998406974468959,1.3614030261392993,0.22571998075469105,0.8521321382735186,0.6167416040077963,0.597643422313641,0.43255211996723525,0.9637647127424355,0.6018707980122772,0.22672818520317306,0.2233235438081253,0.41052,0.99986,8e-05,6e-05,0.30386342788484083
cfl_exp2_alpha0.3_n_mm2_seed4,2,0.3,4,1.0,0.0,0.0,1,50,0.299993851078017,oracle,4,14,0.11817269785667084,1.4998406974468959,1.4998406974468959,1.3614030261392993,0.22571998075469105,0.8579545612852904,0.6209556576107592,0.563563065615675,0.4078860231132345,0.9433126694913978,0.6016153359606871,0.22765871411241406,0.22752808988764045,0.41106,1.0,0.0,0.0,
cfl_exp2_alpha0.3_n_mm2_seed4,2,0.3,4,1.0,0.9,0.0,1,50,0.299993851078017,competitive,4,14,0.11817269785667084,1.4998406974468959,1.6019454704309846,1.3286768108953355,0.22572596853558805,0.12251113142597589,0.08866900837416096,-0.0986724912015802,-0.07141548565273602,-0.06827548851117109,0.8412342432913155,0.2668076239504811,0.27569410618606915,0.77586,0.0,0.0,0.0,
cfl_exp2_alpha0.3_n_mm2_seed4,2,0.3,4,1.0,0.9,0.0,1,50,0.299993851078017,markout,4,14,0.11817269785667084,1.4998406974468959,1.6019454704309846,1.3286768108953355,0.22572596853558805,0.7130962833718693,0.5161126143063017,0.5548665229983659,0.40159178844912685,0.8321753915228327,0.572752796470431,0.2250233426704015,0.22686971941170334,0.44878,0.95214,0.0,0.04786,
cfl_exp2_alpha0.3_n_mm2_seed4,2,0.3,4,1.0,0.9,0.0,1,50,0.299993851078017,anon,4,14,0.11817269785667084,1.4998406974468959,1.6019454704309846,1.3286768108953355,0.22572596853558805,0.8412339507159694,0.6088539004778735,0.46304318364870184,0.3351334646138082,0.8584583538590856,0.6081623648797706,0.2128554846198491,0.22396126562324062,0.4533,0.94652,0.02718,0.0263,0.28583266446642747
cfl_exp2_alpha0.3_n_mm2_seed4,2,0.3,4,1.0,0.9,0.0,1,50,0.299993851078017,id,4,14,0.11817269785667084,1.4998406974468959,1.6019454704309846,1.3286768108953355,0.22572596853558805,1.0684894023675768,0.7733329589195591,0.2267520010125122,0.16411467956105394,0.8519186272480169,0.6393176635677951,0.15769257150696206,0.30443768996960485,0.45608,0.86142,0.11846,0.02012,0.2834594899373421
cfl_exp2_alpha0.3_n_mm2_seed4,2,0.3,4,1.0,0.9,0.0,1,50,0.299993851078017,oracle,4,14,0.11817269785667084,1.4998406974468959,1.6019454704309846,1.3286768108953355,0.22572596853558805,0.9662401790518532,0.6993287673583094,0.24256425347586114,0.17555900082205048,0.7893587569477638,0.6148559231590182,0.15517600499895856,0.2874085568610064,0.4685,0.84808,0.12456,0.02736,
cfl_exp2_alpha0.3_n_mm2_seed4,2,0.3,4,1.0,0.99,0.0,1,50,0.299993851078017,competitive,4,14,0.11817269785667084,1.4998406974468959,1.6243410820482902,1.3009978133562836,0.23376441803565187,0.0006652336866537965,0.00048147144382810597,-0.10847916586772113,-0.07851319267717996,-0.1635607324659479,0.8414410694469535,0.28271737463579205,0.3087565104166667,0.77498,0.0,0.0,0.0,
cfl_exp2_alpha0.3_n_mm2_seed4,2,0.3,4,1.0,0.99,0.0,1,50,0.299993851078017,markout,4,14,0.11817269785667084,1.4998406974468959,1.6243410820482902,1.3009978133562836,0.23376441803565187,0.8609623092296356,0.6231325539022252,0.6386070808066739,0.4622000950995984,0.9998036377692278,0.5594350033105274,0.17697648729682816,0.19957920048091374,0.4531,0.9297,0.0,0.0703,
cfl_exp2_alpha0.3_n_mm2_seed4,2,0.3,4,1.0,0.99,0.0,1,50,0.299993851078017,anon,4,14,0.11817269785667084,1.4998406974468959,1.6243410820482902,1.3009978133562836,0.23376441803565187,0.9899328950542949,0.7164766755457094,0.44788186347038506,0.32416026397312364,0.9551079282862369,0.6511236742512732,0.2015642939150402,0.18159903575733227,0.42806,0.9461,0.03052,0.02338,0.2653632287257784
cfl_exp2_alpha0.3_n_mm2_seed4,2,0.3,4,1.0,0.99,0.0,1,50,0.299993851078017,id,4,14,0.11817269785667084,1.4998406974468959,1.6243410820482902,1.3009978133562836,0.23376441803565187,1.1125838406108832,0.8052468761966357,0.2230154894326351,0.16141033120748038,0.88112819617152,0.6316795630405098,0.1111111111111111,0.3089471082550667,0.4394,0.79004,0.17488,0.03508,0.2701413943307577
cfl_exp2_alpha0.3_n_mm2_seed4,2,0.3,4,1.0,0.99,0.0,1,50,0.299993851078017,oracle,4,14,0.11817269785667084,1.4998406974468959,1.6243410820482902,1.3009978133562836,0.23376441803565187,1.087360650899168,0.7869912679613752,0.33506914170979135,0.24251060443548386,0.9439728611642629,0.6233105218135159,0.11082138200782268,0.23049846712842056,0.4676,0.82672,0.1292,0.04408,
cfl_exp2_alpha0.5_n_mm2_seed0,2,0.5,0,1000000.0,0.0,0.0,1,50,0.5,competitive,8,17,0.11082774461089362,0.7673284113849168,0.7673284113849168,0.7224918728077595,0.3898248817329239,0.13139035486682613,0.200137427906151,0.0,0.0,0.031321537504257334,1.0,0.4157664560983815,0.0,0.53506,0.0,0.0,0.0,
cfl_exp2_alpha0.5_n_mm2_seed0,2,0.5,0,1000000.0,0.0,0.0,1,50,0.5,markout,8,17,0.11082774461089362,0.7673284113849168,0.7673284113849168,0.7224918728077595,0.3898248817329239,0.32862841770807855,0.5005759085103825,0.4297499018714782,0.6546069541455686,0.9863669722540576,0.48502892140183734,0.39547527183444403,0.3817310868847043,0.23512,1.0,0.0,0.0,
cfl_exp2_alpha0.5_n_mm2_seed0,2,0.5,0,1000000.0,0.0,0.0,1,50,0.5,anon,8,17,0.11082774461089362,0.7673284113849168,0.7673284113849168,0.7224918728077595,0.3898248817329239,0.3212501016112401,0.4893370530601745,0.12809825343498052,0.19512280781745764,0.5156439704757384,0.5388784051870131,0.3980425608332585,0.41794333683105983,0.41334,0.85498,0.12482,0.0202,0.4916224705547698
cfl_exp2_alpha0.5_n_mm2_seed0,2,0.5,0,1000000.0,0.0,0.0,1,50,0.5,id,8,17,0.11082774461089362,0.7673284113849168,0.7673284113849168,0.7224918728077595,0.3898248817329239,0.3212501016112401,0.4893370530601745,0.12809825343498052,0.19512280781745764,0.5156439704757384,0.5388784051870131,0.3980425608332585,0.41794333683105983,0.41334,0.85498,0.12482,0.0202,0.4916224705547698
cfl_exp2_alpha0.5_n_mm2_seed0,2,0.5,0,1000000.0,0.0,0.0,1,50,0.5,oracle,8,17,0.11082774461089362,0.7673284113849168,0.7673284113849168,0.7224918728077595,0.3898248817329239,0.2915519979905564,0.4441000790192841,0.14940880683027358,0.22758363302881793,0.5028678216462085,0.5271171693735499,0.40256762952773956,0.41367678626188287,0.41376,0.85,0.13,0.02,
cfl_exp2_alpha0.5_n_mm2_seed0,2,0.5,0,1000000.0,0.9,0.0,1,50,0.5,competitive,8,17,0.11082774461089362,0.7673284113849168,0.7673284113849167,0.6689269068762269,0.39511954646290365,0.04899711902054412,0.07463376886014592,0.0,0.0,-0.09418212154174775,1.0,0.42335467540202504,0.0,0.53728,0.0,0.0,0.0,
cfl_exp2_alpha0.5_n_mm2_seed0,2,0.5,0,1000000.0,0.9,0.0,1,50,0.5,markout,8,17,0.11082774461089362,0.7673284113849168,0.7673284113849167,0.6689269068762269,0.39511954646290365,0.32042941642022355,0.48808696264511164,0.4044417688774343,0.6160569049606904,0.9353279772039085,0.4856227337886837,0.39815940267407535,0.3857377049180328,0.23718,1.0,0.0,0.0,
cfl_exp2_alpha0.5_n_mm2_seed0,2,0.5,0,1000000.0,0.9,0.0,1,50,0.5,anon,8,17,0.11082774461089362,0.7673284113849168,0.7673284113849167,0.6689269068762269,0.39511954646290365,0.29035541938243076,0.4422774173394331,0.10010835178065268,0.15248781432709707,0.4259493412646365,0.5352031780979275,0.4029690574137006,0.42508495520543715,0.41786,0.85172,0.12844,0.01984,0.5003640902711981
cfl_exp2_alpha0.5_n_mm2_seed0,2,0.5,0,1000000.0,0.9,0.0,1,50,0.5,id,8,17,0.11082774461089362,0.7673284113849168,0.7673284113849167,0.6689269068762269,0.39511954646290365,0.29035541938243076,0.4422774173394331,0.10010835178065268,0.15248781432709707,0.4259493412646365,0.5352031780979275,0.4029690574137006,0.42508495520543715,0.41786,0.85172,0.12844,0.01984,0.5003640902711981
cfl_exp2_alpha0.5_n_mm2_seed0,2,0.5,0,1000000.0,0.9,0.0,1,50,0.5,oracle,8,17,0.11082774461089362,0.7673284113849168,0.7673284113849167,0.6689269068762269,0.39511954646290365,0.2783882957662191,0.424048763170631,0.104492862600578,0.15916642265429096,0.4143992954230282,0.526734000287205,0.40421664849145766,0.42146252655001515,0.41782,0.85,0.13,0.02,
cfl_exp2_alpha0.5_n_mm2_seed0,2,0.5,0,1000000.0,0.99,0.0,1,50,0.5,competitive,8,17,0.11082774461089362,0.7673284113849168,0.7673284113849168,0.6803264393133097,0.4002142386288728,0.04567298433787164,0.0695703548365061,0.0,0.0,-0.09924553556538758,1.0,0.42519330380602055,0.0,0.53284,0.0,0.0,0.0,
cfl_exp2_alpha0.5_n_mm2_seed0,2,0.5,0,1000000.0,0.99,0.0,1,50,0.5,markout,8,17,0.11082774461089362,0.7673284113849168,0.7673284113849168,0.6803264393133097,0.4002142386288728,0.3307780019969113,0.5038502148403298,0.3931284267350162,0.5988241088418217,0.9338584332802576,0.4855452240067625,0.389449860724234,0.4022346368715084,0.2366,1.0,0.0,0.0,
cfl_exp2_alpha0.5_n_mm2_seed0,2,0.5,0,1000000.0,0.99,0.0,1,50,0.5,anon,8,17,0.11082774461089362,0.7673284113849168,0.7673284113849168,0.6803264393133097,0.4002142386288728,0.28481128008254736,0.4338324307910923,0.10331475146868188,0.1573718911457622,0.42238843153496086,0.5306083285357897,0.4047920433996383,0.4152698282910875,0.41688,0.84708,0.13348,0.01944,0.5021700133569298
cfl_exp2_alpha0.5_n_mm2_seed0,2,0.5,0,1000000.0,0.99,0.0,1,50,0.5,id,8,17,0.11082774461089362,0.7673284113849168,0.7673284113849168,0.6803264393133097,0.4002142386288728,0.28481128008254736,0.4338324307910923,0.10331475146868188,0.1573718911457622,0.42238843153496086,0.5306083285357897,0.4047920433996383,0.4152698282910875,0.41688,0.84708,0.13348,0.01944,0.5021700133569298
cfl_exp2_alpha0.5_n_mm2_seed0,2,0.5,0,1000000.0,0.99,0.0,1,50,0.5,oracle,8,17,0.11082774461089362,0.7673284113849168,0.7673284113849168,0.6803264393133097,0.4002142386288728,0.289310033636977,0.4406850568158853,0.1163770210125272,0.17726870192591263,0.44913786833990416,0.5294314541194473,0.4047145953757225,0.4126613149070216,0.41826,0.85,0.13,0.02,
cfl_exp2_alpha0.5_n_mm2_seed0,2,0.5,0,5.0,0.0,0.0,1,50,0.5000000000000001,competitive,8,17,0.11082774461089318,0.7673284113849165,0.7673284113849165,0.6990276160928558,0.39886204337428877,0.08446662113150004,0.12866189694301502,0.0,0.0,-0.04015399345887794,1.0,0.425178591465011,0.0,0.53474,0.0,0.0,0.0,
cfl_exp2_alpha0.5_n_mm2_seed0,2,0.5,0,5.0,0.0,0.0,1,50,0.5000000000000001,markout,8,17,0.11082774461089318,0.7673284113849165,0.7673284113849165,0.6990276160928558,0.39886204337428877,0.34687685247055966,0.5283724298028162,0.3981072695715294,0.6064080201590466,0.9659645595599697,0.4953660403026954,0.3880878819086852,0.3942712721145746,0.23522,1.0,0.0,0.0,
cfl_exp2_alpha0.5_n_mm2_seed0,2,0.5,0,5.0,0.0,0.0,1,50,0.5000000000000001,anon,8,17,0.11082774461089318,0.7673284113849165,0.7673284113849165,0.6990276160928558,0.39886204337428877,0.2779266308005397,0.42334554230727983,0.1323540778335406,0.20160539742315103,0.4561350493285379,0.5267895618865214,0.41347027813124887,0.4127289284630173,0.4177,0.85012,0.13012,0.01976,0.4979636968115711
cfl_exp2_alpha0.5_n_mm2_seed0,2,0.5,0,5.0,0.0,0.0,1,50,0.5000000000000001,id,8,17,0.11082774461089318,0.7673284113849165,0.7673284113849165,0.6990276160928558,0.39886204337428877,0.2779266308005397,0.42334554230727983,0.1323540778335406,0.20160539742315103,0.4561350493285379,0.5267895618865214,0.41347027813124887,0.4127289284630173,0.4177,0.85012,0.13012,0.01976,0.4979636968115711
cfl_exp2_alpha0.5_n_mm2_seed0,2,0.5,0,5.0,0.0,0.0,1,50,0.5000000000000001,oracle,8,17,0.11082774461089318,0.7673284113849165,0.7673284113849165,0.6990276160928558,0.39886204337428877,0.2681953292543002,0.4085225542453512,0.1335862146892757,0.20348222241068636,0.44318888625414465,0.5263057567670606,0.4115356754798986,0.41277665995975854,0.41968,0.85,0.13,0.02,
cfl_exp2_alpha0.5_n_mm2_seed0,2,0.5,0,5.0,0.9,0.0,1,50,0.5000000000000001,competitive,8,17,0.11082774461089318,0.7673284113849165,0.8244595555027449,0.7340792394005186,0.38580095097556977,0.12284564184690407,0.1871218843547485,0.0,0.0,0.018305993952855537,1.0,0.41685903641373145,0.0,0.53716,0.0,0.0,0.0,
cfl_exp2_alpha0.5_n_mm2_seed0,2,0.5,0,5.0,0.9,0.0,1,50,0.5000000000000001,markout,8,17,0.11082774461089318,0.7673284113849165,0.8244595555027449,0.7340792394005186,0.38580095097556977,0.31462357542309904,0.4792433448226746,0.41854603438465304,0.6375409128544304,0.9479683672752119,0.4910230352303523,0.3997930320800276,0.3833610648918469,0.23616,1.0,0.0,0.0,
cfl_exp2_alpha0.5_n_mm2_seed0,2,0.5,0,5.0,0.9,0.0,1,50,0.5000000000000001,anon,8,17,0.11082774461089318,0.7673284113849165,0.8244595555027449,0.7340792394005186,0.38580095097556977,0.4718418449966039,0.7187225678157894,0.08486567679115273,0.1292697495772151,0.6791764269911115,0.672003659652333,0.39661334240980256,0.4332287308228731,0.34976,0.91864,0.06854,0.01282,0.5044894284450556
cfl_exp2_alpha0.5_n_mm2_seed0,2,0.5,0,5.0,0.9,0.0,1,50,0.5000000000000001,id,8,17,0.11082774461089318,0.7673284113849165,0.8244595555027449,0.7340792394005186,0.38580095097556977,0.5135417125031077,0.7822409610436479,0.056351914565760705,0.08583679715462927,0.6992618677963842,0.6516107420021217,0.34701396624111047,0.4408653846153846,0.35822,0.87172,0.09966,0.02862,0.47621219759731787
cfl_exp2_alpha0.5_n_mm2_seed0,2,0.5,0,5.0,0.9,0.0,1,50,0.5000000000000001,oracle,8,17,0.11082774461089318,0.7673284113849165,0.8244595555027449,0.7340792394005186,0.38580095097556977,0.5064130261846892,0.7713823485864084,0.06448025132077921,0.09821810484615123,0.7007845630306666,0.6250771388499299,0.3512834320588763,0.4435133921891366,0.3565,0.85068,0.11878,0.03054,
cfl_exp2_alpha0.5_n_mm2_seed0,2,0.5,0,5.0,0.99,0.0,1,50,0.5000000000000001,competitive,8,17,0.11082774461089318,0.7673284113849165,0.8359231187505904,0.6764657514927996,0.3951370320855615,0.06552905452672594,0.09981567094018194,0.0,0.0,-0.06900021946171103,1.0,0.4222479982039961,0.0,0.53452,0.0,0.0,0.0,
cfl_exp2_alpha0.5_n_mm2_seed0,2,0.5,0,5.0,0.99,0.0,1,50,0.5000000000000001,markout,8,17,0.11082774461089318,0.7673284113849165,0.8359231187505904,0.6764657514927996,0.3951370320855615,0.338093817649678,0.5149938678829318,0.3997113963522053,0.6088514705039767,0.9550294479850157,0.49126712328767125,0.38933426280934125,0.3875799394143386,0.2336,0.9983,0.0,0.0017,
cfl_exp2_alpha0.5_n_mm2_seed0,2,0.5,0,5.0,0.99,0.0,1,50,0.5000000000000001,anon,8,17,0.11082774461089318,0.7673284113849165,0.8359231187505904,0.6764657514927996,0.3951370320855615,0.4889587559803018,0.7447955207463761,0.09811307150499624,0.14944854814407693,0.7254281784885601,0.6643276199240769,0.38952380952380955,0.4115832762165867,0.34772,0.91822,0.06488,0.0169,0.4907166315380017
cfl_exp2_alpha0.5_n_mm2_seed0,2,0.5,0,5.0,0.99,0.0,1,50,0.5000000000000001,id,8,17,0.11082774461089318,0.7673284113849165,0.8359231187505904,0.6764657514927996,0.3951370320855615,0.6438644104412028,0.9807521043429952,-0.017519095538762998,-0.02668557158494603,0.7852506423561562,0.6774310376048772,0.3226410050788559,0.5028068862275449,0.33134,0.81734,0.15564,0.02702,0.4795047816612575
cfl_exp2_alpha0.5_n_mm2_seed0,2,0.5,0,5.0,0.99,0.0,1,50,0.5000000000000001,oracle,8,17,0.11082774461089318,0.7673284113849165,0.8359231187505904,0.6764657514927996,0.3951370320855615,0.5644859212095115,0.8598405908456075,-0.03139003230707938,-0.04781416668063228,0.6432105337630822,0.6500063267113755,0.33287911232236717,0.5242227042660882,0.31612,0.76396,0.20836,0.02768,
cfl_exp2_alpha0.5_n_mm2_seed0,2,0.5,0,1.0,0.0,0.0,1,50,0.5,competitive,8,17,0.11082774461089362,0.7673284113849168,0.7673284113849168,0.7031179550737462,0.3896189224704336,0.13007654616108094,0.19813619809445696,0.0,0.0,0.029320307692563292,1.0,0.41588105973096845,0.0,0.53674,0.0,0.0,0.0,
cfl_exp2_alpha0.5_n_mm2_seed0,2,0.5,0,1.0,0.0,0.0,1,50,0.5,markout,8,17,0.11082774461089362,0.7673284113849168,0.7673284113849168,0.7031179550737462,0.3896189224704336,0.3377829756852992,0.5145203847927985,0.4232673008078021,0.6447324766442266,0.9904369710351315,0.4870580274065302,0.3869399096908649,0.3778034300791557,0.23644,1.0,0.0,0.0,
cfl_exp2_alpha0.5_n_mm2_seed0,2,0.5,0,1.0,0.0,0.0,1,50,0.5,anon,8,17,0.11082774461089362,0.7673284113849168,0.7673284113849168,0.7031179550737462,0.3896189224704336,0.2803069518213139,0.4269713132184822,0.09365687749531004,0.14266074999669126,0.4008161728132798,0.5319711538461539,0.4026208766380479,0.42639958911145354,0.416,0.85084,0.12924,0.01992,0.5046895258297825
cfl_exp2_alpha0.5_n_mm2_seed0,2,0.5,0,1.0,0.0,0.0,1,50,0.5,id,8,17,0.11082774461089362,0.7673284113849168,0.7673284113849168,0.7031179550737462,0.3896189224704336,0.2803069518213139,0.4269713132184822,0.09365687749531004,0.14266074999669126,0.4008161728132798,0.5319711538461539,0.4026208766380479,0.42639958911145354,0.416,0.85084,0.12924,0.01992,0.5046895258297825
cfl_exp2_alpha0.5_n_mm2_seed0,2,0.5,0,1.0,0.0,0.0,1,50,0.5,oracle,8,17,0.11082774461089362,0.7673284113849168,0.7673284113849168,0.7031179550737462,0.3896189224704336,0.2551836213877498,0.3887027604125612,0.13915378121689403,0.21196289396122234,0.43184976397188984,0.5242905242905243,0.40376146788990824,0.4136501516683519,0.4158,0.85,0.13,0.02,
cfl_exp2_alpha0.5_n_mm2_seed0,2,0.5,0,1.0,0.9,0.0,1,50,0.5,competitive,8,17,0.11082774461089362,0.7673284113849168,0.9314376472050785,0.7002610259465019,0.3887129043014338,0.0917268021478473,0.13972080576640292,0.0,0.0,-0.029095084635490744,1.0,0.41842401500938087,0.0,0.533,0.0,0.0,0.0,
cfl_exp2_alpha0.5_n_mm2_seed0,2,0.5,0,1.0,0.9,0.0,1,50,0.5,markout,8,17,0.11082774461089362,0.7673284113849168,0.9314376472050785,0.7002610259465019,0.3887129043014338,0.3375024739232722,0.5140931167392787,0.4108327057809781,0.6257917570743192,0.9710689834117042,0.4910606842014784,0.3817608962016454,0.3867589934132748,0.23268,1.0,0.0,0.0,
cfl_exp2_alpha0.5_n_mm2_seed0,2,0.5,0,1.0,0.9,0.0,1,50,0.5,anon,8,17,0.11082774461089362,0.7673284113849168,0.9314376472050785,0.7002610259465019,0.3887129043014338,0.43949702205978736,0.6694540376012572,0.0796851964386858,0.1213786984105449,0.6220168456099084,0.5941671045717288,0.37719996462368444,0.4173248737537226,0.3806,0.88882,0.09384,0.01734,0.4857768234090152
cfl_exp2_alpha0.5_n_mm2_seed0,2,0.5,0,1.0,0.9,0.0,1,50,0.5,id,8,17,0.11082774461089362,0.7673284113849168,0.9314376472050785,0.7002610259465019,0.3887129043014338,0.6446275953583448,0.981914608748196,-0.010816460951206624,-0.016475932925335175,0.7966227854209672,0.6336662408547207,0.27105287272060846,0.5051513710572199,0.34444,0.75724,0.2151,0.02766,0.46142877188250936
cfl_exp2_alpha0.5_n_mm2_seed0,2,0.5,0,1.0,0.9,0.0,1,50,0.5,oracle,8,17,0.11082774461089362,0.7673284113849168,0.9314376472050785,0.7002610259465019,0.3887129043014338,0.6159859574990525,0.9382868726180343,0.013709392706552147,0.02088252670620838,0.790353508922349,0.6103060514722931,0.2577642701111217,0.49248847240815113,0.34504,0.72186,0.24796,0.03018,
cfl_exp2_alpha0.5_n_mm2_seed0,2,0.5,0,1.0,0.99,0.0,1,50,0.5,competitive,8,17,0.11082774461089362,0.7673284113849168,0.9594752431196846,0.7759882156967783,0.37410427477143565,0.19625339218776863,0.29893860299051583,0.0,0.0,0.13012271258862215,1.0,0.4008768019022143,0.0,0.53832,0.0,0.0,0.0,
cfl_exp2_alpha0.5_n_mm2_seed0,2,0.5,0,1.0,0.99,0.0,1,50,0.5,markout,8,17,0.11082774461089362,0.7673284113849168,0.9594752431196846,0.7759882156967783,0.37410427477143565,0.3291396541949973,0.5013546380879638,0.37925788967662716,0.5776961225953683,0.9102348702814385,0.4609756097560976,0.39911816578483245,0.40603318250377074,0.246,0.97532,0.0,0.02468,
cfl_exp2_alpha0.5_n_mm2_seed0,2,0.5,0,1.0,0.99,0.0,1,50,0.5,anon,8,17,0.11082774461089362,0.7673284113849168,0.9594752431196846,0.7759882156967783,0.37410427477143565,0.43177235143003184,0.657687605332858,0.07094731650965508,0.10806891767267031,0.5969406326036345,0.5907968213058419,0.3646278287739707,0.4121506363994226,0.37248,0.87518,0.09766,0.02716,0.4850503056587313
cfl_exp2_alpha0.5_n_mm2_seed0,2,0.5,0,1.0,0.99,0.0,1,50,0.5,id,8,17,0.11082774461089362,0.7673284113849168,0.9594752431196846,0.7759882156967783,0.37410427477143565,0.8060278165228097,1.2277638962402697,-0.060603667740597,-0.09231318535957807,0.966634820478798,0.6111598526057203,0.17886879127189204,0.5364019253910951,0.34194,0.65824,0.32842,0.01334,0.4335847318850336
cfl_exp2_alpha0.5_n_mm2_seed0,2,0.5,0,1.0,0.99,0.0,1,50,0.5,oracle,8,17,0.11082774461089362,0.7673284113849168,0.9594752431196846,0.7759882156967783,0.37410427477143565,0.7922645378518252,1.206799288940454,-0.06195688330172927,-0.09437444078492567,0.9436089577536348,0.6076557761629571,0.18013182674199624,0.512614846142628,0.34954,0.65926,0.3272,0.01354,
cfl_exp2_alpha0.5_n_mm2_seed1,2,0.5,1,1000000.0,0.0,0.0,1,50,0.5000000000000001,competitive,8,17,0.11082774461089318,0.7673284113849165,0.7673284113849165,0.6468214999564292,0.394845644983462,0.12790872577387988,0.19483411403435458,0.0,0.0,0.026018223632461607,1.0,0.4219002822201317,0.0,0.5315,0.0,0.0,0.0,
cfl_exp2_alpha0.5_n_mm2_seed1,2,0.5,1,1000000.0,0.0,0.0,1,50,0.5000000000000001,markout,8,17,0.11082774461089318,0.7673284113849165,0.7673284113849165,0.6468214999564292,0.394845644983462,0.36065083242720286,0.5493533375973614,0.2915475816241305,0.4440933518876155,0.8246307990830839,0.5513273086698672,0.397874247662953,0.3979543666404406,0.28328,0.97152,0.0,0.02848,
cfl_exp2_alpha0.5_n_mm2_seed1,2,0.5,1,1000000.0,0.0,0.0,1,50,0.5000000000000001,anon,8,17,0.11082774461089318,0.7673284113849165,0.7673284113849165,0.6468214999564292,0.394845644983462,0.7491717260005326,1.141159124303537,-0.001778542735289698,-0.0027091255581342725,0.9696341083435098,0.9604348892340391,0.391607796408205,0.4297520661157025,0.24466,0.99294,0.007,6e-05,0.5055621446866688
cfl_exp2_alpha0.5_n_mm2_seed1,2,0.5,1,1000000.0,0.0,0.0,1,50,0.5000000000000001,id,8,17,0.11082774461089318,0.7673284113849165,0.7673284113849165,0.6468214999564292,0.394845644983462,0.7491717260005326,1.141159124303537,-0.001778542735289698,-0.0027091255581342725,0.9696341083435098,0.9604348892340391,0.391607796408205,0.4297520661157025,0.24466,0.99294,0.007,6e-05,0.5055621446866688
cfl_exp2_alpha0.5_n_mm2_seed1,2,0.5,1,1000000.0,0.0,0.0,1,50,0.5000000000000001,oracle,8,17,0.11082774461089318,0.7673284113849165,0.7673284113849165,0.6468214999564292,0.394845644983462,0.7717569983104935,1.1755616366740766,0.0,0.0,1.0067457462721838,1.0,0.3909889922348323,0.0,0.23438,1.0,0.0,0.0,
cfl_exp2_alpha0.5_n_mm2_seed1,2,0.5,1,1000000.0,0.9,0.0,1,50,0.5000000000000001,competitive,8,17,0.11082774461089318,0.7673284113849165,0.7673284113849168,0.6897079526442901,0.38814272147605483,0.13183186787642606,0.2008099527518141,0.0,0.0,0.0319940623499211,1.0,0.421278822078553,0.0,0.53518,0.0,0.0,0.0,
cfl_exp2_alpha0.5_n_mm2_seed1,2,0.5,1,1000000.0,0.9,0.0,1,50,0.5000000000000001,markout,8,17,0.11082774461089318,0.7673284113849165,0.7673284113849168,0.6897079526442901,0.38814272147605483,0.38708480645943705,0.5896182990362095,0.28231918373397535,0.43003640060453063,0.8508388092388471,0.5512569832402234,0.4042310615657461,0.401338313103019,0.2864,0.9687,0.0,0.0313,
cfl_exp2_alpha0.5_n_mm2_seed1,2,0.5,1,1000000.0,0.9,0.0,1,50,0.5000000000000001,anon,8,17,0.11082774461089318,0.7673284113849165,0.7673284113849168,0.6897079526442901,0.38814272147605483,0.781002498184821,1.1896446381731598,0.00043990656325854554,0.0006700778620990609,1.021498825633366,0.9932654263826921,0.39037206542927366,0.425,0.23758,0.99878,0.00122,0.0,0.49800141100274875
cfl_exp2_alpha0.5_n_mm2_seed1,2,0.5,1,1000000.0,0.9,0.0,1,50,0.5000000000000001,id,8,17,0.11082774461089318,0.7673284113849165,0.7673284113849168,0.6897079526442901,0.38814272147605483,0.781002498184821,1.1896446381731598,0.00043990656325854554,0.0006700778620990609,1.021498825633366,0.9932654263826921,0.39037206542927366,0.425,0.23758,0.99878,0.00122,0.0,0.49800141100274875
cfl_exp2_alpha0.5_n_mm2_seed1,2,0.5,1,1000000.0,0.9,0.0,1,50,0.5000000000000001,oracle,8,17,0.11082774461089318,0.7673284113849165,0.7673284113849168,0.6897079526442901,0.38814272147605483,0.7890902495800837,1.2019641251205302,0.0,0.0,1.0331482347186374,1.0,0.38926969620038926,0.0,0.23634,1.0,0.0,0.0,
cfl_exp2_alpha0.5_n_mm2_seed1,2,0.5,1,1000000.0,0.99,0.0,1,50,0.5000000000000001,competitive,8,17,0.11082774461089318,0.7673284113849165,0.7673284113849166,0.676437511482644,0.3916905835725024,0.11126618017716614,0.16948372760063854,0.0,0.0,0.0006678371987455765,1.0,0.4250037385972783,0.0,0.53496,0.0,0.0,0.0,
cfl_exp2_alpha0.5_n_mm2_seed1,2,0.5,1,1000000.0,0.99,0.0,1,50,0.5000000000000001,markout,8,17,0.11082774461089318,0.7673284113849165,0.7673284113849166,0.676437511482644,0.3916905835725024,0.35559179346267433,0.5416472693165961,0.29068380085623957,0.442777617096156,0.8156089960108591,0.548121820335912,0.4086458995549905,0.4028377544725478,0.28698,0.96382,0.0,0.03618,
cfl_exp2_alpha0.5_n_mm2_seed1,2,0.5,1,1000000.0,0.99,0.0,1,50,0.5000000000000001,anon,8,17,0.11082774461089318,0.7673284113849165,0.7673284113849166,0.676437511482644,0.3916905835725024,0.7177816193399766,1.0933448443656297,0.004972520573515335,0.007574281071106583,0.9321032350348434,0.9292976693258251,0.3963979128092914,0.42367256637168144,0.25572,0.9878,0.01214,6e-05,0.5025075080247213
cfl_exp2_alpha0.5_n_mm2_seed1,2,0.5,1,1000000.0,0.99,0.0,1,50,0.5000000000000001,id,8,17,0.11082774461089318,0.7673284113849165,0.7673284113849166,0.676437511482644,0.3916905835725024,0.7177816193399766,1.0933448443656297,0.004972520573515335,0.007574281071106583,0.9321032350348434,0.9292976693258251,0.3963979128092914,0.42367256637168144,0.25572,0.9878,0.01214,6e-05,0.5025075080247213
cfl_exp2_alpha0.5_n_mm2_seed1,2,0.5,1,1000000.0,0.99,0.0,1,50,0.5000000000000001,oracle,8,17,0.11082774461089318,0.7673284113849165,0.7673284113849166,0.676437511482644,0.3916905835725024,0.7782369921010505,1.185432142704785,0.0,0.0,1.0166162523028919,1.0,0.39172646686365553,0.0,0.2369,1.0,0.0,0.0,
cfl_exp2_alpha0.5_n_mm2_seed1,2,0.5,1,5.0,0.0,0.0,1,50,0.5,competitive,8,17,0.11082774461089362,0.7673284113849168,0.7673284113849168,0.6598956990613245,0.4013221319377496,0.1315847414280617,0.2004335229005259,0.0,0.0,0.03161763249863224,1.0,0.4185302311572924,0.0,0.53124,0.0,0.0,0.0,
cfl_exp2_alpha0.5_n_mm2_seed1,2,0.5,1,5.0,0.0,0.0,1,50,0.5,markout,8,17,0.11082774461089362,0.7673284113849168,0.7673284113849168,0.6598956990613245,0.4013221319377496,0.37225087636592297,0.567022845833692,0.30666370874990323,0.46711865542622705,0.8653256108580255,0.5400042671218264,0.3968128539444225,0.40197897340754485,0.28122,0.97772,0.0,0.02228,
cfl_exp2_alpha0.5_n_mm2_seed1,2,0.5,1,5.0,0.0,0.0,1,50,0.5,anon,8,17,0.11082774461089362,0.7673284113849168,0.7673284113849168,0.6598956990613245,0.4013221319377496,0.7795804836724425,1.1874785862796162,0.0012368876089181415,0.0018840614663745584,1.0205467573440972,0.9959002391527161,0.38945111492281304,0.3958333333333333,0.23416,0.9993,0.0007,0.0,0.5001675943916837
cfl_exp2_alpha0.5_n_mm2_seed1,2,0.5,1,5.0,0.0,0.0,1,50,0.5,id,8,17,0.11082774461089362,0.7673284113849168,0.7673284113849168,0.6598956990613245,0.4013221319377496,0.7795804836724425,1.1874785862796162,0.0012368876089181415,0.0018840614663745584,1.0205467573440972,0.9959002391527161,0.38945111492281304,0.3958333333333333,0.23416,0.9993,0.0007,0.0,0.5001675943916837
cfl_exp2_alpha0.5_n_mm2_seed1,2,0.5,1,5.0,0.0,0.0,1,50,0.5,oracle,8,17,0.11082774461089362,0.7673284113849168,0.7673284113849168,0.6598956990613245,0.4013221319377496,0.7825313052012315,1.1919733593668838,0.0,0.0,1.02315746896499,1.0,0.38937977181092903,0.0,0.23314,1.0,0.0,0.0,
cfl_exp2_alpha0.5_n_mm2_seed1,2,0.5,1,5.0,0.9,0.0,1,50,0.5,competitive,8,17,0.11082774461089362,0.7673284113849168,0.824459555502745,0.6690587626124248,0.39543203082003303,0.10349305309466998,0.15764348512123255,0.0,0.0,-0.0111724052806611,1.0,0.4292583965737471,0.0,0.53236,0.0,0.0,0.0,
cfl_exp2_alpha0.5_n_mm2_seed1,2,0.5,1,5.0,0.9,0.0,1,50,0.5,markout,8,17,0.11082774461089362,0.7673284113849168,0.824459555502745,0.6690587626124248,0.39543203082003303,0.3817179546841316,0.5814433617559818,0.3102785442906978,0.4726248730490628,0.8852523444031508,0.5402670414617007,0.3980228928199792,0.39819627025374504,0.2846,0.97,0.0,0.03,
cfl_exp2_alpha0.5_n_mm2_seed1,2,0.5,1,5.0,0.9,0.0,1,50,0.5,anon,8,17,0.11082774461089362,0.7673284113849168,0.824459555502745,0.6690587626124248,0.39543203082003303,0.45367383210092055,0.6910485473384622,0.09982955973151283,0.1520631505556042,0.6742958074921727,0.6529562982005142,0.40332458442694663,0.41530864197530865,0.3501,0.9271,0.06986,0.00304,0.5034942700645471
cfl_exp2_alpha0.5_n_mm2_seed1,2,0.5,1,5.0,0.9,0.0,1,50,0.5,id,8,17,0.11082774461089362,0.7673284113849168,0.824459555502745,0.6690587626124248,0.39543203082003303,0.5593663055272345,0.8520422504304574,0.06334115745204251,0.09648300551360359,0.7797093655421673,0.6655077767612076,0.3641279442764183,0.4442013129102845,0.3279,0.8987,0.0878,0.0135,0.49229488741098737
cfl_exp2_alpha0.5_n_mm2_seed1,2,0.5,1,5.0,0.9,0.0,1,50,0.5,oracle,8,17,0.11082774461089362,0.7673284113849168,0.824459555502745,0.6690587626124248,0.39543203082003303,0.5775997949955295,0.8798160066368181,0.06786304456961464,0.10337086922255033,0.8143709854574749,0.6593546047860769,0.3505636513610118,0.44332091538052154,0.33096,0.87732,0.10382,0.01886,
cfl_exp2_alpha0.5_n_mm2_seed1,2,0.5,1,5.0,0.99,0.0,1,50,0.5,competitive,8,17,0.11082774461089362,0.7673284113849168,0.8359231187505904,0.6915681162540757,0.3816201497617427,0.20201398141168578,0.3077132920585774,0.0,0.0,0.13889740165668368,1.0,0.40606467494685017,0.0,0.53622,0.0,0.0,0.0,
cfl_exp2_alpha0.5_n_mm2_seed1,2,0.5,1,5.0,0.99,0.0,1,50,0.5,markout,8,17,0.11082774461089362,0.7673284113849168,0.8359231187505904,0.6915681162540757,0.3816201497617427,0.3704313242199151,0.5642512536052348,0.31016137473860034,0.47244639714183606,0.8678817603451771,0.5481585408628551,0.39736370616841565,0.3853438907002018,0.2851,0.97254,0.0,0.02746,
cfl_exp2_alpha0.5_n_mm2_seed1,2,0.5,1,5.0,0.99,0.0,1,50,0.5,anon,8,17,0.11082774461089362,0.7673284113849168,0.8359231187505904,0.6915681162540757,0.3816201497617427,0.5636275735651685,0.8585331319384281,0.11972792326726422,0.18237288905675442,0.8720901305932888,0.6679399727148704,0.3684640522875817,0.38751027115858666,0.3665,0.92032,0.07364,0.00604,0.4647280664856879
cfl_exp2_alpha0.5_n_mm2_seed1,2,0.5,1,5.0,0.99,0.0,1,50,0.5,id,8,17,0.11082774461089362,0.7673284113849168,0.8359231187505904,0.6915681162540757,0.3816201497617427,0.5913802217417634,0.900806734359837,0.03678338628777472,0.05602947285419298,0.7880203168121362,0.6793432331280936,0.33339257153012264,0.4318524096385542,0.33132,0.85088,0.1189,0.03022,0.46864147715877846
cfl_exp2_alpha0.5_n_mm2_seed1,2,0.5,1,5.0,0.99,0.0,1,50,0.5,oracle,8,17,0.11082774461089362,0.7673284113849168,0.8359231187505904,0.6915681162540757,0.3816201497617427,0.6423001240990489,0.9783693400575596,0.061922775979199096,0.09432248756651117,0.9038759372221772,0.6932919490720213,0.32014618547281865,0.42379182156133827,0.31574,0.82878,0.1307,0.04052,
cfl_exp2_alpha0.5_n_mm2_seed1,2,0.5,1,1.0,0.0,0.0,1,50,0.49999999999999994,competitive,8,17,0.11082774461089384,0.7673284113849168,0.7673284113849168,0.679693986257208,0.39276910435497125,0.11483961778940453,0.1749268867520191,0.0,0.0,0.006110996350125023,1.0,0.4203234118833327,0.0,0.53554,0.0,0.0,0.0,
cfl_exp2_alpha0.5_n_mm2_seed1,2,0.5,1,1.0,0.0,0.0,1,50,0.49999999999999994,markout,8,17,0.11082774461089384,0.7673284113849168,0.7673284113849168,0.679693986257208,0.39276910435497125,0.33982482047102147,0.5176305793273385,0.3073971088578066,0.46823579078498806,0.8170504797104324,0.5433505555948758,0.39898397811645175,0.4009609423434594,0.28258,0.97214,0.0,0.02786,
cfl_exp2_alpha0.5_n_mm2_seed1,2,0.5,1,1.0,0.0,0.0,1,50,0.49999999999999994,anon,8,17,0.11082774461089384,0.7673284113849168,0.7673284113849168,0.679693986257208,0.39276910435497125,0.7582364564134586,1.154966772751892,-0.0014570779051189938,-0.0022194614245845713,0.9839314209254135,0.9904898165292039,0.387543546605489,0.45132743362831856,0.23764,0.99842,0.00156,2e-05,0.4992279936746978
cfl_exp2_alpha0.5_n_mm2_seed1,2,0.5,1,1.0,0.0,0.0,1,50,0.49999999999999994,id,8,17,0.11082774461089384,0.7673284113849168,0.7673284113849168,0.679693986257208,0.39276910435497125,0.7582364564134586,1.154966772751892,-0.0014570779051189938,-0.0022194614245845713,0.9839314209254135,0.9904898165292039,0.387543546605489,0.45132743362831856,0.23764,0.99842,0.00156,2e-05,0.4992279936746978
cfl_exp2_alpha0.5_n_mm2_seed1,2,0.5,1,1.0,0.0,0.0,1,50,0.49999999999999994,oracle,8,17,0.11082774461089384,0.7673284113849168,0.7673284113849168,0.679693986257208,0.39276910435497125,0.7584631356554314,1.155312056852039,0.0,0.0,0.9864961664501448,1.0,0.39183638541844945,0.0,0.23372,1.0,0.0,0.0,
cfl_exp2_alpha0.5_n_mm2_seed1,2,0.5,1,1.0,0.9,0.0,1,50,0.49999999999999994,competitive,8,17,0.11082774461089384,0.7673284113849168,0.9314376472050786,0.6527790984010081,0.40099282956425814,0.15465912832089312,0.2355810681516475,0.0,0.0,0.06676517774975342,1.0,0.4202887708535947,0.0,0.53468,0.0,0.0,0.0,
cfl_exp2_alpha0.5_n_mm2_seed1,2,0.5,1,1.0,0.9,0.0,1,50,0.49999999999999994,markout,8,17,0.11082774461089384,0.7673284113849168,0.9314376472050786,0.6527790984010081,0.40099282956425814,0.3548234261656621,0.540476870966831,0.2954053015619007,0.44996953775156406,0.8216305183165009,0.542835055169021,0.39759192128430865,0.398923904688701,0.28458,0.97118,0.0,0.02882,
cfl_exp2_alpha0.5_n_mm2_seed1,2,0.5,1,1.0,0.9,0.0,1,50,0.49999999999999994,anon,8,17,0.11082774461089384,0.7673284113849168,0.9314376472050786,0.6527790984010081,0.40099282956425814,0.5169918971621521,0.7874963778827482,0.09517254017475774,0.14496944937226927,0.7636499368531233,0.6738934598522611,0.37714998663220745,0.4412523020257827,0.33302,0.9367,0.05494,0.00836,0.4955713780694252
cfl_exp2_alpha0.5_n_mm2_seed1,2,0.5,1,1.0,0.9,0.0,1,50,0.49999999999999994,id,8,17,0.11082774461089384,0.7673284113849168,0.9314376472050786,0.6527790984010081,0.40099282956425814,0.6080042710011508,0.9261289466602092,0.026477109640657012,0.04033066679240833,0.7976437230507233,0.631665345862108,0.2725154583744063,0.4347625633932688,0.35332,0.77362,0.18652,0.03986,0.44065724046786403
cfl_exp2_alpha0.5_n_mm2_seed1,2,0.5,1,1.0,0.9,0.0,1,50,0.49999999999999994,oracle,8,17,0.11082774461089384,0.7673284113849168,0.9314376472050786,0.6527790984010081,0.40099282956425814,0.5825687352091141,0.8873848340045064,0.01730779083806322,0.026363706411924804,0.7449326500145371,0.6125648347805817,0.2654362096850918,0.44660048134777375,0.34318,0.7452,0.2158,0.039,
cfl_exp2_alpha0.5_n_mm2_seed1,2,0.5,1,1.0,0.99,0.0,1,50,0.49999999999999994,competitive,8,17,0.11082774461089384,0.7673284113849168,0.9594752431196846,0.7082653029067086,0.3811264554562686,-0.06629869774417405,-0.100988012807297,0.0,0.0,-0.26980390320919106,1.0,0.4599742988888049,0.0,0.52916,0.0,0.0,0.0,
cfl_exp2_alpha0.5_n_mm2_seed1,2,0.5,1,1.0,0.99,0.0,1,50,0.49999999999999994,markout,8,17,0.11082774461089384,0.7673284113849168,0.9594752431196846,0.7082653029067086,0.3811264554562686,0.3151456963865081,0.48003865393633455,0.31478276341633066,0.4794858243833032,0.7907085879177437,0.47853913043478263,0.40805349614769587,0.4003468516542156,0.2875,0.85926,0.0,0.14074,
cfl_exp2_alpha0.5_n_mm2_seed1,2,0.5,1,1.0,0.99,0.0,1,50,0.49999999999999994,anon,8,17,0.11082774461089384,0.7673284113849168,0.9594752431196846,0.7082653029067086,0.3811264554562686,0.733657008758318,1.1175266772590398,-0.019483885456618624,-0.029678394010413486,0.9190323928467322,0.7587599403578529,0.33439777286497996,0.5302601081637909,0.32192,0.95004,0.04228,0.00768,0.47953861514487023
cfl_exp2_alpha0.5_n_mm2_seed1,2,0.5,1,1.0,0.99,0.0,1,50,0.49999999999999994,id,8,17,0.11082774461089384,0.7673284113849168,0.9594752431196846,0.7082653029067086,0.3811264554562686,0.6708619665467269,1.0218755296065027,-0.006949358614694229,-0.010585455531740227,0.8424741836728684,0.6495352988243983,0.22458068795603145,0.44186863364945556,0.32494,0.68088,0.23676,0.08236,0.42628258617561865
cfl_exp2_alpha0.5_n_mm2_seed1,2,0.5,1,1.0,0.99,0.0,1,50,0.49999999999999994,oracle,8,17,0.11082774461089384,0.7673284113849168,0.9594752431196846,0.7082653029067086,0.3811264554562686,0.6961845906564236,1.0604476520601318,-0.017892217271950145,-0.02725392094401163,0.8643778407142261,0.6248915334077104,0.1907359650862924,0.45224719101123595,0.32268,0.61112,0.29706,0.09182,
cfl_exp2_alpha0.5_n_mm2_seed2,2,0.5,2,1000000.0,0.0,0.0,1,50,0.5,competitive,8,17,0.11082774461089362,0.7673284113849168,0.7673284113849168,0.6204845065260975,0.4035472428248952,0.11446976065801659,0.17436351012483997,0.0026937679312488603,0.004103221927383195,0.009650841650329513,0.9132945794956968,0.42322793965695393,0.42490204614714844,0.52984,0.0,0.0,0.0,
cfl_exp2_alpha0.5_n_mm2_seed2,2,0.5,2,1000000.0,0.0,0.0,1,50,0.5,markout,8,17,0.11082774461089362,0.7673284113849168,0.7673284113849168,0.6204845065260975,0.4035472428248952,0.621965775773901,0.947395497448886,0.09103300049309562,0.13866398786831768,0.9172435949153098,0.8536047081902893,0.38394139615053147,0.4128978224455611,0.16312,1.0,0.0,0.0,
cfl_exp2_alpha0.5_n_mm2_seed2,2,0.5,2,1000000.0,0.0,0.0,1,50,0.5,anon,8,17,0.11082774461089362,0.7673284113849168,0.7673284113849168,0.6204845065260975,0.4035472428248952,0.7516084927966757,1.1448708749832694,0.011261157327127855,0.017153306762754752,0.9932082913441305,0.9857588269992416,0.3915199179346897,0.3431952662721893,0.23734,0.9998,0.0001,0.0001,0.5050899492787674
cfl_exp2_alpha0.5_n_mm2_seed2,2,0.5,2,1000000.0,0.0,0.0,1,50,0.5,id,8,17,0.11082774461089362,0.7673284113849168,0.7673284113849168,0.6204845065260975,0.4035472428248952,0.7516084927966757,1.1448708749832694,0.011261157327127855,0.017153306762754752,0.9932082913441305,0.9857588269992416,0.3915199179346897,0.3431952662721893,0.23734,0.9998,0.0001,0.0001,0.5050899492787674
cfl_exp2_alpha0.5_n_mm2_seed2,2,0.5,2,1000000.0,0.0,0.0,1,50,0.5,oracle,8,17,0.11082774461089362,0.7673284113849168,0.7673284113849168,0.6204845065260975,0.4035472428248952,0.7424379249742106,1.1309020120611213,0.009602202705855135,0.01462634113235463,0.9767124627915823,0.9891257813168935,0.3898891966759003,0.3543307086614173,0.23358,1.0,0.0,0.0,
cfl_exp2_alpha0.5_n_mm2_seed2,2,0.5,2,1000000.0,0.9,0.0,1,50,0.5,competitive,8,17,0.11082774461089362,0.7673284113849168,0.7673284113849168,0.6273023634958939,0.40017928031758226,0.0879176575951696,0.1339186112745139,0.013499298059440725,0.020562504720330124,-0.01433477440704964,0.9140756854067434,0.4222058099458395,0.40855521606285466,0.53326,0.0,0.0,0.0,
cfl_exp2_alpha0.5_n_mm2_seed2,2,0.5,2,1000000.0,0.9,0.0,1,50,0.5,markout,8,17,0.11082774461089362,0.7673284113849168,0.7673284113849168,0.6273023634958939,0.40017928031758226,0.610281737644283,0.9295980469344299,0.10114715571438108,0.15407014925271564,0.9148523057852518,0.8553764092617286,0.3852040816326531,0.37803855825649624,0.16498,1.0,0.0,0.0,
cfl_exp2_alpha0.5_n_mm2_seed2,2,0.5,2,1000000.0,0.9,0.0,1,50,0.5,anon,8,17,0.11082774461089362,0.7673284113849168,0.7673284113849168,0.6273023634958939,0.40017928031758226,0.7334712727130712,1.1172437589702287,0.00792697007510203,0.012074580387030446,0.9605024489553655,0.9856564292946338,0.39179934942646805,0.4647058823529412,0.23704,0.9994,0.00022,0.00038,0.5073458423234452
cfl_exp2_alpha0.5_n_mm2_seed2,2,0.5,2,1000000.0,0.9,0.0,1,50,0.5,id,8,17,0.11082774461089362,0.7673284113849168,0.7673284113849168,0.6273023634958939,0.40017928031758226,0.7334712727130712,1.1172437589702287,0.00792697007510203,0.012074580387030446,0.9605024489553655,0.9856564292946338,0.39179934942646805,0.4647058823529412,0.23704,0.9994,0.00022,0.00038,0.5073458423234452
cfl_exp2_alpha0.5_n_mm2_seed2,2,0.5,2,1000000.0,0.9,0.0,1,50,0.5,oracle,8,17,0.11082774461089362,0.7673284113849168,0.7673284113849168,0.6273023634958939,0.40017928031758226,0.7455569332440394,1.1356529718509343,0.010265448716010678,0.015636615826232193,0.9824736972752728,0.989010989010989,0.39145299145299145,0.4230769230769231,0.2366,1.0,0.0,0.0,
cfl_exp2_alpha0.5_n_mm2_seed2,2,0.5,2,1000000.0,0.99,0.0,1,50,0.5,competitive,8,17,0.11082774461089362,0.7673284113849168,0.7673284113849167,0.6291349534114887,0.4016330204449016,0.09827544411853964,0.14969587860657488,0.004400686959943496,0.0067032482717314205,-0.01241676352358736,0.9178097678625263,0.41966741942106345,0.4259513984410821,0.53072,0.0,0.0,0.0,
cfl_exp2_alpha0.5_n_mm2_seed2,2,0.5,2,1000000.0,0.99,0.0,1,50,0.5,markout,8,17,0.11082774461089362,0.7673284113849168,0.7673284113849167,0.6291349534114887,0.4016330204449016,0.6092387915787623,0.9280094025989327,0.0977593250976509,0.14890971181800952,0.9081032240150487,0.8540704738760632,0.38113529662825435,0.39050791007493757,0.1646,1.0,0.0,0.0,
cfl_exp2_alpha0.5_n_mm2_seed2,2,0.5,2,1000000.0,0.99,0.0,1,50,0.5,anon,8,17,0.11082774461089362,0.7673284113849168,0.7673284113849167,0.6291349534114887,0.4016330204449016,0.7307650252713798,1.1131215279068702,0.00344612350763739,0.005249230780786997,0.9495548682857635,0.9791440727454742,0.39541620516315923,0.46,0.23974,0.99804,0.00134,0.00062,0.5117107795340782
cfl_exp2_alpha0.5_n_mm2_seed2,2,0.5,2,1000000.0,0.99,0.0,1,50,0.5,id,8,17,0.11082774461089362,0.7673284113849168,0.7673284113849167,0.6291349534114887,0.4016330204449016,0.7307650252713798,1.1131215279068702,0.00344612350763739,0.005249230780786997,0.9495548682857635,0.9791440727454742,0.39541620516315923,0.46,0.23974,0.99804,0.00134,0.00062,0.5117107795340782
cfl_exp2_alpha0.5_n_mm2_seed2,2,0.5,2,1000000.0,0.99,0.0,1,50,0.5,oracle,8,17,0.11082774461089362,0.7673284113849168,0.7673284113849167,0.6291349534114887,0.4016330204449016,0.7462962478420544,1.1367791163248584,0.004915231818844006,0.00748701725315368,0.9754502431761184,0.9897752239310461,0.3926406556817212,0.4628099173553719,0.23668,1.0,0.0,0.0,
cfl_exp2_alpha0.5_n_mm2_seed2,2,0.5,2,5.0,0.0,0.0,1,50,0.49999999999999994,competitive,8,17,0.11082774461089384,0.7673284113849168,0.7673284113849168,0.6562152723827457,0.3979905286061692,0.0657491041161695,0.10015085656996185,-0.0022653326047042863,-0.003450617370787906,-0.07211565120272012,0.9151800740491417,0.4237260430713906,0.4417989417989418,0.53478,0.0,0.0,0.0,
cfl_exp2_alpha0.5_n_mm2_seed2,2,0.5,2,5.0,0.0,0.0,1,50,0.49999999999999994,markout,8,17,0.11082774461089384,0.7673284113849168,0.7673284113849168,0.6562152723827457,0.3979905286061692,0.6171310790513516,0.9400311534851449,0.0997594296009495,0.1519563263982002,0.9231715894814512,0.8564320388349514,0.3901091115204761,0.378698224852071,0.1648,1.0,0.0,0.0,
cfl_exp2_alpha0.5_n_mm2_seed2,2,0.5,2,5.0,0.0,0.0,1,50,0.49999999999999994,anon,8,17,0.11082774461089384,0.7673284113849168,0.7673284113849168,0.6562152723827457,0.3979905286061692,0.7729497491684308,1.1773784678188168,0.010477222140067743,0.015959194971654392,1.0245217723885773,0.9831742842792567,0.38697318007662834,0.36318407960199006,0.23892,0.99942,0.00032,0.00026,0.49780118076922025
cfl_exp2_alpha0.5_n_mm2_seed2,2,0.5,2,5.0,0.0,0.0,1,50,0.49999999999999994,id,8,17,0.11082774461089384,0.7673284113849168,0.7673284113849168,0.6562152723827457,0.3979905286061692,0.7729497491684308,1.1773784678188168,0.010477222140067743,0.015959194971654392,1.0245217723885773,0.9831742842792567,0.38697318007662834,0.36318407960199006,0.23892,0.99942,0.00032,0.00026,0.49780118076922025
cfl_exp2_alpha0.5_n_mm2_seed2,2,0.5,2,5.0,0.0,0.0,1,50,0.49999999999999994,oracle,8,17,0.11082774461089384,0.7673284113849168,0.7673284113849168,0.6562152723827457,0.3979905286061692,0.7841128967246688,1.1943824833837857,0.007905669004591265,0.012042134006411468,1.0376087269883032,0.9875807669715533,0.3854193219474892,0.3783783783783784,0.23834,1.0,0.0,0.0,
cfl_exp2_alpha0.5_n_mm2_seed2,2,0.5,2,5.0,0.9,0.0,1,50,0.49999999999999994,competitive,8,17,0.11082774461089384,0.7673284113849168,0.824459555502745,0.6060916178781451,0.40607416879795394,0.12448753635714846,0.18962286355148344,0.007552645876223814,0.011504399398917205,0.03231137254850658,0.9161398289326887,0.4165618023137812,0.4057649667405765,0.5378,0.0,0.0,0.0,
cfl_exp2_alpha0.5_n_mm2_seed2,2,0.5,2,5.0,0.9,0.0,1,50,0.49999999999999994,markout,8,17,0.11082774461089384,0.7673284113849168,0.824459555502745,0.6060916178781451,0.40607416879795394,0.614097574888623,0.9354104359196398,0.09024957467039309,0.13747065195511568,0.9040651974728614,0.8558798595131404,0.38488750530635346,0.4016806722689076,0.16514,1.0,0.0,0.0,
cfl_exp2_alpha0.5_n_mm2_seed2,2,0.5,2,5.0,0.9,0.0,1,50,0.49999999999999994,anon,8,17,0.11082774461089384,0.7673284113849168,0.824459555502745,0.6060916178781451,0.40607416879795394,0.3916562546331022,0.596581655518586,0.04970024371624185,0.0757047878724385,0.5034705529891305,0.7510391923990499,0.40462542004348684,0.42675412442854305,0.40416,0.9096,0.06816,0.02224,0.5009435790071066
cfl_exp2_alpha0.5_n_mm2_seed2,2,0.5,2,5.0,0.9,0.0,1,50,0.49999999999999994,id,8,17,0.11082774461089384,0.7673284113849168,0.824459555502745,0.6060916178781451,0.40607416879795394,0.49461731985896906,0.75341480198256,0.04253380256150921,0.06478866620275645,0.6493875777834223,0.6478663579225935,0.3688196749212833,0.443400657585721,0.36276,0.84874,0.11786,0.0334,0.48690749064052874
cfl_exp2_alpha0.5_n_mm2_seed2,2,0.5,2,5.0,0.9,0.0,1,50,0.49999999999999994,oracle,8,17,0.11082774461089384,0.7673284113849168,0.824459555502745,0.6060916178781451,0.40607416879795394,0.4964367994657785,0.7561862837173008,0.05194886068676251,0.07912994352623264,0.6665003368416393,0.6416583857789555,0.3593736556826981,0.4515482976428902,0.36228,0.84232,0.1241,0.03358,
cfl_exp2_alpha0.5_n_mm2_seed2,2,0.5,2,5.0,0.99,0.0,1,50,0.49999999999999994,competitive,8,17,0.11082774461089384,0.7673284113849168,0.8359231187505904,0.6138558120044673,0.40436456996148906,0.17627481596930275,0.268506682309249,0.009026508964256405,0.01374942847904747,0.11344022038640246,0.9149516303738842,0.40957707380796865,0.4137022397891963,0.53546,0.0,0.0,0.0,
cfl_exp2_alpha0.5_n_mm2_seed2,2,0.5,2,5.0,0.99,0.0,1,50,0.49999999999999994,markout,8,17,0.11082774461089384,0.7673284113849168,0.8359231187505904,0.6138558120044673,0.40436456996148906,0.5630938969456328,0.8577202209292772,0.09851937291311696,0.15006743770304312,0.8389717682304264,0.8548387096774194,0.40601503759398494,0.4143692564745196,0.16492,0.99984,0.0,0.00016,
cfl_exp2_alpha0.5_n_mm2_seed2,2,0.5,2,5.0,0.99,0.0,1,50,0.49999999999999994,anon,8,17,0.11082774461089384,0.7673284113849168,0.8359231187505904,0.6138558120044673,0.40436456996148906,0.3999521417731651,0.609218180597575,0.03308917962872282,0.050402354945532135,0.4908046451412131,0.7998948826986478,0.3904784660414551,0.4281279847182426,0.41858,0.92222,0.05938,0.0184,0.48672016288777836
cfl_exp2_alpha0.5_n_mm2_seed2,2,0.5,2,5.0,0.99,0.0,1,50,0.49999999999999994,id,8,17,0.11082774461089384,0.7673284113849168,0.8359231187505904,0.6138558120044673,0.40436456996148906,0.6109863702631059,0.9306713628569949,0.036627335903255794,0.05579177258606419,0.8176472450411651,0.7129594302429099,0.3385658223332144,0.4791758972086841,0.31452,0.85818,0.12054,0.02128,0.48209175917022706
cfl_exp2_alpha0.5_n_mm2_seed2,2,0.5,2,5.0,0.99,0.0,1,50,0.49999999999999994,oracle,8,17,0.11082774461089384,0.7673284113849168,0.8359231187505904,0.6138558120044673,0.40436456996148906,0.5803562844887434,0.8840147677847073,0.028293712885096314,0.04309776717231487,0.758296644555128,0.6777951321098529,0.34363898223715794,0.49747525752373256,0.30732,0.81744,0.16042,0.02214,
cfl_exp2_alpha0.5_n_mm2_seed2,2,0.5,2,1.0,0.0,0.0,1,50,0.49999999999999994,competitive,8,17,0.11082774461089384,0.7673284113849168,0.7673284113849168,0.6527253275948932,0.39938299376566616,0.09606394919068509,0.1463272682764109,0.010801824773052627,0.016453638693364452,-0.006034983432118732,0.9167826643090929,0.425417538676187,0.4177215189873418,0.53162,0.0,0.0,0.0,
cfl_exp2_alpha0.5_n_mm2_seed2,2,0.5,2,1.0,0.0,0.0,1,50,0.49999999999999994,markout,8,17,0.11082774461089384,0.7673284113849168,0.7673284113849168,0.6527253275948932,0.39938299376566616,0.5850185967872222,0.8911165310188391,0.10735036429095728,0.16351904837883252,0.8858196889957776,0.8581894945982863,0.3905368253508899,0.36690017513134854,0.16106,1.0,0.0,0.0,
cfl_exp2_alpha0.5_n_mm2_seed2,2,0.5,2,1.0,0.0,0.0,1,50,0.49999999999999994,anon,8,17,0.11082774461089384,0.7673284113849168,0.7673284113849168,0.6527253275948932,0.39938299376566616,0.7727328526481607,1.1770480850313387,0.009586195317203856,0.014601958234573375,1.0228341528640181,0.9837527078820196,0.38765139324129755,0.4256410256410256,0.24004,0.9991,0.00042,0.00048,0.4960795814803713
cfl_exp2_alpha0.5_n_mm2_seed2,2,0.5,2,1.0,0.0,0.0,1,50,0.49999999999999994,id,8,17,0.11082774461089384,0.7673284113849168,0.7673284113849168,0.6527253275948932,0.39938299376566616,0.7727328526481607,1.1770480850313387,0.009586195317203856,0.014601958234573375,1.0228341528640181,0.9837527078820196,0.38765139324129755,0.4256410256410256,0.24004,0.9991,0.00042,0.00048,0.4960795814803713
cfl_exp2_alpha0.5_n_mm2_seed2,2,0.5,2,1.0,0.0,0.0,1,50,0.49999999999999994,oracle,8,17,0.11082774461089384,0.7673284113849168,0.7673284113849168,0.6527253275948932,0.39938299376566616,0.7837853273246864,1.1938835206004088,0.006980715803103985,0.010633219669686717,1.0357008498682017,0.9895261424106766,0.38753734528382416,0.3709677419354839,0.23678,1.0,0.0,0.0,
cfl_exp2_alpha0.5_n_mm2_seed2,2,0.5,2,1.0,0.9,0.0,1,50,0.49999999999999994,competitive,8,17,0.11082774461089384,0.7673284113849168,0.9314376472050786,0.6423270494960185,0.39899118886476825,0.06421425181894612,0.09781292703705599,0.004636579592596915,0.0070625664637639935,-0.06394039690107409,0.9176156650505506,0.4283841900471022,0.416514598540146,0.53214,0.0,0.0,0.0,
cfl_exp2_alpha0.5_n_mm2_seed2,2,0.5,2,1.0,0.9,0.0,1,50,0.49999999999999994,markout,8,17,0.11082774461089384,0.7673284113849168,0.9314376472050786,0.6423270494960185,0.39899118886476825,0.5921423374809258,0.9019676101635244,0.09383048826990203,0.14292519873738355,0.8760769184990139,0.8603365384615385,0.40164850516904166,0.39672977624784855,0.1664,1.0,0.0,0.0,
cfl_exp2_alpha0.5_n_mm2_seed2,2,0.5,2,1.0,0.9,0.0,1,50,0.49999999999999994,anon,8,17,0.11082774461089384,0.7673284113849168,0.9314376472050786,0.6423270494960185,0.39899118886476825,0.47419544911306927,0.722307642798319,0.025952606223204343,0.039531728658757946,0.5930234810551829,0.7677945740314346,0.39063824238868244,0.41711575770640225,0.39956,0.91468,0.06256,0.02276,0.48537421097494443
cfl_exp2_alpha0.5_n_mm2_seed2,2,0.5,2,1.0,0.9,0.0,1,50,0.49999999999999994,id,8,17,0.11082774461089384,0.7673284113849168,0.9314376472050786,0.6423270494960185,0.39899118886476825,0.6092285565672655,0.9279938123459223,0.00449724844092033,0.006850333394205597,0.7660282553382338,0.5890960451977401,0.2746715258463604,0.4969063660112746,0.354,0.72006,0.2504,0.02954,0.466539643261893
cfl_exp2_alpha0.5_n_mm2_seed2,2,0.5,2,1.0,0.9,0.0,1,50,0.49999999999999994,oracle,8,17,0.11082774461089384,0.7673284113849168,0.9314376472050786,0.6423270494960185,0.39899118886476825,0.6323687101754611,0.9632415352795546,-0.011880943786257443,-0.018097382664726273,0.7763282622129342,0.5825765220316179,0.2649153194765204,0.5059092130002686,0.35676,0.7027,0.27202,0.02528,
cfl_exp2_alpha0.5_n_mm2_seed2,2,0.5,2,1.0,0.99,0.0,1,50,0.49999999999999994,competitive,8,17,0.11082774461089384,0.7673284113849168,0.9594752431196847,0.6095597194850229,0.4074313408723748,0.1577556694626908,0.24029780538972792,0.007739674497962237,0.011789286576042952,0.0832712015638768,0.9168449097527112,0.41239307493963084,0.42283393501805056,0.53298,0.0,0.0,0.0,
cfl_exp2_alpha0.5_n_mm2_seed2,2,0.5,2,1.0,0.99,0.0,1,50,0.49999999999999994,markout,8,17,0.11082774461089384,0.7673284113849168,0.9594752431196847,0.6095597194850229,0.4074313408723748,0.609634036592709,0.928611450752043,0.08797899772008776,0.13401204625184546,0.8938076066019944,0.8534178140611673,0.39149057681324956,0.4114713216957606,0.16414,0.99766,0.0,0.00234,
cfl_exp2_alpha0.5_n_mm2_seed2,2,0.5,2,1.0,0.99,0.0,1,50,0.49999999999999994,anon,8,17,0.11082774461089384,0.7673284113849168,0.9594752431196847,0.6095597194850229,0.4074313408723748,0.6097312978584057,0.9287596018059858,0.0321595869068406,0.04898637356283203,0.8089300849669238,0.785695350193521,0.3705378230649841,0.41835724888668974,0.37722,0.92658,0.05306,0.02036,0.4744845866385319
cfl_exp2_alpha0.5_n_mm2_seed2,2,0.5,2,1.0,0.99,0.0,1,50,0.49999999999999994,id,8,17,0.11082774461089384,0.7673284113849168,0.9594752431196847,0.6095597194850229,0.4074313408723748,0.747090129536905,1.1379883789121332,-0.16032419282357663,-0.24421025131839286,0.7249622371918464,0.6076796618130578,0.20657004830917874,0.635588147261299,0.34064,0.65558,0.33006,0.01436,0.48439986484509157
cfl_exp2_alpha0.5_n_mm2_seed2,2,0.5,2,1.0,0.99,0.0,1,50,0.49999999999999994,oracle,8,17,0.11082774461089384,0.7673284113849168,0.9594752431196847,0.6095597194850229,0.4074313408723748,0.7661183268203882,1.1669726560751494,-0.19426918688065337,-0.29591620650634254,0.7022405591669126,0.5903432438965434,0.19654007574982085,0.6683876677976103,0.33096,0.63264,0.35708,0.01028,
cfl_exp2_alpha0.5_n_mm2_seed3,2,0.5,3,1000000.0,0.0,0.0,1,50,0.5,competitive,8,17,0.11082774461089362,0.7673284113849168,0.7673284113849168,0.6940426475367204,0.3948447568834212,0.10807962735480287,0.16462988207749285,0.0,0.0,-0.004186008324400826,1.0,0.42503770739064856,0.0,0.5304,0.0,0.0,0.0,
cfl_exp2_alpha0.5_n_mm2_seed3,2,0.5,3,1000000.0,0.0,0.0,1,50,0.5,markout,8,17,0.11082774461089362,0.7673284113849168,0.7673284113849168,0.6940426475367204,0.3948447568834212,0.2886487831472857,0.4396778217540527,0.28157640173500087,0.4289049744894219,0.6997669058415809,0.5074552373822446,0.4059503319400049,0.4045598480050665,0.32058,0.95568,0.0,0.04432,
cfl_exp2_alpha0.5_n_mm2_seed3,2,0.5,3,1000000.0,0.0,0.0,1,50,0.5,anon,8,17,0.11082774461089362,0.7673284113849168,0.7673284113849168,0.6940426475367204,0.3948447568834212,0.28741623923253407,0.43780037672294825,0.06644460404241297,0.10121026132222366,0.37019474764327825,0.5819345311346296,0.41194383353070546,0.42446720828917933,0.4063,0.8268,0.11936,0.05384,0.5102398675408859
cfl_exp2_alpha0.5_n_mm2_seed3,2,0.5,3,1000000.0,0.0,0.0,1,50,0.5,id,8,17,0.11082774461089362,0.7673284113849168,0.7673284113849168,0.6940426475367204,0.3948447568834212,0.28741623923253407,0.43780037672294825,0.06644460404241297,0.10121026132222366,0.37019474764327825,0.5819345311346296,0.41194383353070546,0.42446720828917933,0.4063,0.8268,0.11936,0.05384,0.5102398675408859
cfl_exp2_alpha0.5_n_mm2_seed3,2,0.5,3,1000000.0,0.0,0.0,1,50,0.5,oracle,8,17,0.11082774461089362,0.7673284113849168,0.7673284113849168,0.6940426475367204,0.3948447568834212,0.27856459277507034,0.4243173036577527,0.06751346377457049,0.10283837807252308,0.3583397913283822,0.5801912233390537,0.4126595115355362,0.42116327960756833,0.4079,0.83,0.12,0.05,
cfl_exp2_alpha0.5_n_mm2_seed3,2,0.5,3,1000000.0,0.9,0.0,1,50,0.5,competitive,8,17,0.11082774461089362,0.7673284113849168,0.7673284113849169,0.7544098157253665,0.3908678443865238,0.11486062885317934,0.1749588913863449,0.0,0.0,0.006143000984451239,1.0,0.42168810652222977,0.0,0.53172,0.0,0.0,0.0,
cfl_exp2_alpha0.5_n_mm2_seed3,2,0.5,3,1000000.0,0.9,0.0,1,50,0.5,markout,8,17,0.11082774461089362,0.7673284113849168,0.7673284113849169,0.7544098157253665,0.3908678443865238,0.309724648578407,0.4717811637577797,0.27098400232784414,0.4127703383142498,0.7157356116701358,0.5092828540225701,0.39814152966404576,0.4061572700296736,0.32964,0.953,0.0,0.047,
cfl_exp2_alpha0.5_n_mm2_seed3,2,0.5,3,1000000.0,0.9,0.0,1,50,0.5,anon,8,17,0.11082774461089362,0.7673284113849168,0.7673284113849169,0.7544098157253665,0.3908678443865238,0.35698692678557176,0.5437723750377419,0.07247350474753746,0.11039364987040273,0.485350134506251,0.5812484700122399,0.4063342318059299,0.42546474921080324,0.4085,0.82862,0.11892,0.05246,0.4981487265664577
cfl_exp2_alpha0.5_n_mm2_seed3,2,0.5,3,1000000.0,0.9,0.0,1,50,0.5,id,8,17,0.11082774461089362,0.7673284113849168,0.7673284113849169,0.7544098157253665,0.3908678443865238,0.35698692678557176,0.5437723750377419,0.07247350474753746,0.11039364987040273,0.485350134506251,0.5812484700122399,0.4063342318059299,0.42546474921080324,0.4085,0.82862,0.11892,0.05246,0.4981487265664577
cfl_exp2_alpha0.5_n_mm2_seed3,2,0.5,3,1000000.0,0.9,0.0,1,50,0.5,oracle,8,17,0.11082774461089362,0.7673284113849168,0.7673284113849169,0.7544098157253665,0.3908678443865238,0.34433448483041057,0.5244998249924632,0.08721055914852119,0.13284153933470458,0.48852547392527423,0.5876637715295157,0.41148964595858384,0.42080209449006306,0.40758,0.83,0.12,0.05,
cfl_exp2_alpha0.5_n_mm2_seed3,2,0.5,3,1000000.0,0.99,0.0,1,50,0.5,competitive,8,17,0.11082774461089362,0.7673284113849168,0.7673284113849168,0.7444775462082075,0.38928150765606595,0.111134786042454,0.16928358441516733,0.0,0.0,0.00046769401327366304,1.0,0.4211671983486583,0.0,0.5329,0.0,0.0,0.0,
cfl_exp2_alpha0.5_n_mm2_seed3,2,0.5,3,1000000.0,0.99,0.0,1,50,0.5,markout,8,17,0.11082774461089362,0.7673284113849168,0.7673284113849168,0.7444775462082075,0.38928150765606595,0.29692570063841867,0.45228545173835244,0.2864718399995524,0.43636184165241687,0.7198314029888756,0.507355668191371,0.40046296296296297,0.4075282308657466,0.32356,0.9531,0.0,0.0469,
cfl_exp2_alpha0.5_n_mm2_seed3,2,0.5,3,1000000.0,0.99,0.0,1,50,0.5,anon,8,17,0.11082774461089362,0.7673284113849168,0.7673284113849168,0.7444775462082075,0.38928150765606595,0.33368581444088163,0.5082794752982955,0.10885465676322742,0.16581042833989493,0.5052740132362967,0.5802414387780241,0.40854279891304346,0.4106115741284188,0.4059,0.8318,0.11874,0.04946,0.498563848841344
cfl_exp2_alpha0.5_n_mm2_seed3,2,0.5,3,1000000.0,0.99,0.0,1,50,0.5,id,8,17,0.11082774461089362,0.7673284113849168,0.7673284113849168,0.7444775462082075,0.38928150765606595,0.33368581444088163,0.5082794752982955,0.10885465676322742,0.16581042833989493,0.5052740132362967,0.5802414387780241,0.40854279891304346,0.4106115741284188,0.4059,0.8318,0.11874,0.04946,0.498563848841344
cfl_exp2_alpha0.5_n_mm2_seed3,2,0.5,3,1000000.0,0.99,0.0,1,50,0.5,oracle,8,17,0.11082774461089362,0.7673284113849168,0.7673284113849168,0.7444775462082075,0.38928150765606595,0.3453336561129982,0.5260217903660819,0.0718076985362043,0.1093794754071766,0.46658537537136485,0.5825819971733516,0.4062238581228041,0.41762988908347926,0.41038,0.83,0.12,0.05,
cfl_exp2_alpha0.5_n_mm2_seed3,2,0.5,3,5.0,0.0,0.0,1,50,0.5,competitive,8,17,0.11082774461089362,0.7673284113849168,0.7673284113849168,0.7384687301294772,0.3843094362135826,0.09663522338878318,0.14719744895864117,0.0,0.0,-0.021618441443252485,1.0,0.4232445337072265,0.0,0.52778,0.0,0.0,0.0,
cfl_exp2_alpha0.5_n_mm2_seed3,2,0.5,3,5.0,0.0,0.0,1,50,0.5,markout,8,17,0.11082774461089362,0.7673284113849168,0.7673284113849168,0.7384687301294772,0.3843094362135826,0.29840077776101,0.45453233006955,0.2930747143881053,0.44641952281365427,0.7321359624813105,0.5101619661059346,0.40034322137778866,0.4025277671390272,0.31982,0.95626,0.0,0.04374,
cfl_exp2_alpha0.5_n_mm2_seed3,2,0.5,3,5.0,0.0,0.0,1,50,0.5,anon,8,17,0.11082774461089362,0.7673284113849168,0.7673284113849168,0.7384687301294772,0.3843094362135826,0.3349524094068967,0.5102087878338623,0.06062775294710602,0.0923498726132672,0.43374277004523587,0.5863928238811823,0.4075064783081167,0.42593031524057834,0.40802,0.82458,0.11668,0.05874,0.5065304661395603
cfl_exp2_alpha0.5_n_mm2_seed3,2,0.5,3,5.0,0.0,0.0,1,50,0.5,id,8,17,0.11082774461089362,0.7673284113849168,0.7673284113849168,0.7384687301294772,0.3843094362135826,0.3349524094068967,0.5102087878338623,0.06062775294710602,0.0923498726132672,0.43374277004523587,0.5863928238811823,0.4075064783081167,0.42593031524057834,0.40802,0.82458,0.11668,0.05874,0.5065304661395603
cfl_exp2_alpha0.5_n_mm2_seed3,2,0.5,3,5.0,0.0,0.0,1,50,0.5,oracle,8,17,0.11082774461089362,0.7673284113849168,0.7673284113849168,0.7384687301294772,0.3843094362135826,0.33739750330054114,0.5139332225791602,0.05995326708103037,0.09132247705952008,0.4364398092367866,0.5853970125786163,0.40792345140171227,0.42581180374496325,0.40704,0.83,0.12,0.05,
cfl_exp2_alpha0.5_n_mm2_seed3,2,0.5,3,5.0,0.9,0.0,1,50,0.5,competitive,8,17,0.11082774461089362,0.7673284113849168,0.8244595555027449,0.7304455044389186,0.3954532149477998,0.10181901610691897,0.1550935456124472,0.0,0.0,-0.013722344789446464,1.0,0.42438860219878843,0.0,0.53484,0.0,0.0,0.0,
cfl_exp2_alpha0.5_n_mm2_seed3,2,0.5,3,5.0,0.9,0.0,1,50,0.5,markout,8,17,0.11082774461089362,0.7673284113849168,0.8244595555027449,0.7304455044389186,0.3954532149477998,-0.0012058851379620325,-0.0018368376438787613,0.7387286922139495,1.1252520059788917,0.9545992779331193,0.0019466614755693985,0.7,0.39370001950458355,0.20548,0.00156,0.0,0.99844,
cfl_exp2_alpha0.5_n_mm2_seed3,2,0.5,3,5.0,0.9,0.0,1,50,0.5,anon,8,17,0.11082774461089362,0.7673284113849168,0.8244595555027449,0.7304455044389186,0.3954532149477998,0.388131385911745,0.5912124778471022,0.1058415995962238,0.16122085620463805,0.5836174436498466,0.6106089950505703,0.39955947136563874,0.4213871235147831,0.37176,0.90136,0.06888,0.02976,0.4985708518697166
cfl_exp2_alpha0.5_n_mm2_seed3,2,0.5,3,5.0,0.9,0.0,1,50,0.5,id,8,17,0.11082774461089362,0.7673284113849168,0.8244595555027449,0.7304455044389186,0.3954532149477998,0.491816225048499,0.7491480967799063,0.059133569851633025,0.09007389153496113,0.6704060979129737,0.604442667884879,0.35635333018422294,0.44507001587989026,0.35024,0.84968,0.12022,0.0301,0.49172863559672025
cfl_exp2_alpha0.5_n_mm2_seed3,2,0.5,3,5.0,0.9,0.0,1,50,0.5,oracle,8,17,0.11082774461089362,0.7673284113849168,0.8244595555027449,0.7304455044389186,0.3954532149477998,0.5108984763784852,0.7782147105637954,0.08785959310378147,0.13383016583290688,0.7432289859948087,0.6094837261503928,0.34996777460638984,0.43713177180629403,0.3564,0.85606,0.11484,0.0291,
cfl_exp2_alpha0.5_n_mm2_seed3,2,0.5,3,5.0,0.99,0.0,1,50,0.5,competitive,8,17,0.11082774461089362,0.7673284113849168,0.8359231187505904,0.7634793551202803,0.3852721451440768,0.22213906763817537,0.33836838084223725,0.0,0.0,0.16955249044034357,1.0,0.3995111654260638,0.0,0.54006,0.0,0.0,0.0,
cfl_exp2_alpha0.5_n_mm2_seed3,2,0.5,3,5.0,0.99,0.0,1,50,0.5,markout,8,17,0.11082774461089362,0.7673284113849168,0.8359231187505904,0.7634793551202803,0.3852721451440768,0.28538903320750736,0.4347124803541781,0.2882179491717472,0.43902156350886984,0.7049181534611543,0.5085912784566714,0.3978533967557019,0.39888916940166624,0.32242,0.93892,0.0,0.06108,
cfl_exp2_alpha0.5_n_mm2_seed3,2,0.5,3,5.0,0.99,0.0,1,50,0.5,anon,8,17,0.11082774461089362,0.7673284113849168,0.8359231187505904,0.7634793551202803,0.3852721451440768,0.48740687404813465,0.7424316512018212,0.128215712596055,0.19530172486510003,0.7689174856650277,0.62704982863169,0.3693239152371342,0.39700268627173757,0.3793,0.92268,0.04938,0.02794,0.46886202128906346
cfl_exp2_alpha0.5_n_mm2_seed3,2,0.5,3,5.0,0.99,0.0,1,50,0.5,id,8,17,0.11082774461089362,0.7673284113849168,0.8359231187505904,0.7634793551202803,0.3852721451440768,0.6613886059945312,1.0074454444113923,0.04200713073709042,0.06398642509155268,0.9026159791010513,0.6908558030480656,0.3317495333446462,0.43761850587789153,0.3412,0.8693,0.1052,0.0255,0.45994932360391955
cfl_exp2_alpha0.5_n_mm2_seed3,2,0.5,3,5.0,0.99,0.0,1,50,0.5,oracle,8,17,0.11082774461089362,0.7673284113849168,0.8359231187505904,0.7634793551202803,0.3852721451440768,0.569480522868481,0.8674485064377007,0.03468512269289726,0.052833339626807065,0.7514659556626141,0.6578013080037372,0.3334911466717167,0.48143429195485987,0.3211,0.7945,0.17902,0.02648,
cfl_exp2_alpha0.5_n_mm2_seed3,2,0.5,3,1.0,0.0,0.0,1,50,0.49999999999999994,competitive,8,17,0.11082774461089384,0.7673284113849168,0.7673284113849168,0.7302750764633822,0.38219326818675353,0.10407819956207426,0.15853479642831722,0.0,0.0,-0.010281093973576847,1.0,0.41631367844960077,0.0,0.53354,0.0,0.0,0.0,
cfl_exp2_alpha0.5_n_mm2_seed3,2,0.5,3,1.0,0.0,0.0,1,50,0.49999999999999994,markout,8,17,0.11082774461089384,0.7673284113849168,0.7673284113849168,0.7302750764633822,0.38219326818675353,0.2930398642680791,0.4463664381455193,0.28545979996658977,0.43482027424177644,0.7123708219854018,0.5070668077952805,0.39476915520628686,0.40848806366047746,0.32122,0.95706,0.0,0.04294,
cfl_exp2_alpha0.5_n_mm2_seed3,2,0.5,3,1.0,0.0,0.0,1,50,0.49999999999999994,anon,8,17,0.11082774461089384,0.7673284113849168,0.7673284113849168,0.7302750764633822,0.38219326818675353,0.32396945227906315,0.49347924332052223,0.06412414640395317,0.09767567597311463,0.4223390288917428,0.5898995894544196,0.4012242159986584,0.4129779278735979,0.40434,0.83874,0.11398,0.04728,0.5014724852708499
cfl_exp2_alpha0.5_n_mm2_seed3,2,0.5,3,1.0,0.0,0.0,1,50,0.49999999999999994,id,8,17,0.11082774461089384,0.7673284113849168,0.7673284113849168,0.7302750764633822,0.38219326818675353,0.32396945227906315,0.49347924332052223,0.06412414640395317,0.09767567597311463,0.4223390288917428,0.5898995894544196,0.4012242159986584,0.4129779278735979,0.40434,0.83874,0.11398,0.04728,0.5014724852708499
cfl_exp2_alpha0.5_n_mm2_seed3,2,0.5,3,1.0,0.0,0.0,1,50,0.49999999999999994,oracle,8,17,0.11082774461089384,0.7673284113849168,0.7673284113849168,0.7302750764633822,0.38219326818675353,0.3095633136942152,0.4715354139933743,0.06339705354956539,0.09656814799761289,0.39928767158909306,0.5816256495734876,0.40382670262980447,0.4115303491914694,0.40796,0.83,0.12,0.05,
cfl_exp2_alpha0.5_n_mm2_seed3,2,0.5,3,1.0,0.9,0.0,1,50,0.49999999999999994,competitive,8,17,0.11082774461089384,0.7673284113849168,0.9314376472050786,0.7514219920643403,0.3799901429275505,0.12051405342460907,0.18357034428739089,0.0,0.0,0.014754453885496791,1.0,0.41791212495786045,0.0,0.53394,0.0,0.0,0.0,
cfl_exp2_alpha0.5_n_mm2_seed3,2,0.5,3,1.0,0.9,0.0,1,50,0.49999999999999994,markout,8,17,0.11082774461089384,0.7673284113849168,0.9314376472050786,0.7514219920643403,0.3799901429275505,-0.0016190738613815977,-0.0024662181522793584,0.7506755653735745,1.1434498140913052,0.9721677055371318,0.001966181675186787,0.8,0.3798266351457841,0.20344,0.00172,0.0,0.99828,
cfl_exp2_alpha0.5_n_mm2_seed3,2,0.5,3,1.0,0.9,0.0,1,50,0.49999999999999994,anon,8,17,0.11082774461089384,0.7673284113849168,0.9314376472050786,0.7514219920643403,0.3799901429275505,0.5507985650382752,0.8389916308003812,0.08613685075241238,0.13120603696517177,0.801381777363659,0.65249145953587,0.3679364506228561,0.456271186440678,0.33956,0.92276,0.06372,0.01352,0.4919840510951795
cfl_exp2_alpha0.5_n_mm2_seed3,2,0.5,3,1.0,0.9,0.0,1,50,0.49999999999999994,id,8,17,0.11082774461089384,0.7673284113849168,0.9314376472050786,0.7514219920643403,0.3799901429275505,0.6566563068970632,1.0002370753464807,0.026710124152486088,0.040685600951080376,0.872106785895667,0.6033884814372619,0.2591161782719307,0.4886754587155963,0.35178,0.75176,0.2155,0.03274,0.45458987304120263
cfl_exp2_alpha0.5_n_mm2_seed3,2,0.5,3,1.0,0.9,0.0,1,50,0.49999999999999994,oracle,8,17,0.11082774461089384,0.7673284113849168,0.9314376472050786,0.7514219920643403,0.3799901429275505,0.6269218319182426,0.9549446994454283,0.023585315184462108,0.03592580537710332,0.8220546144206373,0.5908564144165025,0.25880160831617144,0.5002124344993627,0.34516,0.71184,0.25232,0.03584,
cfl_exp2_alpha0.5_n_mm2_seed3,2,0.5,3,1.0,0.99,0.0,1,50,0.49999999999999994,competitive,8,17,0.11082774461089384,0.7673284113849168,0.9594752431196847,0.7838553451367746,0.3794128933231005,0.1819364219384033,0.27713059734184314,0.0,0.0,0.10831470693994905,1.0,0.39997022923489134,0.0,0.53744,0.0,0.0,0.0,
cfl_exp2_alpha0.5_n_mm2_seed3,2,0.5,3,1.0,0.99,0.0,1,50,0.49999999999999994,markout,8,17,0.11082774461089384,0.7673284113849168,0.9594752431196847,0.7838553451367746,0.3794128933231005,0.37913361341691904,0.577506821554261,0.3417292938563138,0.5205315259397016,0.9292224570920686,0.5124904931843445,0.3550228310502283,0.3651746069842794,0.34186,0.91842,0.0,0.08158,
cfl_exp2_alpha0.5_n_mm2_seed3,2,0.5,3,1.0,0.99,0.0,1,50,0.49999999999999994,anon,8,17,0.11082774461089384,0.7673284113849168,0.9594752431196847,0.7838553451367746,0.3794128933231005,0.8885211172580517,1.35341997689683,0.0034954740066114143,0.005324402827780535,1.1899284893227167,0.8656984686174419,0.3179137945353376,0.5465738758029979,0.27818,0.97844,0.01716,0.0044,0.44702391776386236
cfl_exp2_alpha0.5_n_mm2_seed3,2,0.5,3,1.0,0.99,0.0,1,50,0.49999999999999994,id,8,17,0.11082774461089384,0.7673284113849168,0.9594752431196847,0.7838553451367746,0.3794128933231005,0.7575620532102609,1.1539395031125304,-0.035945637156304014,-0.054753390172377424,0.9303702225382589,0.6231216829720571,0.1979476654694715,0.5481845945028843,0.31278,0.64746,0.336,0.01654,0.44905241544099034
cfl_exp2_alpha0.5_n_mm2_seed3,2,0.5,3,1.0,0.99,0.0,1,50,0.49999999999999994,oracle,8,17,0.11082774461089384,0.7673284113849168,0.9594752431196847,0.7838553451367746,0.3794128933231005,0.7852802682115534,1.1961606559675564,0.059761595516388974,0.09103051762315997,1.118375283188822,0.5946802888849745,0.17535545023696683,0.4748660002897291,0.34062,0.6482,0.33252,0.01928,
cfl_exp2_alpha0.5_n_mm2_seed4,2,0.5,4,1000000.0,0.0,0.0,1,50,0.5000000000000001,competitive,8,17,0.11082774461089318,0.7673284113849165,0.7673284113849165,0.5899405184266363,0.40943604865462585,0.09046339038073331,0.13779634196757345,0.0,0.0,-0.03101954843431951,1.0,0.4234200464802459,0.0,0.53356,0.0,0.0,0.0,
cfl_exp2_alpha0.5_n_mm2_seed4,2,0.5,4,1000000.0,0.0,0.0,1,50,0.5000000000000001,markout,8,17,0.11082774461089318,0.7673284113849165,0.7673284113849165,0.5899405184266363,0.40943604865462585,0.35396839089837717,0.5391744575641353,0.22018163074000136,0.3353867587400196,0.705745325902262,0.5718503937007874,0.4012621916236374,0.4154789272030651,0.3048,0.94938,0.0,0.05062,
cfl_exp2_alpha0.5_n_mm2_seed4,2,0.5,4,1000000.0,0.0,0.0,1,50,0.5000000000000001,anon,8,17,0.11082774461089318,0.7673284113849165,0.7673284113849165,0.5899405184266363,0.40943604865462585,0.336020604008475,0.5118358914388399,0.11986042635700625,0.182574721433244,0.5255947224701909,0.5710774272839001,0.40378407460545196,0.41499522445081183,0.39056,0.97222,0.02774,4e-05,0.500081870646255
cfl_exp2_alpha0.5_n_mm2_seed4,2,0.5,4,1000000.0,0.0,0.0,1,50,0.5000000000000001,id,8,17,0.11082774461089318,0.7673284113849165,0.7673284113849165,0.5899405184266363,0.40943604865462585,0.336020604008475,0.5118358914388399,0.11986042635700625,0.182574721433244,0.5255947224701909,0.5710774272839001,0.40378407460545196,0.41499522445081183,0.39056,0.97222,0.02774,4e-05,0.500081870646255
cfl_exp2_alpha0.5_n_mm2_seed4,2,0.5,4,1000000.0,0.0,0.0,1,50,0.5000000000000001,oracle,8,17,0.11082774461089318,0.7673284113849165,0.7673284113849165,0.5899405184266363,0.40943604865462585,0.22765986490323495,0.3467778121565848,0.16769656490056883,0.25544005267292796,0.43340197442761985,0.5004725897920604,0.4118035882908404,0.40832544938505205,0.4232,0.97,0.03,0.0,
cfl_exp2_alpha0.5_n_mm2_seed4,2,0.5,4,1000000.0,0.9,0.0,1,50,0.5000000000000001,competitive,8,17,0.11082774461089318,0.7673284113849165,0.7673284113849167,0.5850779207032066,0.4030755245814711,0.09159487115613794,0.13951984482548313,0.0,0.0,-0.029296045576409826,1.0,0.42293247201983025,0.0,0.53252,0.0,0.0,0.0,
cfl_exp2_alpha0.5_n_mm2_seed4,2,0.5,4,1000000.0,0.9,0.0,1,50,0.5000000000000001,markout,8,17,0.11082774461089318,0.7673284113849165,0.7673284113849167,0.5850779207032066,0.4030755245814711,0.3652952744325458,0.5564278803060005,0.23770574349569767,0.36207997268877,0.7496919625928776,0.5778268728660374,0.4094542926659715,0.4089755788138281,0.29874,0.95456,0.0,0.04544,
cfl_exp2_alpha0.5_n_mm2_seed4,2,0.5,4,1000000.0,0.9,0.0,1,50,0.5000000000000001,anon,8,17,0.11082774461089318,0.7673284113849165,0.7673284113849167,0.5850779207032066,0.4030755245814711,0.2322842679315535,0.3538218309403621,0.16602398321411013,0.2528923299193813,0.4378982704578504,0.5167662362690306,0.4124557150848406,0.41216350947158525,0.41512,0.9704,0.02952,8e-05,0.5051284988331787
cfl_exp2_alpha0.5_n_mm2_seed4,2,0.5,4,1000000.0,0.9,0.0,1,50,0.5000000000000001,id,8,17,0.11082774461089318,0.7673284113849165,0.7673284113849167,0.5850779207032066,0.4030755245814711,0.2322842679315535,0.3538218309403621,0.16602398321411013,0.2528923299193813,0.4378982704578504,0.5167662362690306,0.4124557150848406,0.41216350947158525,0.41512,0.9704,0.02952,8e-05,0.5051284988331787
cfl_exp2_alpha0.5_n_mm2_seed4,2,0.5,4,1000000.0,0.9,0.0,1,50,0.5000000000000001,oracle,8,17,0.11082774461089318,0.7673284113849165,0.7673284113849167,0.5850779207032066,0.4030755245814711,0.20532410742859633,0.31275536769450346,0.17264371955636512,0.26297569567555595,0.4069151729681665,0.4986272839155543,0.41218910195557246,0.41380287009063443,0.42252,0.97,0.03,0.0,
cfl_exp2_alpha0.5_n_mm2_seed4,2,0.5,4,1000000.0,0.99,0.0,1,50,0.5000000000000001,competitive,8,17,0.11082774461089318,0.7673284113849165,0.7673284113849167,0.6196631161097632,0.40233935667691384,0.10483399175345405,0.15968604002886622,0.0,0.0,-0.009129850373026747,1.0,0.423561829986411,0.0,0.52984,0.0,0.0,0.0,
cfl_exp2_alpha0.5_n_mm2_seed4,2,0.5,4,1000000.0,0.99,0.0,1,50,0.5000000000000001,markout,8,17,0.11082774461089318,0.7673284113849165,0.7673284113849167,0.6196631161097632,0.40233935667691384,0.3619899330255378,0.5513930927204066,0.22820581198157355,0.3476094138684633,0.7301866161869769,0.5764212803352937,0.40764629998827256,0.4154165336737951,0.29586,0.95834,0.0,0.04166,
cfl_exp2_alpha0.5_n_mm2_seed4,2,0.5,4,1000000.0,0.99,0.0,1,50,0.5000000000000001,anon,8,17,0.11082774461089318,0.7673284113849165,0.7673284113849167,0.6196631161097632,0.40233935667691384,0.2777792316059554,0.42312101977128824,0.16736096180264948,0.25492885273832855,0.5092339821077239,0.5174429748897834,0.4073902574550843,0.41549155908639523,0.41736,0.9702,0.02974,6e-05,0.49784413616137285
cfl_exp2_alpha0.5_n_mm2_seed4,2,0.5,4,1000000.0,0.99,0.0,1,50,0.5000000000000001,id,8,17,0.11082774461089318,0.7673284113849165,0.7673284113849167,0.6196631161097632,0.40233935667691384,0.2777792316059554,0.42312101977128824,0.16736096180264948,0.25492885273832855,0.5092339821077239,0.5174429748897834,0.4073902574550843,0.41549155908639523,0.41736,0.9702,0.02974,6e-05,0.49784413616137285
cfl_exp2_alpha0.5_n_mm2_seed4,2,0.5,4,1000000.0,0.99,0.0,1,50,0.5000000000000001,oracle,8,17,0.11082774461089318,0.7673284113849165,0.7673284113849167,0.6196631161097632,0.40233935667691384,0.25598394820728465,0.3899218403922778,0.17257916140252327,0.2628773589074319,0.48398330889781666,0.5030541218807709,0.4080384036144578,0.41600762267746544,0.42238,0.97,0.03,0.0,
cfl_exp2_alpha0.5_n_mm2_seed4,2,0.5,4,5.0,0.0,0.0,1,50,0.5,competitive,8,17,0.11082774461089362,0.7673284113849168,0.7673284113849168,0.590663171152714,0.4097088813358948,0.12373385807073715,0.18847483990953523,0.0,0.0,0.019658949507641563,1.0,0.4225558266091199,0.0,0.5329,0.0,0.0,0.0,
cfl_exp2_alpha0.5_n_mm2_seed4,2,0.5,4,5.0,0.0,0.0,1,50,0.5,markout,8,17,0.11082774461089362,0.7673284113849168,0.7673284113849168,0.590663171152714,0.4097088813358948,0.40023480112187865,0.6096487351468983,0.21994111573442848,0.33502039962152136,0.775853244366526,0.5749297431540422,0.3941116289644197,0.4089790897908979,0.30602,0.95194,0.0,0.04806,
cfl_exp2_alpha0.5_n_mm2_seed4,2,0.5,4,5.0,0.0,0.0,1,50,0.5,anon,8,17,0.11082774461089362,0.7673284113849168,0.7673284113849168,0.590663171152714,0.4097088813358948,0.24380336477717068,0.37136803832233006,0.18620553386852903,0.28363342688366777,0.48618557480410407,0.5080322231120743,0.41329747774480713,0.4107057358996457,0.42454,0.96864,0.03092,0.00044,0.4985437635657691
cfl_exp2_alpha0.5_n_mm2_seed4,2,0.5,4,5.0,0.0,0.0,1,50,0.5,id,8,17,0.11082774461089362,0.7673284113849168,0.7673284113849168,0.590663171152714,0.4097088813358948,0.24380336477717068,0.37136803832233006,0.18620553386852903,0.28363342688366777,0.48618557480410407,0.5080322231120743,0.41329747774480713,0.4107057358996457,0.42454,0.96864,0.03092,0.00044,0.4985437635657691
cfl_exp2_alpha0.5_n_mm2_seed4,2,0.5,4,5.0,0.0,0.0,1,50,0.5,oracle,8,17,0.11082774461089362,0.7673284113849168,0.7673284113849168,0.590663171152714,0.4097088813358948,0.24355403446192952,0.37098825147997033,0.18894716250718782,0.2878095515662684,0.4899819126443452,0.505750363798526,0.4122888435121589,0.41115015671003896,0.42606,0.97,0.03,0.0,
cfl_exp2_alpha0.5_n_mm2_seed4,2,0.5,4,5.0,0.9,0.0,1,50,0.5,competitive,8,17,0.11082774461089362,0.7673284113849168,0.824459555502745,0.5818308292095503,0.4073356195020128,0.09056553271595687,0.13795192800182,0.0,0.0,-0.030863962400073663,1.0,0.42278212036123547,0.0,0.52708,0.0,0.0,0.0,
cfl_exp2_alpha0.5_n_mm2_seed4,2,0.5,4,5.0,0.9,0.0,1,50,0.5,markout,8,17,0.11082774461089362,0.7673284113849168,0.824459555502745,0.5818308292095503,0.4073356195020128,0.38568512119737336,0.587486259675242,0.21103867667090773,0.32145995785187864,0.7401303271252272,0.5683741360377237,0.39663598136151834,0.4049685722837474,0.30962,0.9385,0.0,0.0615,
cfl_exp2_alpha0.5_n_mm2_seed4,2,0.5,4,5.0,0.9,0.0,1,50,0.5,anon,8,17,0.11082774461089362,0.7673284113849168,0.824459555502745,0.5818308292095503,0.4073356195020128,0.45363896977555523,0.6909954440788164,0.003479964482391802,0.005300778290891904,0.5274803319678147,0.6278039172776015,0.40400871459694987,0.43583713067764224,0.36556,0.87174,0.09394,0.03432,0.5045035553507623
cfl_exp2_alpha0.5_n_mm2_seed4,2,0.5,4,5.0,0.9,0.0,1,50,0.5,id,8,17,0.11082774461089362,0.7673284113849168,0.824459555502745,0.5818308292095503,0.4073356195020128,0.5208526721435919,0.7933772172738351,-0.022886717516789935,-0.03486168205929312,0.5896996448126484,0.6108609707884911,0.35919101123595504,0.481727105968675,0.36424,0.83466,0.1436,0.02174,0.4983433212040035
cfl_exp2_alpha0.5_n_mm2_seed4,2,0.5,4,5.0,0.9,0.0,1,50,0.5,oracle,8,17,0.11082774461089362,0.7673284113849168,0.824459555502745,0.5818308292095503,0.4073356195020128,0.5409924584185553,0.824054697578506,0.0020146137727276303,0.0030687155012762367,0.6583075226778885,0.6019176723425359,0.34257987732307976,0.4808970099667774,0.36294,0.8163,0.15994,0.02376,
cfl_exp2_alpha0.5_n_mm2_seed4,2,0.5,4,5.0,0.99,0.0,1,50,0.5,competitive,8,17,0.11082774461089362,0.7673284113849168,0.8359231187505904,0.5997211648149782,0.4082572269605253,0.09297097592757823,0.1416159657299787,0.0,0.0,-0.02719992467191497,1.0,0.42863578346722725,0.0,0.53276,0.0,0.0,0.0,
cfl_exp2_alpha0.5_n_mm2_seed4,2,0.5,4,5.0,0.99,0.0,1,50,0.5,markout,8,17,0.11082774461089362,0.7673284113849168,0.8359231187505904,0.5997211648149782,0.4082572269605253,0.39747921588064455,0.605451351380672,0.21726465208095563,0.33094353604935667,0.7675789970281349,0.5499125477748267,0.38331959005772176,0.40040299366724236,0.30874,0.92304,0.0,0.07696,
cfl_exp2_alpha0.5_n_mm2_seed4,2,0.5,4,5.0,0.99,0.0,1,50,0.5,anon,8,17,0.11082774461089362,0.7673284113849168,0.8359231187505904,0.5997211648149782,0.4082572269605253,0.4335904574409561,0.6604569947682993,-0.04404558895623702,-0.06709146111408007,0.42454964325232575,0.580001064906022,0.4048471495455797,0.4643762677484787,0.37562,0.83722,0.13198,0.0308,0.5145848169143085
cfl_exp2_alpha0.5_n_mm2_seed4,2,0.5,4,5.0,0.99,0.0,1,50,0.5,id,8,17,0.11082774461089362,0.7673284113849168,0.8359231187505904,0.5997211648149782,0.4082572269605253,0.652405784213702,0.9937625614602297,0.005060150891883816,0.0077077619993120156,0.8326544330576481,0.6543932094517091,0.32936021034180546,0.4888815134417524,0.34872,0.8356,0.14906,0.01534,0.4759870005531736
cfl_exp2_alpha0.5_n_mm2_seed4,2,0.5,4,5.0,0.99,0.0,1,50,0.5,oracle,8,17,0.11082774461089362,0.7673284113849168,0.8359231187505904,0.5997211648149782,0.4082572269605253,0.6208577076691244,0.9457076574193829,-0.04771583724370536,-0.07268208496752346,0.7042096820499658,0.6184957700776451,0.33099119355443135,0.5126063183475091,0.34516,0.78878,0.19442,0.0168,
cfl_exp2_alpha0.5_n_mm2_seed4,2,0.5,4,1.0,0.0,0.0,1,50,0.5,competitive,8,17,0.11082774461089362,0.7673284113849168,0.7673284113849168,0.6108731416824875,0.4006548593540705,0.09070509174205726,0.1381645081760126,0.0,0.0,-0.030651382225881037,1.0,0.42277977797779775,0.0,0.53328,0.0,0.0,0.0,
cfl_exp2_alpha0.5_n_mm2_seed4,2,0.5,4,1.0,0.0,0.0,1,50,0.5,markout,8,17,0.11082774461089362,0.7673284113849168,0.7673284113849168,0.6108731416824875,0.4006548593540705,0.3701915780094079,0.5638860655366753,0.238177116431448,0.36279798100103366,0.7578681561358154,0.571561585528066,0.399813823597859,0.40841353616889164,0.30072,0.95652,0.0,0.04348,
cfl_exp2_alpha0.5_n_mm2_seed4,2,0.5,4,1.0,0.0,0.0,1,50,0.5,anon,8,17,0.11082774461089362,0.7673284113849168,0.7673284113849168,0.6108731416824875,0.4006548593540705,0.3059973353270385,0.4661036169706848,0.11808106239981632,0.17986434496716436,0.4771520715359555,0.5521231686118698,0.4099127462444904,0.41627855400310493,0.4027,0.97152,0.02842,6e-05,0.50459441156806
cfl_exp2_alpha0.5_n_mm2_seed4,2,0.5,4,1.0,0.0,0.0,1,50,0.5,id,8,17,0.11082774461089362,0.7673284113849168,0.7673284113849168,0.6108731416824875,0.4006548593540705,0.3059973353270385,0.4661036169706848,0.11808106239981632,0.17986434496716436,0.4771520715359555,0.5521231686118698,0.4099127462444904,0.41627855400310493,0.4027,0.97152,0.02842,6e-05,0.50459441156806
cfl_exp2_alpha0.5_n_mm2_seed4,2,0.5,4,1.0,0.0,0.0,1,50,0.5,oracle,8,17,0.11082774461089362,0.7673284113849168,0.7673284113849168,0.6108731416824875,0.4006548593540705,0.23163296946922918,0.35282975508227554,0.14524407267126843,0.22123979459911727,0.40525365927949913,0.5069268931947954,0.4187055673529683,0.41186521120075936,0.42732,0.97,0.03,0.0,
cfl_exp2_alpha0.5_n_mm2_seed4,2,0.5,4,1.0,0.9,0.0,1,50,0.5,competitive,8,17,0.11082774461089362,0.7673284113849168,0.9314376472050788,0.6326104396697397,0.40560925600468656,0.053460148730589345,0.08143197933566011,0.0,0.0,-0.08738391106623355,1.0,0.42560957254665865,0.0,0.53152,0.0,0.0,0.0,
cfl_exp2_alpha0.5_n_mm2_seed4,2,0.5,4,1.0,0.9,0.0,1,50,0.5,markout,8,17,0.11082774461089362,0.7673284113849168,0.9314376472050788,0.6326104396697397,0.40560925600468656,0.3997531841820927,0.6089151228839398,0.2130857086707605,0.3245780536946623,0.7646772861767083,0.5681861288487071,0.39212195393345944,0.40102489019033677,0.31634,0.93326,0.0,0.06674,
cfl_exp2_alpha0.5_n_mm2_seed4,2,0.5,4,1.0,0.9,0.0,1,50,0.5,anon,8,17,0.11082774461089362,0.7673284113849168,0.9314376472050788,0.6326104396697397,0.40560925600468656,0.42811280233445775,0.6521132787848641,0.008946637929812592,0.013627766707039995,0.4969251550900105,0.5979848353773345,0.38507361075653135,0.4548101265822785,0.39302,0.85974,0.11402,0.02624,0.4937625061938974
cfl_exp2_alpha0.5_n_mm2_seed4,2,0.5,4,1.0,0.9,0.0,1,50,0.5,id,8,17,0.11082774461089362,0.7673284113849168,0.9314376472050788,0.6326104396697397,0.40560925600468656,0.6384336602923036,0.9724798352901926,0.00028862849230916823,0.0004396469141873975,0.8041035918024863,0.5817892774915031,0.25996419485536604,0.49796827893564033,0.36484,0.72158,0.25696,0.02146,0.46190499217803416
cfl_exp2_alpha0.5_n_mm2_seed4,2,0.5,4,1.0,0.9,0.0,1,50,0.5,oracle,8,17,0.11082774461089362,0.7673284113849168,0.9314376472050788,0.6326104396697397,0.40560925600468656,0.6301500427414398,0.9598619995893262,-0.0357252007770371,-0.054417615373624925,0.7366284938138076,0.5635229076577809,0.2616804273919378,0.5057687484324053,0.36538,0.69748,0.28084,0.02168,
cfl_exp2_alpha0.5_n_mm2_seed4,2,0.5,4,1.0,0.99,0.0,1,50,0.5,competitive,8,17,0.11082774461089362,0.7673284113849168,0.9594752431196846,0.5578325099343562,0.40532655046008825,0.27339560623281506,0.4164437601811632,0.0,0.0,0.24762786977926957,1.0,0.3938146623651129,0.0,0.53934,0.0,0.0,0.0,
cfl_exp2_alpha0.5_n_mm2_seed4,2,0.5,4,1.0,0.99,0.0,1,50,0.5,markout,8,17,0.11082774461089362,0.7673284113849168,0.9594752431196846,0.5578325099343562,0.40532655046008825,-0.0003538919397124863,-0.00053905800500017,0.5743499149973867,0.8748656994054297,0.7055107509985359,0.002012072434607646,0.7407407407407407,0.4039725209080048,0.26838,0.00382,0.0,0.99618,
cfl_exp2_alpha0.5_n_mm2_seed4,2,0.5,4,1.0,0.99,0.0,1,50,0.5,anon,8,17,0.11082774461089362,0.7673284113849168,0.9594752431196846,0.5578325099343562,0.40532655046008825,0.5457677017832415,0.8313284805407555,-0.048958547668368387,-0.07457501590812643,0.5879375742307353,0.6458627813417419,0.3621212121212121,0.5145839729812711,0.36788,0.87966,0.09732,0.02302,0.4955124907160367
cfl_exp2_alpha0.5_n_mm2_seed4,2,0.5,4,1.0,0.99,0.0,1,50,0.5,id,8,17,0.11082774461089362,0.7673284113849168,0.9594752431196846,0.5578325099343562,0.40532655046008825,0.7715110405190673,1.1751869869534075,-0.05618209211227566,-0.08557811888957963,0.9207929776619341,0.5555144337527758,0.1679832492623965,0.49482574045438327,0.37828,0.64994,0.33938,0.01068,0.4220366519817769
cfl_exp2_alpha0.5_n_mm2_seed4,2,0.5,4,1.0,0.99,0.0,1,50,0.5,oracle,8,17,0.11082774461089362,0.7673284113849168,0.9594752431196846,0.5578325099343562,0.40532655046008825,0.7016487684779349,1.0687708390697679,-0.06130400903936576,-0.09337996462457131,0.8065749840433031,0.527155876310383,0.1548915758968722,0.4969919786096257,0.37966,0.61456,0.37584,0.0096,
