run,n_mm,alpha,seed,kappa,rho,rho_z,mark_lag,n_wallets,alpha_eff,policy,hC,hM,PiC,PiM,PiM_id,Pi_nominal,informed_share_nominal,entrant_pnl,entrant_pnl_norm,incumbent_pnl,incumbent_pnl_norm,delta_market,entrant_fill_share,entrant_informed_share,incumbent_informed_share,fill_rate,dec_undercut,dec_withdraw,dec_competitive,abar_hat
cfl_exp2_alpha0.3_n_mm2_seed0,2,0.3,0,1.0,0.0,0.9,1,50,0.29999385107801696,competitive,4,14,0.11817269785667106,1.4998406974468963,1.4998406974468963,1.3178298365148469,0.21409674981103552,0.17650247904499314,0.12774594120826435,0.0,0.0,0.04221692997566818,1.0,0.26217494089834514,0.0,0.7614,0.0,0.0,0.0,
cfl_exp2_alpha0.3_n_mm2_seed0,2,0.3,0,1.0,0.0,0.9,1,50,0.29999385107801696,markout,4,14,0.11817269785667106,1.4998406974468963,1.4998406974468963,1.3178298365148469,0.21409674981103552,0.6097631247697762,0.4413239106287615,0.6007480914999495,0.434799164255175,0.7905940636513402,0.5267956510572724,0.24189485658568294,0.2308457711442786,0.46724,0.94056,0.0,0.05944,
cfl_exp2_alpha0.3_n_mm2_seed0,2,0.3,0,1.0,0.0,0.9,1,50,0.29999385107801696,anon,4,14,0.11817269785667106,1.4998406974468963,1.4998406974468963,1.3178298365148469,0.21409674981103552,0.9932621061377345,0.7188862349220767,0.3300005613716277,0.23884215417126198,0.8721993778607424,0.6911423988593833,0.21982980917998968,0.2504327755337565,0.44888,0.97236,0.01616,0.01148,0.29653759819302844
cfl_exp2_alpha0.3_n_mm2_seed0,2,0.3,0,1.0,0.0,0.9,1,50,0.29999385107801696,id,4,14,0.11817269785667106,1.4998406974468963,1.4998406974468963,1.3178298365148469,0.21409674981103552,1.0132094900344484,0.7333234107867779,0.2803885146402922,0.20293479672645653,0.8507291962806381,0.6898320472083522,0.21168651707573863,0.26650080491731304,0.4406,0.95814,0.0284,0.01346,0.29930462263111507
cfl_exp2_alpha0.3_n_mm2_seed0,2,0.3,0,1.0,0.0,0.9,1,50,0.29999385107801696,oracle,4,14,0.11817269785667106,1.4998406974468963,1.4998406974468963,1.3178298365148469,0.21409674981103552,1.127483158248372,0.8160304491258107,0.2444190075877405,0.17690140298554372,0.9074028408787582,0.7158947516006917,0.2006789398093746,0.28524428359927617,0.42794,0.95058,0.03656,0.01286,
cfl_exp2_alpha0.3_n_mm2_seed0,2,0.3,0,1.0,0.0,0.9,5,50,0.29999385107801696,competitive,4,14,0.11817269785667106,1.4998406974468963,1.4998406974468963,1.3178298365148469,0.21409674981103552,0.17650247904499314,0.12774594120826435,0.0,0.0,0.04221692997566818,1.0,0.26217494089834514,0.0,0.7614,0.0,0.0,0.0,
cfl_exp2_alpha0.3_n_mm2_seed0,2,0.3,0,1.0,0.0,0.9,5,50,0.29999385107801696,markout,4,14,0.11817269785667106,1.4998406974468963,1.4998406974468963,1.3178298365148469,0.21409674981103552,0.6097631247697762,0.4413239106287615,0.6007480914999495,0.434799164255175,0.7905940636513402,0.5267956510572724,0.24189485658568294,0.2308457711442786,0.46724,0.94056,0.0,0.05944,
cfl_exp2_alpha0.3_n_mm2_seed0,2,0.3,0,1.0,0.0,0.9,5,50,0.29999385107801696,anon,4,14,0.11817269785667106,1.4998406974468963,1.4998406974468963,1.3178298365148469,0.21409674981103552,0.9637247977681653,0.6975082277754038,0.3427533750869832,0.24807216725627063,0.8600513837990783,0.6865895647567758,0.21589301787321588,0.24295774647887325,0.45308,0.97134,0.01508,0.01358,0.28867877878317405
cfl_exp2_alpha0.3_n_mm2_seed0,2,0.3,0,1.0,0.0,0.9,5,50,0.29999385107801696,id,4,14,0.11817269785667106,1.4998406974468963,1.4998406974468963,1.3178298365148469,0.21409674981103552,1.0254723583911642,0.7421988196117292,0.24517962710808766,0.17745191115434603,0.834121719533479,0.6879458403380435,0.21002575787596592,0.2824694234129295,0.44018,0.95154,0.0337,0.01476,0.3050634929288571
cfl_exp2_alpha0.3_n_mm2_seed0,2,0.3,0,1.0,0.0,0.9,5,50,0.29999385107801696,oracle,4,14,0.11817269785667106,1.4998406974468963,1.4998406974468963,1.3178298365148469,0.21409674981103552,1.127483158248372,0.8160304491258107,0.2444190075877405,0.17690140298554372,0.9074028408787582,0.7158947516006917,0.2006789398093746,0.28524428359927617,0.42794,0.95058,0.03656,0.01286,
cfl_exp2_alpha0.3_n_mm2_seed0,2,0.3,0,1.0,0.0,0.9,20,50,0.29999385107801696,competitive,4,14,0.11817269785667106,1.4998406974468963,1.4998406974468963,1.3178298365148469,0.21409674981103552,0.17650247904499314,0.12774594120826435,0.0,0.0,0.04221692997566818,1.0,0.26217494089834514,0.0,0.7614,0.0,0.0,0.0,
cfl_exp2_alpha0.3_n_mm2_seed0,2,0.3,0,1.0,0.0,0.9,20,50,0.29999385107801696,markout,4,14,0.11817269785667106,1.4998406974468963,1.4998406974468963,1.3178298365148469,0.21409674981103552,0.6097631247697762,0.4413239106287615,0.6007480914999495,0.434799164255175,0.7905940636513402,0.5267956510572724,0.24189485658568294,0.2308457711442786,0.46724,0.94056,0.0,0.05944,
cfl_exp2_alpha0.3_n_mm2_seed0,2,0.3,0,1.0,0.0,0.9,20,50,0.29999385107801696,anon,4,14,0.11817269785667106,1.4998406974468963,1.4998406974468963,1.3178298365148469,0.21409674981103552,0.8469055649128517,0.6129588042597981,0.3289821993456069,0.2381051015462299,0.7655348945734318,0.6534186594813068,0.23318298969072165,0.24951409135082606,0.47504,0.947,0.02762,0.02538,0.2969101983810304
cfl_exp2_alpha0.3_n_mm2_seed0,2,0.3,0,1.0,0.0,0.9,20,50,0.29999385107801696,id,4,14,0.11817269785667106,1.4998406974468963,1.4998406974468963,1.3178298365148469,0.21409674981103552,0.9969210477917881,0.7215344410433293,0.290304225663525,0.21011142021789847,0.8461168500286317,0.6844861345111789,0.2092868547099521,0.2772405830567181,0.43922,0.95252,0.03258,0.0149,0.30830056876346507
cfl_exp2_alpha0.3_n_mm2_seed0,2,0.3,0,1.0,0.0,0.9,20,50,0.29999385107801696,oracle,4,14,0.11817269785667106,1.4998406974468963,1.4998406974468963,1.3178298365148469,0.21409674981103552,1.127483158248372,0.8160304491258107,0.2444190075877405,0.17690140298554372,0.9074028408787582,0.7158947516006917,0.2006789398093746,0.28524428359927617,0.42794,0.95058,0.03656,0.01286,
cfl_exp2_alpha0.3_n_mm2_seed0,2,0.3,0,1.0,0.0,0.99,1,50,0.29999385107801696,competitive,4,14,0.11817269785667106,1.4998406974468963,1.4998406974468963,1.332222894449186,0.20486891385767791,0.1812079822006045,0.13115160968796202,0.0,0.0,0.04562259845536585,1.0,0.2524444910477888,0.0,0.76294,0.0,0.0,0.0,
cfl_exp2_alpha0.3_n_mm2_seed0,2,0.3,0,1.0,0.0,0.99,1,50,0.29999385107801696,markout,4,14,0.11817269785667106,1.4998406974468963,1.4998406974468963,1.332222894449186,0.20486891385767791,0.6401153943903416,0.4632917564712991,0.6588800367256731,0.4768729079063013,0.8546356531450041,0.5089025163882428,0.2164048865619546,0.2162418188081295,0.4729,0.91248,0.0,0.08752,
cfl_exp2_alpha0.3_n_mm2_seed0,2,0.3,0,1.0,0.0,0.99,1,50,0.29999385107801696,anon,4,14,0.11817269785667106,1.4998406974468963,1.4998406974468963,1.332222894449186,0.20486891385767791,1.35370029332986,0.9797580125843113,0.14708945921182406,0.10645788948969494,1.0006868908414102,0.7822522994805319,0.173083952723285,0.3309258043335522,0.41966,0.94482,0.0418,0.01338,0.27423328162670946
cfl_exp2_alpha0.3_n_mm2_seed0,2,0.3,0,1.0,0.0,0.99,1,50,0.29999385107801696,id,4,14,0.11817269785667106,1.4998406974468963,1.4998406974468963,1.332222894449186,0.20486891385767791,1.2792022240324181,0.9258390759660089,0.13683363783533586,0.0990351067520692,0.9393451714854819,0.7548695860253649,0.18195650795663476,0.33873486919172197,0.4179,0.93432,0.04826,0.01742,0.2879992127677466
cfl_exp2_alpha0.3_n_mm2_seed0,2,0.3,0,1.0,0.0,0.99,1,50,0.29999385107801696,oracle,4,14,0.11817269785667106,1.4998406974468963,1.4998406974468963,1.332222894449186,0.20486891385767791,1.3530219162492745,0.9792670284399388,0.08240877781687882,0.05964441373855339,0.9533824309458959,0.7877431229169776,0.16569840868906288,0.3972345910475744,0.40206,0.93436,0.05596,0.00968,
cfl_exp2_alpha0.3_n_mm2_seed0,2,0.3,0,1.0,0.0,0.99,5,50,0.29999385107801696,competitive,4,14,0.11817269785667106,1.4998406974468963,1.4998406974468963,1.332222894449186,0.20486891385767791,0.1812079822006045,0.13115160968796202,0.0,0.0,0.04562259845536585,1.0,0.2524444910477888,0.0,0.76294,0.0,0.0,0.0,
cfl_exp2_alpha0.3_n_mm2_seed0,2,0.3,0,1.0,0.0,0.99,5,50,0.29999385107801696,markout,4,14,0.11817269785667106,1.4998406974468963,1.4998406974468963,1.332222894449186,0.20486891385767791,0.6401153943903416,0.4632917564712991,0.6588800367256731,0.4768729079063013,0.8546356531450041,0.5089025163882428,0.2164048865619546,0.2162418188081295,0.4729,0.91248,0.0,0.08752,
cfl_exp2_alpha0.3_n_mm2_seed0,2,0.3,0,1.0,0.0,0.99,5,50,0.29999385107801696,anon,4,14,0.11817269785667106,1.4998406974468963,1.4998406974468963,1.332222894449186,0.20486891385767791,1.3167963289582083,0.9530482933300499,0.12493805843992115,0.09042552804072704,0.9579448101381808,0.77724366677883,0.17873708949223824,0.34441087613293053,0.41606,0.9399,0.04654,0.01356,0.28432336603319397
cfl_exp2_alpha0.3_n_mm2_seed0,2,0.3,0,1.0,0.0,0.99,5,50,0.29999385107801696,id,4,14,0.11817269785667106,1.4998406974468963,1.4998406974468963,1.332222894449186,0.20486891385767791,1.3571301761900234,0.9822404344549637,0.12564643635661227,0.09093822567641174,0.9876496488987793,0.7803216925083322,0.16638811513463325,0.34256816182937555,0.41406,0.94084,0.0424,0.01676,0.2736325740089481
cfl_exp2_alpha0.3_n_mm2_seed0,2,0.3,0,1.0,0.0,0.99,5,50,0.29999385107801696,oracle,4,14,0.11817269785667106,1.4998406974468963,1.4998406974468963,1.332222894449186,0.20486891385767791,1.3530219162492745,0.9792670284399388,0.08240877781687882,0.05964441373855339,0.9533824309458959,0.7877431229169776,0.16569840868906288,0.3972345910475744,0.40206,0.93436,0.05596,0.00968,
cfl_exp2_alpha0.3_n_mm2_seed0,2,0.3,0,1.0,0.0,0.99,20,50,0.29999385107801696,competitive,4,14,0.11817269785667106,1.4998406974468963,1.4998406974468963,1.332222894449186,0.20486891385767791,0.1812079822006045,0.13115160968796202,0.0,0.0,0.04562259845536585,1.0,0.2524444910477888,0.0,0.76294,0.0,0.0,0.0,
cfl_exp2_alpha0.3_n_mm2_seed0,2,0.3,0,1.0,0.0,0.99,20,50,0.29999385107801696,markout,4,14,0.11817269785667106,1.4998406974468963,1.4998406974468963,1.332222894449186,0.20486891385767791,0.6401153943903416,0.4632917564712991,0.6588800367256731,0.4768729079063013,0.8546356531450041,0.5089025163882428,0.2164048865619546,0.2162418188081295,0.4729,0.91248,0.0,0.08752,
cfl_exp2_alpha0.3_n_mm2_seed0,2,0.3,0,1.0,0.0,0.99,20,50,0.29999385107801696,anon,4,14,0.11817269785667106,1.4998406974468963,1.4998406974468963,1.332222894449186,0.20486891385767791,1.323014055451892,0.9575484529165265,0.15524773663031105,0.11236254778742388,0.9843819894713542,0.7767424170390795,0.18049944913698127,0.30281090289608176,0.42068,0.94438,0.04154,0.01408,0.276050254787961
cfl_exp2_alpha0.3_n_mm2_seed0,2,0.3,0,1.0,0.0,0.99,20,50,0.29999385107801696,id,4,14,0.11817269785667106,1.4998406974468963,1.4998406974468963,1.332222894449186,0.20486891385767791,1.3343495863735066,0.9657526893358229,0.13165547894270746,0.09528734759852137,0.9755110257017481,0.7666094747879134,0.16673919801056886,0.3502144169899939,0.41964,0.93078,0.04944,0.01978,0.2758967241810951
cfl_exp2_alpha0.3_n_mm2_seed0,2,0.3,0,1.0,0.0,0.99,20,50,0.29999385107801696,oracle,4,14,0.11817269785667106,1.4998406974468963,1.4998406974468963,1.332222894449186,0.20486891385767791,1.3530219162492745,0.9792670284399388,0.08240877781687882,0.05964441373855339,0.9533824309458959,0.7877431229169776,0.16569840868906288,0.3972345910475744,0.40206,0.93436,0.05596,0.00968,
cfl_exp2_alpha0.3_n_mm2_seed1,2,0.3,1,1.0,0.0,0.9,1,50,0.299993851078017,competitive,4,14,0.11817269785667084,1.4998406974468959,1.4998406974468959,1.4469855819049537,0.21610729802909137,0.1535404868873494,0.1111269038096608,0.0,0.0,0.025597892577064768,1.0,0.2628575915408171,0.0,0.76414,0.0,0.0,0.0,
cfl_exp2_alpha0.3_n_mm2_seed1,2,0.3,1,1.0,0.0,0.9,1,50,0.299993851078017,markout,4,14,0.11817269785667084,1.4998406974468959,1.4998406974468959,1.4469855819049537,0.21610729802909137,0.6941583079284428,0.5024060108031135,0.4869748304144301,0.35245430201673417,0.7693313015872516,0.58544,0.23986517263368862,0.2486813328187315,0.375,0.93968,0.0,0.06032,
cfl_exp2_alpha0.3_n_mm2_seed1,2,0.3,1,1.0,0.0,0.9,1,50,0.299993851078017,anon,4,14,0.11817269785667084,1.4998406974468959,1.4998406974468959,1.4469855819049537,0.21610729802909137,0.8693219205862737,0.6291829302293294,0.2590238220652564,0.18747182546174457,0.7311257444584779,0.6631609101325913,0.2232644245603209,0.26145061353419996,0.48872,0.93516,0.0497,0.01514,0.2967043567579843
cfl_exp2_alpha0.3_n_mm2_seed1,2,0.3,1,1.0,0.0,0.9,1,50,0.299993851078017,id,4,14,0.11817269785667084,1.4998406974468959,1.4998406974468959,1.4469855819049537,0.21610729802909137,0.940547477368091,0.6807333437895634,0.23227247306232063,0.16811019226848126,0.7633145248254486,0.6598007766334628,0.20950614124872058,0.2715880893300248,0.47384,0.92564,0.05986,0.0145,0.2967898865013074
cfl_exp2_alpha0.3_n_mm2_seed1,2,0.3,1,1.0,0.0,0.9,1,50,0.299993851078017,oracle,4,14,0.11817269785667084,1.4998406974468959,1.4998406974468959,1.4469855819049537,0.21610729802909137,0.9461020816471669,0.6847535601372846,0.2651349827028799,0.19189485663814576,0.7911194055428344,0.6666953750753596,0.20921069629246866,0.27080103359173124,0.46444,0.92608,0.0544,0.01952,
cfl_exp2_alpha0.3_n_mm2_seed1,2,0.3,1,1.0,0.0,0.9,5,50,0.299993851078017,competitive,4,14,0.11817269785667084,1.4998406974468959,1.4998406974468959,1.4469855819049537,0.21610729802909137,0.1535404868873494,0.1111269038096608,0.0,0.0,0.025597892577064768,1.0,0.2628575915408171,0.0,0.76414,0.0,0.0,0.0,
cfl_exp2_alpha0.3_n_mm2_seed1,2,0.3,1,1.0,0.0,0.9,5,50,0.299993851078017,markout,4,14,0.11817269785667084,1.4998406974468959,1.4998406974468959,1.4469855819049537,0.21610729802909137,0.6941583079284428,0.5024060108031135,0.4869748304144301,0.35245430201673417,0.7693313015872516,0.58544,0.23986517263368862,0.2486813328187315,0.375,0.93968,0.0,0.06032,
cfl_exp2_alpha0.3_n_mm2_seed1,2,0.3,1,1.0,0.0,0.9,5,50,0.299993851078017,anon,4,14,0.11817269785667084,1.4998406974468959,1.4998406974468959,1.4469855819049537,0.21610729802909137,0.8976796301955939,0.6497071875890791,0.2489883494658935,0.18020852298796702,0.7443866993444501,0.6716903438336421,0.2312408043158411,0.25975166185877335,0.4857,0.9393,0.04294,0.01776,0.30047860113101005
cfl_exp2_alpha0.3_n_mm2_seed1,2,0.3,1,1.0,0.0,0.9,5,50,0.299993851078017,id,4,14,0.11817269785667084,1.4998406974468959,1.4998406974468959,1.4469855819049537,0.21610729802909137,0.925547439931457,0.6698768736092576,0.23696936662710072,0.17150962944598924,0.7558574918226509,0.6653658945955019,0.21145235542662547,0.2712225705329154,0.47664,0.92732,0.0586,0.01408,0.29299525592844633
cfl_exp2_alpha0.3_n_mm2_seed1,2,0.3,1,1.0,0.0,0.9,5,50,0.299993851078017,oracle,4,14,0.11817269785667084,1.4998406974468959,1.4998406974468959,1.4469855819049537,0.21610729802909137,0.9461020816471669,0.6847535601372846,0.2651349827028799,0.19189485663814576,0.7911194055428344,0.6666953750753596,0.20921069629246866,0.27080103359173124,0.46444,0.92608,0.0544,0.01952,
cfl_exp2_alpha0.3_n_mm2_seed1,2,0.3,1,1.0,0.0,0.9,20,50,0.299993851078017,competitive,4,14,0.11817269785667084,1.4998406974468959,1.4998406974468959,1.4469855819049537,0.21610729802909137,0.1535404868873494,0.1111269038096608,0.0,0.0,0.025597892577064768,1.0,0.2628575915408171,0.0,0.76414,0.0,0.0,0.0,
cfl_exp2_alpha0.3_n_mm2_seed1,2,0.3,1,1.0,0.0,0.9,20,50,0.299993851078017,markout,4,14,0.11817269785667084,1.4998406974468959,1.4998406974468959,1.4469855819049537,0.21610729802909137,0.6941583079284428,0.5024060108031135,0.4869748304144301,0.35245430201673417,0.7693313015872516,0.58544,0.23986517263368862,0.2486813328187315,0.375,0.93968,0.0,0.06032,
cfl_exp2_alpha0.3_n_mm2_seed1,2,0.3,1,1.0,0.0,0.9,20,50,0.299993851078017,anon,4,14,0.11817269785667084,1.4998406974468959,1.4998406974468959,1.4469855819049537,0.21610729802909137,0.9446322038405822,0.683689717154006,0.23275812539739515,0.16846168939747214,0.766622395318882,0.697232425044845,0.23356814701378253,0.24883622513753703,0.46828,0.94594,0.02502,0.02904,0.2970729048114804
cfl_exp2_alpha0.3_n_mm2_seed1,2,0.3,1,1.0,0.0,0.9,20,50,0.299993851078017,id,4,14,0.11817269785667084,1.4998406974468959,1.4998406974468959,1.4469855819049537,0.21610729802909137,0.9158261423620373,0.6628409593575685,0.21437584469997747,0.155157277119798,0.7324692252447705,0.6588810891299723,0.21514818880351264,0.271763532052881,0.4701,0.92482,0.0604,0.01478,0.30549375451705985
cfl_exp2_alpha0.3_n_mm2_seed1,2,0.3,1,1.0,0.0,0.9,20,50,0.299993851078017,oracle,4,14,0.11817269785667084,1.4998406974468959,1.4998406974468959,1.4469855819049537,0.21610729802909137,0.9461020816471669,0.6847535601372846,0.2651349827028799,0.19189485663814576,0.7911194055428344,0.6666953750753596,0.20921069629246866,0.27080103359173124,0.46444,0.92608,0.0544,0.01952,
cfl_exp2_alpha0.3_n_mm2_seed1,2,0.3,1,1.0,0.0,0.99,1,50,0.299993851078017,competitive,4,14,0.11817269785667084,1.4998406974468959,1.4998406974468959,1.4821315324188788,0.20950229084290467,0.22321854176735298,0.1615572929484906,0.0,0.0,0.07602828171589458,1.0,0.2550120709562297,0.0,0.76216,0.0,0.0,0.0,
cfl_exp2_alpha0.3_n_mm2_seed1,2,0.3,1,1.0,0.0,0.99,1,50,0.299993851078017,markout,4,14,0.11817269785667084,1.4998406974468959,1.4998406974468959,1.4821315324188788,0.20950229084290467,0.6931664669111945,0.5016881530995679,0.5739874423430855,0.4154307999557916,0.8315899418227636,0.5514914582552348,0.2158671586715867,0.2186268656716418,0.37346,0.93612,0.0,0.06388,
cfl_exp2_alpha0.3_n_mm2_seed1,2,0.3,1,1.0,0.0,0.99,1,50,0.299993851078017,anon,4,14,0.11817269785667084,1.4998406974468959,1.4998406974468959,1.4821315324188788,0.20950229084290467,1.0314954715660645,0.7465581253036079,0.28429359513458646,0.2057611490017155,0.8667902630727273,0.6813162147602801,0.1968109639586216,0.2689111142414425,0.44552,0.92548,0.05478,0.01974,0.2872528344610244
cfl_exp2_alpha0.3_n_mm2_seed1,2,0.3,1,1.0,0.0,0.99,1,50,0.299993851078017,id,4,14,0.11817269785667084,1.4998406974468959,1.4998406974468959,1.4821315324188788,0.20950229084290467,1.029109236477379,0.7448310569417488,0.23335415087964864,0.16889307051249416,0.8281951162216469,0.6803551609322974,0.18302170912285104,0.28352029914529914,0.46852,0.91894,0.0528,0.02826,0.28203087402393295
cfl_exp2_alpha0.3_n_mm2_seed1,2,0.3,1,1.0,0.0,0.99,1,50,0.299993851078017,oracle,4,14,0.11817269785667084,1.4998406974468959,1.4998406974468959,1.4821315324188788,0.20950229084290467,1.121838957307776,0.8119453860409961,0.2491450865107059,0.18032196344172213,0.9067383382501222,0.6837914691943128,0.17902689215414472,0.31819544364508395,0.422,0.9096,0.06748,0.02292,
cfl_exp2_alpha0.3_n_mm2_seed1,2,0.3,1,1.0,0.0,0.99,5,50,0.299993851078017,competitive,4,14,0.11817269785667084,1.4998406974468959,1.4998406974468959,1.4821315324188788,0.20950229084290467,0.22321854176735298,0.1615572929484906,0.0,0.0,0.07602828171589458,1.0,0.2550120709562297,0.0,0.76216,0.0,0.0,0.0,
cfl_exp2_alpha0.3_n_mm2_seed1,2,0.3,1,1.0,0.0,0.99,5,50,0.299993851078017,markout,4,14,0.11817269785667084,1.4998406974468959,1.4998406974468959,1.4821315324188788,0.20950229084290467,0.6931664669111945,0.5016881530995679,0.5739874423430855,0.4154307999557916,0.8315899418227636,0.5514914582552348,0.2158671586715867,0.2186268656716418,0.37346,0.93612,0.0,0.06388,
cfl_exp2_alpha0.3_n_mm2_seed1,2,0.3,1,1.0,0.0,0.99,5,50,0.299993851078017,anon,4,14,0.11817269785667084,1.4998406974468959,1.4998406974468959,1.4821315324188788,0.20950229084290467,1.073525949948737,0.7769782250635633,0.25759503937506806,0.18643772559794797,0.8778869394289152,0.6853684873571493,0.19503709052714502,0.291005291005291,0.44452,0.9247,0.05628,0.01902,0.28888048923349235
cfl_exp2_alpha0.3_n_mm2_seed1,2,0.3,1,1.0,0.0,0.99,5,50,0.299993851078017,id,4,14,0.11817269785667084,1.4998406974468959,1.4998406974468959,1.4821315324188788,0.20950229084290467,1.0179359034456572,0.7367442133331282,0.2488209963374011,0.18008739900699475,0.8313026011075269,0.6762589928057554,0.1888134708262629,0.2850715746421268,0.45314,0.91824,0.05656,0.0252,0.28856214484811893
cfl_exp2_alpha0.3_n_mm2_seed1,2,0.3,1,1.0,0.0,0.99,5,50,0.299993851078017,oracle,4,14,0.11817269785667084,1.4998406974468959,1.4998406974468959,1.4821315324188788,0.20950229084290467,1.121838957307776,0.8119453860409961,0.2491450865107059,0.18032196344172213,0.9067383382501222,0.6837914691943128,0.17902689215414472,0.31819544364508395,0.422,0.9096,0.06748,0.02292,
cfl_exp2_alpha0.3_n_mm2_seed1,2,0.3,1,1.0,0.0,0.99,20,50,0.299993851078017,competitive,4,14,0.11817269785667084,1.4998406974468959,1.4998406974468959,1.4821315324188788,0.20950229084290467,0.22321854176735298,0.1615572929484906,0.0,0.0,0.07602828171589458,1.0,0.2550120709562297,0.0,0.76216,0.0,0.0,0.0,
cfl_exp2_alpha0.3_n_mm2_seed1,2,0.3,1,1.0,0.0,0.99,20,50,0.299993851078017,markout,4,14,0.11817269785667084,1.4998406974468959,1.4998406974468959,1.4821315324188788,0.20950229084290467,0.6931664669111945,0.5016881530995679,0.5739874423430855,0.4154307999557916,0.8315899418227636,0.5514914582552348,0.2158671586715867,0.2186268656716418,0.37346,0.93612,0.0,0.06388,
cfl_exp2_alpha0.3_n_mm2_seed1,2,0.3,1,1.0,0.0,0.99,20,50,0.299993851078017,anon,4,14,0.11817269785667084,1.4998406974468959,1.4998406974468959,1.4821315324188788,0.20950229084290467,1.04906629172695,0.7592752325725731,0.27716474218646353,0.20060154991551157,0.8743477712554887,0.6861194557342286,0.19464297212027556,0.26783954961294865,0.45272,0.932,0.0492,0.0188,0.2856548276225375
cfl_exp2_alpha0.3_n_mm2_seed1,2,0.3,1,1.0,0.0,0.99,20,50,0.299993851078017,id,4,14,0.11817269785667084,1.4998406974468959,1.4998406974468959,1.4821315324188788,0.20950229084290467,1.0412584329579557,0.7536241942831217,0.22111849665984146,0.1600373582694401,0.8281325413199656,0.68835243365724,0.19016268911818698,0.2867729306487696,0.45898,0.91604,0.05486,0.0291,0.2847178486861091
cfl_exp2_alpha0.3_n_mm2_seed1,2,0.3,1,1.0,0.0,0.99,20,50,0.299993851078017,oracle,4,14,0.11817269785667084,1.4998406974468959,1.4998406974468959,1.4821315324188788,0.20950229084290467,1.121838957307776,0.8119453860409961,0.2491450865107059,0.18032196344172213,0.9067383382501222,0.6837914691943128,0.17902689215414472,0.31819544364508395,0.422,0.9096,0.06748,0.02292,
cfl_exp2_alpha0.3_n_mm2_seed2,2,0.3,2,1.0,0.0,0.9,1,50,0.299993851078017,competitive,4,14,0.11817269785667084,1.4998406974468959,1.4998406974468959,1.2400893273909364,0.23501632462686567,0.0665637771795215,0.04817639056507278,0.0,0.0,-0.03735262066752324,1.0,0.2667103023956015,0.0,0.7639,0.0,0.0,0.0,
cfl_exp2_alpha0.3_n_mm2_seed2,2,0.3,2,1.0,0.0,0.9,1,50,0.299993851078017,markout,4,14,0.11817269785667084,1.4998406974468959,1.4998406974468959,1.2400893273909364,0.23501632462686567,0.6891973877248677,0.4988154809471377,0.7167137476431957,0.5187308006378947,0.9320172703524363,0.5205720472796175,0.21726319438426206,0.22207584454690882,0.44332,0.9996,0.0,0.0004,
cfl_exp2_alpha0.3_n_mm2_seed2,2,0.3,2,1.0,0.0,0.9,1,50,0.299993851078017,anon,4,14,0.11817269785667084,1.4998406974468959,1.4998406974468959,1.2400893273909364,0.23501632462686567,0.8292333393386074,0.6001683035175899,0.3051772479823182,0.22087596157168557,0.7355152538566794,0.6713920142979,0.23304495129771916,0.25797280593325095,0.49238,0.95998,0.02362,0.0164,0.30812132960134675
cfl_exp2_alpha0.3_n_mm2_seed2,2,0.3,2,1.0,0.0,0.9,1,50,0.299993851078017,id,4,14,0.11817269785667084,1.4998406974468959,1.4998406974468959,1.2400893273909364,0.23501632462686567,0.8941201101753657,0.6471309391550965,0.28765815572348047,0.20819629303768641,0.7697982209601869,0.6630371297455152,0.2158812055621972,0.2644546242416739,0.4794,0.94458,0.03858,0.01684,0.3002039327141458
cfl_exp2_alpha0.3_n_mm2_seed2,2,0.3,2,1.0,0.0,0.9,1,50,0.299993851078017,oracle,4,14,0.11817269785667084,1.4998406974468959,1.4998406974468959,1.2400893273909364,0.23501632462686567,0.8538586012888788,0.6179911538387776,0.29622603882994486,0.21439740872467158,0.7468595513308531,0.6463770498540956,0.21498060660011445,0.2611576011157601,0.48662,0.9329,0.05048,0.01662,
cfl_exp2_alpha0.3_n_mm2_seed2,2,0.3,2,1.0,0.0,0.9,5,50,0.299993851078017,competitive,4,14,0.11817269785667084,1.4998406974468959,1.4998406974468959,1.2400893273909364,0.23501632462686567,0.0665637771795215,0.04817639056507278,0.0,0.0,-0.03735262066752324,1.0,0.2667103023956015,0.0,0.7639,0.0,0.0,0.0,
cfl_exp2_alpha0.3_n_mm2_seed2,2,0.3,2,1.0,0.0,0.9,5,50,0.299993851078017,markout,4,14,0.11817269785667084,1.4998406974468959,1.4998406974468959,1.2400893273909364,0.23501632462686567,0.6891973877248677,0.4988154809471377,0.7167137476431957,0.5187308006378947,0.9320172703524363,0.5205720472796175,0.21726319438426206,0.22207584454690882,0.44332,0.9996,0.0,0.0004,
cfl_exp2_alpha0.3_n_mm2_seed2,2,0.3,2,1.0,0.0,0.9,5,50,0.299993851078017,anon,4,14,0.11817269785667084,1.4998406974468959,1.4998406974468959,1.2400893273909364,0.23501632462686567,0.9037651100140511,0.6541116319420365,0.2887066369458827,0.20895514481880403,0.7775377655282444,0.698863168300519,0.22537867625390465,0.25126521679660785,0.48556,0.98038,0.01144,0.00818,0.29983910081279475
cfl_exp2_alpha0.3_n_mm2_seed2,2,0.3,2,1.0,0.0,0.9,5,50,0.299993851078017,id,4,14,0.11817269785667084,1.4998406974468959,1.4998406974468959,1.2400893273909364,0.23501632462686567,0.928956908958363,0.6723445207053164,0.30413536248584916,0.2201218835321145,0.8069373930048347,0.6661099047937197,0.2100050150451354,0.24799899949974988,0.47896,0.94864,0.03616,0.0152,0.29272572701878247
cfl_exp2_alpha0.3_n_mm2_seed2,2,0.3,2,1.0,0.0,0.9,5,50,0.299993851078017,oracle,4,14,0.11817269785667084,1.4998406974468959,1.4998406974468959,1.2400893273909364,0.23501632462686567,0.8538586012888788,0.6179911538387776,0.29622603882994486,0.21439740872467158,0.7468595513308531,0.6463770498540956,0.21498060660011445,0.2611576011157601,0.48662,0.9329,0.05048,0.01662,
cfl_exp2_alpha0.3_n_mm2_seed2,2,0.3,2,1.0,0.0,0.9,20,50,0.299993851078017,competitive,4,14,0.11817269785667084,1.4998406974468959,1.4998406974468959,1.2400893273909364,0.23501632462686567,0.0665637771795215,0.04817639056507278,0.0,0.0,-0.03735262066752324,1.0,0.2667103023956015,0.0,0.7639,0.0,0.0,0.0,
cfl_exp2_alpha0.3_n_mm2_seed2,2,0.3,2,1.0,0.0,0.9,20,50,0.299993851078017,markout,4,14,0.11817269785667084,1.4998406974468959,1.4998406974468959,1.2400893273909364,0.23501632462686567,0.6891973877248677,0.4988154809471377,0.7167137476431957,0.5187308006378947,0.9320172703524363,0.5205720472796175,0.21726319438426206,0.22207584454690882,0.44332,0.9996,0.0,0.0004,
cfl_exp2_alpha0.3_n_mm2_seed2,2,0.3,2,1.0,0.0,0.9,20,50,0.299993851078017,anon,4,14,0.11817269785667084,1.4998406974468959,1.4998406974468959,1.2400893273909364,0.23501632462686567,0.9384484279144674,0.6792141297278307,0.29078138631980616,0.21045677138505492,0.8041418898802895,0.7112179892840569,0.22493771503143908,0.23988312636961284,0.47406,0.98386,0.01118,0.00496,0.30216808071620993
cfl_exp2_alpha0.3_n_mm2_seed2,2,0.3,2,1.0,0.0,0.9,20,50,0.299993851078017,id,4,14,0.11817269785667084,1.4998406974468959,1.4998406974468959,1.2400893273909364,0.23501632462686567,0.9245517688923188,0.6691562438780679,0.27122263505990535,0.19630087339385766,0.7799281060393296,0.6753671842215695,0.22126258232881818,0.26344364012409516,0.4766,0.94896,0.0355,0.01554,0.3015485102671
cfl_exp2_alpha0.3_n_mm2_seed2,2,0.3,2,1.0,0.0,0.9,20,50,0.299993851078017,oracle,4,14,0.11817269785667084,1.4998406974468959,1.4998406974468959,1.2400893273909364,0.23501632462686567,0.8538586012888788,0.6179911538387776,0.29622603882994486,0.21439740872467158,0.7468595513308531,0.6463770498540956,0.21498060660011445,0.2611576011157601,0.48662,0.9329,0.05048,0.01662,
cfl_exp2_alpha0.3_n_mm2_seed2,2,0.3,2,1.0,0.0,0.99,1,50,0.299993851078017,competitive,4,14,0.11817269785667084,1.4998406974468959,1.4998406974468959,1.1708019003418397,0.25153736991485337,0.18005964074882078,0.13032048278039504,0.0,0.0,0.04479147154779901,1.0,0.2524355978046795,0.0,0.76162,0.0,0.0,0.0,
cfl_exp2_alpha0.3_n_mm2_seed2,2,0.3,2,1.0,0.0,0.99,1,50,0.299993851078017,markout,4,14,0.11817269785667084,1.4998406974468959,1.4998406974468959,1.1708019003418397,0.25153736991485337,0.7072995623682745,0.5119171628626018,0.7240615225300677,0.5240488472953052,0.9504369989253111,0.5216085358199588,0.21813493768801032,0.2136631993252741,0.44612,0.9806,0.0,0.0194,
cfl_exp2_alpha0.3_n_mm2_seed2,2,0.3,2,1.0,0.0,0.99,1,50,0.299993851078017,anon,4,14,0.11817269785667084,1.4998406974468959,1.4998406974468959,1.1708019003418397,0.25153736991485337,0.8489390070114383,0.6144305341538029,0.30955822950031164,0.22404675333880528,0.7529482762600122,0.6484320414286301,0.2039678012296381,0.27156885667523967,0.48662,0.9099,0.0689,0.0212,0.30405148983764635
cfl_exp2_alpha0.3_n_mm2_seed2,2,0.3,2,1.0,0.0,0.99,1,50,0.299993851078017,id,4,14,0.11817269785667084,1.4998406974468959,1.4998406974468959,1.1708019003418397,0.25153736991485337,0.9017706392987391,0.6526681080883296,0.2714344161443407,0.19645415267983532,0.7635932495355688,0.6507811528738966,0.1945364238410596,0.3004627981488074,0.48262,0.9025,0.08024,0.01726,0.30591141085797724
cfl_exp2_alpha0.3_n_mm2_seed2,2,0.3,2,1.0,0.0,0.99,1,50,0.299993851078017,oracle,4,14,0.11817269785667084,1.4998406974468959,1.4998406974468959,1.1708019003418397,0.25153736991485337,0.8623856181964681,0.6241626920882833,0.3172777147320571,0.22963383014309902,0.7682675109987865,0.6500265316951712,0.1831083202511774,0.27163517611383253,0.48998,0.89456,0.08156,0.02388,
cfl_exp2_alpha0.3_n_mm2_seed2,2,0.3,2,1.0,0.0,0.99,5,50,0.299993851078017,competitive,4,14,0.11817269785667084,1.4998406974468959,1.4998406974468959,1.1708019003418397,0.25153736991485337,0.18005964074882078,0.13032048278039504,0.0,0.0,0.04479147154779901,1.0,0.2524355978046795,0.0,0.76162,0.0,0.0,0.0,
cfl_exp2_alpha0.3_n_mm2_seed2,2,0.3,2,1.0,0.0,0.99,5,50,0.299993851078017,markout,4,14,0.11817269785667084,1.4998406974468959,1.4998406974468959,1.1708019003418397,0.25153736991485337,0.7072995623682745,0.5119171628626018,0.7240615225300677,0.5240488472953052,0.9504369989253111,0.5216085358199588,0.21813493768801032,0.2136631993252741,0.44612,0.9806,0.0,0.0194,
cfl_exp2_alpha0.3_n_mm2_seed2,2,0.3,2,1.0,0.0,0.99,5,50,0.299993851078017,anon,4,14,0.11817269785667084,1.4998406974468959,1.4998406974468959,1.1708019003418397,0.25153736991485337,0.8404093463135093,0.6082570824270069,0.31311977031954275,0.22662446435207864,0.7493525355464895,0.6451481602084012,0.20574132492113564,0.27150722642807984,0.49136,0.91202,0.06696,0.02102,0.3037682064187185
cfl_exp2_alpha0.3_n_mm2_seed2,2,0.3,2,1.0,0.0,0.99,5,50,0.299993851078017,id,4,14,0.11817269785667084,1.4998406974468959,1.4998406974468959,1.1708019003418397,0.25153736991485337,0.8773387554273805,0.6349852176409829,0.22624747316312163,0.16374952103560486,0.7132057274439917,0.649395077179808,0.20223564178337403,0.30854355069014755,0.4794,0.89828,0.0868,0.01492,0.3177379971435831
cfl_exp2_alpha0.3_n_mm2_seed2,2,0.3,2,1.0,0.0,0.99,5,50,0.299993851078017,oracle,4,14,0.11817269785667084,1.4998406974468959,1.4998406974468959,1.1708019003418397,0.25153736991485337,0.8623856181964681,0.6241626920882833,0.3172777147320571,0.22963383014309902,0.7682675109987865,0.6500265316951712,0.1831083202511774,0.27163517611383253,0.48998,0.89456,0.08156,0.02388,
cfl_exp2_alpha0.3_n_mm2_seed2,2,0.3,2,1.0,0.0,0.99,20,50,0.299993851078017,competitive,4,14,0.11817269785667084,1.4998406974468959,1.4998406974468959,1.1708019003418397,0.25153736991485337,0.18005964074882078,0.13032048278039504,0.0,0.0,0.04479147154779901,1.0,0.2524355978046795,0.0,0.76162,0.0,0.0,0.0,
cfl_exp2_alpha0.3_n_mm2_seed2,2,0.3,2,1.0,0.0,0.99,20,50,0.299993851078017,markout,4,14,0.11817269785667084,1.4998406974468959,1.4998406974468959,1.1708019003418397,0.25153736991485337,0.7072995623682745,0.5119171628626018,0.7240615225300677,0.5240488472953052,0.9504369989253111,0.5216085358199588,0.21813493768801032,0.2136631993252741,0.44612,0.9806,0.0,0.0194,
cfl_exp2_alpha0.3_n_mm2_seed2,2,0.3,2,1.0,0.0,0.99,20,50,0.299993851078017,anon,4,14,0.11817269785667084,1.4998406974468959,1.4998406974468959,1.1708019003418397,0.25153736991485337,0.8547738799081015,0.6186535985212152,0.3006616226529418,0.21760771961289685,0.7507323069015159,0.6605422905706192,0.20530572233794878,0.26490224129709106,0.4942,0.92548,0.05628,0.01824,0.29831967250398606
cfl_exp2_alpha0.3_n_mm2_seed2,2,0.3,2,1.0,0.0,0.99,20,50,0.299993851078017,id,4,14,0.11817269785667084,1.4998406974468959,1.4998406974468959,1.1708019003418397,0.25153736991485337,0.9188941805601059,0.6650614914962433,0.265820489740444,0.19239100118066063,0.7719234814443078,0.6595293618825525,0.18926390228222437,0.29165628891656287,0.4717,0.90538,0.07844,0.01618,0.30000984066254155
cfl_exp2_alpha0.3_n_mm2_seed2,2,0.3,2,1.0,0.0,0.99,20,50,0.299993851078017,oracle,4,14,0.11817269785667084,1.4998406974468959,1.4998406974468959,1.1708019003418397,0.25153736991485337,0.8623856181964681,0.6241626920882833,0.3172777147320571,0.22963383014309902,0.7682675109987865,0.6500265316951712,0.1831083202511774,0.27163517611383253,0.48998,0.89456,0.08156,0.02388,
cfl_exp2_alpha0.3_n_mm2_seed3,2,0.3,3,1.0,0.0,0.9,1,50,0.299993851078017,competitive,4,14,0.11817269785667084,1.4998406974468959,1.4998406974468959,1.3667184983307723,0.21070159857904086,0.12334435497847708,0.08927206464581834,0.0,0.0,0.0037430534132223115,1.0,0.2689397919512451,0.0,0.76136,0.0,0.0,0.0,
cfl_exp2_alpha0.3_n_mm2_seed3,2,0.3,3,1.0,0.0,0.9,1,50,0.299993851078017,markout,4,14,0.11817269785667084,1.4998406974468959,1.4998406974468959,1.3667184983307723,0.21070159857904086,0.6601643928535269,0.477802477186501,0.4995719753854628,0.3615716478442186,0.7538451137981235,0.5326670775733028,0.23795354988015538,0.24135657089024964,0.45428,0.91644,0.0,0.08356,
cfl_exp2_alpha0.3_n_mm2_seed3,2,0.3,3,1.0,0.0,0.9,1,50,0.299993851078017,anon,4,14,0.11817269785667084,1.4998406974468959,1.4998406974468959,1.3667184983307723,0.21070159857904086,0.8453615914839018,0.6118413336160489,0.3411032462006085,0.2468778652337413,0.773190187617194,0.6433495021700281,0.22791005291005292,0.24039608685277977,0.47004,0.9582,0.02776,0.01404,0.3040147011070055
cfl_exp2_alpha0.3_n_mm2_seed3,2,0.3,3,1.0,0.0,0.9,1,50,0.299993851078017,id,4,14,0.11817269785667084,1.4998406974468959,1.4998406974468959,1.3667184983307723,0.21070159857904086,0.9040978768478641,0.6543524762214956,0.37489461125976725,0.2713348006691575,0.8401582656580571,0.638911506320977,0.20799517070226037,0.24436268692143365,0.4667,0.95026,0.03844,0.0113,0.28984195805870205
cfl_exp2_alpha0.3_n_mm2_seed3,2,0.3,3,1.0,0.0,0.9,1,50,0.299993851078017,oracle,4,14,0.11817269785667084,1.4998406974468959,1.4998406974468959,1.3667184983307723,0.21070159857904086,0.8672268394379125,0.6276665882796116,0.35146689628078676,0.25437869038367017,0.7965162674306859,0.6359258470061794,0.21129875351829513,0.24324007959733115,0.4693,0.9439,0.04454,0.01156,
cfl_exp2_alpha0.3_n_mm2_seed3,2,0.3,3,1.0,0.0,0.9,5,50,0.299993851078017,competitive,4,14,0.11817269785667084,1.4998406974468959,1.4998406974468959,1.3667184983307723,0.21070159857904086,0.12334435497847708,0.08927206464581834,0.0,0.0,0.0037430534132223115,1.0,0.2689397919512451,0.0,0.76136,0.0,0.0,0.0,
cfl_exp2_alpha0.3_n_mm2_seed3,2,0.3,3,1.0,0.0,0.9,5,50,0.299993851078017,markout,4,14,0.11817269785667084,1.4998406974468959,1.4998406974468959,1.3667184983307723,0.21070159857904086,0.6601643928535269,0.477802477186501,0.4995719753854628,0.3615716478442186,0.7538451137981235,0.5326670775733028,0.23795354988015538,0.24135657089024964,0.45428,0.91644,0.0,0.08356,
cfl_exp2_alpha0.3_n_mm2_seed3,2,0.3,3,1.0,0.0,0.9,5,50,0.299993851078017,anon,4,14,0.11817269785667084,1.4998406974468959,1.4998406974468959,1.3667184983307723,0.21070159857904086,0.8416402353779842,0.6091479542318399,0.416196219091664,0.30122737098572117,0.8248463139849651,0.6387613685578173,0.22984609126042443,0.22779043280182232,0.4618,0.96798,0.02024,0.01178,0.2995425539016052
cfl_exp2_alpha0.3_n_mm2_seed3,2,0.3,3,1.0,0.0,0.9,5,50,0.299993851078017,id,4,14,0.11817269785667084,1.4998406974468959,1.4998406974468959,1.3667184983307723,0.21070159857904086,0.8708798330683309,0.6303104894421934,0.3343518265973717,0.24199143838934806,0.7867729165989454,0.6386080617867835,0.21898355754857998,0.257894104934566,0.46094,0.94398,0.04362,0.0124,0.3060468643937115
cfl_exp2_alpha0.3_n_mm2_seed3,2,0.3,3,1.0,0.0,0.9,5,50,0.299993851078017,oracle,4,14,0.11817269785667084,1.4998406974468959,1.4998406974468959,1.3667184983307723,0.21070159857904086,0.8672268394379125,0.6276665882796116,0.35146689628078676,0.25437869038367017,0.7965162674306859,0.6359258470061794,0.21129875351829513,0.24324007959733115,0.4693,0.9439,0.04454,0.01156,
cfl_exp2_alpha0.3_n_mm2_seed3,2,0.3,3,1.0,0.0,0.9,20,50,0.299993851078017,competitive,4,14,0.11817269785667084,1.4998406974468959,1.4998406974468959,1.3667184983307723,0.21070159857904086,0.12334435497847708,0.08927206464581834,0.0,0.0,0.0037430534132223115,1.0,0.2689397919512451,0.0,0.76136,0.0,0.0,0.0,
cfl_exp2_alpha0.3_n_mm2_seed3,2,0.3,3,1.0,0.0,0.9,20,50,0.299993851078017,markout,4,14,0.11817269785667084,1.4998406974468959,1.4998406974468959,1.3667184983307723,0.21070159857904086,0.6601643928535269,0.477802477186501,0.4995719753854628,0.3615716478442186,0.7538451137981235,0.5326670775733028,0.23795354988015538,0.24135657089024964,0.45428,0.91644,0.0,0.08356,
cfl_exp2_alpha0.3_n_mm2_seed3,2,0.3,3,1.0,0.0,0.9,20,50,0.299993851078017,anon,4,14,0.11817269785667084,1.4998406974468959,1.4998406974468959,1.3667184983307723,0.21070159857904086,0.8316028079576003,0.6018832369311854,0.4016798025506774,0.29072092765397156,0.8070751533525609,0.6369003367297853,0.22981323812139523,0.23545706371191136,0.45734,0.97494,0.00918,0.01588,0.30371784997455603
cfl_exp2_alpha0.3_n_mm2_seed3,2,0.3,3,1.0,0.0,0.9,20,50,0.299993851078017,id,4,14,0.11817269785667084,1.4998406974468959,1.4998406974468959,1.3667184983307723,0.21070159857904086,0.9067756235943337,0.6562905298981124,0.3565774987408483,0.2580775546995386,0.8288390733650549,0.636127105992749,0.2082606946493228,0.2462782792169734,0.4689,0.94806,0.04042,0.01152,0.2968612305925383
cfl_exp2_alpha0.3_n_mm2_seed3,2,0.3,3,1.0,0.0,0.9,20,50,0.299993851078017,oracle,4,14,0.11817269785667084,1.4998406974468959,1.4998406974468959,1.3667184983307723,0.21070159857904086,0.8672268394379125,0.6276665882796116,0.35146689628078676,0.25437869038367017,0.7965162674306859,0.6359258470061794,0.21129875351829513,0.24324007959733115,0.4693,0.9439,0.04454,0.01156,
cfl_exp2_alpha0.3_n_mm2_seed3,2,0.3,3,1.0,0.0,0.99,1,50,0.299993851078017,competitive,4,14,0.11817269785667084,1.4998406974468959,1.4998406974468959,1.4148542598348162,0.2078016241299304,0.16009248298920722,0.11586899532788444,0.0,0.0,0.03033998409528841,1.0,0.25550810824971837,0.0,0.76342,0.0,0.0,0.0,
cfl_exp2_alpha0.3_n_mm2_seed3,2,0.3,3,1.0,0.0,0.99,1,50,0.299993851078017,markout,4,14,0.11817269785667084,1.4998406974468959,1.4998406974468959,1.4148542598348162,0.2078016241299304,0.6761374171541343,0.4893631591342226,0.5117609167967455,0.3703935510908001,0.7742276989924267,0.5273579533009156,0.2240405382953979,0.23523959588469737,0.45654,0.90168,0.0,0.09832,
cfl_exp2_alpha0.3_n_mm2_seed3,2,0.3,3,1.0,0.0,0.99,1,50,0.299993851078017,anon,4,14,0.11817269785667084,1.4998406974468959,1.4998406974468959,1.4148542598348162,0.2078016241299304,1.086135385090243,0.786104466060131,0.23854252062083686,0.17264821989912468,0.8732236747266597,0.7061485714285715,0.197125655467081,0.26400124455507157,0.4375,0.94928,0.03914,0.01158,0.29800439450281385
cfl_exp2_alpha0.3_n_mm2_seed3,2,0.3,3,1.0,0.0,0.99,1,50,0.299993851078017,id,4,14,0.11817269785667084,1.4998406974468959,1.4998406974468959,1.4148542598348162,0.2078016241299304,1.0781851522274886,0.7803503826876331,0.2326336316694957,0.16837158545937964,0.8631929569144167,0.7054166084486051,0.1943747524098772,0.2817391304347826,0.42942,0.94818,0.04234,0.00948,0.2983891009189968
cfl_exp2_alpha0.3_n_mm2_seed3,2,0.3,3,1.0,0.0,0.99,1,50,0.299993851078017,oracle,4,14,0.11817269785667084,1.4998406974468959,1.4998406974468959,1.4148542598348162,0.2078016241299304,1.2069333655459267,0.8735335593672857,0.2014362967690408,0.14579211274255663,0.9337966608772463,0.7433185115843669,0.18053019331276368,0.27698760029175784,0.4273,0.9428,0.0446,0.0126,
cfl_exp2_alpha0.3_n_mm2_seed3,2,0.3,3,1.0,0.0,0.99,5,50,0.299993851078017,competitive,4,14,0.11817269785667084,1.4998406974468959,1.4998406974468959,1.4148542598348162,0.2078016241299304,0.16009248298920722,0.11586899532788444,0.0,0.0,0.03033998409528841,1.0,0.25550810824971837,0.0,0.76342,0.0,0.0,0.0,
cfl_exp2_alpha0.3_n_mm2_seed3,2,0.3,3,1.0,0.0,0.99,5,50,0.299993851078017,markout,4,14,0.11817269785667084,1.4998406974468959,1.4998406974468959,1.4148542598348162,0.2078016241299304,0.6761374171541343,0.4893631591342226,0.5117609167967455,0.3703935510908001,0.7742276989924267,0.5273579533009156,0.2240405382953979,0.23523959588469737,0.45654,0.90168,0.0,0.09832,
cfl_exp2_alpha0.3_n_mm2_seed3,2,0.3,3,1.0,0.0,0.99,5,50,0.299993851078017,anon,4,14,0.11817269785667084,1.4998406974468959,1.4998406974468959,1.4148542598348162,0.2078016241299304,1.1118196632690092,0.8046937930087058,0.2538050555438634,0.18369467601416323,0.902859457790273,0.7171680450786149,0.1927512355848435,0.25803341902313626,0.44012,0.95468,0.03512,0.0102,0.2839808813586819
cfl_exp2_alpha0.3_n_mm2_seed3,2,0.3,3,1.0,0.0,0.99,5,50,0.299993851078017,id,4,14,0.11817269785667084,1.4998406974468959,1.4998406974468959,1.4148542598348162,0.2078016241299304,1.1445512787682723,0.8283837210586937,0.23209077100208758,0.1679786830634574,0.9108333928895551,0.7211856125820111,0.18652816310729725,0.2711949265687583,0.42982,0.95124,0.03954,0.00922,0.2848775767277563
cfl_exp2_alpha0.3_n_mm2_seed3,2,0.3,3,1.0,0.0,0.99,5,50,0.299993851078017,oracle,4,14,0.11817269785667084,1.4998406974468959,1.4998406974468959,1.4148542598348162,0.2078016241299304,1.2069333655459267,0.8735335593672857,0.2014362967690408,0.14579211274255663,0.9337966608772463,0.7433185115843669,0.18053019331276368,0.27698760029175784,0.4273,0.9428,0.0446,0.0126,
cfl_exp2_alpha0.3_n_mm2_seed3,2,0.3,3,1.0,0.0,0.99,20,50,0.299993851078017,competitive,4,14,0.11817269785667084,1.4998406974468959,1.4998406974468959,1.4148542598348162,0.2078016241299304,0.16009248298920722,0.11586899532788444,0.0,0.0,0.03033998409528841,1.0,0.25550810824971837,0.0,0.76342,0.0,0.0,0.0,
cfl_exp2_alpha0.3_n_mm2_seed3,2,0.3,3,1.0,0.0,0.99,20,50,0.299993851078017,markout,4,14,0.11817269785667084,1.4998406974468959,1.4998406974468959,1.4148542598348162,0.2078016241299304,0.6761374171541343,0.4893631591342226,0.5117609167967455,0.3703935510908001,0.7742276989924267,0.5273579533009156,0.2240405382953979,0.23523959588469737,0.45654,0.90168,0.0,0.09832,
cfl_exp2_alpha0.3_n_mm2_seed3,2,0.3,3,1.0,0.0,0.99,20,50,0.299993851078017,anon,4,14,0.11817269785667084,1.4998406974468959,1.4998406974468959,1.4148542598348162,0.2078016241299304,1.1102833375314782,0.8035818574800646,0.28739326204964116,0.20800457283144447,0.926057419078913,0.706849067677999,0.186765457332652,0.24472508855690744,0.44298,0.9607,0.03022,0.00908,0.2773256979068378
cfl_exp2_alpha0.3_n_mm2_seed3,2,0.3,3,1.0,0.0,0.99,20,50,0.299993851078017,id,4,14,0.11817269785667084,1.4998406974468959,1.4998406974468959,1.4148542598348162,0.2078016241299304,1.1160410598984418,0.8077490831584991,0.29809035268215645,0.21574672987328652,0.9379668017991897,0.6951993787968758,0.1769382391590013,0.24591637943953246,0.43786,0.96188,0.03372,0.0044,0.2731205168871133
cfl_exp2_alpha0.3_n_mm2_seed3,2,0.3,3,1.0,0.0,0.99,20,50,0.299993851078017,oracle,4,14,0.11817269785667084,1.4998406974468959,1.4998406974468959,1.4148542598348162,0.2078016241299304,1.2069333655459267,0.8735335593672857,0.2014362967690408,0.14579211274255663,0.9337966608772463,0.7433185115843669,0.18053019331276368,0.27698760029175784,0.4273,0.9428,0.0446,0.0126,
cfl_exp2_alpha0.3_n_mm2_seed4,2,0.3,4,1.0,0.0,0.9,1,50,0.299993851078017,competitive,4,14,0.11817269785667084,1.4998406974468959,1.4998406974468959,1.3906567164220909,0.21737642064904833,0.11837075654644319,0.08567235875879703,-0.07528550265670973,-0.05448885164818024,-0.05434550412197924,0.8413669064748202,0.2654980761008978,0.27178490443796566,0.7784,0.0,0.0,0.0,
cfl_exp2_alpha0.3_n_mm2_seed4,2,0.3,4,1.0,0.0,0.9,1,50,0.299993851078017,markout,4,14,0.11817269785667084,1.4998406974468959,1.4998406974468959,1.3906567164220909,0.21737642064904833,0.7386289550363163,0.534592214088608,0.5514982385669576,0.3991539492342016,0.8482171520902135,0.5721525740197386,0.222999222999223,0.2271404821280133,0.44988,0.95684,0.0,0.04316,
cfl_exp2_alpha0.3_n_mm2_seed4,2,0.3,4,1.0,0.0,0.9,1,50,0.299993851078017,anon,4,14,0.11817269785667084,1.4998406974468959,1.4998406974468959,1.3906567164220909,0.21737642064904833,0.9427290616023624,0.6823122934612055,0.3470108556226911,0.2511535735977149,0.8479368558263243,0.6430321910695742,0.21187261804792973,0.22899697463346522,0.4815,0.96408,0.02112,0.0148,0.28102698382866037
cfl_exp2_alpha0.3_n_mm2_seed4,2,0.3,4,1.0,0.0,0.9,1,50,0.299993851078017,id,4,14,0.11817269785667084,1.4998406974468959,1.4998406974468959,1.3906567164220909,0.21737642064904833,0.9152720773759379,0.6624399476917676,0.3656495973762296,0.26464360286600974,0.8415545393251813,0.6360275583935473,0.20653896961690885,0.2330332409972299,0.47608,0.95058,0.0334,0.01602,0.2781885235936355
cfl_exp2_alpha0.3_n_mm2_seed4,2,0.3,4,1.0,0.0,0.9,1,50,0.299993851078017,oracle,4,14,0.11817269785667084,1.4998406974468959,1.4998406974468959,1.3906567164220909,0.21737642064904833,0.9409620119480706,0.6810333685278526,0.30077702736738604,0.21769124526050432,0.8131956025557608,0.6492879153826935,0.2072857875833761,0.24257895986701497,0.48028,0.93654,0.03898,0.02448,
cfl_exp2_alpha0.3_n_mm2_seed4,2,0.3,4,1.0,0.0,0.9,5,50,0.299993851078017,competitive,4,14,0.11817269785667084,1.4998406974468959,1.4998406974468959,1.3906567164220909,0.21737642064904833,0.11837075654644319,0.08567235875879703,-0.07528550265670973,-0.05448885164818024,-0.05434550412197924,0.8413669064748202,0.2654980761008978,0.27178490443796566,0.7784,0.0,0.0,0.0,
cfl_exp2_alpha0.3_n_mm2_seed4,2,0.3,4,1.0,0.0,0.9,5,50,0.299993851078017,markout,4,14,0.11817269785667084,1.4998406974468959,1.4998406974468959,1.3906567164220909,0.21737642064904833,0.7386289550363163,0.534592214088608,0.5514982385669576,0.3991539492342016,0.8482171520902135,0.5721525740197386,0.222999222999223,0.2271404821280133,0.44988,0.95684,0.0,0.04316,
cfl_exp2_alpha0.3_n_mm2_seed4,2,0.3,4,1.0,0.0,0.9,5,50,0.299993851078017,anon,4,14,0.11817269785667084,1.4998406974468959,1.4998406974468959,1.3906567164220909,0.21737642064904833,0.876521920057901,0.6343940225277417,0.4057206981816087,0.2936455778826298,0.8425105891777754,0.6303801853295228,0.21788707240005495,0.23172446110590442,0.46188,0.97086,0.01794,0.0112,0.28885972808174104
cfl_exp2_alpha0.3_n_mm2_seed4,2,0.3,4,1.0,0.0,0.9,5,50,0.299993851078017,id,4,14,0.11817269785667084,1.4998406974468959,1.4998406974468959,1.3906567164220909,0.21737642064904833,0.9051723221959098,0.6551301198727667,0.33653636109071094,0.24357252334896723,0.8131736319891378,0.6339405080213903,0.21391854487939896,0.2404702122803013,0.47872,0.94394,0.03778,0.01828,0.2883972910007415
cfl_exp2_alpha0.3_n_mm2_seed4,2,0.3,4,1.0,0.0,0.9,5,50,0.299993851078017,oracle,4,14,0.11817269785667084,1.4998406974468959,1.4998406974468959,1.3906567164220909,0.21737642064904833,0.9409620119480706,0.6810333685278526,0.30077702736738604,0.21769124526050432,0.8131956025557608,0.6492879153826935,0.2072857875833761,0.24257895986701497,0.48028,0.93654,0.03898,0.02448,
cfl_exp2_alpha0.3_n_mm2_seed4,2,0.3,4,1.0,0.0,0.9,20,50,0.299993851078017,competitive,4,14,0.11817269785667084,1.4998406974468959,1.4998406974468959,1.3906567164220909,0.21737642064904833,0.11837075654644319,0.08567235875879703,-0.07528550265670973,-0.05448885164818024,-0.05434550412197924,0.8413669064748202,0.2654980761008978,0.27178490443796566,0.7784,0.0,0.0,0.0,
cfl_exp2_alpha0.3_n_mm2_seed4,2,0.3,4,1.0,0.0,0.9,20,50,0.299993851078017,markout,4,14,0.11817269785667084,1.4998406974468959,1.4998406974468959,1.3906567164220909,0.21737642064904833,0.7386289550363163,0.534592214088608,0.5514982385669576,0.3991539492342016,0.8482171520902135,0.5721525740197386,0.222999222999223,0.2271404821280133,0.44988,0.95684,0.0,0.04316,
cfl_exp2_alpha0.3_n_mm2_seed4,2,0.3,4,1.0,0.0,0.9,20,50,0.299993851078017,anon,4,14,0.11817269785667084,1.4998406974468959,1.4998406974468959,1.3906567164220909,0.21737642064904833,0.9462577197879197,0.6848662052450811,0.5047538895464772,0.3653221249215998,0.9646593189340851,0.6399700598802395,0.21388888888888888,0.21803534303534303,0.42752,0.9881,0.00492,0.00698,0.2795805597930986
cfl_exp2_alpha0.3_n_mm2_seed4,2,0.3,4,1.0,0.0,0.9,20,50,0.299993851078017,id,4,14,0.11817269785667084,1.4998406974468959,1.4998406974468959,1.3906567164220909,0.21737642064904833,0.9405291307625095,0.6807200651976101,0.3469168580960156,0.2510855416778156,0.8462765956428299,0.6308500275295413,0.20973481033903996,0.22659476824231298,0.47222,0.95188,0.035,0.01312,0.28804643019029696
cfl_exp2_alpha0.3_n_mm2_seed4,2,0.3,4,1.0,0.0,0.9,20,50,0.299993851078017,oracle,4,14,0.11817269785667084,1.4998406974468959,1.4998406974468959,1.3906567164220909,0.21737642064904833,0.9409620119480706,0.6810333685278526,0.30077702736738604,0.21769124526050432,0.8131956025557608,0.6492879153826935,0.2072857875833761,0.24257895986701497,0.48028,0.93654,0.03898,0.02448,
cfl_exp2_alpha0.3_n_mm2_seed4,2,0.3,4,1.0,0.0,0.99,1,50,0.299993851078017,competitive,4,14,0.11817269785667084,1.4998406974468959,1.4998406974468959,1.2548614776627591,0.24084467517889716,-0.032083577214977024,-0.023220901999968423,-0.10480830415679956,-0.07585635926133022,-0.1846062724938947,0.8415864638311084,0.28826585508315655,0.31095868038543195,0.77304,0.0,0.0,0.0,
cfl_exp2_alpha0.3_n_mm2_seed4,2,0.3,4,1.0,0.0,0.99,1,50,0.299993851078017,markout,4,14,0.11817269785667084,1.4998406974468959,1.4998406974468959,1.2548614776627591,0.24084467517889716,0.6820071091890991,0.4936114243011843,0.5112738760730238,0.37004104909765395,0.7781234621662423,0.5690537663631834,0.24030884342911724,0.2344965314273702,0.44154,0.93094,0.0,0.06906,
cfl_exp2_alpha0.3_n_mm2_seed4,2,0.3,4,1.0,0.0,0.99,1,50,0.299993851078017,anon,4,14,0.11817269785667084,1.4998406974468959,1.4998406974468959,1.2548614776627591,0.24084467517889716,1.033870061037275,0.7482767649999132,0.12218217516075311,0.08843092204276996,0.7511786758100872,0.7138787332035516,0.21902228134353177,0.33172917358114834,0.42122,0.91178,0.0695,0.01872,0.3316791469810701
cfl_exp2_alpha0.3_n_mm2_seed4,2,0.3,4,1.0,0.0,0.99,1,50,0.299993851078017,id,4,14,0.11817269785667084,1.4998406974468959,1.4998406974468959,1.2548614776627591,0.24084467517889716,1.206618933094866,0.87330598483335,0.11819375741126142,0.08554425335631666,0.8733212269570706,0.7531993576954893,0.20111118289295174,0.35469242902208203,0.41102,0.9212,0.05792,0.02088,0.314505096636617
cfl_exp2_alpha0.3_n_mm2_seed4,2,0.3,4,1.0,0.0,0.99,1,50,0.299993851078017,oracle,4,14,0.11817269785667084,1.4998406974468959,1.4998406974468959,1.2548614776627591,0.24084467517889716,1.2788803097150456,0.9256060863350211,0.016711969943662006,0.012095503368840011,0.852172578471265,0.7787,0.18402465647874663,0.4604609127880705,0.4,0.88762,0.08928,0.0231,
cfl_exp2_alpha0.3_n_mm2_seed4,2,0.3,4,1.0,0.0,0.99,5,50,0.299993851078017,competitive,4,14,0.11817269785667084,1.4998406974468959,1.4998406974468959,1.2548614776627591,0.24084467517889716,-0.032083577214977024,-0.023220901999968423,-0.10480830415679956,-0.07585635926133022,-0.1846062724938947,0.8415864638311084,0.28826585508315655,0.31095868038543195,0.77304,0.0,0.0,0.0,
cfl_exp2_alpha0.3_n_mm2_seed4,2,0.3,4,1.0,0.0,0.99,5,50,0.299993851078017,markout,4,14,0.11817269785667084,1.4998406974468959,1.4998406974468959,1.2548614776627591,0.24084467517889716,0.6820071091890991,0.4936114243011843,0.5112738760730238,0.37004104909765395,0.7781234621662423,0.5690537663631834,0.24030884342911724,0.2344965314273702,0.44154,0.93094,0.0,0.06906,
cfl_exp2_alpha0.3_n_mm2_seed4,2,0.3,4,1.0,0.0,0.99,5,50,0.299993851078017,anon,4,14,0.11817269785667084,1.4998406974468959,1.4998406974468959,1.2548614776627591,0.24084467517889716,1.154449246966171,0.8355475029519084,0.14720174841708342,0.10653916024742593,0.8565576519667382,0.7401727148317682,0.204654128147912,0.32855067199418814,0.42382,0.92244,0.0579,0.01966,0.30760110784234795
cfl_exp2_alpha0.3_n_mm2_seed4,2,0.3,4,1.0,0.0,0.99,5,50,0.299993851078017,id,4,14,0.11817269785667084,1.4998406974468959,1.4998406974468959,1.2548614776627591,0.24084467517889716,1.2106464700290451,0.8762209665332761,0.17966818923100425,0.13003716470547935,0.9207291200061594,0.7458946772366931,0.18833428228000254,0.3032497678737233,0.42384,0.93186,0.05094,0.0172,0.293590883009539
cfl_exp2_alpha0.3_n_mm2_seed4,2,0.3,4,1.0,0.0,0.99,5,50,0.299993851078017,oracle,4,14,0.11817269785667084,1.4998406974468959,1.4998406974468959,1.2548614776627591,0.24084467517889716,1.2788803097150456,0.9256060863350211,0.016711969943662006,0.012095503368840011,0.852172578471265,0.7787,0.18402465647874663,0.4604609127880705,0.4,0.88762,0.08928,0.0231,
cfl_exp2_alpha0.3_n_mm2_seed4,2,0.3,4,1.0,0.0,0.99,20,50,0.299993851078017,competitive,4,14,0.11817269785667084,1.4998406974468959,1.4998406974468959,1.2548614776627591,0.24084467517889716,-0.032083577214977024,-0.023220901999968423,-0.10480830415679956,-0.07585635926133022,-0.1846062724938947,0.8415864638311084,0.28826585508315655,0.31095868038543195,0.77304,0.0,0.0,0.0,
cfl_exp2_alpha0.3_n_mm2_seed4,2,0.3,4,1.0,0.0,0.99,20,50,0.299993851078017,markout,4,14,0.11817269785667084,1.4998406974468959,1.4998406974468959,1.2548614776627591,0.24084467517889716,0.6820071091890991,0.4936114243011843,0.5112738760730238,0.37004104909765395,0.7781234621662423,0.5690537663631834,0.24030884342911724,0.2344965314273702,0.44154,0.93094,0.0,0.06906,
cfl_exp2_alpha0.3_n_mm2_seed4,2,0.3,4,1.0,0.0,0.99,20,50,0.299993851078017,anon,4,14,0.11817269785667084,1.4998406974468959,1.4998406974468959,1.2548614776627591,0.24084467517889716,1.1179611177029878,0.8091387497101711,0.16756846859369928,0.12127983614254417,0.8448895746201192,0.7328818309201308,0.2064240647504939,0.3031998601154048,0.4282,0.93334,0.04876,0.0179,0.3077391445969968
cfl_exp2_alpha0.3_n_mm2_seed4,2,0.3,4,1.0,0.0,0.99,20,50,0.299993851078017,id,4,14,0.11817269785667084,1.4998406974468959,1.4998406974468959,1.2548614776627591,0.24084467517889716,1.0935020565463478,0.7914361893527667,0.152274362063459,0.11021052967038429,0.816117707790555,0.7211838754624513,0.20599600266489007,0.33741168361192486,0.41626,0.9177,0.06228,0.02002,0.323451752483348
cfl_exp2_alpha0.3_n_mm2_seed4,2,0.3,4,1.0,0.0,0.99,20,50,0.299993851078017,oracle,4,14,0.11817269785667084,1.4998406974468959,1.4998406974468959,1.2548614776627591,0.24084467517889716,1.2788803097150456,0.9256060863350211,0.016711969943662006,0.012095503368840011,0.852172578471265,0.7787,0.18402465647874663,0.4604609127880705,0.4,0.88762,0.08928,0.0231,
cfl_exp2_alpha0.5_n_mm2_seed0,2,0.5,0,1.0,0.0,0.9,1,50,0.5,competitive,8,17,0.11082774461089362,0.7673284113849168,0.7673284113849168,0.6752057488069617,0.4026394422310757,0.07892173146286609,0.12021576741220899,0.0,0.0,-0.04860012298968467,1.0,0.4261167106780228,0.0,0.53774,0.0,0.0,0.0,
cfl_exp2_alpha0.5_n_mm2_seed0,2,0.5,0,1.0,0.0,0.9,1,50,0.5,markout,8,17,0.11082774461089362,0.7673284113849168,0.7673284113849168,0.6752057488069617,0.4026394422310757,0.3311765155655226,0.5044572417464401,0.3974886767493531,0.6054657624379448,0.9411071137824913,0.49248762164930854,0.39417576703068125,0.40235492010092516,0.23428,1.0,0.0,0.0,
cfl_exp2_alpha0.5_n_mm2_seed0,2,0.5,0,1.0,0.0,0.9,1,50,0.5,anon,8,17,0.11082774461089362,0.7673284113849168,0.7673284113849168,0.6752057488069617,0.4026394422310757,0.4402474896714434,0.6705971706544859,0.10485802191367091,0.15972264343451845,0.6615039236871106,0.6407641884699423,0.3917111130541226,0.42373674360573926,0.35698,0.90602,0.0649,0.02908,0.4963595896467915
cfl_exp2_alpha0.5_n_mm2_seed0,2,0.5,0,1.0,0.0,0.9,1,50,0.5,id,8,17,0.11082774461089362,0.7673284113849168,0.7673284113849168,0.6752057488069617,0.4026394422310757,0.4876963830797078,0.7428726393778056,0.07941957763234278,0.12097410048736496,0.6950308494632769,0.6299534461224027,0.35751622206200434,0.4392451672292114,0.35228,0.87888,0.09296,0.02816,0.48426129037124166
cfl_exp2_alpha0.5_n_mm2_seed0,2,0.5,0,1.0,0.0,0.9,1,50,0.5,oracle,8,17,0.11082774461089362,0.7673284113849168,0.7673284113849168,0.6752057488069617,0.4026394422310757,0.48408441141328495,0.737370784087739,0.0667878287148455,0.10173307065023106,0.6702879643360764,0.640249228439993,0.37253296953160525,0.4430236322434445,0.34346,0.87684,0.09896,0.0242,
cfl_exp2_alpha0.5_n_mm2_seed0,2,0.5,0,1.0,0.0,0.9,5,50,0.5,competitive,8,17,0.11082774461089362,0.7673284113849168,0.7673284113849168,0.6752057488069617,0.4026394422310757,0.07892173146286609,0.12021576741220899,0.0,0.0,-0.04860012298968467,1.0,0.4261167106780228,0.0,0.53774,0.0,0.0,0.0,
cfl_exp2_alpha0.5_n_mm2_seed0,2,0.5,0,1.0,0.0,0.9,5,50,0.5,markout,8,17,0.11082774461089362,0.7673284113849168,0.7673284113849168,0.6752057488069617,0.4026394422310757,0.3311765155655226,0.5044572417464401,0.3974886767493531,0.6054657624379448,0.9411071137824913,0.49248762164930854,0.39417576703068125,0.40235492010092516,0.23428,1.0,0.0,0.0,
cfl_exp2_alpha0.5_n_mm2_seed0,2,0.5,0,1.0,0.0,0.9,5,50,0.5,anon,8,17,0.11082774461089362,0.7673284113849168,0.7673284113849168,0.6752057488069617,0.4026394422310757,0.4025581210231834,0.6131876803740545,0.1029505870571067,0.15681718582708423,0.6011889757992451,0.6311051930758989,0.39640475989534985,0.4269419578400231,0.3755,0.90332,0.064,0.03268,0.49408798336975884
cfl_exp2_alpha0.5_n_mm2_seed0,2,0.5,0,1.0,0.0,0.9,5,50,0.5,id,8,17,0.11082774461089362,0.7673284113849168,0.7673284113849168,0.6752057488069617,0.4026394422310757,0.4767756124896132,0.7262378191212502,0.08300503728529979,0.12643557194416574,0.6838575006635222,0.627307735870427,0.36553218380427915,0.431697310439143,0.35316,0.87908,0.09316,0.02776,0.49065348149291294
cfl_exp2_alpha0.5_n_mm2_seed0,2,0.5,0,1.0,0.0,0.9,5,50,0.5,oracle,8,17,0.11082774461089362,0.7673284113849168,0.7673284113849168,0.6752057488069617,0.4026394422310757,0.48408441141328495,0.737370784087739,0.0667878287148455,0.10173307065023106,0.6702879643360764,0.640249228439993,0.37253296953160525,0.4430236322434445,0.34346,0.87684,0.09896,0.0242,
cfl_exp2_alpha0.5_n_mm2_seed0,2,0.5,0,1.0,0.0,0.9,20,50,0.5,competitive,8,17,0.11082774461089362,0.7673284113849168,0.7673284113849168,0.6752057488069617,0.4026394422310757,0.07892173146286609,0.12021576741220899,0.0,0.0,-0.04860012298968467,1.0,0.4261167106780228,0.0,0.53774,0.0,0.0,0.0,
cfl_exp2_alpha0.5_n_mm2_seed0,2,0.5,0,1.0,0.0,0.9,20,50,0.5,markout,8,17,0.11082774461089362,0.7673284113849168,0.7673284113849168,0.6752057488069617,0.4026394422310757,0.3311765155655226,0.5044572417464401,0.3974886767493531,0.6054657624379448,0.9411071137824913,0.49248762164930854,0.39417576703068125,0.40235492010092516,0.23428,1.0,0.0,0.0,
cfl_exp2_alpha0.5_n_mm2_seed0,2,0.5,0,1.0,0.0,0.9,20,50,0.5,anon,8,17,0.11082774461089362,0.7673284113849168,0.7673284113849168,0.6752057488069617,0.4026394422310757,0.41691093680878594,0.635050286936407,0.08398848777383919,0.12793359096884088,0.5941679875033542,0.6467490715592262,0.40692492286595816,0.42381923740781424,0.36082,0.91378,0.06496,0.02126,0.5035601362081815
cfl_exp2_alpha0.5_n_mm2_seed0,2,0.5,0,1.0,0.0,0.9,20,50,0.5,id,8,17,0.11082774461089362,0.7673284113849168,0.7673284113849168,0.6752057488069617,0.4026394422310757,0.5064115253493043,0.7713800624723788,0.07069131160904221,0.1076789639169935,0.7102431359874786,0.6381612591624524,0.3602528715163387,0.43640075376884424,0.35198,0.88446,0.08828,0.02726,0.4844698967259256
cfl_exp2_alpha0.5_n_mm2_seed0,2,0.5,0,1.0,0.0,0.9,20,50,0.5,oracle,8,17,0.11082774461089362,0.7673284113849168,0.7673284113849168,0.6752057488069617,0.4026394422310757,0.48408441141328495,0.737370784087739,0.0667878287148455,0.10173307065023106,0.6702879643360764,0.640249228439993,0.37253296953160525,0.4430236322434445,0.34346,0.87684,0.09896,0.0242,
cfl_exp2_alpha0.5_n_mm2_seed0,2,0.5,0,1.0,0.0,0.99,1,50,0.5,competitive,8,17,0.11082774461089362,0.7673284113849168,0.7673284113849168,0.7115505606908985,0.3931844692551241,0.10553915234479054,0.1607601601737879,0.0,0.0,-0.00805573022810573,1.0,0.41745538887434064,0.0,0.53462,0.0,0.0,0.0,
cfl_exp2_alpha0.5_n_mm2_seed0,2,0.5,0,1.0,0.0,0.99,1,50,0.5,markout,8,17,0.11082774461089362,0.7673284113849168,0.7673284113849168,0.7115505606908985,0.3931844692551241,0.3415723925333012,0.520292529498489,0.39939304498560696,0.6083665488843801,0.9598431879809755,0.48598371195885126,0.3889574880931381,0.392761841227485,0.2333,0.99986,0.0,0.00014,
cfl_exp2_alpha0.5_n_mm2_seed0,2,0.5,0,1.0,0.0,0.99,1,50,0.5,anon,8,17,0.11082774461089362,0.7673284113849168,0.7673284113849168,0.7115505606908985,0.3931844692551241,0.7580276504555046,1.1546487137330332,-0.03230957699376336,-0.04921484261779855,0.936617980713341,0.7399884296458186,0.31732105628908963,0.5555006180469716,0.31114,0.84552,0.12194,0.03254,0.4775577676506464
cfl_exp2_alpha0.5_n_mm2_seed0,2,0.5,0,1.0,0.0,0.99,1,50,0.5,id,8,17,0.11082774461089362,0.7673284113849168,0.7673284113849168,0.7115505606908985,0.3931844692551241,0.8171982574285104,1.2447790212371583,-0.06731160473079788,-0.10253090078576794,0.9734322300494966,0.728375460434396,0.2926148748801116,0.607668926817863,0.31492,0.81142,0.15346,0.03512,0.46700957343445376
cfl_exp2_alpha0.5_n_mm2_seed0,2,0.5,0,1.0,0.0,0.99,1,50,0.5,oracle,8,17,0.11082774461089362,0.7673284113849168,0.7673284113849168,0.7115505606908985,0.3931844692551241,0.8658669267383616,1.3189124864002693,-0.08210036160646561,-0.125057544891612,1.0250390511067635,0.753401702526979,0.27144128113879,0.6289752650176679,0.29838,0.7968,0.17022,0.03298,
cfl_exp2_alpha0.5_n_mm2_seed0,2,0.5,0,1.0,0.0,0.99,5,50,0.5,competitive,8,17,0.11082774461089362,0.7673284113849168,0.7673284113849168,0.7115505606908985,0.3931844692551241,0.10553915234479054,0.1607601601737879,0.0,0.0,-0.00805573022810573,1.0,0.41745538887434064,0.0,0.53462,0.0,0.0,0.0,
cfl_exp2_alpha0.5_n_mm2_seed0,2,0.5,0,1.0,0.0,0.99,5,50,0.5,markout,8,17,0.11082774461089362,0.7673284113849168,0.7673284113849168,0.7115505606908985,0.3931844692551241,0.3415723925333012,0.520292529498489,0.39939304498560696,0.6083665488843801,0.9598431879809755,0.48598371195885126,0.3889574880931381,0.392761841227485,0.2333,0.99986,0.0,0.00014,
cfl_exp2_alpha0.5_n_mm2_seed0,2,0.5,0,1.0,0.0,0.99,5,50,0.5,anon,8,17,0.11082774461089362,0.7673284113849168,0.7673284113849168,0.7115505606908985,0.3931844692551241,0.7333434179046117,1.117049006984541,-0.023132735559948058,-0.03523642355706955,0.9129966930255777,0.7354691655058884,0.32042011019283745,0.5418860698898995,0.31588,0.849,0.12134,0.02966,0.476907436025425
cfl_exp2_alpha0.5_n_mm2_seed0,2,0.5,0,1.0,0.0,0.99,5,50,0.5,id,8,17,0.11082774461089362,0.7673284113849168,0.7673284113849168,0.7115505606908985,0.3931844692551241,0.7918735649038575,1.2062037481165753,-0.044173669986928836,-0.0672865576877381,0.9701013000269434,0.7556427239405826,0.30201684962981873,0.5773684210526315,0.31102,0.85804,0.10908,0.03288,0.46601907691680805
cfl_exp2_alpha0.5_n_mm2_seed0,2,0.5,0,1.0,0.0,0.99,5,50,0.5,oracle,8,17,0.11082774461089362,0.7673284113849168,0.7673284113849168,0.7115505606908985,0.3931844692551241,0.8658669267383616,1.3189124864002693,-0.08210036160646561,-0.125057544891612,1.0250390511067635,0.753401702526979,0.27144128113879,0.6289752650176679,0.29838,0.7968,0.17022,0.03298,
cfl_exp2_alpha0.5_n_mm2_seed0,2,0.5,0,1.0,0.0,0.99,20,50,0.5,competitive,8,17,0.11082774461089362,0.7673284113849168,0.7673284113849168,0.7115505606908985,0.3931844692551241,0.10553915234479054,0.1607601601737879,0.0,0.0,-0.00805573022810573,1.0,0.41745538887434064,0.0,0.53462,0.0,0.0,0.0,
cfl_exp2_alpha0.5_n_mm2_seed0,2,0.5,0,1.0,0.0,0.99,20,50,0.5,markout,8,17,0.11082774461089362,0.7673284113849168,0.7673284113849168,0.7115505606908985,0.3931844692551241,0.3415723925333012,0.520292529498489,0.39939304498560696,0.6083665488843801,0.9598431879809755,0.48598371195885126,0.3889574880931381,0.392761841227485,0.2333,0.99986,0.0,0.00014,
cfl_exp2_alpha0.5_n_mm2_seed0,2,0.5,0,1.0,0.0,0.99,20,50,0.5,anon,8,17,0.11082774461089362,0.7673284113849168,0.7673284113849168,0.7115505606908985,0.3931844692551241,0.646223898821205,0.9843461423987319,0.01647408401017968,0.025093781078900704,0.8406240330757389,0.7189937106918239,0.34560881735479354,0.5040286481647269,0.318,0.8537,0.116,0.0303,0.4870419045879761
cfl_exp2_alpha0.5_n_mm2_seed0,2,0.5,0,1.0,0.0,0.99,20,50,0.5,id,8,17,0.11082774461089362,0.7673284113849168,0.7673284113849168,0.7115505606908985,0.3931844692551241,0.8686956093862553,1.32322121416104,-0.05685632769342316,-0.08660513320239156,1.067800190556755,0.7507313126283687,0.2874316033825236,0.5670411985018726,0.32134,0.84784,0.11542,0.03674,0.4541806402925481
cfl_exp2_alpha0.5_n_mm2_seed0,2,0.5,0,1.0,0.0,0.99,20,50,0.5,oracle,8,17,0.11082774461089362,0.7673284113849168,0.7673284113849168,0.7115505606908985,0.3931844692551241,0.8658669267383616,1.3189124864002693,-0.08210036160646561,-0.125057544891612,1.0250390511067635,0.753401702526979,0.27144128113879,0.6289752650176679,0.29838,0.7968,0.17022,0.03298,
cfl_exp2_alpha0.5_n_mm2_seed1,2,0.5,1,1.0,0.0,0.9,1,50,0.49999999999999994,competitive,8,17,0.11082774461089384,0.7673284113849168,0.7673284113849168,0.6303373300563025,0.40690899001109876,0.09617237800569849,0.1464924300508021,0.0,0.0,-0.022323460351091978,1.0,0.4295362789118213,0.0,0.53006,0.0,0.0,0.0,
cfl_exp2_alpha0.5_n_mm2_seed1,2,0.5,1,1.0,0.0,0.9,1,50,0.49999999999999994,markout,8,17,0.11082774461089384,0.7673284113849168,0.7673284113849168,0.6303373300563025,0.40690899001109876,0.33636670436220323,0.5123630810842504,0.27889700994626637,0.4248236507005205,0.768370841382877,0.5451775210828431,0.4094631483166515,0.4074478030539109,0.28222,0.96468,0.0,0.03532,
cfl_exp2_alpha0.5_n_mm2_seed1,2,0.5,1,1.0,0.0,0.9,1,50,0.49999999999999994,anon,8,17,0.11082774461089384,0.7673284113849168,0.7673284113849168,0.6303373300563025,0.40690899001109876,0.46488794627987867,0.7081301966748799,0.08943208886485887,0.13622543493263914,0.6755397412056249,0.6554668304668305,0.3907787461343829,0.4334105901230166,0.3256,0.92142,0.06384,0.01474,0.5039405064282478
cfl_exp2_alpha0.5_n_mm2_seed1,2,0.5,1,1.0,0.0,0.9,1,50,0.49999999999999994,id,8,17,0.11082774461089384,0.7673284113849168,0.7673284113849168,0.6303373300563025,0.40690899001109876,0.5509462513982566,0.8392165907546599,0.07518640798998302,0.11452601923382855,0.7849267195865943,0.6685428392745466,0.36230121608980353,0.4481132075471698,0.3198,0.91398,0.0685,0.01752,0.4908552031502215
cfl_exp2_alpha0.5_n_mm2_seed1,2,0.5,1,1.0,0.0,0.9,1,50,0.49999999999999994,oracle,8,17,0.11082774461089384,0.7673284113849168,0.7673284113849168,0.6303373300563025,0.40690899001109876,0.5673887636621922,0.8642622808751779,0.07981424581216255,0.12157526999075505,0.8170216604640388,0.6517143910532137,0.3567791815953234,0.43454481298517994,0.32548,0.8985,0.08342,0.01808,
cfl_exp2_alpha0.5_n_mm2_seed1,2,0.5,1,1.0,0.0,0.9,5,50,0.49999999999999994,competitive,8,17,0.11082774461089384,0.7673284113849168,0.7673284113849168,0.6303373300563025,0.40690899001109876,0.09617237800569849,0.1464924300508021,0.0,0.0,-0.022323460351091978,1.0,0.4295362789118213,0.0,0.53006,0.0,0.0,0.0,
cfl_exp2_alpha0.5_n_mm2_seed1,2,0.5,1,1.0,0.0,0.9,5,50,0.49999999999999994,markout,8,17,0.11082774461089384,0.7673284113849168,0.7673284113849168,0.6303373300563025,0.40690899001109876,0.33636670436220323,0.5123630810842504,0.27889700994626637,0.4248236507005205,0.768370841382877,0.5451775210828431,0.4094631483166515,0.4074478030539109,0.28222,0.96468,0.0,0.03532,
cfl_exp2_alpha0.5_n_mm2_seed1,2,0.5,1,1.0,0.0,0.9,5,50,0.49999999999999994,anon,8,17,0.11082774461089384,0.7673284113849168,0.7673284113849168,0.6303373300563025,0.40690899001109876,0.5088913783321085,0.7751574432250748,0.08686994956072498,0.13232271337605034,0.7386642661992312,0.68290877690742,0.39766979768786126,0.43337872009336703,0.32426,0.93566,0.0554,0.00894,0.5023334732781871
cfl_exp2_alpha0.5_n_mm2_seed1,2,0.5,1,1.0,0.0,0.9,5,50,0.49999999999999994,id,8,17,0.11082774461089384,0.7673284113849168,0.7673284113849168,0.6303373300563025,0.40690899001109876,0.5356349564062657,0.8158940021162827,0.07211476415162227,0.10984720625797204,0.7569253179723605,0.6669576059850374,0.36717143391288093,0.4582553350804942,0.3208,0.9154,0.06902,0.01558,0.49450462249641697
cfl_exp2_alpha0.5_n_mm2_seed1,2,0.5,1,1.0,0.0,0.9,5,50,0.49999999999999994,oracle,8,17,0.11082774461089384,0.7673284113849168,0.7673284113849168,0.6303373300563025,0.40690899001109876,0.5673887636621922,0.8642622808751779,0.07981424581216255,0.12157526999075505,0.8170216604640388,0.6517143910532137,0.3567791815953234,0.43454481298517994,0.32548,0.8985,0.08342,0.01808,
cfl_exp2_alpha0.5_n_mm2_seed1,2,0.5,1,1.0,0.0,0.9,20,50,0.49999999999999994,competitive,8,17,0.11082774461089384,0.7673284113849168,0.7673284113849168,0.6303373300563025,0.40690899001109876,0.09617237800569849,0.1464924300508021,0.0,0.0,-0.022323460351091978,1.0,0.4295362789118213,0.0,0.53006,0.0,0.0,0.0,
cfl_exp2_alpha0.5_n_mm2_seed1,2,0.5,1,1.0,0.0,0.9,20,50,0.49999999999999994,markout,8,17,0.11082774461089384,0.7673284113849168,0.7673284113849168,0.6303373300563025,0.40690899001109876,0.33636670436220323,0.5123630810842504,0.27889700994626637,0.4248236507005205,0.768370841382877,0.5451775210828431,0.4094631483166515,0.4074478030539109,0.28222,0.96468,0.0,0.03532,
cfl_exp2_alpha0.5_n_mm2_seed1,2,0.5,1,1.0,0.0,0.9,20,50,0.49999999999999994,anon,8,17,0.11082774461089384,0.7673284113849168,0.7673284113849168,0.6303373300563025,0.40690899001109876,0.4856484912902945,0.7397532338797483,0.07313420561951871,0.11140004773931564,0.6823373912171697,0.6750403318737036,0.39552748378286107,0.4136524822695035,0.34712,0.92868,0.06794,0.00338,0.49462695388052963
cfl_exp2_alpha0.5_n_mm2_seed1,2,0.5,1,1.0,0.0,0.9,20,50,0.49999999999999994,id,8,17,0.11082774461089384,0.7673284113849168,0.7673284113849168,0.6303373300563025,0.40690899001109876,0.5556888645880587,0.8464406705307046,0.08102472057909715,0.12341909868461266,0.8010438788134231,0.6689784442361761,0.3669561968805454,0.45394488486221213,0.3201,0.91942,0.0653,0.01528,0.4932713245768329
cfl_exp2_alpha0.5_n_mm2_seed1,2,0.5,1,1.0,0.0,0.9,20,50,0.49999999999999994,oracle,8,17,0.11082774461089384,0.7673284113849168,0.7673284113849168,0.6303373300563025,0.40690899001109876,0.5673887636621922,0.8642622808751779,0.07981424581216255,0.12157526999075505,0.8170216604640388,0.6517143910532137,0.3567791815953234,0.43454481298517994,0.32548,0.8985,0.08342,0.01808,
cfl_exp2_alpha0.5_n_mm2_seed1,2,0.5,1,1.0,0.0,0.99,1,50,0.49999999999999994,competitive,8,17,0.11082774461089384,0.7673284113849168,0.7673284113849168,0.706698416957484,0.37710810063588607,0.18504955536897508,0.28187260841377304,0.0,0.0,0.11305671801187898,1.0,0.40318302387267907,0.0,0.53534,0.0,0.0,0.0,
cfl_exp2_alpha0.5_n_mm2_seed1,2,0.5,1,1.0,0.0,0.99,1,50,0.49999999999999994,markout,8,17,0.11082774461089384,0.7673284113849168,0.7673284113849168,0.706698416957484,0.37710810063588607,0.398299128458786,0.6067002649304031,0.33301053266380004,0.5072508673908585,0.9451352419193674,0.5463968410661402,0.3778552071234998,0.3698119073527126,0.28364,0.97776,0.0,0.02224,
cfl_exp2_alpha0.5_n_mm2_seed1,2,0.5,1,1.0,0.0,0.99,1,50,0.49999999999999994,anon,8,17,0.11082774461089384,0.7673284113849168,0.7673284113849168,0.706698416957484,0.37710810063588607,0.6657062760591962,1.0140222390487563,0.07390905050033933,0.11258031292416021,0.9577866615710224,0.697444612286002,0.31711939355653823,0.4449760765550239,0.31776,0.90268,0.07724,0.02008,0.46171319456465554
cfl_exp2_alpha0.5_n_mm2_seed1,2,0.5,1,1.0,0.0,0.99,1,50,0.49999999999999994,id,8,17,0.11082774461089384,0.7673284113849168,0.7673284113849168,0.706698416957484,0.37710810063588607,0.6382377669946289,0.9721814451931388,0.1273586772321327,0.19399626485980617,0.9973618196510509,0.6509584155893778,0.3042457444727059,0.42218573253056013,0.31406,0.88998,0.0889,0.02112,0.4492024502534432
cfl_exp2_alpha0.5_n_mm2_seed1,2,0.5,1,1.0,0.0,0.99,1,50,0.49999999999999994,oracle,8,17,0.11082774461089384,0.7673284113849168,0.7673284113849168,0.706698416957484,0.37710810063588607,0.6991859559038782,1.0650194147396779,0.06804922719657003,0.10365446775698943,0.9998579920947733,0.652370503357936,0.2768321272041586,0.4843152257077276,0.30078,0.79066,0.18086,0.02848,
cfl_exp2_alpha0.5_n_mm2_seed1,2,0.5,1,1.0,0.0,0.99,5,50,0.49999999999999994,competitive,8,17,0.11082774461089384,0.7673284113849168,0.7673284113849168,0.706698416957484,0.37710810063588607,0.18504955536897508,0.28187260841377304,0.0,0.0,0.11305671801187898,1.0,0.40318302387267907,0.0,0.53534,0.0,0.0,0.0,
cfl_exp2_alpha0.5_n_mm2_seed1,2,0.5,1,1.0,0.0,0.99,5,50,0.49999999999999994,markout,8,17,0.11082774461089384,0.7673284113849168,0.7673284113849168,0.706698416957484,0.37710810063588607,0.398299128458786,0.6067002649304031,0.33301053266380004,0.5072508673908585,0.9451352419193674,0.5463968410661402,0.3778552071234998,0.3698119073527126,0.28364,0.97776,0.0,0.02224,
cfl_exp2_alpha0.5_n_mm2_seed1,2,0.5,1,1.0,0.0,0.99,5,50,0.49999999999999994,anon,8,17,0.11082774461089384,0.7673284113849168,0.7673284113849168,0.706698416957484,0.37710810063588607,0.6167691759485895,0.9394798926546869,0.09848737327863043,0.15001869497343742,0.9206826972262303,0.6840459476707084,0.3262431196940013,0.44314279943445767,0.3134,0.89346,0.08522,0.02132,0.4642831275779948
cfl_exp2_alpha0.5_n_mm2_seed1,2,0.5,1,1.0,0.0,0.99,5,50,0.49999999999999994,id,8,17,0.11082774461089384,0.7673284113849168,0.7673284113849168,0.706698416957484,0.37710810063588607,0.6111073635719383,0.9308556632163943,0.12045928042055286,0.18348691253045854,0.945526685344959,0.6447947454844006,0.31414892533360494,0.4254807692307692,0.3045,0.8692,0.10968,0.02112,0.46118255514941686
cfl_exp2_alpha0.5_n_mm2_seed1,2,0.5,1,1.0,0.0,0.99,5,50,0.49999999999999994,oracle,8,17,0.11082774461089384,0.7673284113849168,0.7673284113849168,0.706698416957484,0.37710810063588607,0.6991859559038782,1.0650194147396779,0.06804922719657003,0.10365446775698943,0.9998579920947733,0.652370503357936,0.2768321272041586,0.4843152257077276,0.30078,0.79066,0.18086,0.02848,
cfl_exp2_alpha0.5_n_mm2_seed1,2,0.5,1,1.0,0.0,0.99,20,50,0.49999999999999994,competitive,8,17,0.11082774461089384,0.7673284113849168,0.7673284113849168,0.706698416957484,0.37710810063588607,0.18504955536897508,0.28187260841377304,0.0,0.0,0.11305671801187898,1.0,0.40318302387267907,0.0,0.53534,0.0,0.0,0.0,
cfl_exp2_alpha0.5_n_mm2_seed1,2,0.5,1,1.0,0.0,0.99,20,50,0.49999999999999994,markout,8,17,0.11082774461089384,0.7673284113849168,0.7673284113849168,0.706698416957484,0.37710810063588607,0.398299128458786,0.6067002649304031,0.33301053266380004,0.5072508673908585,0.9451352419193674,0.5463968410661402,0.3778552071234998,0.3698119073527126,0.28364,0.97776,0.0,0.02224,
cfl_exp2_alpha0.5_n_mm2_seed1,2,0.5,1,1.0,0.0,0.99,20,50,0.49999999999999994,anon,8,17,0.11082774461089384,0.7673284113849168,0.7673284113849168,0.706698416957484,0.37710810063588607,0.581454205453632,0.8856871514096679,0.09737038603942702,0.14831726907132498,0.8651885300790989,0.6616517078840317,0.33853810871474577,0.4360687022900763,0.30974,0.89246,0.08432,0.02322,0.4784308355893013
cfl_exp2_alpha0.5_n_mm2_seed1,2,0.5,1,1.0,0.0,0.99,20,50,0.49999999999999994,id,8,17,0.11082774461089384,0.7673284113849168,0.7673284113849168,0.706698416957484,0.37710810063588607,0.6598296738057853,1.0050708357207323,0.11808518898643255,0.1798706306982003,1.0161255760170387,0.6663063521332739,0.29582975474759043,0.41291920731707316,0.31454,0.8932,0.08662,0.02018,0.4453141436485537
cfl_exp2_alpha0.5_n_mm2_seed1,2,0.5,1,1.0,0.0,0.99,20,50,0.49999999999999994,oracle,8,17,0.11082774461089384,0.7673284113849168,0.7673284113849168,0.706698416957484,0.37710810063588607,0.6991859559038782,1.0650194147396779,0.06804922719657003,0.10365446775698943,0.9998579920947733,0.652370503357936,0.2768321272041586,0.4843152257077276,0.30078,0.79066,0.18086,0.02848,
cfl_exp2_alpha0.5_n_mm2_seed2,2,0.5,2,1.0,0.0,0.9,1,50,0.49999999999999994,competitive,8,17,0.11082774461089384,0.7673284113849168,0.7673284113849168,0.6841010506625322,0.38819954418840213,0.10496012896314288,0.1598781757205308,0.007124220547930077,0.01085181007193453,0.0019140953905712767,0.9142931800365822,0.41689462295349694,0.40897212543554007,0.53578,0.0,0.0,0.0,
cfl_exp2_alpha0.5_n_mm2_seed2,2,0.5,2,1.0,0.0,0.9,1,50,0.49999999999999994,markout,8,17,0.11082774461089384,0.7673284113849168,0.7673284113849168,0.6841010506625322,0.38819954418840213,0.6246874955162289,0.9515412963491405,0.10622881502846045,0.16181067347647637,0.9445360794237229,0.862588973338159,0.3855944055944056,0.3617208077260755,0.16578,1.0,0.0,0.0,
cfl_exp2_alpha0.5_n_mm2_seed2,2,0.5,2,1.0,0.0,0.9,1,50,0.49999999999999994,anon,8,17,0.11082774461089384,0.7673284113849168,0.7673284113849168,0.6841010506625322,0.38819954418840213,0.47224575255369416,0.7193378109945591,0.0519635622639318,0.07915233737579494,0.6296742579684601,0.6392368872485314,0.3717166788647638,0.42953890489913543,0.38474,0.86966,0.09716,0.03318,0.48561796326074386
cfl_exp2_alpha0.5_n_mm2_seed2,2,0.5,2,1.0,0.0,0.9,1,50,0.49999999999999994,id,8,17,0.11082774461089384,0.7673284113849168,0.7673284113849168,0.6841010506625322,0.38819954418840213,0.5192074715033778,0.7908712020883545,0.06233939842690207,0.0949570984188508,0.7170124101053111,0.6437062367692559,0.3574500379458639,0.4270262035344302,0.36846,0.85934,0.10868,0.03198,0.47664972290986446
cfl_exp2_alpha0.5_n_mm2_seed2,2,0.5,2,1.0,0.0,0.9,1,50,0.49999999999999994,oracle,8,17,0.11082774461089384,0.7673284113849168,0.7673284113849168,0.6841010506625322,0.38819954418840213,0.5209497488141874,0.7935250871474071,0.08014330044308043,0.12207649511903225,0.7467856918645454,0.6266585243990451,0.35019489723600283,0.4328624535315985,0.36026,0.85282,0.1179,0.02928,
cfl_exp2_alpha0.5_n_mm2_seed2,2,0.5,2,1.0,0.0,0.9,5,50,0.49999999999999994,competitive,8,17,0.11082774461089384,0.7673284113849168,0.7673284113849168,0.6841010506625322,0.38819954418840213,0.10496012896314288,0.1598781757205308,0.007124220547930077,0.01085181007193453,0.0019140953905712767,0.9142931800365822,0.41689462295349694,0.40897212543554007,0.53578,0.0,0.0,0.0,
cfl_exp2_alpha0.5_n_mm2_seed2,2,0.5,2,1.0,0.0,0.9,5,50,0.49999999999999994,markout,8,17,0.11082774461089384,0.7673284113849168,0.7673284113849168,0.6841010506625322,0.38819954418840213,0.6246874955162289,0.9515412963491405,0.10622881502846045,0.16181067347647637,0.9445360794237229,0.862588973338159,0.3855944055944056,0.3617208077260755,0.16578,1.0,0.0,0.0,
cfl_exp2_alpha0.5_n_mm2_seed2,2,0.5,2,1.0,0.0,0.9,5,50,0.49999999999999994,anon,8,17,0.11082774461089384,0.7673284113849168,0.7673284113849168,0.6841010506625322,0.38819954418840213,0.44654673891240726,0.6801923615808224,0.042286352117975205,0.0644117428330515,0.5757882140119799,0.6569577637216895,0.3831819240624272,0.43048327137546466,0.39208,0.87896,0.08444,0.0366,0.48702298499047203
cfl_exp2_alpha0.5_n_mm2_seed2,2,0.5,2,1.0,0.0,0.9,5,50,0.49999999999999994,id,8,17,0.11082774461089384,0.7673284113849168,0.7673284113849168,0.6841010506625322,0.38819954418840213,0.5049937208262868,0.7692204233512423,0.06556524233518826,0.09987079321239557,0.7002753261617438,0.6408288564850345,0.3557741659538067,0.42994505494505497,0.36484,0.86204,0.1081,0.02986,0.48403721777141334
cfl_exp2_alpha0.5_n_mm2_seed2,2,0.5,2,1.0,0.0,0.9,5,50,0.49999999999999994,oracle,8,17,0.11082774461089384,0.7673284113849168,0.7673284113849168,0.6841010506625322,0.38819954418840213,0.5209497488141874,0.7935250871474071,0.08014330044308043,0.12207649511903225,0.7467856918645454,0.6266585243990451,0.35019489723600283,0.4328624535315985,0.36026,0.85282,0.1179,0.02928,
cfl_exp2_alpha0.5_n_mm2_seed2,2,0.5,2,1.0,0.0,0.9,20,50,0.49999999999999994,competitive,8,17,0.11082774461089384,0.7673284113849168,0.7673284113849168,0.6841010506625322,0.38819954418840213,0.10496012896314288,0.1598781757205308,0.007124220547930077,0.01085181007193453,0.0019140953905712767,0.9142931800365822,0.41689462295349694,0.40897212543554007,0.53578,0.0,0.0,0.0,
cfl_exp2_alpha0.5_n_mm2_seed2,2,0.5,2,1.0,0.0,0.9,20,50,0.49999999999999994,markout,8,17,0.11082774461089384,0.7673284113849168,0.7673284113849168,0.6841010506625322,0.38819954418840213,0.6246874955162289,0.9515412963491405,0.10622881502846045,0.16181067347647637,0.9445360794237229,0.862588973338159,0.3855944055944056,0.3617208077260755,0.16578,1.0,0.0,0.0,
cfl_exp2_alpha0.5_n_mm2_seed2,2,0.5,2,1.0,0.0,0.9,20,50,0.49999999999999994,anon,8,17,0.11082774461089384,0.7673284113849168,0.7673284113849168,0.6841010506625322,0.38819954418840213,0.42502698580771814,0.6474128775775008,0.08083098409970463,0.12312399391290767,0.6017209810885145,0.6383557425844196,0.38628507114719834,0.4076912161203349,0.38972,0.89164,0.07752,0.03084,0.4844929921281371
cfl_exp2_alpha0.5_n_mm2_seed2,2,0.5,2,1.0,0.0,0.9,20,50,0.49999999999999994,id,8,17,0.11082774461089384,0.7673284113849168,0.7673284113849168,0.6841010506625322,0.38819954418840213,0.538013514695907,0.8195170879865976,0.03738339433655073,0.056943421733673026,0.7076446193183765,0.6467334757132687,0.3605419136325148,0.43435126337002017,0.36522,0.85942,0.1115,0.02908,0.4806497592974114
cfl_exp2_alpha0.5_n_mm2_seed2,2,0.5,2,1.0,0.0,0.9,20,50,0.49999999999999994,oracle,8,17,0.11082774461089384,0.7673284113849168,0.7673284113849168,0.6841010506625322,0.38819954418840213,0.5209497488141874,0.7935250871474071,0.08014330044308043,0.12207649511903225,0.7467856918645454,0.6266585243990451,0.35019489723600283,0.4328624535315985,0.36026,0.85282,0.1179,0.02928,
cfl_exp2_alpha0.5_n_mm2_seed2,2,0.5,2,1.0,0.0,0.99,1,50,0.49999999999999994,competitive,8,17,0.11082774461089384,0.7673284113849168,0.7673284113849168,0.6820922763018717,0.38563846793273227,0.1863120441424584,0.2837956662831383,0.014838527531491681,0.022602456147389288,0.13758223202863346,0.9138780997908574,0.40224765018389863,0.396357328707719,0.53552,0.0,0.0,0.0,
cfl_exp2_alpha0.5_n_mm2_seed2,2,0.5,2,1.0,0.0,0.99,1,50,0.49999999999999994,markout,8,17,0.11082774461089384,0.7673284113849168,0.7673284113849168,0.6820922763018717,0.38563846793273227,0.586736497376353,0.8937332847802213,0.09512114315625182,0.14489116001003835,0.8698085543883656,0.8586744639376218,0.3959988649262202,0.3956896551724138,0.16416,1.0,0.0,0.0,
cfl_exp2_alpha0.5_n_mm2_seed2,2,0.5,2,1.0,0.0,0.99,1,50,0.49999999999999994,anon,8,17,0.11082774461089384,0.7673284113849168,0.7673284113849168,0.6820922763018717,0.38563846793273227,0.6951560006532133,1.0588808752763934,0.03445675649836163,0.052485485913789855,0.9425504707882891,0.7417677642980935,0.3178404539385848,0.4484659635666347,0.32312,0.90642,0.07524,0.01834,0.4548446417306332
cfl_exp2_alpha0.5_n_mm2_seed2,2,0.5,2,1.0,0.0,0.99,1,50,0.49999999999999994,id,8,17,0.11082774461089384,0.7673284113849168,0.7673284113849168,0.6820922763018717,0.38563846793273227,0.7555840477202066,1.1509265503614325,0.0707203976151625,0.10772326852716736,1.0898339284867058,0.7431015630025085,0.2911797801436856,0.40786179268903355,0.31094,0.90858,0.06496,0.02646,0.42517232098462315
cfl_exp2_alpha0.5_n_mm2_seed2,2,0.5,2,1.0,0.0,0.99,1,50,0.49999999999999994,oracle,8,17,0.11082774461089384,0.7673284113849168,0.7673284113849168,0.6820922763018717,0.38563846793273227,0.8569370906928934,1.3053103127888575,0.028567562808778302,0.04351490296141873,1.1800093253483819,0.8352792235194824,0.2862074772650724,0.4457728437233134,0.28436,0.94602,0.0435,0.01048,
cfl_exp2_alpha0.5_n_mm2_seed2,2,0.5,2,1.0,0.0,0.99,5,50,0.49999999999999994,competitive,8,17,0.11082774461089384,0.7673284113849168,0.7673284113849168,0.6820922763018717,0.38563846793273227,0.1863120441424584,0.2837956662831383,0.014838527531491681,0.022602456147389288,0.13758223202863346,0.9138780997908574,0.40224765018389863,0.396357328707719,0.53552,0.0,0.0,0.0,
cfl_exp2_alpha0.5_n_mm2_seed2,2,0.5,2,1.0,0.0,0.99,5,50,0.49999999999999994,markout,8,17,0.11082774461089384,0.7673284113849168,0.7673284113849168,0.6820922763018717,0.38563846793273227,0.586736497376353,0.8937332847802213,0.09512114315625182,0.14489116001003835,0.8698085543883656,0.8586744639376218,0.3959988649262202,0.3956896551724138,0.16416,1.0,0.0,0.0,
cfl_exp2_alpha0.5_n_mm2_seed2,2,0.5,2,1.0,0.0,0.99,5,50,0.49999999999999994,anon,8,17,0.11082774461089384,0.7673284113849168,0.7673284113849168,0.6820922763018717,0.38563846793273227,0.649507096700914,0.9893472003501921,0.015100348126807363,0.02300126853032599,0.8435325784786241,0.7343448790498104,0.3255144381404014,0.46980337078651685,0.32162,0.89714,0.08254,0.02032,0.4666677001127493
cfl_exp2_alpha0.5_n_mm2_seed2,2,0.5,2,1.0,0.0,0.99,5,50,0.49999999999999994,id,8,17,0.11082774461089384,0.7673284113849168,0.7673284113849168,0.6820922763018717,0.38563846793273227,0.67875661217156,1.0339008724955308,0.05738254614750794,0.08740668372734471,0.9524916658209813,0.7344303966820523,0.32188723927497953,0.4287153652392947,0.29898,0.90584,0.06956,0.0246,0.4550677177472483
cfl_exp2_alpha0.5_n_mm2_seed2,2,0.5,2,1.0,0.0,0.99,5,50,0.49999999999999994,oracle,8,17,0.11082774461089384,0.7673284113849168,0.7673284113849168,0.6820922763018717,0.38563846793273227,0.8569370906928934,1.3053103127888575,0.028567562808778302,0.04351490296141873,1.1800093253483819,0.8352792235194824,0.2862074772650724,0.4457728437233134,0.28436,0.94602,0.0435,0.01048,
cfl_exp2_alpha0.5_n_mm2_seed2,2,0.5,2,1.0,0.0,0.99,20,50,0.49999999999999994,competitive,8,17,0.11082774461089384,0.7673284113849168,0.7673284113849168,0.6820922763018717,0.38563846793273227,0.1863120441424584,0.2837956662831383,0.014838527531491681,0.022602456147389288,0.13758223202863346,0.9138780997908574,0.40224765018389863,0.396357328707719,0.53552,0.0,0.0,0.0,
cfl_exp2_alpha0.5_n_mm2_seed2,2,0.5,2,1.0,0.0,0.99,20,50,0.49999999999999994,markout,8,17,0.11082774461089384,0.7673284113849168,0.7673284113849168,0.6820922763018717,0.38563846793273227,0.586736497376353,0.8937332847802213,0.09512114315625182,0.14489116001003835,0.8698085543883656,0.8586744639376218,0.3959988649262202,0.3956896551724138,0.16416,1.0,0.0,0.0,
cfl_exp2_alpha0.5_n_mm2_seed2,2,0.5,2,1.0,0.0,0.99,20,50,0.49999999999999994,anon,8,17,0.11082774461089384,0.7673284113849168,0.7673284113849168,0.6820922763018717,0.38563846793273227,0.7067402650888013,1.0765263477364777,0.02539962253163569,0.03868940858270081,0.9463998659172844,0.7582036947010209,0.32275386711549253,0.4558934405629555,0.32912,0.90538,0.07302,0.0216,0.4578966415286393
cfl_exp2_alpha0.5_n_mm2_seed2,2,0.5,2,1.0,0.0,0.99,20,50,0.49999999999999994,id,8,17,0.11082774461089384,0.7673284113849168,0.7673284113849168,0.6820922763018717,0.38563846793273227,0.7246119068119493,1.103748927434633,0.024706896813345477,0.037634229580835975,0.9725672666135751,0.7528816043707109,0.3147787610619469,0.4513345915341062,0.30018,0.90764,0.07096,0.0214,0.45365904316723304
cfl_exp2_alpha0.5_n_mm2_seed2,2,0.5,2,1.0,0.0,0.99,20,50,0.49999999999999994,oracle,8,17,0.11082774461089384,0.7673284113849168,0.7673284113849168,0.6820922763018717,0.38563846793273227,0.8569370906928934,1.3053103127888575,0.028567562808778302,0.04351490296141873,1.1800093253483819,0.8352792235194824,0.2862074772650724,0.4457728437233134,0.28436,0.94602,0.0435,0.01048,
cfl_exp2_alpha0.5_n_mm2_seed3,2,0.5,3,1.0,0.0,0.9,1,50,0.49999999999999994,competitive,8,17,0.11082774461089384,0.7673284113849168,0.7673284113849168,0.725795561618066,0.3920696324951644,0.06757225084020978,0.10292792415924404,0.0,0.0,-0.06588796624265003,1.0,0.4287119349347456,0.0,0.5287,0.0,0.0,0.0,
cfl_exp2_alpha0.5_n_mm2_seed3,2,0.5,3,1.0,0.0,0.9,1,50,0.49999999999999994,markout,8,17,0.11082774461089384,0.7673284113849168,0.7673284113849168,0.725795561618066,0.3920696324951644,0.282570334054377,0.4304189597291632,0.28965100033328456,0.44120442673211574,0.7028074960593849,0.5029993054240071,0.4079839317097665,0.4041417863041545,0.31674,0.95132,0.0,0.04868,
cfl_exp2_alpha0.5_n_mm2_seed3,2,0.5,3,1.0,0.0,0.9,1,50,0.49999999999999994,anon,8,17,0.11082774461089384,0.7673284113849168,0.7673284113849168,0.725795561618066,0.3920696324951644,0.4221545318041559,0.6430374760753558,0.1096948273023238,0.1670901993768764,0.6413117850503381,0.6329815458994164,0.3870156482861401,0.4260240963855422,0.33922,0.91032,0.06698,0.0227,0.50422102939968
cfl_exp2_alpha0.5_n_mm2_seed3,2,0.5,3,1.0,0.0,0.9,1,50,0.49999999999999994,id,8,17,0.11082774461089384,0.7673284113849168,0.7673284113849168,0.725795561618066,0.3920696324951644,0.44014699006401986,0.6704440868687264,0.07546764817278878,0.11495441207033205,0.6165826085371643,0.6143593903923046,0.3706847764572722,0.44267468069120963,0.34514,0.8728,0.10218,0.02502,0.5002202689700856
cfl_exp2_alpha0.5_n_mm2_seed3,2,0.5,3,1.0,0.0,0.9,1,50,0.49999999999999994,oracle,8,17,0.11082774461089384,0.7673284113849168,0.7673284113849168,0.725795561618066,0.3920696324951644,0.3984137663052679,0.6068748844735107,0.10175187735343777,0.15499127800347268,0.5930502720750892,0.5912651451112989,0.36389630194433853,0.42644422997380393,0.3549,0.85814,0.11442,0.02744,
cfl_exp2_alpha0.5_n_mm2_seed3,2,0.5,3,1.0,0.0,0.9,5,50,0.49999999999999994,competitive,8,17,0.11082774461089384,0.7673284113849168,0.7673284113849168,0.725795561618066,0.3920696324951644,0.06757225084020978,0.10292792415924404,0.0,0.0,-0.06588796624265003,1.0,0.4287119349347456,0.0,0.5287,0.0,0.0,0.0,
cfl_exp2_alpha0.5_n_mm2_seed3,2,0.5,3,1.0,0.0,0.9,5,50,0.49999999999999994,markout,8,17,0.11082774461089384,0.7673284113849168,0.7673284113849168,0.725795561618066,0.3920696324951644,0.282570334054377,0.4304189597291632,0.28965100033328456,0.44120442673211574,0.7028074960593849,0.5029993054240071,0.4079839317097665,0.4041417863041545,0.31674,0.95132,0.0,0.04868,
cfl_exp2_alpha0.5_n_mm2_seed3,2,0.5,3,1.0,0.0,0.9,5,50,0.49999999999999994,anon,8,17,0.11082774461089384,0.7673284113849168,0.7673284113849168,0.725795561618066,0.3920696324951644,0.441964601531642,0.6732127230021118,0.09763522250259371,0.14872067530770866,0.6531175079079262,0.6356358111266948,0.3909166130366829,0.4327185244587009,0.34224,0.9173,0.06056,0.02214,0.5059684682842344
cfl_exp2_alpha0.5_n_mm2_seed3,2,0.5,3,1.0,0.0,0.9,5,50,0.49999999999999994,id,8,17,0.11082774461089384,0.7673284113849168,0.7673284113849168,0.725795561618066,0.3920696324951644,0.4665130493125756,0.7106055986279084,0.0787116719677554,0.11989579897083197,0.6616855071968463,0.6124366067312126,0.3605909475863367,0.4362825278810409,0.34704,0.88344,0.0921,0.02446,0.4902317549495747
cfl_exp2_alpha0.5_n_mm2_seed3,2,0.5,3,1.0,0.0,0.9,5,50,0.49999999999999994,oracle,8,17,0.11082774461089384,0.7673284113849168,0.7673284113849168,0.725795561618066,0.3920696324951644,0.3984137663052679,0.6068748844735107,0.10175187735343777,0.15499127800347268,0.5930502720750892,0.5912651451112989,0.36389630194433853,0.42644422997380393,0.3549,0.85814,0.11442,0.02744,
cfl_exp2_alpha0.5_n_mm2_seed3,2,0.5,3,1.0,0.0,0.9,20,50,0.49999999999999994,competitive,8,17,0.11082774461089384,0.7673284113849168,0.7673284113849168,0.725795561618066,0.3920696324951644,0.06757225084020978,0.10292792415924404,0.0,0.0,-0.06588796624265003,1.0,0.4287119349347456,0.0,0.5287,0.0,0.0,0.0,
cfl_exp2_alpha0.5_n_mm2_seed3,2,0.5,3,1.0,0.0,0.9,20,50,0.49999999999999994,markout,8,17,0.11082774461089384,0.7673284113849168,0.7673284113849168,0.725795561618066,0.3920696324951644,0.282570334054377,0.4304189597291632,0.28965100033328456,0.44120442673211574,0.7028074960593849,0.5029993054240071,0.4079839317097665,0.4041417863041545,0.31674,0.95132,0.0,0.04868,
cfl_exp2_alpha0.5_n_mm2_seed3,2,0.5,3,1.0,0.0,0.9,20,50,0.49999999999999994,anon,8,17,0.11082774461089384,0.7673284113849168,0.7673284113849168,0.725795561618066,0.3920696324951644,0.3603248108675638,0.5488567325272692,0.10874631945153371,0.16564540594589489,0.54568624807127,0.6076121925950161,0.4059947949385264,0.4252362423568649,0.36678,0.90958,0.0673,0.02312,0.5069396605709712
cfl_exp2_alpha0.5_n_mm2_seed3,2,0.5,3,1.0,0.0,0.9,20,50,0.49999999999999994,id,8,17,0.11082774461089384,0.7673284113849168,0.7673284113849168,0.725795561618066,0.3920696324951644,0.48399138823570187,0.7372290886070016,0.07745870948838339,0.11798725181652527,0.6864004500216329,0.6278040141676505,0.36426892336624356,0.4425059476605868,0.3388,0.88798,0.08896,0.02306,0.4973775066291461
cfl_exp2_alpha0.5_n_mm2_seed3,2,0.5,3,1.0,0.0,0.9,20,50,0.49999999999999994,oracle,8,17,0.11082774461089384,0.7673284113849168,0.7673284113849168,0.725795561618066,0.3920696324951644,0.3984137663052679,0.6068748844735107,0.10175187735343777,0.15499127800347268,0.5930502720750892,0.5912651451112989,0.36389630194433853,0.42644422997380393,0.3549,0.85814,0.11442,0.02744,
cfl_exp2_alpha0.5_n_mm2_seed3,2,0.5,3,1.0,0.0,0.99,1,50,0.49999999999999994,competitive,8,17,0.11082774461089384,0.7673284113849168,0.7673284113849168,0.754777919325756,0.38977946177013506,0.21445394910099666,0.3266621954168019,0.0,0.0,0.15784630501490787,1.0,0.3983540014151119,0.0,0.53706,0.0,0.0,0.0,
cfl_exp2_alpha0.5_n_mm2_seed3,2,0.5,3,1.0,0.0,0.99,1,50,0.49999999999999994,markout,8,17,0.11082774461089384,0.7673284113849168,0.7673284113849168,0.754777919325756,0.38977946177013506,0.31084819390177426,0.47349257911534265,0.3102088531208427,0.4725187175287684,0.777195406242217,0.5087729804179891,0.3950094161958569,0.39107643545044496,0.33398,0.91416,0.0,0.08584,
cfl_exp2_alpha0.5_n_mm2_seed3,2,0.5,3,1.0,0.0,0.99,1,50,0.49999999999999994,anon,8,17,0.11082774461089384,0.7673284113849168,0.7673284113849168,0.754777919325756,0.38977946177013506,0.4458281173220187,0.6790977372692893,0.13112549553312397,0.19973398683273427,0.7100158337001296,0.5446264956343646,0.3231073725878278,0.4178009231861759,0.37108,0.80328,0.15684,0.03988,0.4695186230588334
cfl_exp2_alpha0.5_n_mm2_seed3,2,0.5,3,1.0,0.0,0.99,1,50,0.49999999999999994,id,8,17,0.11082774461089384,0.7673284113849168,0.7673284113849168,0.754777919325756,0.38977946177013506,0.49132592232244693,0.7484012540867204,0.18210302311126308,0.27738436886301837,0.8569697325478447,0.5516635613521427,0.2926758660619512,0.3809071479458561,0.3757,0.81596,0.14084,0.0432,0.43640701803506626
cfl_exp2_alpha0.5_n_mm2_seed3,2,0.5,3,1.0,0.0,0.99,1,50,0.49999999999999994,oracle,8,17,0.11082774461089384,0.7673284113849168,0.7673284113849168,0.754777919325756,0.38977946177013506,0.48094492500998304,0.7325886314377975,0.22366528829740173,0.340693162425059,0.9044659034609626,0.5545544445665311,0.27947295423023577,0.3639615194869265,0.36404,0.83976,0.1257,0.03454,
cfl_exp2_alpha0.5_n_mm2_seed3,2,0.5,3,1.0,0.0,0.99,5,50,0.49999999999999994,competitive,8,17,0.11082774461089384,0.7673284113849168,0.7673284113849168,0.754777919325756,0.38977946177013506,0.21445394910099666,0.3266621954168019,0.0,0.0,0.15784630501490787,1.0,0.3983540014151119,0.0,0.53706,0.0,0.0,0.0,
cfl_exp2_alpha0.5_n_mm2_seed3,2,0.5,3,1.0,0.0,0.99,5,50,0.49999999999999994,markout,8,17,0.11082774461089384,0.7673284113849168,0.7673284113849168,0.754777919325756,0.38977946177013506,0.31084819390177426,0.47349257911534265,0.3102088531208427,0.4725187175287684,0.777195406242217,0.5087729804179891,0.3950094161958569,0.39107643545044496,0.33398,0.91416,0.0,0.08584,
cfl_exp2_alpha0.5_n_mm2_seed3,2,0.5,3,1.0,0.0,0.99,5,50,0.49999999999999994,anon,8,17,0.11082774461089384,0.7673284113849168,0.7673284113849168,0.754777919325756,0.38977946177013506,0.44097602409539505,0.6717068944686775,0.1310818773681054,0.19966754643560122,0.7025585505023846,0.5486687965921193,0.3389945652173913,0.4110429447852761,0.3756,0.82008,0.15002,0.0299,0.47335096092547824
cfl_exp2_alpha0.5_n_mm2_seed3,2,0.5,3,1.0,0.0,0.99,5,50,0.49999999999999994,id,8,17,0.11082774461089384,0.7673284113849168,0.7673284113849168,0.754777919325756,0.38977946177013506,0.4574291452007266,0.6967687442702634,0.1503796899875779,0.22906250914645415,0.7570153630148233,0.5370780298837853,0.3112828438948995,0.4139868499701136,0.3614,0.79592,0.1603,0.04378,0.4644342895919374
cfl_exp2_alpha0.5_n_mm2_seed3,2,0.5,3,1.0,0.0,0.99,5,50,0.49999999999999994,oracle,8,17,0.11082774461089384,0.7673284113849168,0.7673284113849168,0.754777919325756,0.38977946177013506,0.48094492500998304,0.7325886314377975,0.22366528829740173,0.340693162425059,0.9044659034609626,0.5545544445665311,0.27947295423023577,0.3639615194869265,0.36404,0.83976,0.1257,0.03454,
cfl_exp2_alpha0.5_n_mm2_seed3,2,0.5,3,1.0,0.0,0.99,20,50,0.49999999999999994,competitive,8,17,0.11082774461089384,0.7673284113849168,0.7673284113849168,0.754777919325756,0.38977946177013506,0.21445394910099666,0.3266621954168019,0.0,0.0,0.15784630501490787,1.0,0.3983540014151119,0.0,0.53706,0.0,0.0,0.0,
cfl_exp2_alpha0.5_n_mm2_seed3,2,0.5,3,1.0,0.0,0.99,20,50,0.49999999999999994,markout,8,17,0.11082774461089384,0.7673284113849168,0.7673284113849168,0.754777919325756,0.38977946177013506,0.31084819390177426,0.47349257911534265,0.3102088531208427,0.4725187175287684,0.777195406242217,0.5087729804179891,0.3950094161958569,0.39107643545044496,0.33398,0.91416,0.0,0.08584,
cfl_exp2_alpha0.5_n_mm2_seed3,2,0.5,3,1.0,0.0,0.99,20,50,0.49999999999999994,anon,8,17,0.11082774461089384,0.7673284113849168,0.7673284113849168,0.754777919325756,0.38977946177013506,0.4312212127293043,0.6568480955979545,0.15327977308781415,0.2334799960539496,0.7215122012500099,0.5605571689792406,0.34222392785186606,0.40631501652184554,0.37188,0.83184,0.13402,0.03414,0.46893075169786164
cfl_exp2_alpha0.5_n_mm2_seed3,2,0.5,3,1.0,0.0,0.99,20,50,0.49999999999999994,id,8,17,0.11082774461089384,0.7673284113849168,0.7673284113849168,0.754777919325756,0.38977946177013506,0.4270955636324238,0.6505637926174968,0.09742392026661274,0.14839881388901538,0.6301467161046181,0.5360899326618065,0.31693138170870966,0.43426103646833014,0.35938,0.77188,0.1768,0.05132,0.48150227142716706
cfl_exp2_alpha0.5_n_mm2_seed3,2,0.5,3,1.0,0.0,0.99,20,50,0.49999999999999994,oracle,8,17,0.11082774461089384,0.7673284113849168,0.7673284113849168,0.754777919325756,0.38977946177013506,0.48094492500998304,0.7325886314377975,0.22366528829740173,0.340693162425059,0.9044659034609626,0.5545544445665311,0.27947295423023577,0.3639615194869265,0.36404,0.83976,0.1257,0.03454,
cfl_exp2_alpha0.5_n_mm2_seed4,2,0.5,4,1.0,0.0,0.9,1,50,0.5,competitive,8,17,0.11082774461089362,0.7673284113849168,0.7673284113849168,0.6219557388207878,0.3891139426972085,0.12992887493195202,0.19791126118791189,0.0,0.0,0.029095370786018218,1.0,0.41324345461993967,0.0,0.53702,0.0,0.0,0.0,
cfl_exp2_alpha0.5_n_mm2_seed4,2,0.5,4,1.0,0.0,0.9,1,50,0.5,markout,8,17,0.11082774461089362,0.7673284113849168,0.7673284113849168,0.6219557388207878,0.3891139426972085,-0.0005236660710066027,-0.0007976626643501277,0.6220379726362546,0.9475054697093992,0.7778919166431554,0.0014732965009208103,0.75,0.3887126521578753,0.2715,0.00244,0.0,0.99756,
cfl_exp2_alpha0.5_n_mm2_seed4,2,0.5,4,1.0,0.0,0.9,1,50,0.5,anon,8,17,0.11082774461089362,0.7673284113849168,0.7673284113849168,0.6219557388207878,0.3891139426972085,0.43773868904735924,0.6667756960527735,0.009995055780236444,0.015224745816864317,0.5131845514677442,0.5836254897917096,0.3771201413427562,0.4457652303120357,0.38792,0.84824,0.12782,0.02394,0.4948529153149684
cfl_exp2_alpha0.5_n_mm2_seed4,2,0.5,4,1.0,0.0,0.9,1,50,0.5,id,8,17,0.11082774461089362,0.7673284113849168,0.7673284113849168,0.6219557388207878,0.3891139426972085,0.4906059718442061,0.7473046055764017,0.006950838062393076,0.010587709067454234,0.5890764242419623,0.5793253883805065,0.3447515841675085,0.4633868723915518,0.37592,0.83256,0.14476,0.02268,0.4865546638147528
cfl_exp2_alpha0.5_n_mm2_seed4,2,0.5,4,1.0,0.0,0.9,1,50,0.5,oracle,8,17,0.11082774461089362,0.7673284113849168,0.7673284113849168,0.6219557388207878,0.3891139426972085,0.4790684837984003,0.7297303842088898,0.020051004126272753,0.030542244876614257,0.5914567386836105,0.5852162685603616,0.3497885640742784,0.4674448767833982,0.37176,0.82384,0.15424,0.02192,
cfl_exp2_alpha0.5_n_mm2_seed4,2,0.5,4,1.0,0.0,0.9,5,50,0.5,competitive,8,17,0.11082774461089362,0.7673284113849168,0.7673284113849168,0.6219557388207878,0.3891139426972085,0.12992887493195202,0.19791126118791189,0.0,0.0,0.029095370786018218,1.0,0.41324345461993967,0.0,0.53702,0.0,0.0,0.0,
cfl_exp2_alpha0.5_n_mm2_seed4,2,0.5,4,1.0,0.0,0.9,5,50,0.5,markout,8,17,0.11082774461089362,0.7673284113849168,0.7673284113849168,0.6219557388207878,0.3891139426972085,-0.0005236660710066027,-0.0007976626643501277,0.6220379726362546,0.9475054697093992,0.7778919166431554,0.0014732965009208103,0.75,0.3887126521578753,0.2715,0.00244,0.0,0.99756,
cfl_exp2_alpha0.5_n_mm2_seed4,2,0.5,4,1.0,0.0,0.9,5,50,0.5,anon,8,17,0.11082774461089362,0.7673284113849168,0.7673284113849168,0.6219557388207878,0.3891139426972085,0.4354616960299878,0.66330731721843,0.013666157750459835,0.020816670023526298,0.5153080968400626,0.5985803199423898,0.38618200567156485,0.43285494618144543,0.38882,0.86012,0.11752,0.02236,0.494681228613026
cfl_exp2_alpha0.5_n_mm2_seed4,2,0.5,4,1.0,0.0,0.9,5,50,0.5,id,8,17,0.11082774461089362,0.7673284113849168,0.7673284113849168,0.6219557388207878,0.3891139426972085,0.48116859745487556,0.7329293355013462,0.015090720636995002,0.02298660367117257,0.5871000487706252,0.5725069946682152,0.35269709543568467,0.46480612496912815,0.37886,0.82642,0.14886,0.02472,0.4927652250062105
cfl_exp2_alpha0.5_n_mm2_seed4,2,0.5,4,1.0,0.0,0.9,5,50,0.5,oracle,8,17,0.11082774461089362,0.7673284113849168,0.7673284113849168,0.6219557388207878,0.3891139426972085,0.4790684837984003,0.7297303842088898,0.020051004126272753,0.030542244876614257,0.5914567386836105,0.5852162685603616,0.3497885640742784,0.4674448767833982,0.37176,0.82384,0.15424,0.02192,
cfl_exp2_alpha0.5_n_mm2_seed4,2,0.5,4,1.0,0.0,0.9,20,50,0.5,competitive,8,17,0.11082774461089362,0.7673284113849168,0.7673284113849168,0.6219557388207878,0.3891139426972085,0.12992887493195202,0.19791126118791189,0.0,0.0,0.029095370786018218,1.0,0.41324345461993967,0.0,0.53702,0.0,0.0,0.0,
cfl_exp2_alpha0.5_n_mm2_seed4,2,0.5,4,1.0,0.0,0.9,20,50,0.5,markout,8,17,0.11082774461089362,0.7673284113849168,0.7673284113849168,0.6219557388207878,0.3891139426972085,-0.0005236660710066027,-0.0007976626643501277,0.6220379726362546,0.9475054697093992,0.7778919166431554,0.0014732965009208103,0.75,0.3887126521578753,0.2715,0.00244,0.0,0.99756,
cfl_exp2_alpha0.5_n_mm2_seed4,2,0.5,4,1.0,0.0,0.9,20,50,0.5,anon,8,17,0.11082774461089362,0.7673284113849168,0.7673284113849168,0.6219557388207878,0.3891139426972085,0.4426207377715675,0.6742121678970416,-0.0066889438261954655,-0.010188784512686405,0.49520749298246164,0.610100903931049,0.3944353518821604,0.43644696050680687,0.38056,0.86962,0.1092,0.02118,0.5029867412368038
cfl_exp2_alpha0.5_n_mm2_seed4,2,0.5,4,1.0,0.0,0.9,20,50,0.5,id,8,17,0.11082774461089362,0.7673284113849168,0.7673284113849168,0.6219557388207878,0.3891139426972085,0.5020429073796899,0.7647256625749935,-0.011419810475271602,-0.01739497163253067,0.5785148005405691,0.5907143622148442,0.3526425528057293,0.46356142875834094,0.37348,0.842,0.13444,0.02356,0.49297388034665013
cfl_exp2_alpha0.5_n_mm2_seed4,2,0.5,4,1.0,0.0,0.9,20,50,0.5,oracle,8,17,0.11082774461089362,0.7673284113849168,0.7673284113849168,0.6219557388207878,0.3891139426972085,0.4790684837984003,0.7297303842088898,0.020051004126272753,0.030542244876614257,0.5914567386836105,0.5852162685603616,0.3497885640742784,0.4674448767833982,0.37176,0.82384,0.15424,0.02192,
cfl_exp2_alpha0.5_n_mm2_seed4,2,0.5,4,1.0,0.0,0.99,1,50,0.5,competitive,8,17,0.11082774461089362,0.7673284113849168,0.7673284113849168,0.5747145254117617,0.4048115596603605,0.09639135691965231,0.14682598479801937,0.0,0.0,-0.021989905603874302,1.0,0.4154532733255172,0.0,0.52882,0.0,0.0,0.0,
cfl_exp2_alpha0.5_n_mm2_seed4,2,0.5,4,1.0,0.0,0.99,1,50,0.5,markout,8,17,0.11082774461089362,0.7673284113849168,0.7673284113849168,0.5747145254117617,0.4048115596603605,-0.0019645155959980383,-0.0029924045708155426,0.5764604020090026,0.8780804516797672,0.706272156707058,0.0014899798852715488,0.85,0.40408863687234203,0.26846,0.00288,0.0,0.99712,
cfl_exp2_alpha0.5_n_mm2_seed4,2,0.5,4,1.0,0.0,0.99,1,50,0.5,anon,8,17,0.11082774461089362,0.7673284113849168,0.7673284113849168,0.5747145254117617,0.4048115596603605,0.619983982977877,0.9443767757684308,-0.02397296486176799,-0.03651628410305914,0.739044601263478,0.5854757328207593,0.30327280188776035,0.5399217504709463,0.33296,0.74396,0.22926,0.02678,0.4941130884868451
cfl_exp2_alpha0.5_n_mm2_seed4,2,0.5,4,1.0,0.0,0.99,1,50,0.5,id,8,17,0.11082774461089362,0.7673284113849168,0.7673284113849168,0.5747145254117617,0.4048115596603605,0.6508844635616231,0.9914452437040201,-0.09995874103230364,-0.1522599230911533,0.6703694302109732,0.5989874925550923,0.3050611514368102,0.5692856081984257,0.3358,0.7575,0.21852,0.02398,0.5027033642148271
cfl_exp2_alpha0.5_n_mm2_seed4,2,0.5,4,1.0,0.0,0.99,1,50,0.5,oracle,8,17,0.11082774461089362,0.7673284113849168,0.7673284113849168,0.5747145254117617,0.4048115596603605,0.7358339905330696,1.1208427161984196,-0.06185326303300945,-0.09421660352144047,0.8578102222750853,0.6094552285535378,0.2661050035960136,0.5738335738335738,0.3194,0.718,0.2497,0.0323,
cfl_exp2_alpha0.5_n_mm2_seed4,2,0.5,4,1.0,0.0,0.99,5,50,0.5,competitive,8,17,0.11082774461089362,0.7673284113849168,0.7673284113849168,0.5747145254117617,0.4048115596603605,0.09639135691965231,0.14682598479801937,0.0,0.0,-0.021989905603874302,1.0,0.4154532733255172,0.0,0.52882,0.0,0.0,0.0,
cfl_exp2_alpha0.5_n_mm2_seed4,2,0.5,4,1.0,0.0,0.99,5,50,0.5,markout,8,17,0.11082774461089362,0.7673284113849168,0.7673284113849168,0.5747145254117617,0.4048115596603605,-0.0019645155959980383,-0.0029924045708155426,0.5764604020090026,0.8780804516797672,0.706272156707058,0.0014899798852715488,0.85,0.40408863687234203,0.26846,0.00288,0.0,0.99712,
cfl_exp2_alpha0.5_n_mm2_seed4,2,0.5,4,1.0,0.0,0.99,5,50,0.5,anon,8,17,0.11082774461089362,0.7673284113849168,0.7673284113849168,0.5747145254117617,0.4048115596603605,0.6363487480141659,0.9693040391582818,-0.023354063429079995,-0.03557355629787775,0.7649145924585103,0.6031505250875145,0.3094408976591217,0.5223463687150838,0.3428,0.76656,0.20916,0.02428,0.48563479275679505
cfl_exp2_alpha0.5_n_mm2_seed4,2,0.5,4,1.0,0.0,0.99,5,50,0.5,id,8,17,0.11082774461089362,0.7673284113849168,0.7673284113849168,0.5747145254117617,0.4048115596603605,0.7304294207051798,1.1126103257357451,-0.07978440818946317,-0.1215298204973889,0.8222646148364625,0.6198332340678976,0.28307869703084465,0.5599248002506658,0.3358,0.77556,0.20366,0.02078,0.47819394220654016
cfl_exp2_alpha0.5_n_mm2_seed4,2,0.5,4,1.0,0.0,0.99,5,50,0.5,oracle,8,17,0.11082774461089362,0.7673284113849168,0.7673284113849168,0.5747145254117617,0.4048115596603605,0.7358339905330696,1.1208427161984196,-0.06185326303300945,-0.09421660352144047,0.8578102222750853,0.6094552285535378,0.2661050035960136,0.5738335738335738,0.3194,0.718,0.2497,0.0323,
cfl_exp2_alpha0.5_n_mm2_seed4,2,0.5,4,1.0,0.0,0.99,20,50,0.5,competitive,8,17,0.11082774461089362,0.7673284113849168,0.7673284113849168,0.5747145254117617,0.4048115596603605,0.09639135691965231,0.14682598479801937,0.0,0.0,-0.021989905603874302,1.0,0.4154532733255172,0.0,0.52882,0.0,0.0,0.0,
cfl_exp2_alpha0.5_n_mm2_seed4,2,0.5,4,1.0,0.0,0.99,20,50,0.5,markout,8,17,0.11082774461089362,0.7673284113849168,0.7673284113849168,0.5747145254117617,0.4048115596603605,-0.0019645155959980383,-0.0029924045708155426,0.5764604020090026,0.8780804516797672,0.706272156707058,0.0014899798852715488,0.85,0.40408863687234203,0.26846,0.00288,0.0,0.99712,
cfl_exp2_alpha0.5_n_mm2_seed4,2,0.5,4,1.0,0.0,0.99,20,50,0.5,anon,8,17,0.11082774461089362,0.7673284113849168,0.7673284113849168,0.5747145254117617,0.4048115596603605,0.5638606261077408,0.8588881240265817,-9.920939488227559e-05,-0.00015111849827933972,0.6899211151264087,0.6108111280666745,0.33660036513884883,0.5033931533705324,0.34076,0.79036,0.1844,0.02524,0.49511044583831704
cfl_exp2_alpha0.5_n_mm2_seed4,2,0.5,4,1.0,0.0,0.99,20,50,0.5,id,8,17,0.11082774461089362,0.7673284113849168,0.7673284113849168,0.5747145254117617,0.4048115596603605,0.6791113318863431,1.0344411913904465,-0.06509791001031506,-0.09915893967054062,0.7664663613180122,0.616012390540299,0.3014215259646069,0.5552280484021098,0.33574,0.78214,0.19218,0.02568,0.48729467091296647
cfl_exp2_alpha0.5_n_mm2_seed4,2,0.5,4,1.0,0.0,0.99,20,50,0.5,oracle,8,17,0.11082774461089362,0.7673284113849168,0.7673284113849168,0.5747145254117617,0.4048115596603605,0.7358339905330696,1.1208427161984196,-0.06185326303300945,-0.09421660352144047,0.8578102222750853,0.6094552285535378,0.2661050035960136,0.5738335738335738,0.3194,0.718,0.2497,0.0323,
