wallet,n_fills,maker_share,two_sided,volume,markout_1,realized_spread_1,markout_10,realized_spread_10,markout_60,realized_spread_60,volume_share,is_mm
0x5323b92268b4e140ac2133c677e991cd9ad1b23c,6060,0.3933993399339934,0.48825503355704697,34552435.74979,0.6642637651875947,1.3285275303751893,0.835441551031071,1.670883102062142,0.799418739775548,1.598837479551096,0.08636865025881602,False
0xaf68caebaa151dd592112a07e2344b3950e13561,7355,1.0,0.39225016995241335,22864221.554270003,0.08256978841522442,0.16513957683044883,0.14051805354362806,0.2810361070872561,-0.46789010935553527,-0.9357802187110705,0.05715232260790271,True
0xf9109ada2f73c62e9889b45453065f0d99260a2d,3182,0.9805153991200503,0.45480769230769236,20063424.70338,-0.0715468816739025,-0.143093763347805,-0.0734958868353626,-0.1469917736707252,-0.4210203873039303,-0.8420407746078606,0.0501513387869001,True
0x7b7f72a28fe109fa703eeed7984f2a8a68fedee2,5587,0.900841238589583,0.49990065567256114,17173830.70064,0.23512042678103715,0.4702408535620743,-0.05993532491496493,-0.11987064982992986,-1.6325075373975868,-3.2650150747951736,0.042928394053860834,True
0xa880d6cc607a05ea617307ab3b0d335e8d8424ee,9469,0.9652550427711479,0.4043763676148796,14658536.29891,0.024660503248140085,0.04932100649628017,0.10926095526833705,0.2185219105366741,0.14597969481212095,0.2919593896242419,0.03664106357290345,True
0x8f63c88fccae90c1f9eb8b447f830bce7b71dd74,2875,0.9739130434782609,0.42392857142857143,13985783.08297,-0.17154270037369787,-0.34308540074739574,-0.10397038099285094,-0.20794076198570188,-1.0382382296085961,-2.0764764592171923,0.03495942272886053,True
0xf5d81a135f756ca16544e53c20fc20643ec3ad53,30525,0.28602784602784603,0.4745160920856717,13907448.03897,-0.12875132437381726,-0.2575026487476345,0.0510395631351693,0.1020791262703386,0.14140645010749703,0.28281290021499406,0.03476361332001773,False
0x39475d17bcd20adc540e647dae6781b153fbf3b1,1128,1.0,0.375,11830027.81862,-0.36881642173279355,-0.7376328434655871,-0.7428074020122234,-1.4856148040244468,-1.149394851695191,-2.298789703390382,0.029570810654778946,True
0x727956612a8700627451204a3ae26268bd1a1525,3103,0.955526909442475,0.4951096121416526,9752361.76765,0.050431831227511104,0.10086366245502221,0.12237321768890823,0.24474643537781646,-1.3491152515577187,-2.6982305031154374,0.024377393501490877,True
0x34fb5ec7d4e939161946340ea2a1f29254b893de,1228,1.0,0.42426710097719866,8804407.4441,-0.4433760250983481,-0.8867520501966962,-0.6512628698502083,-1.3025257397004166,-0.06408662108762736,-0.12817324217525472,0.022007848962723585,True
0xc029043cd00b80363130fa058818459a521842a1,13089,0.9799831919932768,0.41225539876822326,8464657.23864,0.16013816652935278,0.32027633305870556,0.19181912594438227,0.38363825188876455,0.0845182685292977,0.1690365370585954,0.021158595761495536,True
0x7fdafde5cfb5465924316eced2d3715494c517d1,7061,1.0,0.3421611669735165,7521691.43002,-0.5289820333203793,-1.0579640666407586,-0.7908283769448899,-1.5816567538897799,-0.3955109339730597,-0.7910218679461194,0.0188015207141534,True
0x80196a7475464e06de641df6c66e6e278cd364d5,733,0.2728512960436562,0.4,6267947.725260001,1.6091321104031573,3.2182642208063146,2.564588760719147,5.129177521438294,1.9195956841572042,3.8391913683144083,0.015667612808651636,False
0xaf9f722a676230cc44045efe26fe9a85801ca4fa,894,1.0,0.383668903803132,5359708.48195,-0.3420796029224182,-0.6841592058448364,-0.624876513456029,-1.249753026912058,-0.8401869166247573,-1.6803738332495146,0.013397341672780992,True
0x31dea2516beee92135b96f464eeec3cf292a13f2,3044,0.4855453350854139,0.43369418132611637,5319729.71823,-0.17638901922204242,-0.35277803844408484,-0.040051067618286744,-0.08010213523657349,-0.3265914264727421,-0.6531828529454842,0.013297409156112222,False
0xfc667adba8d4837586078f4fdcdc29804337ca06,6019,0.887855125436119,0.3102544910179641,5238985.46336,-0.5122152376718525,-1.024430475343705,-0.5408590783274851,-1.0817181566549703,0.025148240039931716,0.05029648007986343,0.013095577587426993,True
0x0cf706aa8d7260e3cd5fe0de11d7f3e899753e5b,1248,0.8092948717948718,0.49405940594059405,5062961.72663,0.7575426793101547,1.5150853586203095,0.15729722290491222,0.31459444580982443,-0.13703558302650728,-0.27407116605301457,0.012655581615363702,True
0x09c8a7efcc50995f45f7492c0ee0b0628cf500d0,1269,0.7990543735224587,0.46055226824457596,4993768.1518,0.6091279271399658,1.2182558542799315,1.2803200977070197,2.5606401954140394,0.228294800292305,0.45658960058461,0.01248262258845383,True
0x1db0a25e24de6a69f466fd04a9963c41fe60182e,1222,0.8142389525368249,0.48140703517587935,4967078.807229999,0.3665546073094355,0.733109214618871,0.4430413931788152,0.8860827863576304,0.289081882348433,0.578163764696866,0.012415908835377321,True
0xe1fa3c336d43a3b2e8934fe0bd0492124c3e4d81,1240,0.7564516129032258,0.47974413646055436,4960307.341270001,0.2984114982730682,0.5968229965461364,0.2949137599507811,0.5898275199015622,-0.39126303162850506,-0.7825260632570101,0.012398982608251867,True
0x5b52403396a365f9f7e33e87488564017e1f97a8,1207,0.7572493786246893,0.47811816192560175,4920829.61792,0.31681151415817277,0.6336230283163455,0.054466258736398813,0.10893251747279763,-0.5234690753936933,-1.0469381507873865,0.0123003025121301,True
0x7684d0c6d84d22b481ef3d2587c475f878836e51,1181,0.8120237087214225,0.4775808133472367,4896981.85323,0.4666920025445293,0.9333840050890586,0.17762707984072076,0.35525415968144153,-0.5269323974997318,-1.0538647949994635,0.012240691685765196,True
0x66aec3752ac8c7e817708ea13a40942dd31b0a30,1239,0.7820823244552058,0.44582043343653255,4787316.02479,0.7793777960414684,1.5587555920829368,1.4570590772180125,2.914118154436025,-2.11737324516055,-4.2347464903211,0.011966566595121329,True
0x621c5551678189b9a6c94d929924c225ff1d63ab,568,1.0,0.420774647887324,4700947.710480001,-0.06313616998909084,-0.12627233997818169,-0.4391129627990124,-0.8782259255980248,-0.24473115390473726,-0.48946230780947453,0.011750676902536365,True
0x4ef66df2067c588eb98896ede3a8e80f85aff085,1167,0.7634961439588689,0.4758698092031426,4592748.4272300005,0.20553742536757932,0.41107485073515865,0.21192504063869103,0.42385008127738205,-0.18703407506699152,-0.37406815013398304,0.011480217646901091,True
0x7d0c59691fec7f3fea385cdc3126c37a41d91b28,980,1.0,0.39081632653061227,3951372.12343,0.07306004077584134,0.14612008155168268,0.374733199530954,0.749466399061908,0.2196547504329165,0.439309500865833,0.009877007787302957,True
0xfc4e1afffc66a5330461641725c33518fc1c39d4,6634,1.0,0.47060596924932163,3908033.00492,-0.05625660187498288,-0.11251320374996576,0.25194085625720236,0.5038817125144047,-0.5688121053051857,-1.1376242106103713,0.009768675593410135,True
0x90a5ecd614f3d1388e8ff6833d5dcb18055ab35a,2303,1.0,0.49240121580547114,3877352.95826,0.25454853848533454,0.5090970769706691,0.4112949865338877,0.8225899730677754,0.68324708777843,1.36649417555686,0.009691986521788959,True
0xecb63caa47c7c4e77f60f1ce858cf28dc2b82b00,3043,0.9102859020703253,0.4877256317689531,3856868.3753899997,-0.21887355942089,-0.43774711884178,-0.2084219508599234,-0.4168439017198468,0.14690152381444455,0.2938030476288891,0.009640782439205358,True
0x41a914768eda813d6d4b2ef5a3cdcb872a496a32,431,1.0,0.44547563805104406,3834251.92051,0.6004684634630475,1.200936926926095,0.9104003023904913,1.8208006047809826,1.3022078241668629,2.6044156483337257,0.009584249444085416,True
0xe2990ce029db870c805e90a1a8a1d8a1c52255d6,600,0.38166666666666665,0.2794759825327511,3216579.7093399996,0.05948433458680373,0.11896866917360746,-0.5829731132520787,-1.1659462265041574,-10.190973192734381,-20.381946385468762,0.008040291282425118,False
0xdafc555a97b358bc09fccf4c0e583c1ec5838b16,578,0.458477508650519,0.0,3157399.4627399994,-0.5225581176041225,-1.045116235208245,-3.968733969860708,-7.937467939721416,5.101104410670203,10.202208821340406,0.007892361971222884,False
0x4e60e3a4a32d63d245aa4e4ce304b4254b088f95,11328,1.0,0.4399717514124294,3038470.279,-0.10606424032369786,-0.21212848064739573,-0.13122963133162036,-0.2624592626632407,-0.0019672668874021163,-0.0039345337748042325,0.0075950818272009415,True
0x0eecd62efb05009e2b72964b4bcdbcf653afd4c5,1548,0.958656330749354,0.3032345013477089,2667114.83372,0.36331788468568077,0.7266357693713615,0.23005699715763178,0.46011399431526356,0.6473106307944846,1.2946212615889692,0.006666826904527649,True
0x6978e7917dffd1f1815c858ca1528e51a3af1cb5,37890,1.0,0.4662971760358934,2535775.3779700003,-0.37421279146504666,-0.7484255829300933,-0.41947136630198856,-0.8389427326039771,-0.8395535215225205,-1.679107043045041,0.006338525548264396,True
0x577a00a0ee907ee481791049477a3c1fa1470568,4780,0.0698744769874477,0.47305389221556887,2419067.28584,-0.3177645368188787,-0.6355290736377573,-1.8015796298970541,-3.6031592597941082,-3.6742483225006577,-7.348496645001315,0.0060467973336591225,False
0xa175cdfea874e94fccae4a9cfc05bf2325401932,293,1.0,0.1843003412969283,2280321.37875,-0.026452430904942505,-0.05290486180988501,2.818252461056689,5.636504922113378,11.000986971455085,22.00197394291017,0.005699982515419536,False
0x7717a7a245d9f950e586822b8c9b46863ed7bd7e,1115,0.9901345291479821,0.47010869565217395,2245344.8567199996,-0.14627404420336257,-0.29254808840672514,0.04361366100547118,0.08722732201094235,1.5314010251283905,3.062802050256781,0.005612553802134186,True
0xbeccae9ffcb69e9d42a1d4e744abf8056149562d,150,1.0,0.49333333333333335,2151801.73197,0.5046349145582127,1.0092698291164255,0.7288983513113712,1.4577967026227423,0.8253903214966607,1.6507806429933214,0.005378729666430566,True
0xcc4720a4ceca4befeb0b832e0186a32fdce90195,157,1.0,0.36942675159235666,1999998.77875,-1.5528007703089632,-3.1056015406179265,-1.7734004755011707,-3.5468009510023415,-4.635839906395852,-9.271679812791705,0.0049992769334928225,True
0x57002993f7e6939385852b15209bb86c8caff854,549,1.0,0.45719489981785066,1937485.7927699997,0.8047408629070736,1.6094817258141472,-0.10343520186040908,-0.20687040372081816,0.13466993716976455,0.2693398743395291,0.0048430169736497965,True
0x023a3d058020fb76cca98f01b3c48c8938a22355,738,1.0,0.489159891598916,1930751.51746,-0.04221069976621755,-0.0844213995324351,0.3184625412944435,0.636925082588887,1.006054846754947,2.012109693509894,0.004826183709760449,True
0x33ad48ed92e3e91a98278f0f7456eae6eafa516e,2802,1.0,0.4778729478943612,1753782.4002299998,-0.15608654422594903,-0.31217308845189806,-0.05746971681413347,-0.11493943362826695,0.21178122860388132,0.42356245720776264,0.00438382462679067,True
0x6dbbefad3d24da625fa233c070678ab1938fcd38,917,0.8789531079607416,0.2729528535980149,1743670.44864,-0.858892565050609,-1.717785130101218,-0.8663680073404106,-1.7327360146808213,-1.1176287070079285,-2.235257414015857,0.004358548388188126,False
0xa6727cd11f50e42232d147f6eb4122a373975661,555,0.09549549549549549,0.0,1703538.42736,0.3462969781624225,0.692593956324845,-13.399054603564709,-26.798109207129418,22.813495822960352,45.626991645920704,0.0042582327827931366,False
0x6ba889db7f923622d3548f621ecc2054b80c1817,1499,0.9913275517011341,0.4582772543741588,1673650.0047099998,-0.008363124993271397,-0.016726249986542794,-0.055457855699308695,-0.11091571139861739,-0.1277749768289755,-0.255549953657951,0.004183522486206846,True
0x2eddf3aa5c4df34f9263a98b564bec3b4ec78179,265,1.0,0.3509433962264151,1635245.35079,0.3079963383687017,0.6159926767374034,0.5681193687813965,1.136238737562793,1.005952660007412,2.011905320014824,0.00408752467734767,True
0x16c95227d8442946c1c152bc8ea16a37ebe1a282,877,1.0,0.4732041049030787,1619745.68089,-0.5827694184432642,-1.1655388368865285,-0.4258968110856112,-0.8517936221712225,0.5938671768477051,1.1877343536954101,0.00404878108258595,True
0xdd53c5297309130ab5fe5623dc905752e3342b13,502,1.0,0.0,1582143.3448,-0.6865769573484264,-1.3731539146968528,-0.8986507537076079,-1.7973015074152159,-2.2988902736492687,-4.597780547298537,0.003954788779461809,False
0x15e9233b5b42d0b72b1c04a984c1498ee6bbd016,469,0.5010660980810234,0.0,1568050.12186,-1.3634738025371413,-2.7269476050742827,-1.1738512836256798,-2.3477025672513596,1.3784440800541933,2.7568881601083866,0.003919560795769465,False
0x66799bc69d7a7daaf50b6aa03cd5c6a2df1a9454,114,1.0,0.0,1444493.64961,-13.47140923680315,-26.9428184736063,15.655909837733274,31.31181967546655,16.638935108152673,33.277870216305345,0.0036107140963283634,False
0x654086857e1fad6dcf05cf6695cce51ea3984268,8292,1.0,0.40810419681620835,1414624.75043,-0.06933130306620545,-0.1386626061324109,0.0684890970471363,0.1369781940942726,0.15886043882304327,0.31772087764608653,0.00353605260138849,True
0x92cbb22a9b9fc01da9914c9b39ed904dd61b859c,167,1.0,0.4311377245508982,1389884.7528300001,-0.641187674609065,-1.28237534921813,-2.753614126555952,-5.507228253111904,-3.347073177265004,-6.694146354530008,0.003474211513958602,True
0x90cc9850f850bb51a2cc6054a8a57246c02b40ed,199,0.8090452261306532,0.22360248447204967,1362849.2688499999,0.6786605979385765,1.357321195877153,1.0469039245335934,2.0938078490671868,2.2530782466069446,4.506156493213889,0.003406632536969674,False
0xa67fa81a029b26522b8bf193c6a3f0337ad9f9dc,2291,0.7298123090353558,0.46830143540669855,1331993.53954,-0.795632753542421,-1.591265507084842,-0.980189895864597,-1.960379791729194,-0.09438996376198376,-0.18877992752396752,0.0033295043219704677,True
0xc6e17525c730e379758ebd423c84ab794cc1b56a,1198,1.0,0.4699499165275459,1307222.18282,-0.36038792421016536,-0.7207758484203307,-0.39196177627840867,-0.7839235525568173,0.6583141604266732,1.3166283208533465,0.0032675848480300793,True
0xffc03f2cfbc0b2dc47e84003800ad296eb6caf0b,220,0.7272727272727273,0.25,1287768.58428,4.52567555202694,9.05135110405388,3.0553566880907366,6.110713376181473,14.485074968694429,28.970149937388857,0.0032189578551099964,False
0x061d9b3d2bb706d6cae1b38486977d19dac2cbf0,1021,0.11851126346718903,0.30578512396694213,1223287.11832,-0.5587947593619041,-1.1175895187238083,-2.4213506054269636,-4.842701210853927,0.5305725754128369,1.0611451508256737,0.003057777403983368,False
0xfdfb306dbff80664bd1f61699089ddead7d7dbb9,578,0.04671280276816609,0.0,1159907.77951,3.7862825925767596,7.572565185153519,-0.3637803258655702,-0.7275606517311404,37.741391373424904,75.48278274684981,0.002899351873958349,False
0x0a1543c346b48b77d5ea8f36ed7c034f6ca19ebd,433,0.9838337182448037,0.49530516431924887,1140713.56341,0.3542227371181295,0.708445474236259,-0.4041922257400651,-0.8083844514801302,-2.5267053536643553,-5.053410707328711,0.0028513732437587943,True
0x25a34b7f2533761a0eea417d4613b54861278e79,186,0.8440860215053764,0.0,1138366.24608,-0.6338228582016069,-1.2676457164032138,-1.1056687637507496,-2.2113375275014993,5.086076313258792,10.172152626517583,0.002845505795484255,False
0xb9943a99514cbb2d44838235be2a9b59c2c9f441,824,1.0,0.3895631067961165,1125844.9653099999,0.11137334912785997,0.22274669825571994,0.06437907493543937,0.12875814987087875,-0.4280729966600688,-0.8561459933201376,0.002814207101306866,True
0x71d0e11ebb6150cebe20cf62f798be1a50108c26,96,1.0,0.40625,1033125.2432799999,1.2666652239719416,2.533330447943883,1.022742887875172,2.045485775750344,2.2523971379891154,4.504794275978231,0.002582441175972575,True
0xe639710e64d7094f7f82ab495915559c2f612953,334,0.5089820359281437,0.0,1031956.70426,-6.1345206792298725,-12.269041358459745,-3.4941685809643492,-6.9883371619286985,-8.65170766504048,-17.30341533008096,0.0025795202491046983,False
0x646be0d5f96edd60d9933c4646b5d3ac165001dc,829,0.12303980699638119,0.0,999999.6599999998,-4.457805221536633,-8.915610443073266,-0.7052323691908122,-1.4104647383816244,8.074964792546954,16.149929585093908,0.002499639143211484,False
0x0efb38a5fa35325ed7524197c0c8ae942aa6d8dc,295,0.46779661016949153,0.42028985507246375,976587.07443,-0.5252004561305652,-1.0504009122611304,-8.755717537074622,-17.511435074149244,-1.8533426987769397,-3.7066853975538794,0.002441116107979092,False
0xe3b3482482899b4890ec5a2093cba2a558d0c14f,653,0.8683001531393568,0.48324514991181655,970115.63147,0.8354715620959369,1.6709431241918737,2.261094977456073,4.522189954912146,5.822133595943521,11.644267191887042,0.002424939830343281,True
0x24fb6523036ebcb3cc51deff138066dccf6bed0f,1035,0.03188405797101449,0.0,963854.90226,0.08860335888439126,0.17720671776878252,-4.07916233021421,-8.15832466042842,-6.076145726626217,-12.152291453252435,0.002409290261224064,False
0x2137c0f5db95fae5b1f29af50fa1a343e9ccee83,292,0.4691780821917808,0.0,958731.5209199998,-2.4694657386606385,-4.938931477321277,-4.501092216001438,-9.002184432002876,-2.107028158659448,-4.214056317318896,0.0023964836523267534,False
0xaf2ac71f62f341e5823d6985492409e92c940447,641,0.748829953198128,0.43125,922343.72948,1.104612961927396,2.209225923854792,1.1639307737787459,2.3278615475574918,6.525788868661217,13.051577737322434,0.002305527273583145,True
0xd5d29dbf880eea93d4ed2ccb79c642bde0a48480,100,1.0,0.0,919495.0,0.33562093426416983,0.6712418685283397,1.6281914501393333,3.2563829002786666,2.2614865638041723,4.522973127608345,0.0022984064754454454,False
0x69d1652ae43f819e7518f732b2ea6b1a8ad00336,1245,1.0,0.4690763052208835,896722.9960899999,-0.5025399007822198,-1.0050798015644395,-0.6308998450240846,-1.2617996900481692,-0.6255634295281035,-1.251126859056207,0.0022414846637492285,True
0xe52ec3a0f90c66510ff7892354b1a1337afaac63,2541,1.0,0.44864226682408503,883664.6757799999,-0.22265361803527842,-0.44530723607055683,-0.23086251422381307,-0.46172502844762614,-0.07811138781218974,-0.15622277562437947,0.002208843564059785,True
0x0facac3bd128fe6d799898a059d3634b877c7a0a,327,0.4434250764525994,0.006896551724137931,856322.87582,-0.5746734289377764,-1.1493468578755528,-1.426040980033889,-2.852081960067778,0.03201720581919603,0.06403441163839206,0.0021404989073967274,False
0x5306cb5adfbaf940ce3dba0ac41d903dc70a766e,563,0.3285968028419183,0.43783783783783786,844677.4222200001,-0.18497049299870505,-0.3699409859974101,0.879056648892167,1.758113297784334,-3.006607902389272,-6.013215804778544,0.0021113894658405046,False
0x51f63885534cb494f4592a0311551f369bff2b39,425,1.0,0.004705882352941176,836664.29486,-0.46109414471268095,-0.9221882894253619,-0.8464817141386501,-1.6929634282773003,-1.0502572260215506,-2.100514452043101,0.002091359532221732,False
0xf36c562be0598b8ce109998b6aa2d53ffcd8316b,2424,1.0,0.44059405940594054,824691.88468,-0.3045488839120393,-0.6090977678240787,-0.1410332773505104,-0.2820665547010208,-0.15424088290110177,-0.30848176580220354,0.0020614328169221373,True
0x17548c35d99b665d3a4e793622a41c57f5ae2429,234,0.45726495726495725,0.0,820667.562,0.04040864537713798,0.08081729075427596,-23.51057877613617,-47.02115755227234,-62.92351368713366,-125.84702737426733,0.002051373459006114,False
0xe86b057f5eb764c9738d6b0d38170befd0723664,300,1.0,0.4533333333333333,784916.48338,-0.3768894686722541,-0.7537789373445082,0.08511108955061793,0.17022217910123585,0.2429889897509814,0.4859779795019628,0.0019620086330914897,True
0x5c92c6e4b3bacd41390944cd70a59e3f88562d97,217,0.7235023041474654,0.08280254777070062,756557.8859700002,0.12091285264682719,0.24182570529365438,0.9470717552478551,1.8941435104957103,4.482926436707612,8.965852873415225,0.0018911223488575417,False
0xe6e3355646051ff76174dd36f6e0fbe2b2cb67f7,122,1.0,0.024590163934426257,730711.9999999999,-2.7718324107480985,-5.543664821496197,-3.097108591302549,-6.194217182605098,-7.445676147927841,-14.891352295855683,0.001826516938630109,False
0x757df2c060ec6c7ba898fa6570aa98c1f46294ba,69,0.4492753623188406,0.0,728002.0489599999,-4.181545652860512,-8.363091305721024,-4.538970484085675,-9.07794096817135,5.327097977195104,10.654195954390207,0.0018197430366312117,False
0x77c1dca853d201165f6d8bbc66c7758bf620cff2,272,0.8419117647058824,0.14847161572052403,725478.95153,-1.0952521114944334,-2.1905042229888667,0.9571885210899763,1.9143770421799526,9.983660626947106,19.967321253894212,0.0018134362013887235,False
0x645b2eeaa0a46df3c4211bebda1b2c7703e287b8,1253,0.2817238627294493,0.4985835694050992,710607.84831,-0.6368160311091858,-1.2736320622183717,-0.08190251359195455,-0.1638050271839091,-1.1054968114966153,-2.2109936229932305,0.001776263797038656,False
0x7f3bbacb671ba15306b35f62b367a4f0d536d1c1,296,1.0,0.32770270270270274,699774.8058,-0.16230828290268204,-0.3246165658053641,-0.02211850919315208,-0.04423701838630416,-1.443125013232239,-2.886250026464478,0.0017491850907338257,True
0xd6e56265890b76413d1d527eb9b75e334c0c5b42,224,1.0,0.0,695159.37059,-2.526298240703741,-5.052596481407482,-5.281681332908784,-10.563362665817568,-10.629419284762658,-21.258838569525317,0.001737648164297398,False
0x0b1ace05eb9ef1c3a1951b763700ecad24f27741,501,0.8063872255489022,0.49504950495049505,664989.96964,0.8788828013752737,1.7577656027505475,3.577114123815771,7.154228247631542,5.8490675163010595,11.698135032602119,0.0016622355231152386,True
0x98eadc9dc42156f68cbf7d007d084bbf142bc0e3,1309,1.0,0.4591291061879297,659841.7433600001,-0.04036063679926323,-0.08072127359852646,-0.5743171780278552,-1.1486343560557104,0.9245304739009413,1.8490609478018827,0.0016493668108122784,True
0x1261aa209c8fca040870bbb29ab8377fb778c022,57,1.0,0.3157894736842105,653651.4225900001,-0.8327435017777965,-1.665487003555593,-2.1160638827253813,-4.2321277654507625,1.754507346517894,3.509014693035788,0.0016338932374455365,True
0x5fa3968b8f255076d1e23ae755fd93222e509627,1790,1.0,0.4681564245810056,652932.61825,-0.49277102975662573,-0.9855420595132515,-0.6092802548141258,-1.2185605096282517,-0.3548772468479828,-0.7097544936959655,0.0016320964853700664,True
0x503a11224611c29e928cf1f89e190fcc8f3d550f,690,0.3695652173913043,0.16470588235294117,651367.1769000001,-0.7731775911374941,-1.5463551822749881,-4.602636829577729,-9.205273659155457,13.600165875811562,27.200331751623125,0.0016281834455647711,False
0x9046c5826a7e3a3c2366be1307ed604d64deffda,163,1.0,0.49079754601226994,634665.47679,-0.153886149049055,-0.30777229809811,0.15751002832892125,0.3150200566578425,0.32870361029165696,0.6574072205833139,0.0015864352080172345,True
0xb04f05725911142b5608bed18f1b4a0713dfc4a5,910,0.7692307692307693,0.22428571428571428,630159.21968,-0.4832596327784566,-0.9665192655569133,-0.5227101367457537,-1.0454202734915075,-0.5370266293709063,-1.0740532587418126,0.0015751711875259364,False
0x9b28837deb55b014f7a37f2812d6ec042ce87ca1,60,0.38333333333333336,0.0,611340.7499999999,-0.7674552755298122,-1.5349105510596244,11.169968771293101,22.339937542586203,2.404296714553135,4.80859342910627,0.0015281317881050739,False
0xd4a36c54757480e1fff8bc9e9c8124aa2322a57c,551,0.20689655172413793,0.49122807017543857,607068.18118,-0.1996335804865517,-0.3992671609731034,-0.8510330377413176,-1.702066075482635,-0.17949334553273824,-0.3589866910654765,0.0015174519042093766,False
0x31791d12abccfd22e336e86ce99542a8dc2f4044,46,1.0,0.4347826086956522,601277.64126,0.9830142994258148,1.9660285988516295,1.808172093720405,3.61634418744081,3.170306986678739,6.340613973357478,0.0015029776390437658,True
0xb4a9964201c213af0c9c7f62af561813c9a2f1f7,34,1.0,0.0,588490.55779,-2.9894225559601257,-5.9788451119202515,-5.363076436431689,-10.726152872863379,-8.943521615218383,-17.887043230436767,0.0014710145338071856,False
0xb55b34c0bfc4bfa57c1e493656c5cd8bf831642a,126,0.07142857142857142,0.0,585383.097,-2.6012634708287865,-5.202526941657573,-5.512201164374464,-11.024402328748929,1.8952062430329297,3.7904124860658595,0.0014632470005395454,False
0xc69ae428f6049e78d445f053d2c1df879c59b34c,779,0.10783055198973042,0.0,569554.6038,-2.8802899142723253,-5.760579828544651,-2.7375846412469946,-5.475169282493989,0.9871539069818132,1.9743078139636263,0.001423681465906487,False
0xd5e2d6768e3d008be577460bec8e962a7cf0714d,242,1.0,0.3305785123966942,564318.6041,-0.008623683519810238,-0.017247367039620477,-0.0605828926571414,-0.1211657853142828,-0.5237953352831992,-1.0475906705663984,0.0014105933516525644,True
0xc926ddba8b7617dbc65712f20cf8e1b58b8598d3,106,0.9339622641509434,0.48484848484848486,562160.75737,-0.4056238719916674,-0.8112477439833348,1.4000088748328874,2.8000177496657748,6.127571880483587,12.255143760967174,0.0014051995116672999,True
0x0f22ddd9f89148fd9cf703d8f332fccf911d3549,108,0.6018518518518519,0.0,559275.07862,-0.8029613496826844,-1.6059226993653688,-2.2334805642573645,-4.466961128514729,-1.9105136978981256,-3.8210273957962513,0.0013979863536565927,False
0xe912cac1a6641004a8803687ee7699227fdb0550,71,1.0,0.0,552036.7130000001,-2.51071161517133,-5.02142323034266,-2.89912191326284,-5.79824382652568,0.359446133836396,0.718892267672792,0.0013798930454682397,False
0x13c231a7629caa0587e795ef7c7bcd1ae00f1ed5,47,1.0,0.3617021276595745,549235.442,-0.3944898560638307,-0.7889797121276614,0.2276655639278088,0.4553311278556176,-0.49624720045630927,-0.9924944009126185,0.001372890876445159,True
0x414ade317cd254a970f97ec57185080a42f270b2,325,1.0,0.46153846153846156,546590.30506,-0.4897876963243127,-0.9795753926486254,-0.10234285398154314,-0.20468570796308627,-0.27079195865722233,-0.5415839173144447,0.0013662789863627376,True
0x3637a2281143df6d0ad8cf2bbcfd6a48a0bdf497,1259,0.027005559968228753,0.0,542361.0700000001,0.08449788755289135,0.1689957751057827,-1.8167045823853398,-3.6334091647706797,4.965875853103876,9.931751706207752,0.0013557074212665872,False
0xca230e816bdb34a46960c2f978a30a563d1ae9e0,279,0.2974910394265233,0.0,534405.88863,-2.9474969942831817,-5.894993988566363,-5.002555972344597,-10.005111944689194,-10.57029349811902,-21.14058699623804,0.0013358223317618578,False
0xfb63339d682ccd7e0a12094642c200c03519520b,223,1.0,0.27802690582959644,525141.28707,0.10581831336548252,0.21163662673096503,0.23199754022005847,0.46399508044011695,-0.6089902061606399,-1.2179804123212798,0.0013126641631824463,False
0x4c3d48cbe2186beeafecc6723630ab8eda4117fc,2532,0.02764612954186414,0.0,512265.92135000014,-5.348878523435559,-10.697757046871118,-4.041372334986156,-8.082744669972312,-4.105829830357334,-8.211659660714668,0.0012804803841030866,False
0x08a49e7f7133577aa942f1c24119ff1c6797126d,50,0.7,0.4,508303.9843499999,2.1823125644722,4.3646251289444,1.2929688278624907,2.5859376557249814,5.394025063928313,10.788050127856627,0.0012705769679277868,True
0xb1ec7febea4f841d525785955b7fe0e812d6e86a,289,0.1903114186851211,0.0,502201.4659999999,-1.4126880313928636,-2.825376062785727,-11.036132570336084,-22.07226514067217,-13.788223610708377,-27.576447221416753,0.0012553228690015666,False
0x9f07c41d5a1fd70f874482da26c82c4862a7d016,70,1.0,0.0,500119.0085,-0.3487296162462787,-0.6974592324925574,0.20098557023283728,0.40197114046567456,1.465609377056518,2.931218754113036,0.0012501174749506585,False
0xc5c680b6286f6b4166d384740f5e9ed29e7f66e0,2563,1.0,0.4931720639875147,495935.70946,-0.6225185980304212,-1.2450371960608424,-1.0662381455024468,-2.1324762910048936,-1.1079970977177775,-2.215994195435555,0.0012396607333672234,True
0xc6392ae79d3bbc35fa991f4a097963e472a4e2de,1002,0.9830339321357285,0.0,495403.78216999996,-0.641304826901686,-1.282609653803372,-1.046516251651632,-2.093032503303264,-0.6913588088588984,-1.3827176177177969,0.0012383311066397238,False
0x051c387df61966f62cf3c48acdb02f79d6a72e4d,64,0.921875,0.0,486854.6626,-1.0453152681823776,-2.0906305363647553,-1.5398863933934601,-3.0797727867869202,7.151963247781994,14.303926495563989,0.0012169613854568512,False
0xaca2dda8eb0469f16b9624d65e5ddabd58989177,31,1.0,0.2903225806451613,485212.44088999997,-0.4590961849435849,-0.9181923698871698,-1.7699287621077138,-3.5398575242154275,3.5318451954924397,7.063690390984879,0.0012128564223930162,False
0x09f15dacf13c0fcb64594452506b52393fb13c39,407,1.0,0.48157248157248156,479183.09012000007,-0.11902483414305999,-0.23804966828611998,-0.49644003878293447,-0.9928800775658689,0.2009679379437185,0.401935875887437,0.0011977852160759618,True
0x6ba1f2f6075ee01c99aa14960c60db6e28b60264,81,0.3950617283950617,0.0,477604.55724,-1.3096228191524673,-2.6192456383049345,-1.7052007213199118,-3.4104014426398237,7.010026818063093,14.020053636126185,0.0011938394521587078,False
0x1eacb58c09b74e8410ae6a480b27b7a6c7ae53ba,120,0.36666666666666664,0.13636363636363635,455764.0982,-1.5158873069654766,-3.031774613930953,-4.4348645064975445,-8.869729012995089,-7.754728176578613,-15.509456353157226,0.0011392461672748997,False
0xf27ebb91ea420f73b59b205ac7e0b77a90ec8f3c,305,0.9934426229508196,0.4653465346534653,452811.29359,-0.32405644419775614,-0.6481128883955123,-0.19196636390734306,-0.3839327278146861,-1.0263076926905264,-2.0526153853810527,0.0011318652187799658,True
0xe0a2e8aba28cb1a1d827aa59a9c23fc8a8f34c82,112,0.9464285714285714,0.0,452619.74610000005,-0.8377449730109671,-1.6754899460219341,1.2058136183334538,2.4116272366669076,-8.188749748572443,-16.377499497144886,0.0011313864190133861,False
0xed3a3d320e9804372a03a1b242504aff0416c50e,130,0.49230769230769234,0.0,450815.8145900001,-0.9528344397865484,-1.9056688795730967,-1.7874278632469132,-3.5748557264938263,-12.861882508614524,-25.72376501722905,0.0011268772396661967,False
0x5b5a389ab71161bf008169484315d9ad1e7315e0,233,1.0,0.23175965665236054,448232.94053,-0.003500979080883157,-0.007001958161766314,-0.4377864387371072,-0.8755728774742144,-1.971839196217619,-3.943678392435238,0.001120420984368708,False
0xe133bd8187f340be54a7369d85390ad390a546d6,527,0.07969639468690702,0.0,445282.7531900001,-6.236820036515879,-12.473640073031758,3.7896931500976803,7.5793863001953605,3.5074396386883833,7.0148792773767665,0.0011130465781065391,False
0x5e7a4fc42ca266eac53a6fe40150da6fb767f4e1,631,0.8605388272583201,0.20810313075506445,438014.57187999994,-0.7316347554073201,-1.4632695108146403,-0.8309869480363067,-1.6619738960726134,-0.7322321169332308,-1.4644642338664615,0.0010948787414270403,False
0xedeaa967b0100a4df613533df634ffe6cb5fd773,1683,0.0427807486631016,0.1111111111111111,409312.8006,-2.8628780285826263,-5.725756057165253,-4.977736478183676,-9.955472956367352,-11.055713193395471,-22.111426386790942,0.0010231346460630568,False
0xbcd420d13362532756c968f663f96ba95e240dd2,607,0.6243822075782537,0.0,407925.34781000006,-0.314782915584956,-0.629565831169912,-0.46926790577683014,-0.9385358115536603,-0.012155853613415904,-0.02431170722683181,0.00101966651358065,False
0xefbc83ac5abc720aca40a9f5d541fb1659a2d4ea,176,0.3125,0.36363636363636365,398111.07496,-1.7421882059969254,-3.4843764119938507,0.08158123717719712,0.16316247435439424,-13.69973644243757,-27.39947288487514,0.0009951343646617014,False
0x587f84935174e8727d9749b1a252016570beac28,46,1.0,0.0,382774.58899999986,-2.3401554605276793,-4.680310921055359,-8.802689484784693,-17.605378969569387,-0.4460389342178221,-0.8920778684356442,0.0009567986710026359,False
0x99cbb867ff038057dda7b78e5f7e5beadbe3bebb,140,0.45714285714285713,0.0,382578.45917000005,-1.2368152899803664,-2.4736305799607328,-2.6897275918209105,-5.379455183641821,-4.6460865163082925,-9.292173032616585,0.0009563084170357306,False
0x4044570e13b5184f7eb2709de25a4eb766a4794c,134,0.11194029850746269,0.0,362043.16000000003,-0.2581824984333506,-0.5163649968667012,-6.822889053326039,-13.645778106652077,4.021063898144023,8.042127796288046,0.0009049775619603495,False
0xac142fee46f8dacbfef23e1e41d79f1f7233487e,52,0.46153846153846156,0.375,358984.0,0.9773943725946044,1.9547887451892088,2.6102772067212503,5.220554413442501,-7.712671407765048,-15.425342815530096,0.000897330763279091,False
0xfe8a8895abdd85e539920f40148be26e914a082d,164,0.1951219512195122,0.34375,353025.59546,-0.37294665712988717,-0.7458933142597743,0.9264855998768309,1.8529711997536618,6.710787142503822,13.421574285007644,0.0008824368969959035,False
0xa38f19c4ccbcfd64cff676d72c436f7e6239dccf,250,0.944,0.4661016949152542,350632.45216,0.17936918051030137,0.35873836102060275,-0.2955682831715864,-0.5911365663431728,-1.1068707295317866,-2.213741459063573,0.0008764549002940302,True
0x35c5c21decc15b99b9af370b3e97fd8e213bd29d,174,0.15517241379310345,0.0,347391.534,-3.547813911729183,-7.095627823458366,-7.665405470651188,-15.330810941302376,-1.0032119420360939,-2.0064238840721877,0.0008683537716469656,False
0x1fc93ba1eca87c31de06a6d6121940727bc07e24,51,1.0,0.45098039215686275,341818.1796900001,0.8023281938910053,1.6046563877820106,0.2657134115766598,0.5314268231533196,5.229170220988083,10.458340441976166,0.0008544223923180344,True
0x52e6c32f0eb44f707e9c159052fc5039fc7b7725,70,1.0,0.0,338570.79357999994,-1.0010474686399595,-2.002094937279919,5.925603174037404,11.851206348074808,71.80333239934396,143.60666479868792,0.0008463050961244761,False
0x59e1120978c195657798a6d789d388d5cb59107e,97,0.3917525773195876,0.26315789473684215,334004.44412,-2.4225104837556564,-4.845020967511313,-7.519793608360144,-15.039587216720289,-10.204035178797989,-20.408070357595978,0.0008348908663918395,False
0x57df61a52b6e80a4f728f06f3d55df1243a485bc,44,1.0,0.0,331577.51808,-4.168503461337153,-8.337006922674306,-3.7348158307201307,-7.469631661440261,-2.472019494513693,-4.944038989027386,0.0008288244250019862,False
0x35af6c00f4be09af7219192cf54edb9892b31428,1671,0.2579293836026332,0.4872389791183295,328726.01929,-0.7202692714684059,-1.4405385429368118,-0.8745004840178084,-1.7490009680356169,-1.976809192518942,-3.953618385037884,0.0008216967045862571,False
0xc15f82c642b7b9f47d8e8fb7ca73273d4d4330bc,44,0.7045454545454546,0.32258064516129037,328433.01604,-0.9738602315884914,-1.9477204631769829,0.21108992911898497,0.42217985823796994,4.0186953801842,8.0373907603684,0.0008209643019444521,True
0xad8e1987833b692b59de004a25d0518af2ba94b6,631,1.0,0.49762282091917587,325547.46106999996,-0.6487227739344259,-1.2974455478688518,-0.5605666468251375,-1.121133293650275,-0.46251178341044036,-0.9250235668208807,0.000813751453339183,True
0xfe7ce058edc7cfcde9ef8262ba51f8d4796ab7ae,1159,0.25970664365832613,0.0,316596.82415,-0.5077664223037563,-1.0155328446075127,-0.8538770615404819,-1.7077541230809639,-1.9853546697231725,-3.970709339446345,0.0007913780833303314,False
0x3d4873fad12d29ac2bef7d9953c72d8c3310deae,1794,0.9749163879598662,0.2687249857061178,316343.82493,0.20190458593827612,0.40380917187655224,-0.6678997391787795,-1.335799478357559,-0.7934525248751747,-1.5869050497503494,0.000790745676361799,False
0x7ab12f7a0925ef24927343d47199e75a91fc78aa,42,1.0,0.23809523809523814,309280.51580999995,1.4273603047024224,2.8547206094048447,-4.792530351799818,-9.585060703599636,0.08684441318558193,0.17368882637116387,0.000773089946401896,False
0x1f938808970327b006ab6cd513a9a9ea69cd8cf5,72,0.1111111111111111,0.0,308629.75194,1.1522695883982514,2.304539176796503,0.39974363303883687,0.7994872660776737,1.514210210195877,3.028420420391754,0.0007714632710063867,False
0x1add90cfe379ad9c56c36522a3a4d33e89032671,235,0.2127659574468085,0.0,303740.21067,-4.271646548349038,-8.543293096698076,-1.6843692465080151,-3.3687384930160302,-6.605679566095935,-13.21135913219187,0.0007592411781000352,False
0x29d5b46bd0147ca466885a0ed994e1ff71926a2e,119,0.6470588235294118,0.48051948051948057,295712.33264999994,-0.6579408669657557,-1.3158817339315114,-1.0898367767519948,-2.1796735535039895,1.1095321404735414,2.219064280947083,0.0007391743731416021,False
0xec70a124472704b5efc26545ddd5f3cbe18c5a4c,138,0.10144927536231885,0.0,291363.96919999993,-1.71593016172089,-3.43186032344178,-2.3251048734939337,-4.650209746987867,-4.121591149371205,-8.24318229874241,0.0007283050299574953,False
0x6b25245f600e2e9ef91d4aaf851f4f6677721b2d,148,0.9864864864864865,0.0,285826.35508,0.5367806390969465,1.073561278193893,-5.054105980989896,-10.108211961979793,13.748576721718496,27.497153443436993,0.0007144629882368487,False
0x29823106527c93f4cca0e2da2d0a91332ae317ba,380,0.35789473684210527,0.0,283827.14944,-0.5964543502556914,-1.1929087005113828,-1.0531648450745725,-2.106329690149145,2.21783293402344,4.43566586804688,0.0007094656938646955,False
0x9313de3a080ddece88778e2341067d90fc68b6ed,247,0.2145748987854251,0.0,276749.02002000005,-0.623150401709767,-1.246300803419534,-0.7005841169451532,-1.4011682338903064,5.374908862919009,10.749817725838017,0.0006917729184902032,False
0x3bcae23e8c380dab4732e9a159c0456f12d866f3,1404,0.027777777777777776,0.0,275992.478,0.15675180038993783,0.31350360077987566,1.9899091775922522,3.9798183551845043,11.070142814882132,22.140285629764264,0.0006898818358005586,False
0x780f32fe419d276786a7ffe1fbb0d0cdb1865ccc,35,1.0,0.0,269775.0,-0.556018904642252,-1.112037809284504,-5.13443742801455,-10.2688748560291,25.799277175423885,51.59855435084777,0.0006743403791356071,False
0x7f55a0b28ba031dc08c1fdf7336a74e399b840d1,48,1.0,0.0,268062.93948,-0.2563848502240083,-0.5127697004480166,-4.988616924312612,-9.977233848625223,-9.209691158814595,-18.41938231762919,0.0006700608441892262,False
0x9c70d39a75f55ef8ae41af10292a1c915e3c4323,747,1.0,0.4939759036144578,264204.8881,-0.33767551368256077,-0.6753510273651215,-0.19784350514048438,-0.39568701028096875,0.3604183824570832,0.7208367649141664,0.0006604171046643856,True
0x062f49869f0de03fc549f609c84e37ff44010755,37,0.4594594594594595,0.0,255804.22311,-1.5791193567856572,-3.1582387135713144,-5.982657805032846,-11.965315610065693,-15.537604237302968,-31.075208474605937,0.0006394184664868384,False
0x90362e7d33f9531ad885e7116d9c6dadde882fab,229,0.06550218340611354,0.0,252819.79618,-0.41268563779275397,-0.8253712755855079,-3.7945000550284993,-7.589000110056999,-17.678357369102592,-35.356714738205184,0.0006319584735761584,False
0x6f97b7de6be7b7771e975e46bae96c35e332e172,37,0.972972972972973,0.0,251106.23044000004,-0.6088184384560678,-1.2176368769121355,1.0975107293211508,2.1950214586423016,0.99951198402108,1.99902396804216,0.0006276751761216671,False
0x6653cbb797ec163d16b8178d2fe4e6d9210a8d0c,986,1.0,0.4614604462474645,250399.35132,0.3303519953454177,0.6607039906908354,0.22699740674600324,0.4539948134920065,-0.8068834205092562,-1.6137668410185124,0.0006259082328030354,True
0x4e214fd93b634b89e84d802b3ab8fa0c411c8fb3,957,1.0,0.45977011494252873,249410.07784999997,0.32569691385908883,0.6513938277181777,0.1623465999557154,0.3246931999114308,-0.6346688740595041,-1.2693377481190082,0.0006234354052733214,True
0x71ea692bfb9ccca31399e1a436911e4035c90180,88,0.29545454545454547,0.0,247034.21227000005,-1.0591582084102984,-2.118316416820597,-1.753316579009062,-3.506633158018124,-7.651948831133518,-15.303897662267037,0.0006174965966513498,False
0x7d65ea6c187d6219ab6a1335cd2fe09f12e818fa,980,1.0,0.46020408163265303,246008.46130999998,0.4365992876250482,0.8731985752500964,0.34291187745023644,0.6858237549004729,-0.9582965134007807,-1.9165930268015614,0.0006149325885287841,True
0x6e6f2ca77afaee5a22dc3cf0f903f39a548a82a6,32,1.0,0.46875,243020.8048,-1.356437188203616,-2.712874376407232,0.005770849175768866,0.011541698351537732,0.4836868279357438,0.9673736558714876,0.0006074645228307751,True
0x0a97692d91fa9195a52da81cca2051c032c5347d,33,1.0,0.303030303030303,242377.45706,0.03319663081752068,0.06639326163504136,-0.47985254341796557,-0.9597050868359311,4.177234511168144,8.354469022336287,0.0006058563850904077,True
0xc08fa23baa3a5282b27c8b1358b7e941f77fb20e,43,1.0,0.4418604651162791,241841.2,-0.23487220929678393,-0.46974441859356786,-1.873911412780748,-3.747822825561496,3.546646674385348,7.093293348770696,0.0006045159354966553,True
0xc31141b109a162506c06cd1aaf228b5f005ced23,483,0.7805383022774327,0.0,235861.08536,0.36561005352583714,0.7312201070516743,-1.1131503737082515,-2.226300747416503,4.679633150708792,9.359266301417584,0.0005895678017792538,False
0x010461c14e146ac35fe42271bdc1134ee31c703a,1525,0.7331147540983607,0.37656529516994636,235146.16344,-0.6750911154074977,-1.3501822308149953,-0.9062258057901406,-1.8124516115802811,-1.1470758412186521,-2.2941516824373043,0.0005877807543560857,True
0xaa53412d2249fe47c5d2790ab5728b3c564dd265,70,0.21428571428571427,0.0,233550.54186000003,-4.364723467862505,-8.72944693572501,-7.502754838254409,-15.005509676508819,8.771716541731779,17.543433083463558,0.0005837922748408818,False
0x4cd1a752edf6b31b395f87c42375d2b2340feb1d,101,0.37623762376237624,0.0,232175.5302,-0.5726791709628065,-1.145358341925613,-6.611106943222407,-13.222213886444814,-8.01496082334193,-16.02992164668386,0.000580355240704582,False
0xc3d101ae37bba62baf199c6d5e5d8f0eecfd200e,509,0.005893909626719057,0.0,230950.08876,2.0270042004032254,4.054008400806451,2.364838233803763,4.729676467607526,1.6891701670026877,3.3783403340053755,0.0005772920782719693,False
0xfc27136e42af1732ddc9ce2605ea9bff1b959d9d,128,1.0,0.2890625,225372.61872,2.0408942346358883,4.0817884692717765,3.06317707312539,6.12635414625078,3.61718363382686,7.23436726765372,0.0005633504110997291,False
0xb11d2a552a631b5572ce8d8ba7acf2dac43ee9de,86,0.7558139534883721,0.49230769230769234,223981.54954,-2.2743335532384976,-4.548667106476995,-3.896858960828454,-7.793717921656908,-2.087465347813904,-4.174930695627808,0.0005598732389442475,True
0x31ca8395cf837de08b24da3f660e77761dfb974b,1510,0.7384105960264901,0.4,223082.39266,-0.6381538965333582,-1.2763077930667164,-1.1419596943180221,-2.2839193886360443,-1.2849243012948808,-2.5698486025897616,0.0005576256704469383,True
0x6c00ba1a0840b99dfb4f6d1bc7a68cd462a21261,100,1.0,0.44,222872.54099999997,-0.7762704982926213,-1.5525409965852426,-1.305993753245264,-2.611987506490528,1.31026924930839,2.62053849861678,0.0005571011168449861,True
0xd4646ed63a8d1e30da8b356b3d7c6deea806b533,373,0.09651474530831099,0.3055555555555556,222671.89722,-0.6148099277156874,-1.2296198554313749,-1.3541800347434192,-2.7083600694868384,0.8711646280533586,1.7423292561067172,0.0005565995796281336,False
0x8f8b4759dc93ca55bd6997df719f20f581f10f5c,370,0.12702702702702703,0.3617021276595745,219653.33289999995,-0.1890526380920094,-0.3781052761840188,2.962388329177617,5.924776658355234,-11.258083821175239,-22.516167642350478,0.0005490542555321497,False
0x02d15444c19a8034bbe58336fe322d85d6550445,441,1.0,0.46031746031746035,218345.74276,-0.6872602253220775,-1.374520450644155,-0.60300732144628,-1.20601464289256,1.2862667527594356,2.572533505518871,0.0005457857509236369,True
0x493364de7f4a39ed24f9c68ece229973f324d369,2368,0.2335304054054054,0.007233273056057921,215517.09509,-0.7045176638367847,-1.4090353276735694,-0.8828707916514553,-1.7657415833029106,-0.45405609854031986,-0.9081121970806397,0.0005387151500813466,False
0xaf08637ef9cb057ec79822d4244068404a80ef9d,808,1.0,0.47277227722772275,215215.27597999998,0.48065241636256006,0.9613048327251201,0.2997414896162691,0.5994829792325382,0.09479788838594581,0.18959577677189163,0.0005379607109633121,True
0x074c9faa69a2d9a4acb75844e3afc82ad04a06cc,457,1.0,0.35667396061269147,209210.41350000002,-0.11393134392672817,-0.22786268785345634,-2.34977583984239,-4.69955167968478,6.76028115431256,13.52056230862512,0.000522950716555304,True
0xc42ec9d9156d9196f9a3887380ccfaaa518e4c8d,2127,0.9910672308415609,0.5,204235.32913,0.0990377185325427,0.1980754370650854,0.8175568613605155,1.635113722721031,2.28202931068654,4.56405862137308,0.0005105147966950596,True
0xd7dc4b4ad3a7840f042a46d24b897fbe6ad14cb5,99,0.050505050505050504,0.0,202924.10765999998,-2.0402047773549667,-4.0804095547099335,0.4423872644756271,0.8847745289512542,-4.676906917805767,-9.353813835611534,0.0005072372150688505,False
0x7db0db8ae944833f71d0b61d53b30bfe445237a2,100,0.63,0.19047619047619047,201196.20505,-0.5642972570123188,-1.1285945140246376,-1.1862914579289212,-2.3725829158578424,-1.8877777798970208,-3.7755555597940416,0.0005029180806007315,False
0xcdcc0d98c88fddee5241d374ee9d73da37028024,277,0.37906137184115524,0.4666666666666667,192572.97421000001,-0.37102478134127675,-0.7420495626825535,-0.4847293646913459,-0.9694587293826918,1.6390106876926238,3.2780213753852476,0.0004813631079234284,False
0xd782059de58ebe238592198b97f10e77a1eb6ca7,160,0.16875,0.18518518518518517,191243.47349999996,-0.8457160374684458,-1.6914320749368916,1.1363929609913814,2.272785921982763,-3.0192466615566875,-6.038493323113375,0.00047803983477787197,False
0xea53edd16a6cf6f443a236a077888bc3edf4c86d,314,0.3248407643312102,0.3431372549019608,183768.80235,-0.11643183160100952,-0.23286366320201904,-0.18159331230522183,-0.36318662461044365,-1.0924054410814914,-2.184810882162983,0.0004593558478361429,False
0xb1169c6daac76bacaf0d8f87641fc38fbabe569f,64,0.15625,0.0,181820.0,-0.7039929600704782,-1.4079859201409564,-6.6879331206693085,-13.375866241338617,-6.280937190628071,-12.561874381256143,0.0004544845435434569,False
0x37c0fd0d2e7101ec3f8404ff949b88cc02bd67c0,332,0.7831325301204819,0.3384615384615385,179051.55852999998,-0.0018692206551157834,-0.003738441310231567,-0.08885062090940542,-0.17770124181881083,3.599067999860651,7.198135999721302,0.0004475644365265185,True
0x79cf97a0331d2798611e2ea710bd7d5f5464b77a,433,1.0,0.45958429561200925,175935.79895000003,-0.19797839502252393,-0.39595679004504786,-1.3749362040526385,-2.749872408105277,0.6027436285183531,1.2054872570367061,0.0004397761592715002,True
0x347d1ca46215fee0e8aadc511a935742db7c9325,92,0.2717391304347826,0.0,174202.10199999998,-0.6607438585948006,-1.3214877171896011,-3.6443008004815938,-7.2886016009631875,-2.027213849950252,-4.054427699900504,0.0004354425410393835,False
0x0291639ea7178930475da17b579e1ac2de8faed8,155,0.2903225806451613,0.4666666666666667,170321.19369999997,3.03125297670894,6.06250595341788,8.508083269748466,17.016166539496933,2.1950261410129928,4.3900522820259855,0.0004257416674431921,False
0xa04fe86cf770c3ab0f365dcc6ac5705fc4ac10b2,43,0.8604651162790697,0.3513513513513513,165666.27227,-0.45584965035329245,-0.9116993007065849,-2.1375862932414558,-4.2751725864829115,-1.3476853397084545,-2.695370679416909,0.00041410603967207674,True
0x5f475421167f39e5b6753d9dbad58c97e079c214,151,0.16556291390728478,0.48,163023.19999999998,-0.8126106889684731,-1.6252213779369462,-2.466446616608369,-4.932893233216738,-6.177903435688007,-12.355806871376014,0.00040749931052136,False
0x183d0567c33e7591c22540e45d2f74730b42a0ca,471,0.010615711252653927,0.0,162866.61004,2.322265955303245,4.64453191060649,-11.304481352256929,-22.608962704513857,23.054915535865543,46.10983107173109,0.0004071078919948278,False
0x34a348d5b5d1ff3a78b009a0a10e140e39e711c7,59,0.0847457627118644,0.0,162622.58044,-1.2732812020480468,-2.5465624040960937,-11.905933782916424,-23.81186756583285,2.3970960129843055,4.794192025968611,0.00040649790584717024,False
0x69906b0ed626ca01a4b7c001e5711e5714ccf207,48,0.5833333333333334,0.0,159182.0,0.7483880774101406,1.4967761548202811,4.624899025707007,9.249798051414015,10.361960314653235,20.72392062930647,0.00039789769337990626,False
0x14ac420cd96df3721bc916e9e411f967ee8efc71,43,1.0,0.3488372093023256,156621.82776999997,0.6769449123079995,1.353889824615999,0.16549270530040888,0.33098541060081776,4.078098046813343,8.156196093626686,0.0003914981844846021,True
0xf87957941e997fe0ff4174df6b35735adde77d46,234,0.11965811965811966,0.0,153867.41480000003,-3.977260929081914,-7.954521858163828,-4.9156708872493065,-9.831341774498613,-2.188292157767999,-4.376584315535998,0.000384613143667307,False
0x4a326b180b61d1bec3d0c3921d783c4d0f97c873,87,0.1724137931034483,0.0,151085.39150000003,-0.37548315847557584,-0.7509663169511517,-3.975704030921352,-7.951408061842704,-34.17632983618561,-68.35265967237122,0.00037765908696492135,False
0x9c575a602acb7a04dfa7c37fff770662a9a84341,138,0.09420289855072464,0.0,141049.74794,-1.5656774148307913,-3.1313548296615825,-0.40895722936880846,-0.8179144587376169,-7.045840774561447,-14.091681549122894,0.00035257359096595837,False
0xc799df4baa69044f59a3711f180a31e352829ba3,42,0.9761904761904762,0.4878048780487805,139044.29257000002,-0.4657111415481842,-0.9314222830963684,-0.43997392697520576,-0.8799478539504115,0.5100078321785457,1.0200156643570915,0.00034756067451875114,True
0x1d3d17c65742978338263c06a19ef6c0becd8928,103,0.7184466019417476,0.33783783783783783,136679.49091999998,-0.9737866569678565,-1.947573313935713,-2.3472891238779066,-4.694578247755813,-2.5774361053597987,-5.1548722107195974,0.00034164952173868803,True
0x25b6bca942fad53c698bad87d95e45659e59f08b,63,0.3968253968253968,0.0,134892.93928000002,-2.1841300009008764,-4.368260001801753,-9.498307405199242,-18.996614810398484,-19.252489195419873,-38.504978390839746,0.00033718378580962523,False
0xc393d444d2507105e0e44ef22fccb1dff3b7ae15,104,0.2980769230769231,0.0,134840.00000000003,-1.5940269892302334,-3.188053978460467,-4.9581947057423825,-9.916389411484765,-3.35377393482179,-6.70754786964358,0.0003370514566681319,False
0x585f4fbe2d2a889c286fa71fb81d01f30773f4b1,34,0.6764705882352942,0.4347826086956522,133433.07532,-0.9428172913615285,-1.885634582723057,-0.01289402497536874,-0.02578804995073748,-3.9586677321447294,-7.917335464289459,0.0003335346514707398,False
0x0bcde2b0e3795daa6b3b5fa6d3e52550bbfe101e,31,1.0,0.0,133125.0,-0.4312071835344071,-0.8624143670688142,-1.8888235265099371,-3.7776470530198742,-0.5938075687436529,-1.1876151374873058,0.00033276457407998406,False
0x799dbd53a183ec4a834c224f92b3934d2f5233f0,34,0.058823529411764705,0.0,132900.0,-0.1693002257344427,-0.3386004514688854,-8.690744920994627,-17.381489841989254,-22.51693002257422,-45.03386004514844,0.000332202155081539,False
0x0f83a7bf2ea16c7d8c90e3aa4ca0c8e58a83c9ea,46,0.21739130434782608,0.0,129642.59992,-3.7949674970590492,-7.5899349941180985,-11.150676620728545,-22.30135324145709,0.5850528160754139,1.1701056321508279,0.0003240598275680794,False
0x52d311f2dad2eadd040e69100b7171e127738dc8,2055,1.0,0.48369829683698295,129033.2318,-0.6084854759818328,-1.2169709519636656,-0.8601618681546552,-1.7203237363093105,-0.8363221598164228,-1.6726443196328455,0.0003225366266448139,True
0x72278dbb92150522f4a95bed3514f6adfc9ee1aa,126,1.0,0.0,126571.08383,-0.15656178448080663,-0.31312356896161325,-0.88034311340788,-1.76068622681576,-3.0130643994269657,-6.026128798853931,0.00031638214311009884,False
0x351c6a9219edc7df744a44ef309cd662b0939d53,64,0.125,0.0,125614.49999999999,-4.555910780164797,-9.111821560329593,-8.21350170803975,-16.4270034160795,0.815803015190713,1.631606030381426,0.00031399102791188847,False
0x88f17731836942b533f33958a302fb4c31bad3d0,386,0.572538860103627,0.44796380090497734,123943.65591,-0.6508891650986414,-1.3017783301972827,-1.3771821364605066,-2.754364272921013,-0.6717424999410232,-1.3434849998820464,0.000309814519202308,False
0xd441f10d6f3afc65e185e3c524847d517c79d2dd,57,1.0,0.3157894736842105,123472.45589999999,0.5961855033103715,1.192371006620743,0.07629634303091212,0.15259268606182425,-0.4506422306157354,-0.9012844612314708,0.00030863668881256796,True
0xb6e0c69b20c81316dc5107796a9dfbf51ace57a7,134,0.14925373134328357,0.25,122123.1677,-0.35311293714682745,-0.7062258742936549,-0.1284173486978342,-0.2568346973956684,-3.9511965095153228,-7.9023930190306455,0.0003052639540656448,False
0xcfbbd3262dc3123135d2b0aeabde7a45aba4a320,155,0.1032258064516129,0.0,121194.07608,-0.43235446794073795,-0.8647089358814759,-2.0842030756061307,-4.168406151212261,-11.08607841337684,-22.17215682675368,0.00030294155949504885,False
0x276ef34e4ea5fa00631b4dbcefc17e9e1b247840,43,0.4186046511627907,0.0,120879.51075,0.5785451112941489,1.1570902225882977,2.557778386773334,5.115556773546668,0.48110593465550505,0.9622118693110101,0.0003021552594157416,False
0x6798e457c28b6099ea9d87b33b24512901742fff,64,0.296875,0.1578947368421053,116425.20000000001,0.697216005123808,1.394432010247616,0.15708155203934923,0.31416310407869846,-2.8708464073684383,-5.741692814736877,0.000291021086123395,False
0x6abc111bd22bb38e649f81be60dfbeb35648aac6,62,1.0,0.11290322580645162,115256.05311000001,-1.3015084136529043,-2.6030168273058085,0.7390063411698665,1.478012682339733,-0.051950162100884364,-0.10390032420176873,0.0002880986397993553,False
0x0c0cf825707b3235962dab0e8fdc2b8d97b70463,57,1.0,0.42105263157894735,109999.22244,-0.7940396853195394,-1.5880793706390788,-0.7306503401495266,-1.4613006802990531,1.9082763428182992,3.8165526856365983,0.000274958455619726,True
0x05c6959d997cde99d2f967367e5e9f1959ba9706,99,0.21212121212121213,0.0,109973.73202000002,-0.670083034095825,-1.34016606819165,-1.3174864706154874,-2.634972941230975,-7.592514839407406,-15.185029678814812,0.0002748947387464534,False
0x438b3bbc83b44c483f6c6c8d2d5664453791dce9,94,0.13829787234042554,0.38461538461538464,108902.44890000002,-0.472446941984782,-0.944893883969564,-6.169264313455541,-12.338528626911081,5.483170334582827,10.966340669165653,0.00027221691661578017,False
0x65c4b6b703ccd210bd546bd68008fc5f321f7b0d,88,0.2840909090909091,0.36,107879.4,-0.6776006248786243,-1.3552012497572485,-0.7854307017783322,-1.5708614035566644,0.9513074473288282,1.9026148946576564,0.0002696596626704543,False
0x704d1d8d87db67c1fdd0362a747347e60782490f,191,0.09947643979057591,0.0,107341.72746000001,-1.1876271267933,-2.3752542535866,-4.611469233794827,-9.222938467589653,-2.068209191538596,-4.136418383077192,0.00026831567488628453,False
0x32740dd63cb758941e12a04b000853f6da9b0e36,59,1.0,0.2033898305084746,106964.90000000001,-0.7735415532509824,-1.5470831065019648,-1.6926344759636607,-3.3852689519273214,-6.26054153295592,-12.52108306591184,0.0002673737418967744,False
0x39be44cd0b090cdc2c8b8aad58a1e8bd68efe0f8,100,0.11,0.09090909090909094,106473.38044000001,0.12285012285012752,0.24570024570025503,0.04183333198979344,0.08366666397958689,1.1111078387985915,2.222215677597183,0.00026614511994721283,False
0x345359af77917c494f4282f389b534d64e1cb323,80,0.25,0.0,105428.713,-1.3457270543881763,-2.6914541087763526,-1.3683635829306438,-2.7367271658612875,3.0343272124769074,6.068654424953815,0.00026353382743471085,False
0xae6b807ec47e0b7900d1fe2a53885b4602748b03,243,0.02880658436213992,0.2857142857142857,105125.27880000001,-1.4050271840354218,-2.8100543680708436,-2.0068357517341475,-4.013671503468295,-9.544278387627317,-19.088556775254634,0.00026277535117311986,False
0xd1a78afcdc6ed3cc2acedfee8858de84626305a1,65,0.23076923076923078,0.0,103549.12128,-0.2072414072037178,-0.4144828144074356,0.619094457475132,1.238188914950264,-3.651822324548624,-7.303644649097248,0.0002588355248007197,False
0x4389a0e25fb85d51ea9a144e2c50ef3d8bea7254,40,0.925,0.43243243243243246,102415.30426,-0.869534519725454,-1.739069039450908,1.3566018006772302,2.7132036013544605,-3.067930717051529,-6.135861434103058,0.00025600139043268266,True
0xc3602c55a23475df22818f78ac9d84c8b96dbda0,32,0.34375,0.0,101258.54302000001,-0.9356886281385212,-1.8713772562770423,0.3855437224910809,0.7710874449821618,-11.78375720762645,-23.5675144152529,0.00025310990377472336,False
0xb38498bb35531f0c49e41f5c3905fa628214401a,64,1.0,0.0,101105.325,0.9260768921961875,1.852153784392375,1.6356642885373551,3.2713285770747103,9.889480784431615,19.77896156886323,0.0002527269138842694,False
0x023de0311786905c8b36ded2b953db1bf39d7c8b,80,0.325,0.07692307692307687,100466.29260999999,-0.40698895098263743,-0.8139779019652749,-2.981971723565203,-5.963943447130406,-13.28081318292273,-26.56162636584546,0.00025112956296534605,False
0x8587051491522599dfcc23de01ae59b622b498b3,65,0.46153846153846156,0.43333333333333335,98691.77146,-1.91840068479351,-3.83680136958702,-1.3719057355381479,-2.7438114710762957,-2.4163633544666205,-4.832726708933241,0.0002466938989302237,False
0x907d1b0e13d8d0568cb71d7cb752372a7fbee88c,85,0.25882352941176473,0.09090909090909094,97574.45000000001,-0.6408789861867504,-1.2817579723735009,-1.2050412331568192,-2.4100824663136384,-10.330909999706043,-20.661819999412085,0.000243900997523671,False
0x308ac0b8de9699b754e72a568f143d8856993336,40,0.075,0.0,95150.38399999999,-2.112522893772098,-4.225045787544196,-6.99175824175763,-13.98351648351526,15.791552197802796,31.58310439560559,0.0002378417052041835,False
0x0de52cf07a1c9f48e8a812cd5c1239688144664a,80,0.1375,0.45454545454545453,95117.83747,6.240371154463256,12.480742308926512,-2.7021967279564985,-5.404393455912997,0.06641764859488188,0.13283529718976375,0.00023776035059615923,False
0x49dfb8ddbd3ba96c0699a3f120e71f2516c345d8,47,1.0,0.46808510638297873,93861.99597000002,2.1645998128576363,4.3291996257152725,2.1558343163155063,4.3116686326310125,-0.020516153079420896,-0.04103230615884179,0.0002346211989577783,True
0xb4daad808516667d25a68643976fbf8b084e3fdb,76,0.13157894736842105,0.0,93511.35350000003,-0.5388881462962491,-1.0777762925924983,1.0887798070670238,2.1775596141340476,4.354804945752166,8.709609891504332,0.00023374471901649077,False
0xc1fce740d83a60de67d039aa927a678ff78c202f,31,0.9032258064516129,0.5,91629.17681,0.12481747894243567,0.24963495788487133,0.8438252933376298,1.6876505866752596,-3.2464712720758535,-6.492942544151707,0.00022903995488810668,True
0xb7bd9cef0e2826d783f2704d578efbaf705c2f3a,165,1.0,0.4181818181818182,91606.9856,-0.05406105643919764,-0.10812211287839528,-0.08182217823080706,-0.16364435646161413,-0.30347861646636737,-0.6069572329327347,0.00022898448485209565,True
0xc4283daad8b94f76352b064a503932336d97de4c,61,0.04918032786885246,0.0,90999.5,-4.6961832106707,-9.3923664213414,-12.8165062053165,-25.633012410633,-13.040320893381805,-26.08064178676361,0.0002274659895511099,False
0xb905abfe95cfaac346b3ae9a7d272fdf174893db,72,0.041666666666666664,0.0,89820.0,-0.036541694073111704,-0.07308338814622341,-0.03440374694156937,-0.06880749388313874,2.7199684245684606,5.439936849136921,0.00022451766417926135,False
0x93ec90430f00fe9c32cdd78b08b020bcf45dbf26,41,0.2682926829268293,0.0,89700.0,-0.020269585486785525,-0.04053917097357105,-1.1655011655005376,-2.3310023310010752,1.2263099219624785,2.452619843924957,0.00022421770738009067,False
0x2cef0a7f84e722c77b271862da5fe2387028fa20,92,0.021739130434782608,0.0,88322.5,-1.591542434082777,-3.183084868165554,1.615851820433001,3.231703640866002,22.65389829653771,45.30779659307542,0.00022077445328961046,False
0x0069df723cac730b058e2edf9bda14b179b15ae5,37,0.7297297297297297,0.48148148148148145,87808.73463,-0.5307178629690391,-1.0614357259380782,-1.46866164692016,-2.93732329384032,2.989666384292747,5.979332768585494,0.00021949022482369425,True
0x17a08885c8a027430c9ce6166b294b7874e87324,47,0.2978723404255319,0.3571428571428571,87331.50222,-1.2110404994743902,-2.4220809989487804,1.6932395634442396,3.3864791268884793,6.482911270805969,12.965822541611939,0.00021829731560565993,False
0xe07a9d7caafb3580d5c5d17c5df26744539d6b11,36,1.0,0.25,84938.45814,0.5935135900751348,1.1870271801502696,0.13229838412320324,0.2645967682464065,1.1913194762784642,2.3826389525569285,0.00021231556691806688,False
0xb2b1d1a7a034d9209a627e754ebb8d24988ca23a,41,1.0,0.4634146341463415,82612.20273000002,2.0775327771331504,4.155065554266301,1.5655866318817198,3.1311732637634395,-1.1993102321224816,-2.398620464244963,0.0002065007658610911,True
0x75ed8c3d0ab4a1246d8ea316c76f1ec5c5fe69bd,124,1.0,0.0,82549.62000000001,-0.9929154813336043,-1.9858309626672086,-5.859376302886239,-11.718752605772478,5.884696304312315,11.76939260862463,0.00020634433156630638,False
0xf4605fa919825e4a85813752006697bc14cfc0ed,160,0.1375,0.22727272727272727,82242.67700000001,-0.8148537513906771,-1.6297075027813541,-1.701726277101973,-3.403452554203946,-4.206998812329617,-8.413997624659235,0.00020557708456790764,False
0x05bef810a1b3f4cefc96709d9a38847691ec359f,67,0.34328358208955223,0.0,81879.3,0.062127503797826444,0.12425500759565289,-9.443380577317642,-18.886761154635284,-3.957044088066365,-7.91408817613273,0.00020466877288613888,False
0xa886bc185eb8d0e4367932c83c59c213f623bd98,286,1.0,0.47902097902097907,81394.24578,-0.06343324167027031,-0.12686648334054063,-0.08478018215754607,-0.16956036431509214,-0.5716041781213362,-1.1432083562426725,0.00020345631195901024,True
0xc12f80e8b763df7fa5b400767698fd86c87f7cb1,921,0.009771986970684038,0.0,80521.4,-6.216178049224083,-12.432356098448166,-18.970988934070657,-37.941977868141315,-20.061208953309595,-40.12241790661919,0.0002012745117395232,False
0x27da75821e01dfba4cfe7f650716e5c9acaee327,142,0.014084507042253521,0.0,80263.4711,1.9644188998793166,3.9288377997586332,4.312308829401537,8.624617658803073,-12.240316429097955,-24.48063285819591,0.00020062978234570972,False
0x4276dcb71aa01041cecdac9eca20d621825927f1,40,0.325,0.0,79695.63594,-0.04344316634632754,-0.08688633269265508,0.2954135311563114,0.5908270623126228,-5.100227729077893,-10.200455458155785,0.00019921039887029157,False
0xe4c0f75521c93a8c8a14e3770ca891c9a10ed02d,71,1.0,0.0,79420.76678,1.9086643688868126,3.817328737773625,0.10425989468823546,0.20851978937647092,22.984221503844797,45.968443007689594,0.0001985233249250888,False
0xc9e54fe0d49abe00c200ece705fe87e323c3d3ae,49,0.40816326530612246,0.0,79260.544,-3.34811529933465,-6.6962305986693,-35.953436807095684,-71.90687361419137,-44.578713968958354,-89.15742793791671,0.00019812282565639686,False
0xce80d0344d0b02f59e2eaa2ec2146d6c7a131ff8,30,0.9,0.0,74995.60366,-0.2373822085893758,-0.4747644171787516,0.3109414917719705,0.621882983543941,18.581905444122714,37.16381088824543,0.00018746201021439392,False
0x060d01aa996003b3731a992462d7f0ba68bf3b04,165,1.0,0.0,72662.35556,-0.7239031831152289,-1.4478063662304579,-0.8928320480261033,-1.7856640960522066,1.4340049884320234,2.868009976864047,0.0001816297299498348,False
0x01ffcc7285866e5cee14c8e807cb2e8d5f61079f,31,0.6451612903225806,0.44999999999999996,72187.59999999999,-0.5573080247883546,-1.1146160495767092,-21.138550666772524,-42.27710133354505,-0.17955205152906295,-0.3591041030581259,0.0001804430119651174,False
0x75083975c88cff9f8186551a28608e8a353116bb,260,0.026923076923076925,0.0,71368.95629999999,1.332802675541439,2.665605351082878,14.905774385952542,29.811548771905084,30.378041936697283,60.756083873394566,0.00017839669743250697,False
0x43a907c297b294fddc288d0563f6ba5bce42257f,34,0.029411764705882353,0.0,71074.37951,1.3511535473410936,2.702307094682187,7.093556123540741,14.187112247081481,20.267303210114804,40.53460642022961,0.0001776603615071872,False
0xd158ab29974537b266d37ef88ae71ff4334bab69,257,0.22568093385214008,0.3793103448275862,69959.74287,-0.6072867062043272,-1.2145734124086545,-1.1976682500965767,-2.3953365001931535,-1.731234816896698,-3.462469633793396,0.00017487417118408077,False
0x10a7ac85ef2d678a4420c4dc59d8cd7dab8767db,101,0.33663366336633666,0.0,67865.45046,0.35625045125600857,0.7125009025120171,-2.8583131847150938,-5.7166263694301875,6.957188528862883,13.914377057725765,0.0001696391941188218,False
0xebdc1c611e594a23d1e632ed3d1881ead25d3f83,103,0.0970873786407767,0.0,64311.1353,-0.4286543966910963,-0.8573087933821926,-2.4938237334692657,-4.987647466938531,3.7806608840961298,7.5613217681922595,0.00016075468579684302,False
0x552b6ad871f27a9729162c18d769050363f2d57e,60,0.35,0.33333333333333337,64186.43892,-0.8587751013779884,-1.7175502027559768,0.7362082239856699,1.4724164479713397,4.633159271663599,9.266318543327198,0.0001604429897384016,False
0x88944ba8335ed31bca1259398a533c8b907bfb75,559,0.026833631484794274,0.0,63361.41804,-3.7267953216049383,-7.453590643209877,-13.135304284168846,-26.270608568337693,-5.8100062952923475,-11.620012590584695,0.00015838073455162004,False
0x0b29b5dbcf2f50199af2d9314dd23528dda27ccf,397,0.9773299748110831,0.47680412371134023,62826.10811,-0.5118053427870418,-1.0236106855740836,-1.1109166529827144,-2.2218333059654287,-0.4839107794576745,-0.967821558915349,0.00015704265244189433,True
0xb2139bc97c2dc43f8825d033d08ecb9e2c8be00f,47,0.1276595744680851,0.0,61436.97165000001,-0.4607163408147858,-0.9214326816295716,-3.774012198320003,-7.548024396640006,2.0879522468020637,4.175904493604127,0.00015357031139062014,False
0xfa1413451bc8dd3484787eb3c3156a7e28c4aade,202,0.0594059405940594,0.0,60404.7168,-5.759848211059128,-11.519696422118257,-8.470365016263424,-16.940730032526847,-19.086555836645836,-38.17311167329167,0.00015099004588449996,False
0x2619a5d6dc181e2203281b55d95d5fc6d20ecbad,411,0.9902676399026764,0.4864864864864865,60155.27985,-0.5697299719510147,-1.1394599439020294,-1.2580151956351797,-2.5160303912703594,-0.866213606005989,-1.732427212011978,0.0001503665433085258,True
0x8bfdeb532f424d61f1226f90a1825a7038ed01af,1398,1.0,0.48354792560801146,60021.14601,-0.3301792515561447,-0.6603585031122894,-0.4238903459463638,-0.8477806918927276,0.13417961158757138,0.26835922317514277,0.00015003125699763518,True
0x27c9fa86c91b84ddfa15de58c482ff662498d65d,229,0.2794759825327511,0.390625,59273.50525,1.3343101059494649,2.6686202118989297,1.054010669053639,2.108021338107278,1.616721005652595,3.23344201130519,0.00014816242425347566,False
0x876bbc52c64e1e34e68d30a18816d651aec2cb46,41,0.07317073170731707,0.0,58225.64896,-0.5646910010852981,-1.1293820021705963,-0.6776292013010737,-1.3552584026021475,11.293820021683493,22.587640043366985,0.0001455431607639817,False
0xa6a1140c06c35619038823f58a54f25eb33c29eb,48,1.0,0.041666666666666664,56171.27464,-0.4657988493279908,-0.9315976986559816,-1.7462427671957859,-3.4924855343915717,-5.89113561493366,-11.78227122986732,0.00014040796455293454,False
0x4fd04553468610e5a88a2cffa38e057c954312da,1376,1.0,0.0,54854.334290000006,-0.7787221575993338,-1.5574443151986677,-1.069152099012455,-2.13830419802491,-0.9816793993811759,-1.9633587987623518,0.0001371160877855618,False
0x1158b4657e7eddcaecc264094be1f33725fb6bfc,141,0.0851063829787234,0.0,54530.79999999999,-1.4733104637215997,-2.9466209274431994,-1.7402522941803973,-3.4805045883607946,-3.6091178861854645,-7.218235772370929,0.00013630736853514208,False
0xee772e29e31b9972e1b683b04944bd9937ac0304,1070,0.9981308411214953,0.44007490636704116,52981.67392,-0.8088529123132498,-1.6177058246264997,-1.2745888744489682,-2.5491777488979364,-0.6811757745633344,-1.362351549126669,0.0001324351110312368,True
0x80fb4da3e52558bde26e7b093fc3ace398da1ad3,87,0.05747126436781609,0.0,52835.5573,-1.4603473027714065,-2.920694605542813,-4.484844603508138,-8.969689207016277,-8.869132188550884,-17.738264377101768,0.0001320698720842298,False
0xe2928de21308d23f2af823f1d310a85aa6169023,42,1.0,0.4523809523809524,52658.45913,-0.4472653025302647,-0.8945306050605294,-0.23322120735276802,-0.46644241470553605,-5.692297435946476,-11.384594871892952,0.0001316271904157949,True
0xfc8b2f2b98705037ec9fa816f40c42077b237d3c,629,0.9984101748807631,0.42356687898089174,52346.308529999995,-0.2880754451771839,-0.5761508903543678,-1.950975823366394,-3.901951646732788,2.7484166612057495,5.496833322411499,0.00013084692629216813,True
0xe78c092d9265c33fc7835175114406488811f840,33,0.2727272727272727,0.0,50877.93705000001,1.3661139281883992,2.7322278563767983,4.423615017482679,8.847230034965358,-0.09583784036421131,-0.19167568072842261,0.00012717652621604877,False
0xfce4b231a3a6bb3ced77d4ec4ba114046fe165bd,61,1.0,0.29508196721311475,50855.12516,-0.4130911109316263,-0.8261822218632526,0.016791400804647885,0.03358280160929577,4.627103512884594,9.254207025769189,0.00012711950470348682,False
0x5b588cbb7e3797fffd00bd1c3373e17bd81b09d9,47,0.0425531914893617,0.0,50000.07,0.055865921787976246,0.11173184357595249,-2.122905027933571,-4.245810055867142,-3.4636871508378553,-6.9273743016757106,0.00012498217462925362,False
0x406304a6ab393f878c8457db66ab15e80746072e,188,0.0797872340425532,0.3333333333333333,49775.838260000004,-1.1666348887349802,-2.3332697774699604,-0.9241477471372452,-1.8482954942744905,2.4932904018153486,4.986580803630697,0.00012442167600422967,False
0x75f3c0d2d0bd243094a62c6d0e63b5727c2f6a4d,794,0.3954659949622166,0.15286624203821655,49751.7966,-0.9844455279176174,-1.9688910558352348,-1.2498837929251703,-2.4997675858503405,-2.9405460487888595,-5.881092097577719,0.00012436158050939343,False
0x331776df937e8281a9aaca93fb43d15672b50e64,75,0.12,0.0,45970.5,-1.0997390838810153,-2.1994781677620305,-0.5800821541351014,-1.160164308270203,-4.278105886746888,-8.556211773493777,0.00011490970030230164,False
0x2a0b9f2f8d00f0fc64d6c869ad8405c942ca637d,63,0.031746031746031744,0.0,45755.0,0.7103048847115626,1.4206097694231252,0.819582559282393,1.639165118564786,-1.9123593049945797,-3.8247186099891595,0.00011437102788379095,False
0xc5d07838525e4537428ccd29e548499756df0c99,143,0.006993006993006993,0.0,45500.0,-8.681318681317968,-17.362637362635937,-14.725274725274764,-29.450549450549527,-10.549450549450949,-21.098901098901898,0.00011373361968555323,False
0x3bff41f9cf60e628f56f9a16e0051dab9d80c77f,33,0.06060606060606061,0.0,45200.0,0.4422336839148111,0.8844673678296222,-0.5021322418205405,-1.004264483641081,-20.8434133000493,-41.6868266000986,0.0001129837276876265,False
0xe9b0f5794b008b927beb62e3ce1679f81aa80477,369,0.0027100271002710027,0.0,45112.5,1.330008312552004,2.660016625104008,11.637572734830034,23.275145469660067,-8.755888057632976,-17.511776115265953,0.00011276500918823121,False
0xdc7ab06f1e61f6b92ea256a621680e88e77f84d2,39,0.38461538461538464,0.26666666666666666,44693.10218000001,-1.9150687693478494,-3.830137538695699,-3.1218896275810057,-6.2437792551620115,-3.351577242039798,-6.703154484079596,0.00011171666562434487,False
0x3d04ca88a70bbdfd69d9f4a6d73ef1a71dfee129,483,0.014492753623188406,0.0,44569.5,-4.295057638711715,-8.59011527742343,-8.077272574294385,-16.15454514858877,-1.7628967920086196,-3.525793584017239,0.00011140770467198384,False
0xa3146256bc3fc5b4fd46e50853ceb3f47a9a9794,39,0.38461538461538464,0.0,44285.0,-3.801136577472822,-7.602273154945644,1.1290504685549174,2.258100937109835,5.539874299047011,11.079748598094023,0.00011069655709395,False
0xfd7c429cc0dedd85b431983013445d2a066dd92d,33,0.36363636363636365,0.0,44274.5,-2.2590781683220293,-4.518156336644059,-5.157417902951717,-10.314835805903433,-9.687833853077409,-19.375667706154818,0.00011067031087402257,False
0x91cb48168c6263ae2e16a2458854274e99a1bbe8,1495,0.9866220735785953,0.48135593220338985,43230.895209999995,-0.5696086205815423,-1.1392172411630845,-0.9415551028320677,-1.8831102056641353,-0.7553907413501363,-1.5107814827002726,0.00010806167460395922,True
0x28839a9fc4a6465000c5c5775983742545ce5ca5,751,0.017310252996005325,0.0,43094.053479999995,-0.049391674087699636,-0.09878334817539927,-0.2003241882017532,-0.4006483764035064,10.007126515358465,20.01425303071693,0.00010771961954292772,False
0xeb8af0aeb30ff23148d6b36ab527557966549952,110,0.12727272727272726,0.0,40812.17808,-2.00690585108405,-4.0138117021681,-3.1375950907163563,-6.275190181432713,-5.6868830716996746,-11.373766143399349,0.00010201575253384158,False
0x3c363e96d22c056d748f199fb728fc80d70e461a,33,0.696969696969697,0.0,39996.35,-0.7686714030428681,-1.5373428060857361,-0.26399681229151534,-0.5279936245830307,4.071310438568563,8.142620877137126,9.99764760375885e-05,False
0xcab3ed3a04e7e6a342c8a64c58bff4ec2062df96,1632,0.9981617647058824,0.4898710865561694,39253.336110000004,-0.8305731602009553,-1.6611463204019106,-1.0194284458378475,-2.038856891675695,-1.075434901647217,-2.150869803294434,9.811920880272382e-05,True
0x03f965711336ae96001d98202b4e9090d7461db3,86,1.0,0.08139534883720931,38186.445170000006,1.8509220650873301,3.7018441301746603,0.6555001667752102,1.3110003335504203,17.38651446123282,34.77302892246564,9.545236554083543e-05,False
0x4e23288cee4960f9f962195c22948e4bc7ae20c3,104,0.0673076923076923,0.0,37825.56973,-0.7465412203995203,-1.4930824407990406,4.137100940673341,8.274201881346682,9.534009240616026,19.068018481232052,9.455030685848779e-05,False
0x258f5ee03d9bc35d1b94b88d05aa0693dfcfbf36,379,0.9815303430079155,0.5,36815.47289999999,-0.6028979076914598,-1.2057958153829196,-1.1894171951059411,-2.3788343902118823,-0.5321427120909243,-1.0642854241818487,9.202542842532727e-05,True
0xb54dd58b758febaadaddf924b3e1ab9a64b615da,127,1.0,0.33858267716535434,36114.647699999994,-0.262811028259711,-0.525622056519422,-2.711869067487756,-5.423738134975512,4.963300703393403,9.926601406786807,9.027361772724262e-05,True
0x1450b392989983d871ec736a92d3fd7aa38b544c,451,0.9933481152993349,0.4910714285714286,35697.737239999995,-0.5730922616981048,-1.1461845233962096,-0.985794924144474,-1.971589848288948,-0.7657261501239573,-1.5314523002479146,8.923149166788945e-05,True
0x752686e2ac71850d733625f28cb80ff7e534217a,384,0.09114583333333333,0.4857142857142857,35523.536,-1.550022426096677,-3.100044852193354,-1.1116813633993965,-2.223362726798793,1.5159474113787903,3.0318948227575806,8.879605128153976e-05,False
0xf455ec8b12ff9f72f59dc266be7f10c34d3cf900,1684,1.0,0.43705463182897863,35083.91336,-0.8570500059728642,-1.7141000119457284,-1.3128015892932208,-2.6256031785864415,-1.013718662820273,-2.027437325640546,8.769715294872835e-05,True
0xc8660f85f74b666ed9b3179256232d45f3085117,728,0.9862637362637363,0.4818941504178273,34810.80308,-0.5470563017120732,-1.0941126034241464,-0.9934710265963591,-1.9869420531927182,-0.8261197387205382,-1.6522394774410765,8.701447557031658e-05,True
0xa656a158fdd934e8a78bf16777ea0303f1067149,711,0.7819971870604782,0.014388489208633094,34645.00574,0.0837442297925627,0.1674884595851254,-3.122754162611363,-6.245508325222726,11.873982078780212,23.747964157560425,8.660004190850481e-05,False
0xbe69e095e738eb7260ad795c554aba288e1f2adc,62,0.3709677419354839,0.0,34323.97338,0.3224854676978209,0.6449709353956418,7.903300566564382,15.806601133128764,89.99751156736137,179.99502313472274,8.579757658237304e-05,False
0x50605883a6847105fbe2349c76bc7d81fe7b66f3,36,0.5,0.4444444444444444,34103.4332,-0.532731369024551,-1.065462738049102,0.19119254846515238,0.38238509693030476,1.952083842865946,3.904167685731892,8.524630552836197e-05,False
0x23cc6b8202a812f0321a587cdff7088213e1c488,54,0.9444444444444444,0.45098039215686275,33988.14226,-0.7240534634486986,-1.4481069268973972,-0.4174220452635306,-0.8348440905270612,0.2118149139453992,0.4236298278907984,8.495811968389713e-05,True
0xc0eceee762080113d3f6023ab4e564fbdca18ec8,250,0.016,0.0,33778.584500000004,0.7940634657476262,1.5881269314952524,-4.600347161991863,-9.200694323983726,-4.669694266176915,-9.33938853235383,8.443430072613899e-05,False
0x0c71ffd11df342652c5da27a2a3e722f6288693d,366,0.9781420765027322,0.4692737430167598,33255.78447,-0.20220544560572512,-0.40441089121145024,-1.1704945089939283,-2.3409890179878565,-0.7189077044685076,-1.4378154089370152,8.31274888627628e-05,True
0x8c7ce2cb8257c1d01687426d0f2c057e56bfa03d,38,0.02631578947368421,0.0,32340.489999999998,-8.681318681317968,-17.362637362635937,-14.725274725274764,-29.450549450549527,-10.549450549450949,-21.098901098901898,8.083958220009752e-05,False
0xdd6e2b9d2d1b872286352ef30ace6efd40e1ea86,31,0.12903225806451613,0.0,32169.66695,-0.8748298536284389,-1.7496597072568778,-1.658208594081343,-3.316417188162686,-3.174246688482211,-6.348493376964422,8.041258607257606e-05,False
0xa1bf766e566c06214fb47b9c904abe30241dd169,43,0.18604651162790697,0.0,31708.0,-1.8881986474303858,-3.7763972948607716,-28.49447817648496,-56.98895635296992,-52.07395671310825,-104.1479134262165,7.925858490086862e-05,False
0xb780b676e417b3b88cdfc6ee01cb3412d8fca7d9,820,0.9975609756097561,0.32273838630806845,31337.90654,-0.4871556771383784,-0.9743113542767567,-0.8876544164390955,-1.775308832878191,-1.1563285992191532,-2.3126571984383064,7.83334844870719e-05,True
0x77bdc9f05681d667ad964cdd534bc8c10bd62f7f,879,0.9556313993174061,0.46785714285714286,31177.48495,-0.6673207648983801,-1.3346415297967602,-1.2659109254982825,-2.531821850996565,-1.3266163311785246,-2.6532326623570492,7.793248826495295e-05,True
0x281354062fa932086890a6bbf7dff7d0a67d220f,51,0.21568627450980393,0.0,30098.394400000005,-1.5063567132918942,-3.0127134265837885,-1.5635426863481625,-3.127085372696325,-1.720868630668737,-3.441737261337474,7.523515037000847e-05,False
0xd34aed921ab9561885e0e7dbbae637395c5486cd,42,0.047619047619047616,0.0,30010.7385,-0.32428655752714874,-0.6485731150542975,5.68919769699985,11.3783953939997,-2.6580744804077865,-5.316148960815573,7.501604217673825e-05,False
0x0132157369b0d073dd99011da1777920a025fd77,571,0.08756567425569177,0.0,29645.776029999997,0.6407011520890491,1.2814023041780982,1.2572159963119205,2.514431992623841,6.722759699563236,13.445519399126471,7.410376739074966e-05,False
0x7febad278b323419e3b3e7077e2c7a9510622cc6,49,1.0,0.0,29328.72539,-3.000919766767838,-6.001839533535676,-15.834663954277707,-31.669327908555413,3.8861504239539575,7.772300847907915,7.331125493117119e-05,False
0x5c180d12a23e4956f1a4b10f1c4598f619832709,186,1.0,0.478494623655914,29235.5,-0.4366729648275341,-0.8733459296550682,-0.8387593971757781,-1.6775187943515562,1.115444738868061,2.230889477736122,7.307822501795585e-05,True
0xcac1f1c3e4599e044dc2a9d38a9b6ef1af1bdae8,61,0.06557377049180328,0.0,29111.43075,-0.9092542811621052,-1.8185085623242103,1.5636677820973468,3.1273355641946936,-1.2791342730687518,-2.5582685461375037,7.276809655874329e-05,False
0xd359905a8d17331078d4db35693bc85e813187ed,32,0.75,0.16666666666666666,28642.867349999997,-2.013992455401887,-4.027984910803774,-1.8681512750543348,-3.7363025501086695,8.306625286439742,16.613250572879483,7.159685674480548e-05,False
0x172ff1a099165a50488332e47b263365ef16fb7e,362,0.9723756906077348,0.48579545454545453,28505.174959999997,-0.6252331865095712,-1.2504663730191423,-1.1406313271629687,-2.2812626543259373,-0.43206727655331195,-0.8641345531066239,7.125267534001747e-05,True
0xcd82f03d5df801a69af899a7f13263388e1f6274,663,0.8793363499245852,0.3190394511149228,28426.36238,-0.15794626017835772,-0.31589252035671544,-0.24136134703837708,-0.48272269407675417,-1.6780502318154575,-3.356100463630915,7.105567226309094e-05,True
0x2a9b6f644b4632f4055129ae062ac6bf4a739795,55,1.0,0.01818181818181818,28149.302,-4.3115934366616315,-8.623186873323263,2.34059751058628,4.68119502117256,-1.2588860111257156,-2.5177720222514313,7.036312105674249e-05,False
0xa31a661fa0247e04499291c98c57ca23dc2d26db,90,0.022222222222222223,0.0,27498.792999999998,2.407519251095026,4.815038502190052,-0.26303538175020913,-0.5260707635004183,30.38577683829063,60.77155367658126,6.873708274447809e-05,False
0xfca6d5a42831d5e9a78f9baf68c07a5f4b3050e3,111,0.990990990990991,0.42727272727272725,27201.599999999984,-0.3895624401594549,-0.7791248803189098,-0.5288269793856355,-1.057653958771271,0.20599824663767477,0.41199649327534954,6.799420723601193e-05,True
0xbf2cf861b1042e5945bcb72c1f90cda16304f9e6,330,0.9939393939393939,0.47865853658536583,27187.229119999996,-0.6863362464743346,-1.372672492948669,-1.254613410656999,-2.509226821313998,-0.587764922767098,-1.175529845534196,6.795828520962808e-05,True
0xa0771999ab6b20f50248504f89c0cf2627a3ccb3,84,0.07142857142857142,0.0,27008.0,-0.8469978455700043,-1.6939956911400087,-3.420158294469846,-6.840316588939692,9.311379712733734,18.622759425467468,6.751027693334993e-05,False
0x5bdec52fae18f6fd7566ed0cb4689d5e8fc1d7a0,117,1.0,0.4017094017094017,26936.399999999998,-0.41003715995161527,-0.8200743199032305,-0.8564052990921905,-1.712810598184381,-0.453617372284589,-0.907234744569178,6.733130270984475e-05,True
0xb4bbd52cf9b3ee5d9037a3545183d760d54b0d27,118,0.9830508474576272,0.4224137931034483,26898.600000000002,-0.3259996643580313,-0.6519993287160626,-0.21769537597762814,-0.4353907519552563,0.6659915660914598,1.3319831321829196,6.723681631810598e-05,True
0x230ed967c6ad18dac516c13990f56dfe69853fac,130,0.9923076923076923,0.3798449612403101,26672.273999999998,-0.972756266190963,-1.945512532381926,0.028366405883864635,0.05673281176772927,0.7130215648338639,1.4260431296677278,6.66710827970301e-05,True
0xafbadb36968671e1c679575041299797cc5c2611,116,0.9913793103448276,0.4608695652173913,26634.0,-0.21701870029469034,-0.4340374005893807,0.14162980484776824,0.2832596096955365,2.015980723143348,4.031961446286696,6.657541157593461e-05,True
0xe65364acddf6912fdf54efd39e0d9cc618ea1716,34,0.3235294117647059,0.18181818181818177,26497.8,-3.2430686804472866,-6.486137360894573,-3.541526632327712,-7.083053264655424,-9.757653473444721,-19.515306946889442,6.623496060887588e-05,False
0x6fd8ca51cb8bb4f8183db7bf6a9860ead2a8f200,128,0.984375,0.3253968253968254,26371.752000000008,-0.4808817663772588,-0.9617635327545176,-1.35825156443907,-2.71650312887814,1.9275432045418674,3.855086409083735,6.5919885987027e-05,True
0x6525e7e3f81d72025dfd0b3acec518ddd757887d,117,0.9914529914529915,0.45689655172413796,26078.024999999998,-0.34620907167342074,-0.6924181433468415,-1.096174027930797,-2.192348055861594,-1.4311129128062055,-2.862225825612411,6.51856742307769e-05,True
0x453f13ce2825bca932ef86294f864485d4f7d92b,110,0.990909090909091,0.43119266055045874,25572.780000000002,-0.6147955132167825,-1.229591026433565,-0.7902193024362351,-1.5804386048724701,-1.2241379334939633,-2.4482758669879265,6.392274362246862e-05,True
0x2e8800da969a096d99073eb8efda12fbd37c6c1a,103,0.9902912621359223,0.47058823529411764,25572.77999999999,-0.7334991181924604,-1.4669982363849208,-1.343853511193864,-2.687707022387728,-2.495700051804133,-4.991400103608266,6.392274362246859e-05,True
0x2724466de46ff6801eface1ee48d652f7735a92c,109,0.9541284403669725,0.4423076923076923,25534.125,-0.1996014700239775,-0.399202940047955,0.012042723688157304,0.024085447376314607,0.19594148213440846,0.3918829642688169,6.382612003853576e-05,True
0x4ffc5f22770ab6046c8d66dabae3a9cd1e7a03e7,137,0.38686131386861317,0.0,25518.408949999997,0.36916574203133284,0.7383314840626657,0.7857687089352566,1.5715374178705133,-0.015504774860126113,-0.031009549720252227,6.378683557142236e-05,False
0xb077c205692568f78863883585e932436c866439,104,0.9807692307692307,0.4411764705882353,25315.199999999993,-0.818863238810664,-1.637726477621328,-0.5387956340292879,-1.0775912680585757,1.0112133523074218,2.0224267046148436,6.327888635304871e-05,True
0xf3d632730f1c840ad1eadc7e0a0c96d1a3b8399e,101,0.9801980198019802,0.42424242424242425,25314.594000000005,-0.7446039887526831,-1.4892079775053662,-2.043992131182822,-4.087984262365644,-1.1295110028165523,-2.2590220056331045,6.327737157121292e-05,True
0xdafcde6bfaf2dec9645ac9123eb485aefb37cc6f,116,0.9827586206896551,0.43859649122807015,25312.944,-0.4774719050899914,-0.9549438101799828,-0.302850866054088,-0.605701732108176,1.704605168062396,3.409210336124792,6.327324716522432e-05,True
0xbfab184cbc123069479b861deaf7abe3eddd6a30,109,0.9724770642201835,0.44339622641509435,25270.206000000006,-0.37581867492172083,-0.7516373498434417,-1.5781148889593233,-3.1562297779186466,-1.8548338350367068,-3.7096676700734137,6.31664175511997e-05,True
0xc2c0bf998d8e7ae5991a587d370688e76f2ce328,105,0.9714285714285714,0.46078431372549017,25258.80599999999,-0.19134209044442355,-0.3826841808888471,-0.6024882698954193,-1.2049765397908385,0.17717241292138805,0.3543448258427761,6.313792165527844e-05,True
0x3675c0d2228dc07064adbc1c4dcda27696931a97,114,0.9912280701754386,0.46017699115044247,25048.557,-0.9084624317078878,-1.8169248634157755,-2.0973284310543128,-4.1946568621086255,-2.165755554551146,-4.331511109102292,6.261237484637147e-05,True
0xdb631f8fec2aded856947cc40a31c2a5697b4ff7,104,0.9903846153846154,0.42718446601941745,25046.32500000001,-0.46677713691070755,-0.9335542738214151,-1.2990963157419446,-2.5981926314838892,-1.1039118303029203,-2.2078236606058406,6.260679564990694e-05,True
0x0f470a9efe03d19dc07cc492e2940f56823e1dff,102,0.9705882352941176,0.41414141414141414,25018.350000000002,-0.30792265998742857,-0.6158453199748571,-0.6962358246195778,-1.3924716492391556,-1.323314932853998,-2.646629865707996,6.253686822110024e-05,True
0x5ba4c9b8e32088dd5933159f8d56ac3622f95fbd,102,0.9901960784313726,0.43564356435643564,25010.492999999995,-0.4271513633751674,-0.8543027267503348,-1.3230827022643357,-2.6461654045286713,-1.4372529301385495,-2.874505860277099,6.251722854967452e-05,True
0x9a608a13312247606245093c0dfd5b98a3c910a8,113,0.9646017699115044,0.46788990825688076,24989.157,-0.40577972007386987,-0.8115594401477397,-1.4253593250048135,-2.850718650009627,-0.9137022275376736,-1.8274044550753472,6.246389623078199e-05,True
0x36e22c1ef96d13bd20f783d8e4c1f73e91732034,41,0.024390243902439025,0.0,24926.603999999996,0.11043622308169794,0.22087244616339588,-4.417448923245947,-8.834897846491893,-34.6769740474868,-69.3539480949736,6.230753625029428e-05,False
0xc1fd39727cd10fe97ccac228888f025309560a93,97,0.3402061855670103,0.48484848484848486,24843.22671,-0.6700734879333059,-1.3401469758666118,-0.927487427391172,-1.854974854782344,2.710930113462781,5.421860226925562,6.209912304169489e-05,False
0xaa66db1d60fdfa0102c80d17373c656f9937f77f,98,0.9795918367346939,0.4270833333333333,24725.441999999995,-0.5067983502012082,-1.0135967004024165,-1.68071745356297,-3.36143490712594,-1.7588061060792832,-3.5176122121585665,6.180470367000449e-05,True
0xf67b0c2afbe9453e05da63e76f7aa4204f066580,106,0.9716981132075472,0.44660194174757284,24722.849999999995,-0.592132237520836,-1.184264475041672,-1.4566994412903453,-2.9133988825806907,-2.056433615804261,-4.112867231608522,6.17982246031424e-05,True
0x6a657c3ccb46e73cd0c54fc99b5b1c54e4b1be89,112,0.9821428571428571,0.37272727272727274,24721.458000000006,-0.40020170084678874,-0.8004034016935775,-1.957095148148621,-3.914190296297242,-2.0000148208688615,-4.000029641737723,6.179474510427205e-05,True
0xe7843877af97a640896680aa761caad8ed5b55e9,98,0.9693877551020408,0.43157894736842106,24719.25,-0.5239347368280552,-1.0478694736561105,-1.5044801071790812,-3.0089602143581624,-1.2830738221686586,-2.5661476443373172,6.178922589916729e-05,True
0x5caa08049006bd91be13bb8adc50333c19702a26,104,0.9807692307692307,0.4803921568627451,24188.339999999997,-0.481572823458841,-0.963145646917682,-1.959943574933788,-3.919887149867576,-1.0568567698251239,-2.1137135396502478,6.046214203043636e-05,True
0x20b4fad175acb44584630a440ab2c7dfe905da23,105,0.9714285714285714,0.4215686274509804,24179.34,-0.38481528852740055,-0.7696305770548011,-0.9626674182911099,-1.9253348365822198,-0.8887839167289044,-1.7775678334578089,6.043964527049857e-05,True
0x22c0259870aac800347d8e20870b9ecf40665959,35,1.0,0.45714285714285713,24016.51277,-0.4707406307308172,-0.9414812614616344,-1.8981181524670778,-3.7962363049341556,2.038741865479439,4.077483730958878,6.003263581442665e-05,True
0x6d0aa78f57b94b10d502297a3ab9c1cd98e36022,123,0.8373983739837398,0.4077669902912621,23930.889000000006,-0.2811637467593177,-0.5623274935186354,-0.013451683044317216,-0.02690336608863443,0.23583904895053248,0.47167809790106496,5.981860721457561e-05,True
0xac67718547c2d2b5e3fdbcee258896cc4ec8390f,109,0.963302752293578,0.44761904761904764,23919.564,-0.4144655799888101,-0.8289311599776202,-1.4877299955883105,-2.975459991176621,-1.7362019627141632,-3.4724039254283263,5.979029879165385e-05,True
0xd772c0fdc821ec9ed2c9454fa7521748838001e1,338,0.9792899408284024,0.47129909365558914,23731.069949999997,-0.7451823992902693,-1.4903647985805386,-1.0422428453348178,-2.0844856906696356,-0.4723523498287825,-0.944704699657565,5.931913152581452e-05,True
0xd22439cbf29fd57facc78625daf7ea69dcb379a8,108,0.8703703703703703,0.4574468085106383,23650.95000000001,-0.46592069226267524,-0.9318413845253505,-0.7435008114654557,-1.4870016229309113,-0.06995230758383576,-0.13990461516767153,5.9118860494550254e-05,True
0xb6b718d7e0c54e7e069f717989fd1f39ee2c7296,100,0.96,0.4270833333333333,23397.888000000003,-0.282834026603247,-0.565668053206494,-0.39259978363581954,-0.7851995672716391,0.6111385920907431,1.2222771841814861,5.848629659861912e-05,True
0xcc94b225e76b600cce7502758c1a0165ed494b57,54,0.1111111111111111,0.0,22677.5,0.0,0.0,3.637967148054377,7.275934296108754,10.803660015435254,21.607320030870508,5.668558594327766e-05,False
0x1086b5e613495c15a3b7b45656557cc330077315,103,0.009708737864077669,0.0,22575.0,-1.6611295681063754,-3.3222591362127507,1.3289036544851003,2.6578073089702006,-0.7751937984485926,-1.5503875968971852,5.642937284398603e-05,False
0x719cbda2c99a53b0f3d475f86fc855ba5c6fdcf4,335,0.991044776119403,0.4759036144578313,21981.57756,-0.6899516639864837,-1.3799033279729673,-1.2912003619862453,-2.5824007239724907,-0.9262878192034505,-1.852575638406901,5.4946030380165525e-05,True
0x2500bab706bfe5ea745c345a4d3eda9678f0380a,201,0.9850746268656716,0.3535353535353535,21913.2653,-0.645233681454346,-1.290467362908692,-1.6135992173114981,-3.2271984346229963,-3.2189452637482034,-6.437890527496407,5.4775274323051217e-05,True
0x95b5653dfd12b0bc13c08297869621c9650aa6bb,499,0.3587174348697395,0.31843575418994413,21708.95646,0.3997723717566629,0.7995447435133258,0.5793241612789254,1.1586483225578508,0.6804932233819364,1.3609864467638728,5.426457577564559e-05,False
0x8a9683697f7e534d86d9e5e433ed725047991954,128,0.1484375,0.052631578947368474,21045.72822,3.5689031555310926,7.137806311062185,10.538248295297427,21.076496590594854,-32.02620376026039,-64.05240752052077,5.2606743942395504e-05,False
0xfafdfde527e3e18cf1f59bee27a69db4844c942c,128,1.0,0.4375,20965.770000000004,-0.24511037988861872,-0.49022075977723745,-0.9527764876261506,-1.9055529752523013,0.019122746850390282,0.038245493700780564,5.2406877177907295e-05,True
0xd56c2517f2c2fb040cd20259490c7511493d4ed5,34,1.0,0.23529411764705882,20403.012580000002,-0.4391718762863543,-0.8783437525727086,-0.5288171369139555,-1.057634273827911,-0.3109570765090467,-0.6219141530180934,5.100018622446766e-05,False
0xb9edc1954749507034e0149bc51c3af104d79065,35,0.9428571428571428,0.30303030303030304,20039.827790000003,0.1787937057572839,0.3575874115145678,-1.520649629913597,-3.041299259827194,0.4022988712563906,0.8045977425127812,5.0092354998502004e-05,True
0xd9c1ef5e179d706c4296b3abccbba362eb24158b,517,0.3346228239845261,0.2947976878612717,20027.029270000003,0.6187139805865705,1.237427961173141,0.09422333604407339,0.18844667208814678,0.08821284531455223,0.17642569062910446,5.0060363306057654e-05,False
0x708959c6f60e8a0c283e436e85d81e828fd0ccbb,118,0.025423728813559324,0.0,19999.16688,-0.22664944131020937,-0.45329888262041873,-3.0597674576733325,-6.119534915346665,-8.9526529317114,-17.9053058634228,4.99907173617106e-05,False
0x10d944a35f99c141b9121ec3693000531825bef8,492,0.08130081300813008,0.07499999999999996,19516.4,0.3286970172996778,0.6573940345993556,1.3515403133510828,2.7030806267021656,1.2195172541432258,2.4390345082864515,4.8783973961123764e-05,False
0xa68072a0d98a110e01760f2ac937f5bfb3e34493,46,0.3695652173913043,0.0,19512.76361,0.05122383342546068,0.10244766685092135,-0.6911820771805898,-1.3823641543611795,0.44887887295336126,0.8977577459067225,4.8774884295249294e-05,False
0x0d03d32c4c46f8cb25de8c058cf28a28a537affc,35,0.6857142857142857,0.4166666666666667,19120.074279999997,-1.2407198242464401,-2.4814396484928802,-1.7954780828693526,-3.5909561657387052,0.19789515712537367,0.39579031425074734,4.779330234112193e-05,False
0x1ba4e1033219a33ad7353c84d3a97849cc0677e0,48,0.125,0.0,18108.97041,-0.7820267900040222,-1.5640535800080444,3.686697724302181,7.373395448604362,13.406173542915434,26.81234708583087,4.52659066705028e-05,False
0x6b00ea6fc7a9b699ce17bd7825bc16d45d2b3455,60,0.03333333333333333,0.0,18089.0,-3.212792507016226,-6.425585014032452,-0.8326729649325829,-1.6653459298651658,-0.8265607065098185,-1.653121413019637,4.52159878349884e-05,False
0xcc9bd2bdff4a835c11861c9b6b1061ac51f661b5,37,0.40540540540540543,0.4,17746.375,-0.43976166709496906,-0.8795233341899381,0.3710025112963064,0.7420050225926128,1.1065367377628617,2.2130734755257233,4.4359548682356257e-05,False
0xcc3938d6cf2d1dd16249686220278713973ab25b,33,0.18181818181818182,0.16666666666666666,17595.58222,-1.874357510596598,-3.748715021193196,2.104687686876478,4.209375373752956,-0.9611849995512185,-1.922369999102437,4.398262101879918e-05,False
0xaed19771ec361159bf3ecc31366f33ce410043af,59,0.11864406779661017,0.0,17586.012,0.9164628833500384,1.832925766700077,2.736130692370537,5.472261384741074,13.323395159236798,26.646790318473595,4.395869891414451e-05,False
0x0a506b1e47726e769949086ea60b5b01cbaf956a,54,0.037037037037037035,0.0,17498.739999999998,-10.562881562880916,-21.125763125761832,-39.86263736263703,-79.72527472527406,-14.830280830280866,-29.660561660561733,4.374055033266764e-05,False
0x3bbbe689a7d37b4daab04d8a3351f0a0a4b20bce,115,1.0,0.4434782608695652,17441.22847,-0.2126627106242776,-0.4253254212485552,-1.5950073667243072,-3.1900147334486144,0.7214127310872557,1.4428254621745114,4.35967922122159e-05,True
0x6d84d1621d838807bd2b48610629e097f5d5fbab,106,1.0,0.39622641509433965,17346.668600000005,-0.42955088064710983,-0.8591017612942197,-0.37126209409688044,-0.7425241881937609,-4.021673831096219,-8.043347662192438,4.336042657942261e-05,True
0xe7e4a7c3a9a06b1f2ad0bbca80b0df7964db7940,224,0.6205357142857143,0.41007194244604317,17301.87986,-0.5922146759404766,-1.1844293518809532,-1.086987260293134,-2.173974520586268,-0.6168819788043222,-1.2337639576086443,4.324847085367853e-05,False
0x7ce9eba5ab39bd3ddb42e6f80c18992acab8bad1,258,0.015503875968992248,0.0,16788.343999999997,1.068598546706017,2.137197093412034,1.1507984349145617,2.3015968698291234,-0.4931993292493203,-0.9863986584986406,4.196481608013712e-05,False
0x7538e8fc24c9c4598e811471c5023976024cadd5,39,0.8205128205128205,0.0,16660.67901,-0.192607060750839,-0.385214121501678,-0.19149224225904432,-0.38298448451808864,-5.076403940996363,-10.152807881992725,4.1645699565415814e-05,False
0xa41bbc2063daeaa250d5cd624ccdc4d5904f46b4,1859,0.047875201721355565,0.0,16561.29816,-0.7304334807758903,-1.4608669615517806,-5.234413557921829,-10.468827115843657,5.722408235195307,11.444816470390615,4.139728321820862e-05,False
0x8e403d0bea9dbf78fa62d2d980b3322d91250151,604,0.2599337748344371,0.267515923566879,16515.666,0.6425946921292446,1.2851893842584892,0.76227954659018,1.52455909318036,1.1719524788203037,2.3439049576406075,4.128321924610159e-05,False
0x953cb34f310cdef2ec0351e8c20e87bd53bd3bce,717,0.21617852161785217,0.32903225806451614,16321.746440000003,0.9790738481874707,1.9581476963749413,1.5168752349836103,3.0337504699672206,1.6825991884000884,3.3651983768001767,4.079849015848336e-05,False
0x44133c92cf08a13807f560b9b6e5c44ef37274c5,614,0.250814332247557,0.2662337662337662,16246.62488,0.5248186923753478,1.0496373847506957,0.9858080399864377,1.9716160799728755,1.1814188015818883,2.3628376031637766,4.061071330276411e-05,False
0xf62265d7ff93428fd7bd92d6c7b2d38ab6f07f98,34,0.20588235294117646,0.0,16190.593529999998,0.1609230166062617,0.3218460332125234,3.0020316238338878,6.0040632476677755,4.523517169060446,9.047034338120891,4.0470655099437333e-05,False
0x44cff1ba3bbc14ce902880c878dec23d950e64b2,238,0.14285714285714285,0.0,16097.46642,0.8227102323866914,1.6454204647733828,1.4833113806575666,2.9666227613151332,10.940982738637105,21.88196547727421,4.023787085084053e-05,False
0x4c226d5a21ae3b9883f98cbda1a3be63e565f308,354,1.0,0.4745762711864407,15861.643210000002,-0.5671195011277453,-1.1342390022554907,-1.3076832115152524,-2.6153664230305047,-0.9534854897348503,-1.9069709794697005,3.964839772382589e-05,True
0xd1f65085adb3670b46f2d900974b2421a56490f6,37,0.10810810810810811,0.0,15729.044460000001,-0.10637123076622026,-0.21274246153244053,1.354198626487538,2.708397252975076,0.9992118912803818,1.9984237825607636,3.9316948585292266e-05,False
0xe6e0e0dd371e4f9bd5218ab4bc0634d59705ae71,83,0.060240963855421686,0.0,15423.809640000001,0.06517205422253416,0.13034410844506833,2.3250697447017634,4.650139489403527,5.127377973452929,10.254755946905858,3.855397142193692e-05,False
0x262000d4546c0d10adf6378148fb6dd4feb8cf43,711,0.2011251758087201,0.3706293706293706,15099.367099999998,0.758493521173643,1.516987042347286,0.9712732140989709,1.9425464281979419,1.9105954173022106,3.821190834604421,3.774298187349351e-05,False
0xf276a32a7d0930d0dff8775cf22dbc4535ab282a,96,0.46875,0.2222222222222222,14898.83276,-0.6010559048002322,-1.2021118096004644,-1.06543620221328,-2.13087240442656,-0.8340046342497999,-1.6680092684995997,3.724171821724179e-05,False
0xd4c0f72e6a89f1ddaf476a37234833f6e0086403,130,0.2,0.3076923076923077,14692.03198,-0.865478774071537,-1.730957548143074,-1.1659331195141152,-2.3318662390282303,0.05822008297692231,0.11644016595384463,3.672479071695177e-05,False
0x5a50c4ff488b4268ad3673918e8223579db764bd,577,0.9826689774696707,0.3985890652557319,14622.89459,-0.8559159120226659,-1.7118318240453319,-1.4120241947144518,-2.8240483894289037,-1.5678022771182163,-3.1356045542364326,3.655197213188998e-05,True
0x9815aec32ff0db5b81241c9d17f187a3b44a0f16,1472,0.9381793478260869,0.4844315713251267,14570.80646,2.6768188563620106,5.353637712724021,5.792659968148095,11.58531993629619,6.093588779412696,12.187177558825391,3.642177055897675e-05,True
0x863a8be1515f0e857d3bb96c988485988e79fd6f,31,1.0,0.0,14355.0,-0.6744045150758169,-1.3488090301516338,-1.1044461530287966,-2.208892306057593,8.134806150619536,16.26961230123907,3.588233210079377e-05,False
0xcd873972d192d25972fc1d8e5b5cecab4c1429da,778,0.17223650385604114,0.3582089552238806,14215.49018,0.6273796644126278,1.2547593288252556,0.6802816784947567,1.3605633569895135,1.7472067899780004,3.4944135799560008,3.553360777529311e-05,False
0xed1c710ad28e9aca013178a4e8d43a580b4b0dbf,244,0.00819672131147541,0.0,13848.315359999999,-12.98072692070701,-25.96145384141402,-3.7402094517283966,-7.480418903456793,-0.1100061603439413,-0.2200123206878826,3.461580291076583e-05,False
0x3355692500b352541c0bfb30789d9e8772156c9e,85,0.17647058823529413,0.1333333333333333,13756.2278,-0.15147042196947816,-0.3029408439389563,0.39445711464751915,0.7889142292950383,5.128424232417915,10.25684846483583,3.438561716292384e-05,False
0x222a227a5dc77c643e836556e573cb266998a870,47,0.06382978723404255,0.0,13650.0,-0.5158566862521242,-1.0317133725042484,-1.9451699160252645,-3.890339832050529,3.041982162274661,6.083964324549322,3.412008590566597e-05,False
0x507e0d7cb4cca156d09db13681ed4e5da66b411e,55,0.2545454545454545,0.2142857142857143,13244.420379999998,-0.7169894076877606,-1.4339788153755213,-1.5948706762206837,-3.1897413524413674,0.14610102041883938,0.29220204083767876,3.310628286713209e-05,False
0xbeadf095900480c9d68ab796d5b75920a0d95d84,216,0.4166666666666667,0.0,13081.43279,1.6115432786327373,3.2230865572654745,-1.040809949333044,-2.081619898666088,-0.954320374008089,-1.908640748016178,3.2698872568790894e-05,False
0x690fa26629274318f0d06e061cb593f7e986d878,34,0.11764705882352941,0.0,13069.033669999999,-0.7326144732392734,-1.4652289464785468,-0.02646286723887653,-0.05292573447775306,2.3360077501409298,4.6720155002818595,3.2667879232559776e-05,False
0x3814aa78de1813d4a074dc4ada94ae39b98b2fa6,92,0.17391304347826086,0.1875,13031.22874,-0.6728242901121864,-1.3456485802243727,-0.22921418482492284,-0.4584283696498457,-0.8513736515466146,-1.7027473030932292,3.257338051759585e-05,False
0xcd2d8965a1d3cb529b2e4c3af6c558676e362739,198,0.005050505050505051,0.0,12991.63296,-5.171882565253426,-10.343765130506853,-4.401602183193807,-8.803204366387614,-6.382323165631489,-12.764646331262979,3.247440532235029e-05,False
0x82d281370628ee3ddfaa65c86ed736498807823d,47,0.10638297872340426,0.0,12968.38296,-0.13473911139556544,-0.2694782227911309,-3.8383975606581755,-7.676795121316351,-6.802056943006297,-13.604113886012595,3.2416288692510974e-05,False
0xc10c2777dbd281dc4d8ca83c73d62f5d7c768d67,77,0.3246753246753247,0.44,12237.27523,-1.2316009258576648,-2.4632018517153296,-0.3655282735562087,-0.7310565471124174,-4.673680004307269,-9.347360008614539,3.0588782571346395e-05,False
0xc84670ff548f07a8828918c2ef3feda2296e6d70,105,0.08571428571428572,0.2222222222222222,12149.5887,-1.2367931862697952,-2.4735863725395904,0.7823366477833762,1.5646732955667524,3.1839278193668332,6.3678556387336664,3.036959781410319e-05,False
0xf4827b61bd5879d12c4d0aaa078a96c3a9c3f953,153,1.0,0.4444444444444444,11951.63451,0.011773900033630587,0.023547800067261173,-0.6618507115876153,-1.3237014231752307,0.9213411698584043,1.8426823397168086,2.9874783603979636e-05,True
0x2de442db5a3e76c278ef7eaf9625019efdfcb848,57,0.8070175438596491,0.1956521739130435,11662.927999999998,0.27631925077892305,0.5526385015578461,-0.24704067775559363,-0.49408135551118726,1.310620869817553,2.621241739635106,2.9153121265318456e-05,False
0x5aee88a58f65d0ba07221db632882cb3c6ed2956,143,0.09090909090909091,0.07692307692307687,11022.630860000001,-0.4317292622385118,-0.8634585244770236,0.2539466693189387,0.5078933386378774,4.9958778240478985,9.991755648095797,2.7552608926713905e-05,False
0xe1f5dea92467c4c963fe244c2a6cd66690754571,30,0.1,0.0,10995.331999999999,0.025348895215796308,0.050697790431592615,-0.9291718619393002,-1.8583437238786005,-8.5496058470646,-17.0992116941292,2.748437160449216e-05,False
0xcf1315b69577887b7431cc9539533b7e3ed199f8,58,0.3793103448275862,0.3181818181818182,10779.95,0.32030006455892457,0.6406001291178491,2.3920366756877116,4.784073351375423,-0.18701777183088855,-0.3740355436617771,2.6945994143500652e-05,False
0x9dd4d6848562527bc53de2047754b8dd83e82bd9,169,1.0,0.25443786982248523,10683.594739999999,-1.163409656161732,-2.326819312323464,-1.7691656573381778,-3.5383313146763555,-3.359957122872126,-6.719914245744252,2.670514068206015e-05,False
0x18b6e1f4d7c7bbd6bdd772936d9d63ec40c8a77c,391,0.9744245524296675,0.46194225721784776,10667.26455,-0.5037580729447134,-1.0075161458894268,-1.189235329646065,-2.37847065929213,0.22182806048319512,0.44365612096639023,2.666432108604141e-05,True
0x9c40079b164271a72814a533d2ed9bdbd8f11b79,83,0.9879518072289156,0.4024390243902439,10097.027399999999,-0.2238856537860662,-0.4477713075721324,-1.2024071016822606,-2.4048142033645212,0.026982348955119546,0.05396469791023909,2.523893350035627e-05,True
0x80c2b66a0798bf521151b92fc74b485adf030092,30,0.1,0.0,9560.51284,-1.4958751243443222,-2.9917502486886445,-0.9723188308243941,-1.9446376616487882,-7.853344402810083,-15.706688805620166,2.389784024930568e-05,False
0x48314750d70312eddf7e6b6b7c2852773727839a,584,0.0017123287671232876,0.0,9089.8,0.0,0.0,-3.41041607075972,-6.82083214151944,2.7503355409366197,5.500671081873239,2.2721227609181135e-05,False
0x84ce43e76feaeb1439cb7a1293f4b1271a209b68,38,0.07894736842105263,0.0,9058.2623,-0.47653609577609474,-0.9530721915521895,0.22121772415228028,0.44243544830456055,4.9159545354051195,9.831909070810239,2.2642394712971093e-05,False
0x3bb32e260511874126a59785abf23df96a139c6b,889,0.0011248593925759281,0.0,9042.1,-1.4377191139232288,-2.8754382278464576,-4.976720009732441,-9.953440019464882,2.764844449850308,5.529688899700616,2.260199478151079e-05,False
0xb5a7768f62c23c1f1b05129b6dde7ddd493eb7ee,307,0.996742671009772,0.46078431372549017,8795.84129,-0.4860419366205696,-0.9720838732411392,-1.3474141910532937,-2.6948283821065875,-0.944579606528672,-1.889159213057344,2.1986436661348264e-05,True
0x0d2637f4b304e4d2a86078eef60efcf4daf1168d,79,0.9493670886075949,0.0,8441.901020000001,0.9625991209506799,1.9251982419013598,0.661155800012549,1.322311600025098,-4.510416205767246,-9.020832411534492,2.1101713407291517e-05,False
0x8a8d4f4fe2cb36a90b79e08453df8d048fdef4c1,69,0.37681159420289856,0.2692307692307692,8149.04987,-2.875914340841244,-5.751828681682488,-5.307025353417638,-10.614050706835275,-7.888083329027281,-15.776166658054562,2.0369690960729385e-05,False
0x0118a8a0193f7fe73c78af4b481240dcc4f9456a,428,1.0,0.4976635514018692,8055.095440000001,-0.3495594061880827,-0.6991188123761654,-0.31930550816992015,-0.6386110163398403,0.8506010516166638,1.7012021032333275,2.01348387099735e-05,True
0xf21cd17b9db49fdb21bfdf714558cf8bde3221bd,66,0.030303030303030304,0.5,7758.087009999999,1.2941674359634323,2.5883348719268646,-0.2846233303880995,-0.569246660776199,12.786000245229692,25.572000490459384,1.9392424560060895e-05,False
0xdcc2cdf218c493a7911acf64c2507a0f2a14f8b6,317,0.9842271293375394,0.46153846153846156,7473.00913,-0.41526140706894044,-0.8305228141378809,-1.2638120128251589,-2.5276240256503177,-1.0662559004138994,-2.132511800827799,1.8679832490067847e-05,True
0x63df72803882b03d396f67b4801923dbeefa592f,71,1.0,0.0,7443.725559999999,1.9086643688868126,3.817328737773625,0.10425989468823546,0.20851978937647092,22.9842215038448,45.9684430076896,1.860663410735542e-05,False
0x86e0ebc902bf632e3b842e652ba1e60e8cf42553,47,1.0,0.0,7347.284,-0.9307458582713407,-1.8614917165426814,-2.637886995481489,-5.275773990962978,10.237065137079135,20.47413027415827,1.8365564926983524e-05,False
0x0e166716e88112b090bf2fd39ce9160e6ee5b510,331,0.9879154078549849,0.4617737003058104,7327.11451,-0.6418547242199844,-1.2837094484399687,-0.9929795308279943,-1.9859590616559886,-0.16485485842611794,-0.3297097168522359,1.8315148463139314e-05,True
0x40035c46ba8a19983ed014feb53c249961717744,74,1.0,0.5,7313.52073,-0.13181086251888036,-0.2636217250377607,-0.049788556968862495,-0.09957711393772499,0.4860561589218671,0.9721123178437342,1.828116890699406e-05,True
0xfb6f1c22e38bb0fd8818fafe007ed0717d3277d5,33,1.0,0.0,7060.957,-0.6287393965257313,-1.2574787930514626,-1.444848399525799,-2.889696799051598,-1.4082096791723335,-2.816419358344667,1.7649850506682307e-05,False
0xab406be848ac4cbc565d6d47700277ba648c041d,88,0.9886363636363636,0.011494252873563218,7020.525699999999,-0.692885374272905,-1.38577074854581,-0.8607144303436048,-1.7214288606872097,-0.7103158258982228,-1.4206316517964457,1.754878681222972e-05,False
0x7b666af4f977342446f43f02268b48dd081181e0,35,0.02857142857142857,0.0,6825.0,9.450549450549287,18.901098901098575,3.8461538461534714,7.692307692306943,6.043956043956793,12.087912087913587,1.7060042952832984e-05,False
0x38e5d7613012b69f3518736f3adca1eb1841c794,229,0.7117903930131004,0.0,6687.55366,-1.1858388242104818,-2.3716776484209636,-2.125500409700107,-4.251000819400214,-2.223813707368334,-4.447627414736668,1.6716476584465266e-05,False
0x43d489a0e1faa0b923862a556181385f2fc2a6b5,373,0.9946380697050938,0.46630727762803237,6480.388330000001,-0.4300891611693142,-0.8601783223386285,-0.9901310687488365,-1.980262137497673,-0.6075574514828282,-1.2151149029656565,1.619863784041577e-05,True
0x417e99d72cfef3a31d9a525c41236912752f2c1e,58,0.15517241379310345,0.2222222222222222,6473.93143,-1.1311910454815608,-2.2623820909631216,2.8104791028597895,5.620958205719579,2.7244844391368552,5.4489688782737105,1.618249791494439e-05,False
0xa2ec76b6464bcbd771f11b769d40055176a6e4a3,43,0.9534883720930233,0.2195121951219512,6130.590099999999,-0.707228828388229,-1.414457656776458,-1.829325461069071,-3.658650922138142,-0.7030592476170825,-1.406118495234165,1.5324268195195992e-05,False
0xc664f9c9044c165d6d9fd78f55375f65e9df5026,30,0.06666666666666667,0.5,5932.94486,-0.560386110627157,-1.120772221254314,5.720069279213929,11.440138558427858,21.645304374701787,43.290608749403575,1.4830226248848304e-05,False
0x34bb5e84cd25b186804b69ee3c1e433365de8f88,347,0.9884726224783862,0.46647230320699706,5927.9410100000005,-0.5060393279851924,-1.0120786559703847,-1.2756195922128921,-2.5512391844257842,-1.0534577118158057,-2.1069154236316114,1.4817718425268888e-05,True
0xfda204ef5d75ca9dfc1789d9179f41236aed09c3,44,0.8409090909090909,0.0,5491.330789999998,-3.7411816443280097,-7.482363288656019,2.651299471745903,5.302598943491806,-1.3443073497004043,-2.6886146994008087,1.3726350057965459e-05,False
0x111115f4adc27053f1a4e184f7812bc509a01111,30,1.0,0.4666666666666667,5473.71915,-0.586314320568939,-1.172628641137878,0.29650023698177147,0.5930004739635429,2.2734081704449323,4.5468163408898645,1.3682327298277575e-05,True
0x5a5ca55398c9f26951bad39dec8bf3695d077992,278,0.8776978417266187,0.4508196721311475,5355.440790000001,-0.32116712573806044,-0.6423342514761209,-1.582474529803759,-3.164949059607518,-0.7534222727805197,-1.5068445455610393,1.338667397930459e-05,True
0xc06d63e0761030a4e29b7288e0d97dde36a95de6,33,0.06060606060606061,0.0,4942.8211200000005,-1.3653741125060699,-2.7307482250121398,0.5689058802122773,1.1378117604245546,6.4855270344076725,12.971054068815345,1.235527335023737e-05,False
0xc53c10684bbe8f91776ec60071dafbbf4c27af82,33,0.24242424242424243,0.0,4837.17959,-1.890409094078782,-3.780818188157564,1.78854431949271,3.57708863898542,3.0967182909488544,6.193436581897709,1.2091207556918248e-05,False
0x3bab4bd2590981c1d95cc81f14ebe44c4bad72c2,94,0.9893617021276596,0.4301075268817204,4765.15063,-0.852185796561499,-1.704371593122998,-1.1195917003249025,-2.239183400649805,-0.013312762159762926,-0.02662552431952585,1.1911161087841635e-05,True
0x2594e08791eb5db6b102cb4a0742cb5c40cef3f4,254,0.05511811023622047,0.0,4759.21883,-0.5781940118315225,-1.156388023663045,-0.8666832353777584,-1.7333664707555168,0.4911981390077146,0.9823962780154292,1.1896333723330628e-05,False
0x8c951927c9ff1f1ba8e3d25c47d37394c0847908,38,0.10526315789473684,0.0,4564.3,-0.6846613938608186,-1.3693227877216372,0.08215936726371854,0.1643187345274371,7.010932673137957,14.021865346275915,1.1409106820456498e-05,False
0xcdba7ddbbc4afc515901c1b8832d7edf5efbd22a,36,0.027777777777777776,0.0,4515.0,-5.647840531561677,-11.295681063123354,-1.1074197120698677,-2.2148394241397353,3.3222591362127507,6.644518272425501,1.1285874568797205e-05,False
0x3b6d9bd5c6061576c746db8f8e486fc898705717,143,0.7132867132867133,0.0,4468.75,0.3064085257270194,0.6128170514540388,-0.20538589200602067,-0.41077178401204134,0.18895463124575781,0.37790926249151563,1.1170266219116835e-05,False
0x868669cc2787f91dd434d95dc6c044d5738a4277,298,0.9295302013422819,0.3862815884476534,4334.04749,-0.8440647379863987,-1.6881294759727974,-1.6546050760903348,-3.3092101521806696,-1.3623410665918496,-2.7246821331836992,1.0833558437951352e-05,True
0xe412384398f53a8782686a8f43cc039a78f9135f,328,0.9969512195121951,0.4648318042813456,4280.640149999999,-0.8049442397167766,-1.6098884794335533,-1.189314546997614,-2.378629093995228,-0.8532375360917224,-1.7064750721834447,1.0700059314962846e-05,True
0x3d49c78905c5a82b3b14ac94c1b745a66040112b,45,0.9777777777777777,0.4090909090909091,4171.42593,0.014820427064435286,0.02964085412887057,-0.6837399277462353,-1.3674798554924705,0.8777754082900725,1.755550816580145,1.0427063082836818e-05,True
0xce75bb6f341975d377e7b68c7638a6f9d52f6885,40,0.075,0.0,4130.6759999999995,5.312383090160184,10.624766180320368,0.9726898615780785,1.945379723156157,1.7957351290679988,3.5914702581359976,1.0325202928093236e-05,False
0xdc7f809af5fdea6b377a70785fb5acd883841a20,47,0.9787234042553191,0.2391304347826087,4118.3783300000005,-1.5163611935575982,-3.0327223871151965,-0.8980539304952232,-1.7961078609904464,0.9153467862145285,1.830693572429057,1.0294463180339427e-05,False
0x4969623f55100521bcd1a053956cfe76e7dd959a,103,1.0,0.0,4037.168809999999,1.2712613519962985,2.542522703992597,1.079166664852122,2.158333329704244,8.428398538644394,16.85679707728879,1.0091468616327856e-05,False
0x1c556b2a71528646050152760deba3cafc2cba28,351,0.9886039886039886,0.4668587896253602,3972.43308,-0.6986211477175072,-1.3972422954350143,-1.137357505150675,-2.27471501030135,-1.5529451223296271,-3.1058902446592542,9.92965259663804e-06,True
0x8b4d2a1fe068e7295567f89c745dd313870218cb,367,1.0,0.0,3901.2440899999997,-0.297939637265545,-0.59587927453109,-5.119944004847385,-10.23988800969477,9.13637917843224,18.27275835686448,9.751705750166421e-06,False
0x20c3c3ce84d349ae85e0a5cf04bd2f7e4989ad2a,157,0.012738853503184714,0.0,3891.832,0.16404672799868392,0.32809345599736783,-0.6851681821315379,-1.3703363642630757,-8.125838585789957,-16.251677171579914,9.728178913583868e-06,False
0xb6c75180279b67810eeb45e608f5de83d93393ab,232,0.01293103448275862,0.0,3782.3326400000005,5.2529290251356215,10.505858050271243,-0.4136430802708837,-0.8272861605417674,30.007478020701683,60.014956041403366,9.45446993411021e-06,False
0x326d3cedbafa209fa2308904948e042f978ba1f1,36,1.0,0.4722222222222222,3754.7312,-1.621765927113663,-3.243531854227326,-3.2804611199262825,-6.560922239852565,-7.71308826164308,-15.42617652328616,9.385476270819362e-06,True
0x572e2fc9962d95062565f5481121233cebdd6d8e,192,0.9947916666666666,0.450261780104712,3733.3685800000003,-0.4429915308556561,-0.8859830617113122,-0.868919171284657,-1.737838342569314,-0.3060012207982088,-0.6120024415964176,9.332077411510197e-06,True
0x0f51c577d6d873cbf03982309211e6cd8d3ae790,227,0.7400881057268722,0.15476190476190477,3578.5696299999995,-0.7256730557535515,-1.451346111507103,-1.0596907467491214,-2.119381493498243,-1.5737159956586626,-3.147431991317325,8.945135765201998e-06,False
0x95c540eb0cbedb869c522500790c6659add07e79,307,0.990228013029316,0.46381578947368424,3530.4117100000003,-0.7123638618103147,-1.4247277236206295,-1.4724357680726825,-2.944871536145365,-0.9430253214762342,-1.8860506429524684,8.824758302386014e-06,True
0x0b41f09d5c7dde3d8e6e4d8361ee52dd1cc9c98d,319,0.9968652037617555,0.46226415094339623,3385.25483,-0.49609471280560397,-0.9921894256112079,-1.3559055485889582,-2.7118110971779164,-0.9176084836470215,-1.835216967294043,8.461918359865982e-06,True
0xbdad5029d41413dc4f52b8108493f298ca9d8eb5,317,0.9968454258675079,0.4588607594936709,3371.0537299999996,-0.4999166677553566,-0.9998333355107132,-1.1894417596522415,-2.378883519304483,-0.49021660164994874,-0.9804332032998975,8.426420722360124e-06,True
0xa993ad31ef46873c0193448dbb2f04c0d3854731,43,0.16279069767441862,0.0,3361.1566,1.3684921026986454,2.736984205397291,-5.059144478443383,-10.118288956886767,3.8070831266578575,7.614166253315715,8.401681460395322e-06,False
0x7955085c725e01a9be4d197f07d73b3b527cda00,34,1.0,0.38235294117647056,3287.335960000001,-0.44107277324663097,-0.8821455464932619,-2.8786332052455754,-5.757266410491151,3.2747609167103975,6.549521833420795,8.217156436335893e-06,True
0x0a54d2cce3d091e697c7ce1f66ad6cce34541540,93,0.34408602150537637,0.09375,3174.59902,-0.6617957692717126,-1.3235915385434252,0.9121473212561624,1.8242946425123248,1.5137150026582966,3.0274300053165932,7.935354672413406e-06,False
0x21a3f1f1cd232e43abd39e23f7b1b820efba4a78,68,0.9852941176470589,0.40298507462686567,3080.6989200000003,-0.8734619176668784,-1.7469238353337568,-1.899264364568009,-3.798528729136018,2.685800832514918,5.371601665029836,7.700638227098343e-06,True
0x8029743e299591f2cd890a0332199fe6ced6d6ea,96,1.0,0.3958333333333333,3064.4694,-0.07644845236716995,-0.1528969047343399,-1.4307353421271898,-2.8614706842543796,3.5607758899169824,7.121551779833965,7.660070269837703e-06,True
0x07709a54447c4d99441d56630be3dafb26325a16,62,1.0,0.0,3051.5542400000004,0.6835053867410434,1.3670107734820869,-0.34374994660428554,-0.6874998932085711,-0.9012815247676675,-1.802563049535335,7.62778701938456e-06,False
0xd2748f278885388e3d230c82594c30997614f370,34,1.0,0.3235294117647059,3051.1,0.7737396307641645,1.547479261528329,-1.1255581007949225,-2.251116201589845,7.385615667388091,14.771231334776182,7.626651582914098e-06,True
0xe01c1d7082bd855884b0733d50ce399478b4013e,45,1.0,0.0,2789.9684700000003,-0.9183995063342555,-1.836799012668511,-5.970048634277667,-11.940097268555334,9.3482118290982,18.6964236581964,6.973916767069557e-06,False
0x6c8031a9eb4415284f3f89c0420f697c87168263,507,0.01972386587771203,0.0,2648.27405,-0.7204451351315811,-1.4408902702631623,-2.2478568511093995,-4.495713702218799,-7.954471286696591,-15.908942573393182,6.6197317280399954e-06,False
0x81cef7286ef791e945af4a017dc68c2e584ab810,397,0.45843828715365237,0.0,2647.32585,-0.4469601935111444,-0.8939203870222888,-0.7842501991802923,-1.5685003983605845,-0.24712727262639342,-0.49425454525278684,6.617361569398549e-06,False
0xc55d64258e4fd768ac22509bf88511e822ad9676,63,0.47619047619047616,0.0,2642.62054,-0.6586394631724717,-1.3172789263449434,-2.166440995275777,-4.332881990551554,-9.56071113027372,-19.12142226054744,6.605599988342666e-06,False
0xbda495ebf6fc94d61f9a7f22b9877273378ed82b,32,0.03125,0.0,2606.1087,18.42402045624644,36.84804091249288,11.389394463861436,22.77878892772287,-60.18513349040292,-120.37026698080584,6.514333532857397e-06,False
0x1cc4db7ae58178412a09d3f198289c768237b897,86,0.12790697674418605,0.4545454545454546,2596.4093000000003,-1.538117546235978,-3.076235092471956,-5.4417890617821865,-10.883578123564373,-6.402820652663585,-12.80564130532717,6.490088524708429e-06,False
0x46e40a0f5cab41aaebc994c68641d27618c3b1b6,51,1.0,0.0,2471.8691000000003,1.470746969484226,2.941493938968452,0.9555386952832571,1.9110773905665142,13.384111030850347,26.768222061700694,6.178782860041116e-06,False
0x4509d6b734f9d85ce47108b4deec7a59759e01b4,106,1.0,0.44339622641509435,2457.7958200000003,-0.3735860348847796,-0.7471720697695592,-1.1129911899957203,-2.2259823799914407,0.9685104814009615,1.937020962801923,6.143604726519176e-06,True
0x3a29805311f67e11931693b14b7cc190b1b3bcc0,157,0.8853503184713376,0.27338129496402874,2431.0264099999995,-0.8857723561783177,-1.7715447123566355,-0.9549525062221642,-1.9099050124443284,-0.014092746742521773,-0.028185493485043546,6.076690838691775e-06,False
0x4730fd5720754f9d395a6cf07f66ee8fa92c4b8d,51,0.9803921568627451,0.4,2430.8093000000003,-1.128055013584217,-2.256110027168434,-1.3173763433933596,-2.6347526867867193,-0.3940748810800186,-0.7881497621600372,6.076148141852877e-06,True
0x25d6fb1770837447e5a01f297785f51b862de39e,194,1.0,0.4896907216494846,2347.1050999999998,0.23038790340737134,0.46077580681474267,-0.5632345121069567,-1.1264690242139135,-1.2270707368840799,-2.4541414737681597,5.8669177759433485e-06,True
0x51d5fef3aac342da40990791dcb3a36b736de53b,42,1.0,0.30952380952380953,2314.38291,-0.8821249102133829,-1.7642498204267658,1.0922817920852186,2.184563584170437,2.0316523160211912,4.0633046320423825,5.785124081157889e-06,True
0x06507b2d9898689519846f1b8f0e936c6c2ffa30,85,0.023529411764705882,0.0,2248.8999999999996,-7.559251189470167,-15.118502378940335,-47.24531993418974,-94.49063986837947,-12.895193205567127,-25.790386411134254,5.621440380458036e-06,False
0x58a9f9801cb46d17032e24187a615d7344e673bc,256,0.515625,0.4242424242424242,2238.75841,-0.842532913817699,-1.685065827635398,-1.1466021370021162,-2.2932042740042324,-2.502917775111045,-5.00583555022209,5.5960900565005245e-06,False
0x4f03fbb1e8e1b37390e92a72d161875c4adc1c48,159,0.8113207547169812,0.24806201550387597,2199.31804,-1.0479498592309344,-2.095899718461869,-1.9236384753965163,-3.8472769507930327,-2.7637751152714514,-5.527550230542903,5.497503330306293e-06,False
0xf0967ccb5fc12ed06de166046c50a90b46f18f3b,81,1.0,0.41975308641975306,2110.0062000000003,-0.1755582586045912,-0.3511165172091824,-1.6614281903639996,-3.322856380727999,-0.5667040993035725,-1.133408198607145,5.274255883185921e-06,True
0xd3417f3792bdf2e6d88854b7c3c5e97b0b6be732,100,0.99,0.43434343434343436,2086.6586199999997,-0.23027009825117611,-0.46054019650235223,-1.0338761152092877,-2.0677522304185754,0.998828273899583,1.997656547799166,5.2158953384760725e-06,True
0x59ff895b12ddbd42fe6aaa6a89c324c1bfee8f3c,194,1.0,0.4484536082474227,2066.97005,-0.3689569816151513,-0.7379139632303026,-1.4491823999335611,-2.8983647998671223,-0.23192466499394127,-0.46384932998788253,5.16668100149734e-06,True
0xe7c5dc650867c9c42f77193c76f99433e0ee86c6,107,0.794392523364486,0.12941176470588237,2008.3173900000002,-0.17409780360767238,-0.34819560721534476,-0.026973322626684847,-0.053946645253369695,2.5542183966226766,5.108436793245353,5.020070466860284e-06,False
0x348cc19d0215eaa4f850fc1e4472b30da2771eee,171,0.05847953216374269,0.3,1997.6108700000002,-0.05513823287576036,-0.11027646575152072,0.000927792836700414,0.001855585673400828,8.47376830758858,16.94753661517716,4.993308021281475e-06,False
0xba7a3d6e3e08bbcdbbab76cffbb4fb3c866a4df6,33,0.12121212121212122,0.5,1989.84653,2.1016976137822128,4.2033952275644255,2.709048047936956,5.418096095873912,2.7702817503998935,5.540563500799787,4.973899966497534e-06,False
0xdf2fa90f6cc6f6ad71eab02907cd128a97d8c753,73,0.5753424657534246,0.0,1967.5488,0.3726133697569787,0.7452267395139573,1.1979010357029152,2.3958020714058303,5.825084672024957,11.650169344049914,4.918163668834431e-06,False
0x19009a7f9f171dd2e1015c418303e18354df4d23,50,0.3,0.0,1959.18404,-1.2048416162360247,-2.4096832324720494,-3.65806727029549,-7.31613454059098,9.385638373737656,18.771276747475312,4.89725478020584e-06,False
0xabf56e51492790f0ddfa26ab977053fad64cda14,104,0.9711538461538461,0.44554455445544555,1945.3067,-0.13490893025340042,-0.26981786050680084,-0.37448131192235723,-0.7489626238447145,0.44674031647039597,0.8934806329407919,4.862566426144145e-06,True
0xfe7d81ca67ac72ff6056ad2284551528b8bf8365,32,1.0,0.40625,1940.1619500000002,-0.20395798288925926,-0.4079159657785185,-1.4833025514787956,-2.9666051029575913,1.4952189577458774,2.990437915491755,4.8497064032897005e-06,True
0x54989429a0347156c6a70aeceb744a534d58f03d,32,0.625,0.4,1902.6941499999998,0.12069164436300064,0.2413832887260013,0.8183758326031605,1.636751665206321,0.8663200543523615,1.732640108704723,4.756050391956637e-06,False
0xee9e949829ca987feecf90381050fdf43c6fdbd6,42,1.0,0.0,1757.1670000000001,-1.0903710090651582,-2.1807420181303163,-8.435825250494995,-16.87165050098999,11.210664460832326,22.421328921664653,4.392284907736364e-06,False
0x6b3e7dbd9e168d9d23ca153bd22bb476e59c232c,34,0.2647058823529412,0.4444444444444444,1743.17478,0.21333554476903746,0.4266710895380749,-6.814585336792332,-13.629170673584664,5.908435648650033,11.816871297300066,4.357309395032262e-06,False
0x2a496de01a450dda129a6704a26afd36ab193327,60,1.0,0.4166666666666667,1626.0049799999995,0.13124176591130132,0.26248353182260264,-2.3931522520501445,-4.786304504100289,-0.5543557004955333,-1.1087114009910666,4.064427076970012e-06,True
0xfe72c242af1a4ca8114c6a170ba4a823785241ce,33,0.12121212121212122,0.5,1565.7196399999998,-1.316302009437488,-2.632604018874976,0.416027016547701,0.832054033095402,4.2842736503097045,8.568547300619409,3.91373543010904e-06,False
0xb2439aa785bd907a77735a45a7599d6c2709ae4b,66,1.0,0.4090909090909091,1556.48504,-0.17541748347744943,-0.35083496695489885,-1.4260229858066018,-2.8520459716132036,2.2788602257854462,4.5577204515708925,3.89065225462886e-06,True
0x02792196be191710563e941e22f0129cedc29071,128,1.0,0.4453125,1487.6894300000001,-0.7244269650830732,-1.4488539301661465,-1.0955739560500244,-2.191147912100049,0.35789738266600457,0.7157947653320091,3.7186879965239006e-06,True
0xca89051b5d9c2e4870d41b6fcf2b075eac99c293,213,0.046948356807511735,0.5,1478.4335800000001,-0.659405874018687,-1.318811748037374,-0.8830991164221125,-1.766198232844225,-5.583609339418769,-11.167218678837537,3.695551703693867e-06,False
0x00711dfacdf96512ffe531c8c56bec67a6fabce6,72,0.6527777777777778,0.48936170212765956,1406.3489000000002,-0.695282305393691,-1.390564610787382,-1.5653148826018872,-3.1306297652037745,-1.6896271138509136,-3.379254227701827,3.5153659546768384e-06,False
0x1ce44e1d2a02ffd86e64333c1b7150e3640c62f3,30,0.9333333333333333,0.35714285714285715,1388.9697300000003,-0.3431679689549404,-0.6863359379098808,-2.0384093071157805,-4.076818614231561,-1.9672896917348024,-3.934579383469605,3.471924286298145e-06,True
0x8cba1c8f63041acc4fe284ead6a28f0d1399ffc1,38,0.47368421052631576,0.0,1344.36376,-4.176873943096705,-8.35374788619341,1.4910783695580383,2.9821567391160766,-2.459898648190439,-4.919797296380878,3.3604254197556123e-06,False
0x0ac0029f4e84c608da4d575aef9dc00188014ec3,65,1.0,0.4153846153846154,1305.99844,-0.05539672186061337,-0.11079344372122674,-1.2136486683555354,-2.427297336711071,2.1481842445588457,4.296368489117691,3.264525931535952e-06,True
0x16840278a84c03e71d7138c53d3c60586474eacc,63,1.0,0.4126984126984127,1240.69122,-0.06555868230015634,-0.13111736460031267,-1.213421987862099,-2.426843975724198,1.1478392575233634,2.2956785150467267,3.1012813925864845e-06,True
0x71831b1ddd4d0989fa81d3b884fae996b6ecb545,49,0.7755102040816326,0.47368421052631576,1212.2402,-0.08296625525516006,-0.16593251051032012,-0.13533733574328569,-0.27067467148657137,-2.6622020235632955,-5.324404047126591,3.030164085150307e-06,True
0x3f5b87920043a1f0948837798b45249587c63818,221,0.03619909502262444,0.0,1206.42614,2.991152647339722,5.982305294679444,-1.3665918405559667,-2.7331836811119334,9.638623668779289,19.277247337558578,3.015631028252088e-06,False
0x040290db397eb079a64208eb75acfe2e2cabc263,32,1.0,0.4375,1199.795,-0.3701096476935847,-0.7402192953871694,-0.9896568910091881,-1.9793137820183762,2.93567590521877,5.87135181043754,2.9990555655083153e-06,True
0xda9d99890de018a5e73940ea6091e32f6b6af5dd,37,0.972972972972973,0.1111111111111111,1168.74273,0.8643995457704444,1.7287990915408888,0.11446591597683958,0.22893183195367917,11.850480607150542,23.700961214301085,2.9214360695401148e-06,False
0x1bd07efb1857128d194bc1afa6767e3da1ae3969,67,1.0,0.417910447761194,1097.8513200000002,-0.16342038185210842,-0.32684076370421683,-0.9916991033908238,-1.9833982067816476,2.732780803132821,5.465561606265642,2.74423306593764e-06,True
0x8de045825a6d1e2414364231f2b4ebf6fdb26c45,75,1.0,0.36,1071.2177499999998,-0.7623861840584676,-1.5247723681169352,-0.6752648595671088,-1.3505297191342176,-1.6336242233365288,-3.2672484466730576,2.6776587292069017e-06,True
0x570eb8d438bd209b0deeee3d2e0a8559f5d57fb7,48,0.9583333333333334,0.30434782608695654,1063.7653000000003,-1.0029919645632341,-2.0059839291264683,-1.9800364664685324,-3.9600729329370647,-1.2516110958572033,-2.5032221917144066,2.659030287140406e-06,True
0xc6faf2b99d0346e07bb54bf9ab4e3f4a27b4dc32,38,0.7894736842105263,0.0,958.3890799999999,-1.0998535608385136,-2.199707121677027,-0.845466821118158,-1.690933642236316,-0.286995701924232,-0.573991403848464,2.3956276733078515e-06,False
0xf532eb132179fef8b3cabf9331017ad01a309a9a,39,0.05128205128205128,0.0,957.89828,0.0,0.0,-2.7159459979397065,-5.431891995879413,-31.572872226056827,-63.145744452113654,2.3944008499992434e-06,False
0x4358112db50db0d9dbdcabe28e52527bdd3910dd,67,1.0,0.417910447761194,917.1323299999999,-0.10173229521015045,-0.2034645904203009,-0.8853423495571768,-1.7706846991143537,1.388657719053142,2.777315438106284,2.2925006510229737e-06,True
0x414f5af8c0a454ecc2db8c98a53ff37371e542be,31,0.03225806451612903,0.0,906.7,1.32348075438408,2.64696150876816,4.632182640344281,9.264365280688562,16.764089555531157,33.528179111062315,2.266423581733871e-06,False
0xaa84c6b6c2c8631ea2fdb62300bfe07a960e67a7,48,0.9791666666666666,0.3829787234042553,824.3244,-0.3820982721078815,-0.764196544215763,-0.6918940351392613,-1.3837880702785226,1.111784214124426,2.223568428248852,2.0605142375191616e-06,True
0x7079b5814032c0b02425135f06f32a0084cdf2d2,327,0.012232415902140673,0.0,812.376,0.4154461780477932,0.8308923560955864,9.749150733843805,19.49830146768761,4.791390028891631,9.582780057783262,2.030647539025736e-06,False
0x679231422d4c8a004df521c60dbe31a3745dfecb,31,1.0,0.3870967741935484,805.6635000000001,-1.010405254764723,-2.020810509529446,-1.8011681321864574,-3.602336264372915,4.005908528673478,8.011817057346956,2.013868705572126e-06,True
0xbb93e4e0aae3fc5952669d057a2c320bcbf49dab,56,1.0,0.30357142857142855,803.456,0.6483807215478743,1.2967614430957486,-1.5108830279225973,-3.0217660558451946,7.233846864790232,14.467693729580464,2.0083507502873817e-06,True
0x2b6b086b0544d5e15c5144a571d774c3c867d497,65,1.0,0.4153846153846154,756.22326,0.009016791668691366,0.01803358333738273,-1.0284021478039758,-2.0568042956079515,0.21739633696584443,0.43479267393168886,1.890285904400203e-06,True
0xaa85bf123b0967a08023cba00f1e7cf3a6552313,33,0.06060606060606061,0.0,742.31015,0.1097923826034589,0.2195847652069178,2.635017182507977,5.270034365015954,-2.7448095651129965,-5.489619130225993,1.8555081382159554e-06,False
0x5bd6069a082d3579525e28e8126bb2af66c61339,65,1.0,0.4153846153846154,733.76502,-0.01636600372717081,-0.03273200745434162,-1.017063762383383,-2.034127524766766,1.7853068467552289,3.5706136935104578,1.8341483895218102e-06,True
0x4bbc592a7b0b8e38731a672939ed5f74df117aab,211,0.26066350710900477,0.36363636363636365,683.6008499999998,-0.48292709161119846,-0.9658541832223969,-0.736323650917978,-1.472647301835956,-1.17540618603477,-2.35081237206954,1.7087560239696902e-06,False
0x682a1c31dd9f8531743c80101357a6960d281b2e,151,0.40397350993377484,0.0,682.31343,-1.1531760345255193,-2.3063520690510386,-3.724957909517833,-7.449915819035666,-3.0769039932125497,-6.153807986425099,1.705537937449788e-06,False
0x2503e8887ad9fb75a0e383e6fdcff0ac444a3008,60,1.0,0.4166666666666667,645.5984400000001,0.14211930564825373,0.28423861129650746,-1.4440235098956227,-2.8880470197912453,2.8514259819070076,5.702851963814015,1.6137636800999224e-06,True
0x3d4b04570d61f42577859c3fa7ac839b8948054c,55,1.0,0.41818181818181815,591.69024,0.38635331145438784,0.7727066229087757,-1.3256344121202577,-2.6512688242405154,1.8395193908106158,3.6790387816212315,1.4790125874244774e-06,True
0xdb388a4646a4be4d0e248efede21d845332316df,55,1.0,0.41818181818181815,589.84663,0.4260887800708989,0.8521775601417978,-1.477611122188638,-2.955222244377276,2.4522001116452645,4.904400223290529,1.4744042261368184e-06,True
0x258a4b8a8447c61aabf1bef9bb14ee4d69efff03,33,0.06060606060606061,0.0,587.3888,-2.2336139635416403,-4.467227927083281,1.1440466252528028,2.2880932505056055,-0.7082188589255443,-1.4164377178510885,1.468260535972604e-06,False
0x84a8c89d8c7fecd83196ea8765b0ac4067bf7a3b,114,0.45614035087719296,0.0,583.3696,-0.6878870724588677,-1.3757741449177354,-0.9342293452528322,-1.8684586905056644,1.7478117823067665,3.495623564613533,1.4582139829123805e-06,False
0x667309fe183faf8af39183ce5c764ecf15df1d7b,33,1.0,0.2727272727272727,574.8000000000001,-0.6041984218294875,-1.208396843658975,-5.06717197788228,-10.13434395576456,4.997695202457501,9.995390404915002,1.4367930680276046e-06,False
0x9b3e1efbbfb38c1ce5b4fac1baf170dbc11f618a,53,1.0,0.41509433962264153,570.04956,0.42743870306296994,0.8548774061259399,-1.2160268257766913,-2.4320536515533826,1.597961676294412,3.195923352588824,1.4249186782188345e-06,True
0x238bbc2b88468b3596a01b8ed0b10643a16ec24b,41,0.24390243902439024,0.2,559.40697,-0.967830807201494,-1.935661614402988,-0.9981262701362406,-1.9962525402724811,-4.037792133372514,-8.075584266745029,1.3983160346247844e-06,False
0x3caec87fe32b374668c840ae6edb150e15c4e9f2,51,1.0,0.39215686274509803,537.47028,-0.2920077290953031,-0.5840154581906062,-2.644311701766674,-5.288623403533348,1.0478286730331792,2.0956573460663583,1.343482206984787e-06,True
0x32d8c555f0406ed0acccbc4b288ca33bba8d6ca4,51,1.0,0.39215686274509803,537.4542,-0.09091367930949858,-0.18182735861899715,-2.4343986569159006,-4.868797313831801,0.06227680194925932,0.12455360389851863,1.3434420127736982e-06,True
0x96d07513fad530ca141a78bcc53a479fc1d72d69,49,1.0,0.40816326530612246,527.49204,0.931184726071361,1.862369452142722,0.03405465168920478,0.06810930337840956,3.485301397637861,6.970602795275722,1.3185401992201457e-06,True
0xedb9946ff77f2b25a6e054bf6a695368ab8b37eb,44,1.0,0.4090909090909091,473.0232,-0.1782774463221868,-0.3565548926443736,-0.891894025306927,-1.783788050613854,2.4962186144859864,4.992437228971973,1.1823877083789754e-06,True
0x66a0e193a72abfedf38764a6f38f84885c189acd,43,1.0,0.3953488372093023,461.66976,-0.5594798164730457,-1.1189596329460914,-0.6336653005241373,-1.2673306010482746,3.0943987783050395,6.188797556610079,1.154008195695838e-06,True
0x430da63ea3b2806a227184e481fcbfb8af749324,36,0.6111111111111112,0.0,451.9632,-1.7819170288025055,-3.563834057605011,-0.5151933017903226,-1.0303866035806453,1.509999848589719,3.019999697179438,1.1297452901245193e-06,False
0x78474a97a286189917ffa3c5100db287ca41dfcf,42,1.0,0.40476190476190477,450.15536999999995,0.4582794474488925,0.916558894897785,-2.7164159189379027,-5.432831837875805,0.8940486697609791,1.7880973395219582,1.125226365955813e-06,True
0xcd76268db8765a9642e4de46a53f510b153355c9,41,1.0,0.3902439024390244,441.04164,0.026038857795193174,0.05207771559038635,-1.3158138047110448,-2.6316276094220896,2.4253434773959106,4.850686954791821,1.1024453219615973e-06,True
0xbbf7b0f59dd8c59e67eeb4fcbbd02daf088ed8c3,40,0.95,0.4736842105263158,438.08453000000003,-1.1525669035640567,-2.3051338071281133,-1.8969968757645934,-3.793993751529187,-2.239920779810943,-4.479841559621886,1.0950536115416338e-06,True
0xda06263e64861cd4c60262fe160ffbc10afdfb9f,36,1.0,0.3888888888888889,387.5981999999999,-0.023179261725758335,-0.04635852345151667,-1.822108181282342,-3.644216362564684,4.128988020228568,8.257976040457136,9.688559619693404e-07,True
0xadc75539438c39509fcf4c79bcf4627bba226eb9,35,1.0,0.37142857142857144,365.76959999999997,-1.0584977947534917,-2.1169955895069834,-1.7357594778384828,-3.4715189556769657,2.487833323140585,4.97566664628117,9.142923204161963e-07,True
0x56ce4c63b5b1e4010a8879d304eb2a0ed9e7494b,32,0.125,0.25,290.08166,-1.8963792252807339,-3.7927584505614678,-2.619948660818128,-5.239897321636256,-0.2881433980881527,-0.5762867961763054,7.250997185976694e-07,False
0x1d14e8d564eab29f764a9e089b8ba99f392943fc,36,0.1111111111111111,0.25,290.08011,-0.9519520284569979,-1.9039040569139958,-2.2857266345494427,-4.571453269098885,-0.5291406173184736,-1.0582812346369472,7.250958441556801e-07,False
0x307334de6be1a93c09862d482129f95142100d6d,35,0.11428571428571428,0.25,290.06665,-1.3669897506578415,-2.733979501315683,-2.1464850388396925,-4.292970077679385,0.24077397114753674,0.4815479422950735,7.250621990013731e-07,False
0x44c64871b88a42ecdc6f45d45985919d4bf88f7b,40,0.125,0.4,290.06665,-2.261843250574894,-4.523686501149788,-2.862122426602647,-5.724244853205294,2.0341752153966772,4.0683504307933545,7.250621990013731e-07,False
0x4383c3f2d8f624acec9532ce70a3cd64bdfe9a19,30,0.13333333333333333,0.25,289.96450999999996,-1.148536295742565,-2.29707259148513,-3.6780784462969063,-7.356156892593813,4.966064709102088,9.932129418204177,7.248068857724789e-07,False
0xec1fbcad224d25b04b31b3b2904ab0f485fb467c,34,0.7352941176470589,0.48,285.78144,-1.480353414128396,-2.960706828256792,-0.8804531973668355,-1.760906394733671,-5.494092509606039,-10.988185019212079,7.143507167065878e-07,True
0xc492fd20c24edeb35ccb7132fa040bb910ca7a41,163,0.13496932515337423,0.0,284.37870000000004,-0.6712952937332539,-1.3425905874665078,-1.3273590581356602,-2.6547181162713205,0.2917761674775173,0.5835523349550346,7.108443717026822e-07,False
0xf8c27415801f1871287446c9933221fc5ce70062,47,0.44680851063829785,0.0,267.35112000000004,-1.0471871041638714,-2.094374208327743,-1.9722802364959275,-3.944560472991855,-1.3665795990113774,-2.7331591980227548,6.682815517491584e-07,False
0xf92ea21c99b3f7d8dc2c478df28263c6ddcf9e89,47,0.40425531914893614,0.0,205.05731999999995,-0.5999174537673776,-1.1998349075347552,0.2815571891997946,0.5631143783995892,-1.81902397907235,-3.6380479581447,5.125694779476655e-07,False
0x9836e286fbf4f71998827d4bd6ea3b470c26457e,115,0.008695652173913044,0.0,199.85328,0.0,0.0,-4.887585532746481,-9.775171065492962,-16.773304896471632,-33.546609792943265,4.995612514380304e-07,False
0x66a1923c3a9a9da620bed3117cd7ad868f8113af,275,0.02181818181818182,0.0,186.90300000000002,-1.984378745881089,-3.968757491762178,-0.5667111470899883,-1.1334222941799765,-2.2679701425280796,-4.535940285056159,4.6719021362832874e-07,False
0x6e28520e5e4c821f55086805bfe8354d1b6df5f5,48,0.020833333333333332,0.0,185.7996,-1.808400018084604,-3.616800036169208,1.808400018084604,3.616800036169208,-8.024775080247519,-16.049550160495038,4.644321108599542e-07,False
0xf57493ef4fcef6798f2f2db592d907859f488601,115,0.008695652173913044,0.0,172.4058,0.9866257399693423,1.9732514799386847,1.9732514799386847,3.9465029598773693,-2.3021267265951324,-4.604253453190265,4.309524327205177e-07,False
0x65b7bd5f19f73bb908e8793326cb521f1f063cde,34,0.11764705882352941,0.25,167.05519999999999,-1.3669897506578415,-2.733979501315683,-2.1464850388396925,-4.292970077679385,0.24077397114753674,0.4815479422950735,4.175778589734952e-07,False
0x99dd721abd37e3c94edaea582c6e9c1e89450a4a,76,0.013157894736842105,0.0,154.70000000000002,-3.280542986426535,-6.56108597285307,-6.787330316742338,-13.574660633484676,-6.674208144797705,-13.34841628959541,3.8669430693088104e-07,False
0x38fc751760f3f93fd2ac22b371b45985ef0aa59d,32,0.15625,0.4,104.43943999999999,-1.517103380224587,-3.034206760449174,-2.0959589286545026,-4.191917857309005,1.5288870849162888,3.0577741698325775,2.610610010798276e-07,False
0xc7ac937cbd9c0b9adc4cc16385e4db2a5a3ef349,31,0.12903225806451613,0.25,95.19609000000001,-1.3669897506578415,-2.733979501315683,-2.1464850388396925,-4.292970077679385,0.24077397114753674,0.4815479422950735,2.3795595374970768e-07,False
0x7792b641e491d33a38973f838fdf612c5ab28132,32,0.125,0.25,72.76245,-1.8456580391651822,-3.6913160783303645,-2.343583745871915,-4.68716749174383,0.7757561759501412,1.5515123519002825,1.8187993001514468e-07,False
