wallet,n_fills,maker_share,two_sided,volume,markout_1,realized_spread_1,markout_10,realized_spread_10,markout_60,realized_spread_60,volume_share,is_mm
0xecb63caa47c7c4e77f60f1ce858cf28dc2b82b00,7538,0.9278323162642611,0.47755218758936235,131877791.03035998,-0.007462269713522647,-0.014924539427045294,-0.19698825031009531,-0.39397650062019063,-0.34262528781678847,-0.6852505756335769,0.0549403984248847,True
0xcf3f419d08a5bdc2c6e5fbd9ad70904c5420f95f,8237,0.10938448464246692,0.3584905660377358,120190267.93513,9.109902661909882,18.219805323819763,11.116871790595566,22.23374358119113,16.36139231524814,32.72278463049628,0.05007136649437448,False
0xf5d81a135f756ca16544e53c20fc20643ec3ad53,20998,0.16915896752071627,0.4265202702702703,111705411.52727,0.026036763586342757,0.05207352717268551,0.1513569139006106,0.3027138278012212,1.5792509951878295,3.158501990375659,0.04653656819373834,False
0x7b7f72a28fe109fa703eeed7984f2a8a68fedee2,3239,0.5347329422661316,0.37759815242494227,73927964.97703,4.705336366713305,9.41067273342661,5.588482610761973,11.176965221523947,11.709494596186257,23.418989192372514,0.030798452255269497,False
0xf9109ada2f73c62e9889b45453065f0d99260a2d,3151,0.9660425261821644,0.47733245729303553,52374487.04362,0.11050929885496794,0.22101859770993587,0.03915768916387598,0.07831537832775196,0.40612273804981547,0.8122454760996309,0.021819255258931445,True
0x09bc1cf4d9f0b59e1425a8fde4d4b1f7d3c9410d,1075,0.9069767441860465,0.4338461538461538,48348895.53357001,0.42325085270108787,0.8465017054021757,-0.34740401075510113,-0.6948080215102023,0.5923453344933826,1.1846906689867651,0.020142190457269244,True
0xa62b923a112d50d03e1e096bbd53422490dac104,6498,0.9556786703601108,0.48196457326892106,47247259.63958,0.030378066386802245,0.06075613277360449,0.04321632661647836,0.08643265323295672,0.27874537934019,0.55749075868038,0.019683248019258345,True
0x4588595ee0047982cd5ca4a82ab69c3174fbc832,2462,1.0,0.4642567018683996,39555842.249620005,0.023000281322656795,0.04600056264531359,0.13418802912361488,0.26837605824722977,1.4117729584594672,2.8235459169189343,0.016478997079392304,True
0x2cffce91b4e0c81df18726ff66b31b2b1545e1ad,5530,1.0,0.49312839059674507,39541857.14949,0.07522453668446766,0.15044907336893532,0.10865766710138525,0.2173153342027705,-0.5607845398934747,-1.1215690797869493,0.016473170874940806,True
0x6e8bc7cd0978397b06a14af2a8c31f5daeffea79,5606,1.0,0.39725294327506244,39072512.383379996,0.19075200898294306,0.3815040179658861,0.5867507291172145,1.173501458234429,0.7723325549075206,1.5446651098150412,0.016277641451470395,True
0xaf68caebaa151dd592112a07e2344b3950e13561,2722,1.0,0.37215282880235123,39002809.93502,0.24492578392617873,0.48985156785235745,0.6249961100044109,1.2499922200088218,1.1689058934338534,2.337811786867707,0.01624860335298415,True
0x0fd468a73084daa6ea77a9261e40fdec3e67e0c7,1593,0.6898932831136221,0.36032757051865333,38648854.824729994,-0.08185057354193005,-0.1637011470838601,0.3440569398764846,0.6881138797529692,-0.08665470644734165,-0.1733094128946833,0.016101145356971915,False
0x8f63c88fccae90c1f9eb8b447f830bce7b71dd74,1781,0.9713644020213363,0.48786127167630056,30974158.35876,-0.016889180182279813,-0.033778360364559626,0.31439497784215914,0.6287899556843183,0.4841997059705303,0.9683994119410606,0.012903860368073545,True
0x7ca165f354e3260e2f8d5a7508cc9dd2fa009235,929,0.7502691065662002,0.430416068866571,30178443.843099996,0.18920954112340757,0.37841908224681514,-0.9453699464775134,-1.8907398929550268,-0.24435879755084522,-0.48871759510169044,0.01257236503302687,True
0x706bb519b05b7dc01d048af9a5e29d1ef5d6d9e3,2678,0.9189693801344286,0.4039008533116619,29380027.776660003,0.28338272778937773,0.5667654555787555,0.8425694957025679,1.6851389914051358,0.2509147431425613,0.5018294862851226,0.012239744229657908,True
0x34fb5ec7d4e939161946340ea2a1f29254b893de,130,1.0,0.2384615384615385,29236709.298990004,0.11026741073349246,0.22053482146698491,-0.02324623569149897,-0.04649247138299794,3.329640226421125,6.65928045284225,0.012180037631577075,False
0x25773676902085225ae5751075e4161369334897,3792,1.0,0.48180379746835444,28698937.710710004,0.3010520454201553,0.6021040908403106,0.6048517347798877,1.2097034695597755,0.4542406210169151,0.9084812420338302,0.01195600153656177,True
0x7fdafde5cfb5465924316eced2d3715494c517d1,3418,1.0,0.18256290228203628,27602074.010290004,-0.372476726732581,-0.744953453465162,-0.48901300121843005,-0.9780260024368601,-0.5220160024847019,-1.0440320049694038,0.011499047198397318,False
0x932f9b8c0ce39cb4ea71db8584c48e696d811873,542,1.0,0.49630996309963105,26987660.99446,0.42139112130470263,0.8427822426094053,0.2159946771194117,0.4319893542388234,0.60139155422294,1.20278310844588,0.011243082220341503,True
0x3ff54fd26855db3758d0b5ae7aed47440c47f705,1968,0.5538617886178862,0.17798165137614674,25994310.815980002,0.1271308995120921,0.2542617990241842,0.7469770097749145,1.493954019549829,3.76358285151981,7.52716570303962,0.01082925170229349,False
0xb1ec7febea4f841d525785955b7fe0e812d6e86a,1011,0.6597428288822947,0.4122938530734632,25556730.59154,-1.2488339709498126,-2.4976679418996253,-1.5123209582771517,-3.0246419165543035,7.5554321287164425,15.110864257432885,0.010646955413541962,False
0x39475d17bcd20adc540e647dae6781b153fbf3b1,99,1.0,0.19191919191919193,24444117.038399994,0.28287618045536195,0.5657523609107239,-0.20399329354599907,-0.40798658709199814,1.979358952491265,3.95871790498253,0.010183439673515909,False
0x9d81a3adf84bd66528b62f2bda03e2e24bed3416,1239,0.9838579499596449,0.4987694831829368,24374704.40752,0.20670550212519084,0.4134110042503817,0.05937667822217778,0.11875335644435556,0.410622265775245,0.82124453155049,0.010154522313235067,True
0xfcf104006bfff47695c1dc21dad3e9de1e72098e,1882,0.8666312433581297,0.39730226854690376,24344698.95904,0.5681519608085009,1.1363039216170019,-0.15228499340744908,-0.30456998681489816,0.10767234603431902,0.21534469206863804,0.010142022018215499,True
0xf30120f0487a9093dbd47a69527ac9a9edbb7895,1117,0.9713518352730528,0.47649769585253454,24029184.43443,-0.7504020701406371,-1.5008041402812742,0.5717506899416589,1.1435013798833178,-1.052035943328386,-2.104071886656772,0.01001057840245975,True
0xec4a6f59960fb55a7fa49262e2628687b322cf62,1217,1.0,0.0,23978296.5273,-0.5790710614106489,-1.1581421228212978,-2.6320428515161507,-5.264085703032301,-2.8675042979688614,-5.735008595937723,0.009989378457640481,False
0x63f6411ca61733af716c9a50a56a84ea38a0af59,1009,0.979187314172448,0.4736842105263158,23832640.79642,-0.0474987920005801,-0.0949975840011602,0.40942533498016526,0.8188506699603305,-1.525196586956241,-3.050393173912482,0.009928698157910766,True
0xd0956a1eba0a9060baf5f73ee26b9601dc47ec43,1010,0.9920792079207921,0.47205588822355293,23324086.64756,0.38298538680212907,0.7659707736042581,1.0422287971562223,2.0844575943124446,0.24510277867040314,0.4902055573408063,0.009716834072679278,True
0x53136b4a7c432585f28903b77c7816a723e0271f,991,0.9394550958627649,0.4844253490870032,22858102.35014,-0.47613650848967803,-0.9522730169793561,0.06753543938746447,0.13507087877492893,-0.7956226644069694,-1.5912453288139388,0.009522704623285477,True
0xfd66e330954b1d33772a78a70874cc2600754eec,1342,0.9918032786885246,0.4522915101427498,22791191.51945,-0.6078120400457042,-1.2156240800914084,-1.7034945632364427,-3.4069891264728853,-1.3957382802966487,-2.7914765605932974,0.009494829515063485,True
0xa382fa9f4bb1dd4e3120cf0507a67384ad1ef1f7,1023,0.9775171065493646,0.41500000000000004,22716402.027650002,-0.3366619167813052,-0.6733238335626104,-1.1822996634347456,-2.364599326869491,0.0855529909441735,0.171105981888347,0.009463672150010708,True
0x469e9a7f624b04c24f0e64edf8d8a277e6bf58a5,810,0.8703703703703703,0.0,22266164.4009,0.2609668466554463,0.5219336933108926,3.6276593093759426,7.255318618751885,-0.9370604273664502,-1.8741208547329005,0.009276102776833802,False
0xea0e878d5da1f786c035355cd7a8d381a6276766,875,0.9771428571428571,0.42105263157894735,21674656.83957,-0.03889195010807702,-0.07778390021615404,-0.4968346834728376,-0.9936693669456752,-1.011502758784567,-2.023005517569134,0.009029680230346648,True
0xc3ed57a7a8fa374af47eba5dd713bc2946f800dd,1360,0.5617647058823529,0.23429319371727753,21371884.046,-0.32106107071900725,-0.6421221414380145,-0.8302674804193005,-1.660534960838601,-1.3837744234381701,-2.7675488468763403,0.008903544830435971,False
0xffc03f2cfbc0b2dc47e84003800ad296eb6caf0b,854,0.819672131147541,0.20714285714285718,20715173.527549997,1.18260492405648,2.36520984811296,1.9459421141858257,3.8918842283716515,21.193744612861217,42.38748922572243,0.008629958677289459,False
0xaa7a2106d961c66a8cf47dafa9deeaae7600af37,159,1.0,0.36477987421383645,19209663.357899997,0.31505939849975245,0.6301187969995049,-1.9705051854391133,-3.9410103708782267,-5.276061824531603,-10.552123649063207,0.008002761877077321,True
0xaf9f722a676230cc44045efe26fe9a85801ca4fa,49,1.0,0.2857142857142857,18793557.24812,0.11827480338194486,0.23654960676388972,-1.0752753934614576,-2.1505507869229152,0.009594514200460867,0.019189028400921734,0.007829411722515821,False
0x67cd5c1c4548c7ec1a20fadefca19ad42e6230da,1198,1.0,0.44156928213689484,18578296.63166,0.1812028192773217,0.3624056385546434,0.24808157800918726,0.4961631560183745,0.1119224281492741,0.2238448562985482,0.00773973396903589,True
0xbb160cb61e694570f9d570f9fcde7c61dd2143ad,11901,0.9552138475758339,0.49700914848698097,18003420.47704,0.07983122845684411,0.15966245691368822,0.22855507920738682,0.45711015841477365,0.49103531732010813,0.9820706346402163,0.007500240080542433,True
0xb756c89e73c8711a881c009e10f79b1566f80cdb,1355,1.0,0.4273062730627306,17626645.10632,0.5657121896900943,1.1314243793801886,1.0769587584755695,2.153917516951139,11.221917251742688,22.443834503485377,0.0073432751448826074,True
0x95276ba037c30f90c6dfdc83f72af9fd6cecc293,816,1.0,0.3014705882352941,17612994.640440002,-0.4491374496014878,-0.8982748992029757,-1.1740575555272195,-2.348115111054439,0.11107515612660725,0.2221503122532145,0.007337588349340516,True
0x4e60e3a4a32d63d245aa4e4ce304b4254b088f95,1078,1.0,0.4461966604823747,16674041.60214,-0.1052710362060581,-0.2105420724121162,-0.12404160865809956,-0.24808321731619912,-0.2207995115844252,-0.4415990231688504,0.006946419725545609,True
0x023a3d058020fb76cca98f01b3c48c8938a22355,2041,1.0,0.4968152866242038,16466113.63117,-0.16206694483866965,-0.3241338896773393,-0.24892753872548226,-0.4978550774509645,0.17243726393234843,0.34487452786469686,0.0068597967583309116,True
0xe2990ce029db870c805e90a1a8a1d8a1c52255d6,599,0.6360601001669449,0.33070866141732286,16072290.525429998,1.3587160405711511,2.7174320811423023,0.8320566299064568,1.6641132598129136,-1.0217511152054397,-2.0435022304108794,0.006695729721954027,False
0x2d46792b530edc6951935dd7c8c79141dbcf1d43,1223,1.0,0.4546197874080131,16052385.785860002,0.4373870757228235,0.874774151445647,1.0390788970242264,2.078157794048453,3.2570649514754755,6.514129902950951,0.006687437390743631,True
0x654086857e1fad6dcf05cf6695cce51ea3984268,11829,1.0,0.4870234170259532,15639626.222760001,0.23393418410639757,0.46786836821279515,0.7547756565860185,1.509551313172037,0.7379475544890773,1.4758951089781547,0.00651548141033769,True
0x31dea2516beee92135b96f464eeec3cf292a13f2,6013,0.9017129552635955,0.49612689044632974,15293811.5449,-0.5673915647004295,-1.134783129400859,-0.917599635326893,-1.835199270653786,-0.7966749832886528,-1.5933499665773057,0.006371414725307852,True
0xd13d96f7b6bb6dd3ad865e23f1265e5885f1069c,1084,1.0,0.48800738007380073,14648644.84895,0.535108956862811,1.070217913725622,0.9970200550011875,1.994040110002375,6.556337251102741,13.112674502205483,0.006102637738303275,True
0x341892ca9af16ff90c91bb4a119655dfffb0e5d3,1198,0.5392320534223706,0.03560371517027864,14598465.30971,-0.6384605728970545,-1.276921145794109,-0.8949610538366128,-1.7899221076732257,-5.960232884459387,-11.920465768918774,0.006081732900141495,False
0xfeee942a06d2f8012823ccde7bf7bcbcaa29a09f,2886,1.0,0.46742896742896745,14512571.6712,0.11604859830469356,0.23209719660938713,0.37948049729189237,0.7589609945837847,0.3026287295257508,0.6052574590515016,0.006045949538249907,True
0x621c5551678189b9a6c94d929924c225ff1d63ab,244,1.0,0.23770491803278693,14477933.180940002,-0.1619045099426965,-0.323809019885393,0.32850252398902613,0.6570050479780523,2.139024475624558,4.278048951249116,0.006031519114136399,False
0xc179e03922afe8fa9533d3f896338b9fb87ce0c8,1160,1.0,0.3353448275862069,14418477.78775,-0.4352990547959598,-0.8705981095919196,-1.327419521528593,-2.654839043057186,1.5378483410790835,3.075696682158167,0.006006749947434062,True
0x5ac6964517c85478fdaac5df70d084ac3da55e08,7875,1.0,0.42628571428571427,14234138.035870003,-0.3247160528612785,-0.649432105722557,-0.5237764735372369,-1.0475529470744738,-0.27627415936636734,-0.5525483187327347,0.005929953852089245,True
0xd47c1e51b759cb3754bb045ae57bc05aadcf58c2,840,1.0,0.3761904761904762,13238685.69747,0.29743604760196385,0.5948720952039277,0.6183091421079919,1.2366182842159839,3.804499617666435,7.60899923533287,0.00551524757245427,True
0x793660578d2628b0ec7e0e2b5c75a4847ae80706,1018,1.0,0.4675834970530452,13094173.52036,0.8341829407803252,1.6683658815606504,1.7183963055938738,3.4367926111877476,3.0633502809417124,6.126700561883425,0.005455043678184892,True
0x588432f54227364caf999a6df88dbf86a90f4772,897,0.6845039018952063,0.43973941368078173,13053083.622599998,0.7856078826885052,1.5712157653770105,-3.077307598608436,-6.154615197216872,-1.0369900109877812,-2.0739800219755624,0.0054379255922923815,False
0x78dce96236804d6958bf3c4598cf5efbc371629c,3070,1.0,0.38957654723127033,12927019.610289998,0.10102254534952322,0.20204509069904644,0.3506217117697768,0.7012434235395536,0.010363117608527164,0.02072623521705433,0.005385407218961753,True
0x6978e7917dffd1f1815c858ca1528e51a3af1cb5,7744,1.0,0.49896694214876036,12053740.326720001,-0.28845106279369753,-0.5769021255873951,-1.1276707482431019,-2.2553414964862037,-1.0122430285146389,-2.0244860570292778,0.00502159833650566,True
0x339030695894d065719b8ee501459a467ef1388a,839,1.0,0.47556615017878423,11711701.81569,0.26563870072510526,0.5312774014502105,0.2732335124145907,0.5464670248291814,-0.24397774559453286,-0.4879554911890657,0.00487910480574644,True
0x2cb562384765bea1612ceb60007e315f904fbe86,1398,1.0,0.4198855507868383,11445202.27281,0.3815011219923372,0.7630022439846744,1.513021858561218,3.026043717122436,-0.9976497521607596,-1.9952995043215191,0.004768080872516423,True
0x72d0b1f98fd9cdd4e46976edd86857b0266a62ea,2041,0.47868691817736403,0.46980552712384854,11012691.521510001,2.3726628396756957,4.745325679351391,3.162990751433268,6.325981502866536,2.8874027941300966,5.774805588260193,0.0045878965305296985,False
0x37c1e493c8a452ab3f5a6d01fda87795b91e7851,767,1.0,0.4563233376792699,10279622.6076,0.3249479673884031,0.6498959347768062,0.8396759397478472,1.6793518794956943,0.5450890826497461,1.0901781652994922,0.004282499405748915,True
0x696d1265c8fc4f14797abebfae3c43ebfa9d8e28,1531,0.4323971260613978,0.13746223564954682,10046144.776689999,-0.3907117461357968,-0.7814234922715936,-0.8211488260891454,-1.6422976521782908,-1.4022786714769073,-2.8045573429538146,0.0041852323454398726,False
0xf05359fe3426248c3eb48ca9474160dc4510b99d,1345,0.8342007434944237,0.4500891265597148,9880598.649209999,0.12070750514543971,0.24141501029087942,0.11023802842215953,0.22047605684431906,1.5829307704330942,3.1658615408661883,0.0041162656897930985,True
0xc05b532d9b4eff8c140ad5477dc87d5803b98951,624,0.719551282051282,0.41202672605790647,9663965.9792,-0.18011332599225344,-0.3602266519845069,-0.2477387418511644,-0.4954774837023288,0.5357275527889643,1.0714551055779287,0.004026016337652707,True
0x823ecdcdfc67ab8885f4d24ba595050611fe76c9,3619,0.07129041171594364,0.4806201550387597,9499302.81747,0.038724963338783364,0.07744992667756673,0.3136360077734054,0.6272720155468108,-0.24992655317564688,-0.49985310635129376,0.003957417526278434,False
0xfc27136e42af1732ddc9ce2605ea9bff1b959d9d,256,0.734375,0.4787234042553191,9410901.74628,9.822923431935756,19.645846863871512,11.281699080403348,22.563398160806695,22.016279349180685,44.03255869836137,0.003920589565827936,True
0xbeccae9ffcb69e9d42a1d4e744abf8056149562d,2561,0.9988285825849278,0.4792806880375293,9225184.687830001,0.06973118124901692,0.13946236249803384,0.3861322995794308,0.7722645991588616,0.3521098907078147,0.7042197814156294,0.003843219683410118,True
0x2ca4927174ba283d8a57f60ef3589844035a2930,1408,1.0,0.4992897727272727,8699700.53287,0.16874240758222891,0.33748481516445783,0.26280880805378104,0.5256176161075621,0.20531006830236692,0.41062013660473384,0.003624302543428452,True
0xe77cdee1aa1affa10231654fe438b63ab0ab15db,851,0.5699177438307873,0.0,8472237.88642,-3.2138216229343977,-6.427643245868795,-23.97730910536861,-47.95461821073722,-8.397373135738626,-16.79474627147725,0.003529541414013835,False
0x93ab7dbdeb996806454de19c35c8247f4b2511f8,798,0.7268170426065163,0.0,8340000.0,-1.422272657883211,-2.844545315766422,-0.10377047889220294,-0.20754095778440587,0.05543035726173845,0.1108607145234769,0.0034744509995474075,False
0x50d59f4c2480e107acf32c0d1e9cbe7579b01480,361,1.0,0.3573407202216067,8183921.5091699995,0.2411297380672605,0.482259476134521,0.6792057833279316,1.3584115666558632,1.2859046555038103,2.5718093110076206,0.003409428569274968,True
0xabfae5ef417fec83a63dcdbff5a13f71d09045c5,916,1.0,0.4039301310043668,8171529.68003,0.31867728745482843,0.6373545749096569,1.1074011977471074,2.214802395494215,0.5021427483515344,1.0042854967030688,0.003404266122855101,True
0xa175cdfea874e94fccae4a9cfc05bf2325401932,381,1.0,0.1417322834645669,8000199.942779999,-0.7665517637110181,-1.5331035274220361,-0.9235923531967195,-1.847184706393439,-0.036696773203763904,-0.07339354640752781,0.0033328900105241105,False
0xa51b6bbd7f835d7da10eddfdefb91254497bae17,908,1.0,0.460352422907489,7696911.57627,0.35539101676883694,0.7107820335376739,1.0425547815736291,2.0851095631472583,1.9389589917620271,3.8779179835240543,0.0032065398224939224,True
0x72d73fea74d7ff40c3e5a70e17f5b1aaf47dfc26,2009,1.0,0.4116475858636137,7693004.86607,0.2655417544508408,0.5310835089016815,0.2174793019604866,0.4349586039209732,2.2738330897038574,4.547666179407715,0.0032049122837458015,True
0x9266865bb6afb4c4f618544dd3b8c970f17aa664,1246,1.0,0.4574638844301766,7643731.49715,-0.48749840822915175,-0.9749968164583035,-0.9299434993519959,-1.8598869987039919,-1.2065281648952617,-2.4130563297905234,0.0031843849568998586,True
0x1d30f3dc2891f6dddb4a4485f2b6276abaa2da39,41,1.0,0.0,7576424.52,-0.18002322880371663,-0.36004645760743326,3.2897793263646924,6.579558652729385,6.170150987224157,12.340301974448314,0.003156344813730154,False
0x6be2564feecd30ed141696dd4cbbb27f2abf570c,806,1.0,0.47146401985111663,7571931.18861,0.5725990181127003,1.1451980362254006,0.96474175861931,1.92948351723862,1.2358056529512342,2.4716113059024685,0.003154472888101943,True
0xe92cdf7b804a836a71219cda2b00274d57ac030f,1375,1.0,0.4458181818181818,7206676.7043200005,-0.23296750501250574,-0.4659350100250115,0.1586612578767299,0.3173225157534598,0.5140321353811392,1.0280642707622785,0.003002307563398039,True
0x396dc3e4d1051837bb559810d2b1ea7977775899,754,0.8687002652519894,0.1282442748091603,7092940.6258,-0.1959958136646894,-0.3919916273293788,-0.2058283256874071,-0.4116566513748142,0.5848689546939705,1.169737909387941,0.0029549250176308423,False
0xcc4720a4ceca4befeb0b832e0186a32fdce90195,309,1.0,0.43042071197411,6734440.0,-0.008817124791112994,-0.017634249582225987,-1.9237037284566425,-3.847407456913285,-1.9216354566598688,-3.8432709133197376,0.0028055733560422113,True
0x6bd572af5cf71fdde43020f1a1c04bd643e12c07,883,1.0,0.4733861834654587,6589879.82714,0.23489142517680028,0.46978285035360057,0.4945968806016505,0.989193761203301,0.19762269044807462,0.39524538089614925,0.0027453494667031017,True
0xe7f3ec7725bf9a5e377caddc8874bb360308200b,461,1.0,0.0,6556721.77272,-1.540028044180105,-3.08005608836021,-4.9541504778104315,-9.908300955620863,-6.456420570201513,-12.912841140403026,0.002731535793403028,False
0xe29d84a6f37858d7f8017be454ee35726511e525,590,1.0,0.41355932203389834,6404310.536660001,0.6411649552004006,1.2823299104008012,1.993696542159477,3.987393084318954,3.012962209531708,6.025924419063416,0.0026680411445456037,True
0xb798aef79972ce8f73d47b9ebbcda6bbb7ec4fbf,491,0.46028513238289204,0.0,6007986.720209999,-0.19852943002559784,-0.3970588600511957,-1.3938248038191434,-2.787649607638287,-0.4527177968833604,-0.9054355937667208,0.0025029323099881513,False
0xb1edfeccf03f35d2268f5dc4013508a6eb52c702,641,1.0,0.4414976599063962,5992916.841320001,0.052952456042268274,0.10590491208453655,-0.29892214923053756,-0.5978442984610751,0.7435518374452247,1.4871036748904494,0.0024966541857948162,True
0x850362c2fcfee55962be453e01a6c4d9b813276f,3403,1.0,0.4404936820452542,5890136.66117,0.009247959089800152,0.018495918179600303,-0.06659944796262986,-0.1331988959252597,0.26096413035234894,0.5219282607046979,0.0024538358764835655,True
0x1ec15e24896f4feb55dd70d22dc3620ae3cc990c,2965,1.0,0.46812816188870154,5711232.62156,0.12813314378132432,0.25626628756264863,0.36107934774096145,0.7221586954819229,0.6936096676685931,1.3872193353371862,0.0023793043034324823,True
0x6e6f2ca77afaee5a22dc3cf0f903f39a548a82a6,515,1.0,0.26601941747572816,5624088.31006,-0.5730409913769491,-1.1460819827538982,-0.6650991522221328,-1.3301983044442656,-3.2646089987851092,-6.5292179975702185,0.0023429999101236038,False
0x0a97692d91fa9195a52da81cca2051c032c5347d,523,1.0,0.2390057361376673,5588203.90484,-0.26025706528026,-0.52051413056052,-1.1662578123708391,-2.3325156247416783,-4.126455832453372,-8.252911664906744,0.002328050436792094,False
0x92cbb22a9b9fc01da9914c9b39ed904dd61b859c,907,1.0,0.1389195148842337,5553428.305509999,-0.28257579311619535,-0.5651515862323907,-0.5933566620631026,-1.1867133241262051,-0.9782089294593891,-1.9564178589187782,0.00231356289292495,False
0x76fe28b803eeba445c34afc2f914e6bcb71112fd,188,1.0,0.48404255319148937,5542396.964689999,-0.11873823569072811,-0.23747647138145622,-0.8378379925396768,-1.6756759850793537,-2.243294459786221,-4.486588919572442,0.0023089672270810175,True
0x5c92c6e4b3bacd41390944cd70a59e3f88562d97,468,0.8418803418803419,0.19289340101522845,5449176.16641,6.323861363084337,12.647722726168674,5.99990411127315,11.9998082225463,15.143657553612755,30.28731510722551,0.0022701313642797525,False
0xa70ac79d24b8ea7dc8899d6c2df26488130b4be9,352,1.0,0.30113636363636365,5390081.94028,-0.05302873418286133,-0.10605746836572266,-0.38698446588098656,-0.7739689317619731,0.5564086956291,1.1128173912582,0.0022455126600777306,True
0xb9943a99514cbb2d44838235be2a9b59c2c9f441,448,1.0,0.4642857142857143,5277366.087919999,-0.07036837060399977,-0.14073674120799953,-1.0599946195865415,-2.119989239173083,0.5587574988629999,1.1175149977259997,0.00219855514138504,True
0x49dfb8ddbd3ba96c0699a3f120e71f2516c345d8,446,1.0,0.49327354260089684,5008246.01226,0.26981729485132044,0.5396345897026409,0.810921017507527,1.621842035015054,4.836942949513117,9.673885899026233,0.0020864394919995295,True
0xa1d22621c9b077ce4ac468908114a82b2de4a8db,2665,1.0,0.47504690431519697,4959278.4566,0.14060754159719577,0.28121508319439154,0.5616431210552726,1.1232862421105452,0.7615834135020639,1.5231668270041279,0.002066039567214364,True
0xf5d889840ff183c72b0b57aac895303eee76f226,809,1.0,0.3930778739184178,4869881.94885,-0.21737081136295452,-0.43474162272590905,-0.17817175009028888,-0.35634350018057775,0.34328948380104346,0.6865789676020869,0.0020287969070575253,True
0x1a2e6afa298b1cc50939b4b2b0b430e3c1ef3459,436,1.0,0.4357798165137615,4740595.03996,0.7985375665981861,1.5970751331963722,3.2743182656312886,6.548636531262577,7.311480094108968,14.622960188217936,0.001974935872306775,True
0x2df8f8d2468f23885609b868d3c6398a1b16f43d,388,1.0,0.44072164948453607,4715952.44364,0.47175109379243174,0.9435021875848635,1.7045074466250356,3.4090148932500712,5.454613041743671,10.909226083487342,0.001964669745997966,True
0x0facac3bd128fe6d799898a059d3634b877c7a0a,246,1.0,0.15040650406504066,4654239.8843600005,-0.8552542420334345,-1.710508484066869,-3.126154530673837,-6.252309061347674,-2.483362288145265,-4.96672457629053,0.0019389602420081553,False
0x54e3f54df4b10ff63f7284733ed735e8e1507c20,290,1.0,0.40689655172413797,4608252.31457,0.02270066062805631,0.04540132125611262,0.12456072916376432,0.24912145832752863,3.465588558586993,6.931177117173986,0.001919801781837457,True
0x6a072733f7249e6b794cae88c6d3cc7eb756a93c,888,1.0,0.4448198198198198,4437679.664619999,0.4630904612786072,0.9261809225572144,-0.018905985326513372,-0.037811970653026744,1.4922349893731348,2.9844699787462696,0.0018487410727110504,True
0x4f965bea84add66023e7ef0458111a1a80e50bb7,789,1.0,0.4283903675538656,4408065.60116,0.2478027527970985,0.495605505594197,0.44648411758129697,0.8929682351625939,6.826708226866174,13.653416453732348,0.0018364038290192932,True
0x6b06da993b1f12d82463fec75006913f98499b7c,95,1.0,0.0,4403249.999999999,1.1934503981855562,2.3869007963711124,0.005220497032127912,0.010440994064255823,-1.2451479378412411,-2.4902958756824822,0.0018343976455344267,False
0x8eff8ff863c1a54ec6697b7ad98fe30aa344bd5e,489,0.19631901840490798,0.0,4379458.8475,-1.036804355588221,-2.073608711176442,-4.977491653439878,-9.954983306879756,-17.936446580712083,-35.872893161424166,0.001824486231435625,False
0x53069d0367e125510745b6c6af03cd2d428f878a,74,1.0,0.0,4360150.000000001,-0.836460715412172,-1.672921430824344,-3.0914905710610614,-6.182981142122123,-5.899757127334428,-11.799514254668855,0.0018164421493617065,False
0x2dde8c9b7fd681b0af29975e6e2e7ca2c934958c,620,1.0,0.48709677419354835,4076925.7460600007,0.13448100808000799,0.26896201616001597,-0.17124578794617817,-0.34249157589235635,1.1633233532347087,2.3266467064694174,0.0016984506874674736,True
0x07fd7e702ba749ffa49c3a6c17fcd9e6c7b7082a,62,1.0,0.4838709677419355,4031000.8877,-0.013780531058583212,-0.027561062117166423,-1.8529577924502645,-3.705915584900529,-14.499190787295799,-28.998381574591598,0.0016793183529311452,True
0x71d0e11ebb6150cebe20cf62f798be1a50108c26,350,0.9914285714285714,0.20461095100864557,4003601.3838500003,8.879670000990583,17.759340001981165,9.491056546248887,18.982113092497773,15.824798777810539,31.649597555621078,0.0016679036966315368,False
0xfe40fa3decfc6dc555f4ad7736d0dd65ccbd4743,109,1.0,0.0,3999999.93285,-1.5262540382366683,-3.0525080764733366,-2.0507324208945605,-4.101464841789121,-1.0050673609092662,-2.0101347218185324,0.0016664033291223315,False
0xe86b057f5eb764c9738d6b0d38170befd0723664,189,1.0,0.34391534391534395,3968119.81133,0.35905707404244336,0.7181141480848867,0.12457226344641391,0.24914452689282782,-1.3057544742660774,-2.6115089485321548,0.001653122043740934,True
0x7717a7a245d9f950e586822b8c9b46863ed7bd7e,2902,0.9975878704341833,0.3032815198618307,3914476.7291399995,-0.10700595787304856,-0.21401191574609713,-0.38673033915606697,-0.7734606783121339,-0.03061824371241937,-0.06123648742483874,0.001630774290679321,True
0xb83de012dba672c76a7dbbbf3e459cb59d7d6e36,2615,0.5227533460803059,0.0,3835337.8659300003,-0.3708842810520361,-0.7417685621040722,-0.7298424481514736,-1.4596848963029472,-0.5580984224151138,-1.1161968448302275,0.001597804973846824,False
0x218a65e21eddeece7a9df38c6bbdd89f692b7da2,296,0.75,0.0,3770814.0,-0.41419740784142756,-0.8283948156828551,-1.5362211971130693,-3.0724423942261385,-1.2308100745367911,-2.4616201490735823,0.0015709242771471653,False
0xcecf774b031d6c1c1f8e4ec003979ee1dfabc7de,414,0.45652173913043476,0.3386243386243386,3737107.6902100006,-0.602333397291055,-1.20466679458211,-1.4579049289301373,-2.9158098578602747,-0.7688808290804701,-1.5377616581609401,0.001556882200199813,False
0xd20dcbbfb5c17761abddf36d51bb288ce4e89365,327,1.0,0.4923547400611621,3620819.6855699997,0.15656596170183004,0.3131319234036601,0.7739580094391906,1.5479160188783812,-0.8597072699765315,-1.719414539953063,0.0015084365198692585,True
0x7d65ea6c187d6219ab6a1335cd2fe09f12e818fa,492,1.0,0.4654471544715447,3534605.10842,-0.044077782508171445,-0.08815556501634289,-0.13177445311223468,-0.26354890622446936,1.3955201257427723,2.7910402514855446,0.0014725194546708923,True
0xfc667adba8d4837586078f4fdcdc29804337ca06,538,0.7044609665427509,0.1345646437994723,3496408.0286299996,-0.2666288265870099,-0.5332576531740199,-0.1714529272706409,-0.3429058545412818,-1.20282330441648,-2.40564660883296,0.001456606519172552,False
0x936cf4fb95c30ce83f658b5bbb247e4bb381bb0f,320,1.0,0.44062500000000004,3411698.4502600003,-0.34755312525566495,-0.6951062505113299,1.3019193088651886,2.603838617730377,7.220709208183655,14.44141841636731,0.0014213164377290407,True
0xd84a7719fc50c2f5d4422e2c138d63b879ccc8a5,376,0.5186170212765957,0.07179487179487176,3405311.6646999996,-0.20990901986167482,-0.41981803972334963,-0.5973370065150564,-1.1946740130301128,-0.13881721859444815,-0.2776344371888963,0.0014186556975044795,False
0x5bcbbb10358ddb623593e51f499568ea54c2aeed,257,1.0,0.4708171206225681,3208911.60624,0.24103392531838416,0.4820678506367683,0.6865998955248228,1.3731997910496456,1.996195644659227,3.992391289318454,0.0013368352683165283,True
0x6e1d9ac48f065dd02997e5da3f0e2dfd9687cb9f,733,0.1664392905866303,0.32786885245901637,3200319.7845899994,-0.4468867500076337,-0.8937735000152675,-2.028028433894824,-4.056056867789648,-2.737079130752706,-5.474158261505412,0.001333255908206243,False
0xadc9cf23f55c6221a05a8150e5768d7c3289562f,296,1.0,0.375,3171897.13783,-0.07525356723736822,-0.15050713447473643,0.0631296146416367,0.1262592292832734,0.04774251582581059,0.09548503165162119,0.0013214150097116313,True
0x03f41ea5346172ed884ff4911543af5551de728c,171,0.6432748538011696,0.43636363636363634,3156259.4746300005,-0.238942781724109,-0.477885563448218,-0.9022336705534816,-1.8044673411069632,0.18465581898306002,0.36931163796612004,0.0013149003460982231,False
0x88c8df8de727854bff379745b22344957c7cc104,141,0.7730496453900709,0.3761467889908257,3151485.98268,-0.46910457654415144,-0.9382091530883029,-1.1789593052617764,-2.357918610523553,1.9375465564730083,3.8750931129460167,0.001312911705345584,True
0xd7746a2e03ab616a8f406484cab7671c3272ad80,1413,1.0,0.4359518754423213,3144491.41381,-0.27648483285618475,-0.5529696657123695,-0.3206348003848937,-0.6412696007697875,0.44448456121032104,0.8889691224206421,0.0013099977620839802,True
0x76bf72092bbfe1c935b6d834f70dd9e75b057fd6,75,1.0,0.3466666666666667,3097823.0503,-0.2524416058242146,-0.5048832116484292,-1.0084874903889174,-2.0169749807778348,-1.6365765186397183,-3.2731530372794366,0.0012905556826781574,True
0x6ba889db7f923622d3548f621ecc2054b80c1817,420,0.9428571428571428,0.4722222222222222,3085898.8195,1.0276494850541256,2.055298970108251,0.9250013402328731,1.8500026804657461,5.832239595219318,11.664479190438636,0.0012855880381191776,True
0x6daec5ff434924e0839358e710e6ae5f158590de,145,1.0,0.0,3067017.72492,-0.7507442324881116,-1.5014884649762232,-3.384876363873726,-6.769752727747452,-3.727337464911606,-7.454674929823212,0.0012777221582707325,False
0x1f368b395de7e0db3ab9b46ef246279df0c3f00f,77,1.0,0.0,3037023.0,-5.153960554727468,-10.307921109454936,-3.6790288959148323,-7.358057791829665,-1.7177566621542502,-3.4355133243085003,0.0012652263306952597,False
0x0c0ed9bc814b9b5089cb70dd75de844718e78a4d,109,1.0,0.4954128440366973,3027289.8863700004,-0.5069730612728164,-1.0139461225456328,-1.501521233196368,-3.003042466392736,-2.156145598736826,-4.312291197473652,0.00126117150738825,True
0xe8190864576e868e11b67ba82c9b91b7d4de3d1c,229,0.8558951965065502,0.37244897959183676,3020571.02913,-0.5062673580818652,-1.0125347161637304,-0.14939657224584504,-0.2987931444916901,0.8846644131309332,1.7693288262618665,0.001258372425823102,True
0x871fe6fb3744abbc8911147e70bf41fbb0fa972b,374,0.2727272727272727,0.11764705882352944,3013940.04434,-0.5035082738446462,-1.0070165476892925,-1.5478293641872491,-3.0956587283744983,-0.94923345258729,-1.89846690517458,0.001255609951994373,False
0x90cc9850f850bb51a2cc6054a8a57246c02b40ed,46,1.0,0.13043478260869568,3000813.89671,-0.31032397355773295,-0.6206479471154659,3.2492784346353165,6.498556869270633,4.0966595915345785,8.193319183069157,0.001250141587875277,False
0x368a9c423d0ce3d9887950125b1db4bb306c1b7d,276,1.0,0.4311594202898551,2995542.96117,-0.08167506017496132,-0.16335012034992263,-0.37145575929664754,-0.7429115185932951,-0.45250242288209735,-0.9050048457641947,0.0012479457117055524,True
0x583bc1459ad20ff59aef8ee40fac9c6246c7803f,1083,0.36657433056325023,0.24181360201511334,2987862.9299999997,-0.537086321518826,-1.074172643037652,-1.726061726280735,-3.45212345256147,-2.8351177701361556,-5.670235540272311,0.001244746204274478,False
0xe52ec3a0f90c66510ff7892354b1a1337afaac63,660,1.0,0.44999999999999996,2978864.8952,0.03529264704851256,0.07058529409702512,0.34853445439887826,0.6970689087977565,0.5254559717830256,1.0509119435660512,0.001240997615424979,True
0xfe1fccb7f954050a4b0ca4bea43c8287b190c55a,1723,1.0,0.46952988972722,2944510.4012599997,0.06101515194996894,0.12203030389993788,0.13818700219783958,0.27637400439567916,0.3628925775894463,0.7257851551788926,0.0012266855044167318,True
0x67fcc46ed2a63971697dad2fc7bb0091fe89e51d,656,1.0,0.0,2776268.13383,-0.19966137848407264,-0.3993227569681453,-0.45192865039458013,-0.9038573007891603,-1.3854097619732286,-2.7708195239464573,0.001156595634603988,False
0xf5a523b171032c060d49c39fbf2e9bec473e1286,94,1.0,0.021276595744680882,2728389.962979999,8.567206163671994,17.134412327343988,-4.746564964173969,-9.493129928347939,-6.501950364041897,-13.003900728083794,0.0011366495484449607,False
0xaa57ef244c09de1a28437f3e05f208e87c938566,40,1.0,0.0,2558910.0,-3.517122524825023,-7.034245049650046,-10.0824179044984,-20.1648358089968,-12.192691419393414,-24.38538283878683,0.0010660440536273208,False
0xd4acc97119beaa3c32a878095f7231cd36d84470,275,0.3927272727272727,0.0092592592592593,2545499.9999999995,-0.10323564108064948,-0.20647128216129895,-0.18021285582508514,-0.3604257116501703,0.2751861472395984,0.5503722944791968,0.0010604574363726527,False
0x47472cd62c99b8b5ce7e84e733515133e9aec0bd,3018,0.3290258449304175,0.44914400805639476,2522385.69147,-0.41502882977562533,-0.8300576595512507,-0.9672993827065739,-1.9345987654131478,-1.1793075574195677,-2.3586151148391354,0.0010508279960398106,False
0xfc0714740c63e72b0a4e5dbd9c3e413ed2df0a24,336,0.7410714285714286,0.0,2520408.8939300003,-2.397711663828266,-4.795423327656532,2.309778457927254,4.619556915854508,6.750220368587684,13.500440737175367,0.0010500044605255715,False
0x69369ad76474577121293fcf015a4c90e49b9417,724,0.0649171270718232,0.0,2486070.0,-2.624966197038309,-5.249932394076618,-3.0010969301622246,-6.002193860324449,5.255263730796895,10.51052746159379,0.0010356988484945832,False
0x92a7bc9b107bdd35e3db97dc171d5a8c1ee33fea,211,0.6729857819905213,0.0,2419631.0,-1.304377468572867,-2.608754937145734,0.31647100312172916,0.6329420062434583,5.050520764109943,10.101041528219886,0.00100802030533404,False
0x8e80c4b533dd977cf716b5c24fd9223129272804,828,0.9263285024154589,0.45241199478487615,2363133.84526,0.4618025047792306,0.9236050095584613,1.5955547521878188,3.1911095043756377,2.385611859022771,4.771223718045542,0.0009844835432527477,True
0xeaf35054804ab7ed6b8cb070296dd6bb38abb4b1,201,1.0,0.4477611940298507,2345014.90003,0.1972905519501063,0.3945811039002126,0.5851099066394889,1.1702198132789778,0.7416643231425296,1.4833286462850592,0.0009769351754631652,True
0x2eddf3aa5c4df34f9263a98b564bec3b4ec78179,39,1.0,0.20512820512820512,2340967.6265699994,0.15985407672219862,0.31970815344439724,-0.6333691262378182,-1.2667382524756363,-0.6507480982597326,-1.3014961965194651,0.0009752490779429564,False
0x41c684cbde3e449cc67c70aacb6132e3eb25b06d,162,0.8641975308641975,0.47857142857142854,2326311.6166399997,-0.42121611439570683,-0.8424322287914137,-0.8746904289642697,-1.7493808579285395,12.238249150970342,24.476498301940683,0.0009691433719057065,True
0x6ae00a837e22c0db126dfd390d3b411625f49df9,354,0.11864406779661017,0.0,2323914.8206999996,-2.1491383729642335,-4.298276745928467,-20.719609268053606,-41.43921853610721,-26.00091260921735,-52.0018252184347,0.0009681448647055333,False
0xd99b6812f6d17915420dbab2ecf03202ed8dd63b,201,0.8557213930348259,0.3081395348837209,2206433.20228,-0.3436976670562477,-0.6873953341124954,-0.8129838270076172,-1.6259676540152344,-0.11200731854436627,-0.22401463708873254,0.000919201923872462,True
0x33ad48ed92e3e91a98278f0f7456eae6eafa516e,326,1.0,0.38957055214723924,2196361.51518,0.011667241852088645,0.02333448370417729,0.10387837820013396,0.20775675640026792,1.385211983832538,2.770423967665076,0.0009150060505736942,True
0xf060e33cfa0727a224a184622606213e8f4e6a6f,88,1.0,0.4318181818181818,2184895.36428,0.7001124317013677,1.4002248634027354,3.0400498899774147,6.080099779954829,5.478058701193557,10.956117402387115,0.0009102292424855087,True
0xd72cfd2424e26ba32e46b7b2aff95eff34247a71,542,1.0,0.4704797047970479,2140950.30257,0.04219092828493006,0.08438185656986012,0.2344949088803931,0.4689898177607862,1.2192184782007096,2.438436956401419,0.0008919216928951632,True
0x3ac9b030594c1ef23a3e8fed9f62356b7bf98bf6,65,1.0,0.4307692307692308,2019406.2842899999,2.277357974827567,4.554715949655134,3.218658791566628,6.437317583133256,0.9527828299393367,1.9055656598786734,0.000841286352870948,True
0x0f859756ab0f1655ca61b32d21f6cf9ec2b998dc,118,0.8135593220338984,0.0,1999998.4684400002,-0.8646275431819319,-1.7292550863638638,-1.7396490998805592,-3.4792981997611183,-3.8852516723286565,-7.770503344657313,0.0008332010404993577,False
0x82f115f9bed3303f31c654175e13954eac46fc1a,99,0.7373737373737373,0.0684931506849315,1997128.6620599998,-0.4745578395906161,-0.9491156791812322,-1.2152782493019718,-2.4305564986039436,0.5670088002268461,1.1340176004536922,0.0008320054767528948,False
0x15094c3ec74e8a43c082042815e0c135deebb152,275,0.9818181818181818,0.5,1992676.43081,0.9673190538905558,1.9346381077811117,-0.04657101211764817,-0.09314202423529634,6.456923676394185,12.91384735278837,0.0008301506734775018,True
0x362c5006ed0a405c35df4a138cb38d891f1a1a20,73,1.0,0.4794520547945206,1989574.27916,0.20840122318003768,0.41680244636007535,0.41653634802328643,0.8330726960465729,1.6790180123144975,3.358036024628995,0.0008288583144965557,True
0x0ba58d3e7ea392de7c0f9b50f9baf488a35397a6,317,0.9936908517350158,0.46031746031746035,1959936.72707,-0.01970008568644755,-0.0394001713728951,0.16497663188933795,0.3299532637786759,2.0824996665214455,4.164999333042891,0.0008165112854218268,True
0x418aa6bf98a2b2bc93779f810330d88cde488888,107,0.8878504672897196,0.4631578947368421,1947592.5000000002,0.06428174286968004,0.12856348573936008,-1.032529746298176,-2.065059492596352,1.2031342612365736,2.4062685224731473,0.0008113686700642728,True
0x79294706eff4a9c658faa29866fd217c9782a05d,151,0.46357615894039733,0.35714285714285715,1923325.6800000006,-0.6015178162540297,-1.2030356325080593,-2.043935148074666,-4.087870296149332,-1.6450002698153081,-3.2900005396306162,0.0008012590924857553,False
0x355463aec046c9256831389233fe3c9db03124f9,302,0.5927152317880795,0.0670391061452514,1904020.0,-1.1802164752729076,-2.3604329505458153,-0.2768813555446836,-0.5537627110893673,0.9081742362725616,1.816348472545123,0.0007932163299949946,False
0x9ff79393aaac6409fd19b9738458e0d105e403e8,168,0.6726190476190477,0.0,1877103.9936000002,-0.11056681816075782,-0.22113363632151564,0.9392914457085332,1.8785828914170664,-0.5001832250129522,-1.0003664500259044,0.000782003099138843,False
0x7dd6f02fef939cea86f0243358255f6b57a6cf0d,58,1.0,0.4482758620689655,1822901.1788599999,0.45846414058509843,0.9169282811701969,-0.4006276099973382,-0.8012552199946764,1.5755462053350253,3.1510924106700506,0.0007594221610271311,True
0x3e4515b004138b523c55fb7fe928480358500ef7,46,1.0,0.0,1815390.4464000002,-0.7578432953578141,-1.5156865907156283,-2.48276608209816,-4.96553216419632,-1.7606460397201744,-3.521292079440349,0.0007562931835807308,False
0x44209662afaa054f3afccd1aa9a8e2f91f1b4c4b,56,1.0,0.10714285714285714,1809036.7798700002,57.1047480256911,114.2094960513822,62.23577195617003,124.47154391234007,92.4404940061985,184.880988012397,0.000753646240771864,False
0x2814e4612802066a76a99e8afbcdf1ec44039b08,107,0.5794392523364486,0.3064516129032258,1789476.9600000002,-2.2574998585457386,-4.514999717091477,-2.7899603649798213,-5.5799207299596425,-3.184023281184967,-6.368046562369934,0.0007454976033979684,False
0x4ffc5f22770ab6046c8d66dabae3a9cd1e7a03e7,433,0.48267898383371827,0.42105263157894735,1774409.9898,-0.48808183950805095,-0.9761636790161019,-1.2724261532617096,-2.544852306523419,1.294027031031321,2.588054062062642,0.000739220690967328,False
0x4044570e13b5184f7eb2709de25a4eb766a4794c,151,0.5629139072847682,0.0,1712266.9671200002,9.868359959340852,19.736719918681704,10.142338845379879,20.284677690759757,18.948208989062774,37.89641797812555,0.0007133318555638,False
0xa8d03e0e905645d235f189414aa22e7bb3d4ecb2,185,0.4702702702702703,0.26436781609195403,1680872.6658,-0.3333172363615797,-0.6666344727231595,-1.5271458481847753,-3.0542916963695506,-1.012164321512131,-2.024328643024262,0.0007002529632854587,False
0xba67690d19571752e0f845acd48b3349131b723b,87,0.7011494252873564,0.2786885245901639,1664648.0000000002,-0.4978655416834031,-0.9957310833668062,-1.086945663407447,-2.173891326814894,1.6788169572392955,3.357633914478591,0.0006934937538962343,False
0x679fcee420e7348c4bb1fc2afce45b494c4f28a2,174,0.8620689655172413,0.0,1627298.2752,-0.6168507080915839,-1.2337014161831679,-2.171064944787573,-4.342129889575146,-2.8136502589057324,-5.627300517811465,0.0006779338271978912,False
0x6562a91a619c9cfa4263c99080e4a908de27d6b6,179,0.43575418994413406,0.0,1599998.78631,-0.01068771779522821,-0.02137543559045642,-0.008426452895183406,-0.01685290579036681,-1.0111858923535488,-2.0223717847070977,0.0006665608372145586,False
0xd3943e40080322c21c65d94966d4212331302c92,193,0.7098445595854922,0.4233576642335767,1578103.58926,2.1432762732087345,4.286552546417469,0.9391480621664158,1.8782961243328316,10.77745625594837,21.55491251189674,0.0006574392797474531,True
0x0efb38a5fa35325ed7524197c0c8ae942aa6d8dc,489,0.49079754601226994,0.37916666666666665,1546882.42594,-2.8465881936704056,-5.693176387340811,0.8705697709808826,1.7411395419617652,-0.38817161976975284,-0.7763432395395057,0.000644432516905222,False
0xb632c6580173a16154f17cdafc6eb27e95cf73b7,270,0.23703703703703705,0.0,1527333.36,0.08928571428571429,0.17857142857142858,2.9613095238095237,5.9226190476190474,7.550223214285714,15.100446428571429,0.00063628835962759,False
0xce75a235d1a055e4b3eb88545f7215c6f963055a,187,1.0,0.4278074866310161,1509083.76047,-0.27864424018361517,-0.5572884803672303,-0.44900715164645155,-0.8980143032929031,-0.6680981748056388,-1.3361963496112776,0.0006286855611469727,True
0x6bedc582160fb9028eada6e106c419a24ed0fda1,244,0.36065573770491804,0.2954545454545454,1502780.9558499998,-0.28744991724465657,-0.5748998344893131,-1.123632860665805,-2.24726572133161,-0.63606964166448,-1.27213928332896,0.0006260598074524988,False
0x446a0136cd70c76e3effd9877efccc124e98641c,56,1.0,0.0,1499999.6389,-2.2600214107291543,-4.520042821458309,-2.378969906030689,-4.757939812061378,0.8326394671107413,1.6652789342214827,0.0006249011084768411,False
0x9b422e571eb2cb9837efdc4f9087194d65fb070a,228,0.5307017543859649,0.0,1484258.93796,-1.7421731731977907,-3.4843463463955815,-4.383190974035048,-8.766381948070096,-4.195398242407816,-8.390796484815631,0.0006183435192544719,False
0xe7795fce474d1eafd645a29e799a64f85dc26ba7,91,0.9120879120879121,0.0,1481082.236,0.019552406897597657,0.039104813795195315,0.17428937398994934,0.3485787479798987,-6.120884944345204,-12.241769888690408,0.0006170201025518117,False
0x91853bcefbdc3447768413e6db7d6e0a81c4be56,132,1.0,0.4393939393939394,1476879.71307,0.12985342901353458,0.25970685802706917,1.4139316257944892,2.8278632515889783,3.3182486544445915,6.636497308889183,0.0006152693279721043,True
0x699ee2ae1223008f599d896e77fc3b0299ed0952,48,0.9583333333333334,0.3695652173913043,1403226.9,-0.9412289184712306,-1.8824578369424612,-1.0790145855718574,-2.1580291711437147,-1.6129761584751643,-3.2259523169503286,0.0005845855042322314,True
0x1dc67adaf9f163c5b1a95043addbdfa1af58e512,3861,0.9997409997409997,0.4873056994818653,1400628.55462,-0.14520043242140152,-0.29040086484280303,-0.28639033112446216,-0.5727806622489243,0.3885189523280142,0.7770379046560284,0.000583503031366199,True
0x06438b0d1bb6f8aa4a455a4f2c1b1e744d53c760,90,1.0,0.47777777777777775,1397445.7496099998,0.9320550812775096,1.8641101625550192,-0.09255663405794308,-0.18511326811588616,5.320013981228657,10.640027962457314,0.0005821770721277866,True
0xf0480a7892bc260658e82359f3c9374bc0a75444,221,1.0,0.46153846153846156,1393430.3835599998,0.009441127003200314,0.018882254006400628,0.7457734722412047,1.4915469444824094,1.061613277250371,2.123226554500742,0.0005805042672613631,True
0x84d99d42784d860a5f319406565ee1e08a2b53ee,424,1.0,0.41037735849056606,1365971.15901,-0.28344724008883215,-0.5668944801776643,-0.4955996788957738,-0.9911993577915476,-0.7232969886574265,-1.446593977314853,0.0005690647312680126,True
0xa6a1140c06c35619038823f58a54f25eb33c29eb,338,0.9260355029585798,0.4281150159744409,1339875.25871,-0.5772904309153242,-1.1545808618306483,-1.2424520598972877,-2.4849041197945754,-0.668054420991795,-1.33610884198359,0.000558193157301415,True
0xe063116cff1c13f7ea1499e5c848a2e6fac1463d,93,0.5806451612903226,0.018518518518518517,1338792.5173400003,-0.2047273703173296,-0.4094547406346592,-0.09691975818518037,-0.19383951637036073,1.0865569294472044,2.173113858894409,0.0005577420863379561,False
0xbf2a12006918a9118368910b047291e440c2d457,82,1.0,0.4390243902439024,1333221.5000000002,-0.5888190401405429,-1.1776380802810857,-0.7550567740525558,-1.5101135481051116,-3.804283095596745,-7.60856619119349,0.0005554211958385005,True
0x1e083522238d5cd1d9ac4d8e2dc24f9d0334c451,103,0.9029126213592233,0.0,1322655.4069999997,-1.847023879009559,-3.694047758019118,-2.777021155168165,-5.55404231033633,-8.936793908971817,-17.873587817943633,0.0005510193526268504,False
0x3397e41ea62cef62cbc76aec3a851f32faf850a0,74,1.0,0.45945945945945943,1294213.0334,-0.427467052669858,-0.854934105339716,-1.283704055137998,-2.567408110275996,-3.1144972659470818,-6.2289945318941635,0.0005391702359141382,True
0x429663f2b8ac49ca67cf30e82d59b1bd12c0dbaa,480,0.10833333333333334,0.17307692307692313,1291607.9791799998,-0.9192231433354892,-1.8384462866709783,-1.9573268614246535,-3.914653722849307,-0.2548407728858867,-0.5096815457717734,0.0005380849681397311,False
0x150d566b8254c4938a3824be824c15012731cafb,82,0.5609756097560976,0.4565217391304348,1287655.3554200002,-0.24882804951734241,-0.49765609903468483,-2.393875553276353,-4.787751106552706,-2.4917095691281155,-4.983419138256231,0.0005364383017639799,False
0x3f240a16bb7c34302cab342227207acc3d9e0d4d,184,0.5760869565217391,0.0,1276550.0,-2.783693856130222,-5.567387712260444,-3.6985650157134953,-7.3971300314269905,-3.0172284338804016,-6.034456867760803,0.0005318118013755687,False
0x6468c6fea8735813180e5bb96122c8a0cbc16732,65,1.0,0.3384615384615385,1274335.0,-0.09545296792973641,-0.19090593585947283,-1.5389328264099804,-3.077865652819961,-2.1103790106017364,-4.220758021203473,0.0005308890305165762,True
0x3bcae23e8c380dab4732e9a159c0456f12d866f3,119,0.5630252100840336,0.0,1264228.5,3.3699568729712315,6.739913745942463,-1.552151839761504,-3.104303679523008,4.91525584742588,9.83051169485176,0.0005266786541344509,False
0x8519eca5d17f0c92fe064981148e3158d524a857,50,1.0,0.0,1261090.011,0.0340405539753559,0.0680811079507118,0.043489054654496616,0.08697810930899323,-5.326590007978171,-10.653180015956343,0.0005253711569829977,False
0x3930c0ed9b28ae9ac4369f30d72072e500c3136a,201,0.7164179104477612,0.1527777777777778,1255745.97603,-1.0412730029978394,-2.082546005995679,0.5271561300171487,1.0543122600342973,3.8467508749006702,7.6935017498013405,0.0005231448275293847,False
0x325edd95bb016c36027ce3b9f7595af7094a9564,31,1.0,0.0,1252334.89072,-1.5570906128241044,-3.114181225648209,-1.3291174992478327,-2.6582349984956655,-2.855325139286223,-5.710650278572446,0.0005217237665264026,False
0x8b48164e552e722b682c16626fa6ba1004417d85,86,0.7674418604651163,0.25757575757575757,1251919.90816,-0.11962913811510979,-0.23925827623021959,-3.1387600150063415,-6.277520030012683,-8.962704901820375,-17.92540980364075,0.0005215508844436225,False
0x01535f0ffbf18d084366c4dc846e58bb915fdd09,2256,1.0,0.4667553191489362,1229119.11262,0.1206324556401103,0.2412649112802206,0.483670867197733,0.967341734395466,0.47216685631171335,0.9443337126234267,0.0005120520538855373,True
0x7025e89fa40e9922a4ac7d4beb7f553ccf7a8ffc,146,1.0,0.4452054794520548,1211341.6115100002,0.1660601440032421,0.3321202880064842,0.10810036773299928,0.21620073546599855,-0.5451690942723882,-1.0903381885447765,0.0005046459320029122,True
0x4b0c8ca351005a6de0068774e1ff42db0adcb370,631,0.058637083993660855,0.0,1208488.8941600001,-0.877669741327973,-1.755339482655946,-2.9710746058287674,-5.942149211657535,-4.66140151505301,-9.32280303010602,0.0005034574875606899,False
0xd58b5696aa104b54e0ea2499a76f406109e81a52,56,0.32142857142857145,0.0,1191574.125,0.3584229390681004,0.7168458781362008,1.241205363069162,2.482410726138324,-0.8628700384972786,-1.7257400769945572,0.0004964107805325033,False
0xb5cb6491c30a2e95ddc3fe601851132d5e021bfe,89,0.7865168539325843,0.04285714285714286,1115259.68058,-1.6900201756414264,-3.3800403512828527,-1.4562026579140508,-2.9124053158281016,-4.069782509660688,-8.139565019321376,0.0004646181189383817,False
0x7f3bbacb671ba15306b35f62b367a4f0d536d1c1,523,1.0,0.3040152963671128,1103400.11351,-0.13622901898399015,-0.2724580379679803,-0.32948567310849397,-0.6589713462169879,-0.3310039974968355,-0.662007994993671,0.00045967741334359023,True
0xc1914d36f97dc5557e4df26cbdab98e9c988ef37,54,1.0,0.2592592592592593,1059125.4855399998,3.752630954022073,7.505261908044146,4.178502026916044,8.357004053832089,19.102731492167052,38.205462984334105,0.0004412325661727321,False
0xfdc3a25155d0d5777a411a0681c7481b920d7cfb,109,0.5688073394495413,0.0,1056493.01324,0.026449708524212055,0.05289941704842411,-0.6347930045810897,-1.2695860091621793,-3.4195694592017016,-6.839138918403403,0.0004401358760031859,False
0x833b99b27dac651d02080f5e220e929df891db06,106,1.0,0.0,1007427.9999999999,-0.10184280207803699,-0.20368560415607398,-0.48061904000096634,-0.9612380800019327,0.2024871899639018,0.4049743799278036,0.0004196953503083987,False
0xe183ef47829ae1eb7234e478e418cd9fa0a511dd,35,1.0,0.0,1005935.9999999999,-0.1738180425686354,-0.3476360851372708,-0.5374051004796838,-1.0748102009593676,5.652706806246471,11.305413612492941,0.00041907378185620153,False
0xfb63339d682ccd7e0a12094642c200c03519520b,422,1.0,0.37914691943127965,1000168.22379,-0.10104511666018648,-0.20209023332037296,-0.10564053631725466,-0.21128107263450932,-0.20940529932562305,-0.4188105986512461,0.00041667092144636935,True
0x326bb2ea1a27f0dfb0f00dcab6ca001c2975edf9,35,0.9714285714285714,0.4117647058823529,993644.31258,-1.5500439854833241,-3.1000879709666482,-1.7911954753485515,-3.582390950697103,1.5931908978406943,3.1863817956813887,0.0004139530545609326,True
0xd5d62227bb13d285689de881e6d4e4462f637a4c,132,0.5454545454545454,0.0,992520.36,-0.5694772884517356,-1.1389545769034712,0.2297373864808738,0.4594747729617476,1.9181946333809887,3.8363892667619774,0.00041348481497280006,False
0x7c36139b64377efa8e57c4ef12c2b33f9351d014,87,0.41379310344827586,0.3611111111111111,991040.7,-0.8006450903911836,-1.6012901807823672,-1.0886387130868107,-2.1772774261736214,0.17645283743950146,0.35290567487900293,0.0004128683873749595,False
0xd74da9d828888f0b128c292b0ad5a5aca43e5e32,73,1.0,0.0,974996.4214100001,-0.5838077900463545,-1.167615580092709,-2.0130637088908383,-4.026127417781677,-1.9398674065564494,-3.879734813112899,0.0004061843274488154,False
0x71b1985b3e7cf3ca45e2571f2fa1b2d57422ac5b,102,1.0,0.36274509803921573,941445.76426,-2.262715219591931,-4.525430439183862,-0.01922161105915884,-0.03844322211831768,-1.058575182333563,-2.117150364667126,0.00039220709552192207,True
0x43a907c297b294fddc288d0563f6ba5bce42257f,124,0.46774193548387094,0.4482758620689655,925956.0892900001,-0.5134228868954502,-1.0268457737909005,-0.7972425792608447,-1.5944851585216895,-0.4688959327554164,-0.9377918655108328,0.0003857540839293345,False
0x10fa553dadf3f6ca2699be35992d881b2a75f056,167,0.2874251497005988,0.04166666666666663,917332.5498,-0.2116943639278098,-0.4233887278556196,-1.0997374570147604,-2.199474914029521,-4.539932762328033,-9.079865524656066,0.00038216151014028565,False
0xaca2d79168f9e9072c089e5f7d6eb0daefc13915,514,0.9922178988326849,0.4843137254901961,913419.58342,0.5250911459879329,1.0501822919758659,0.32380956041898473,0.6476191208379695,8.197694693158198,16.395389386316396,0.0003805313650623256,True
0x82b409e6c2e617929cf22bd7e4b08564c207abc1,578,0.9930795847750865,0.48257839721254353,884614.2564300001,1.5821396635593847,3.1642793271187695,3.064447703954539,6.128895407909078,11.22998516745564,22.45997033491128,0.0003685310416627219,True
0xdafc555a97b358bc09fccf4c0e583c1ec5838b16,189,0.1164021164021164,0.0,875519.78943,-0.08692864557307547,-0.17385729114615095,-0.012141181629566717,-0.024282363259133435,-2.5580718189486773,-5.116143637897355,0.0003647422790777697,False
0xd90647646547bacb7eb3a5af3023767fe4d9ec1c,246,1.0,0.49186991869918695,868822.44943,0.14566590740671656,0.2913318148134331,0.5707916438293266,1.1415832876586531,-0.8593918735769182,-1.7187837471538363,0.00036195216161286455,True
0x6653cbb797ec163d16b8178d2fe4e6d9210a8d0c,269,1.0,0.40892193308550184,865694.5481199999,0.19887121412301986,0.3977424282460397,0.08210011372575213,0.16420022745150425,2.57633096571693,5.15266193143386,0.00036064907530195146,True
0xe2e147a42768d53bc14bb8063e360df4cfac08cc,109,0.3853211009174312,0.3333333333333333,855546.83183,-1.1100594296015798,-2.2201188592031595,-1.0335187278063587,-2.0670374556127173,1.600757106571758,3.201514213143516,0.00035642152817882034,False
0x5efc5eaa41ebfefcc122e7600d3ac81549b6dd8d,54,0.8703703703703703,0.0,849519.46794,-0.42918339989060017,-0.8583667997812003,-1.4424834530660724,-2.884966906132145,0.6708716137666094,1.3417432275332188,0.0003539105233236349,False
0x10f1d87fbb7617df5641d1c2bcb26f143f43202f,190,0.8736842105263158,0.0,838610.1946800002,0.8277754127051702,1.6555508254103404,0.002849485069552281,0.005698970139104562,-25.886859485622352,-51.773718971244705,0.0003493657109276466,False
0x8303bed81f7e4ee293694fdbd8d43cfada9e42b4,37,0.972972972972973,0.0,835054.4086399999,-0.046279262871370616,-0.09255852574274123,0.9888872903463357,1.9777745806926714,-4.340844054758705,-8.68168810951741,0.0003478843674791028,False
0xc58a821a2b45370b3d4e726623302e1685fa8e64,57,0.08771929824561403,0.0,833000.0,1.7471032455179567,3.4942064910359134,2.5133452470167748,5.0266904940335495,3.18648757710267,6.37297515420534,0.0003470284991154665,False
0xaf08637ef9cb057ec79822d4244068404a80ef9d,267,1.0,0.3595505617977528,826951.9608199999,0.3557751182016615,0.711550236403323,0.2674632446682617,0.5349264893365234,2.560897755892063,5.121795511784126,0.0003445088809171148,True
0x98eadc9dc42156f68cbf7d007d084bbf142bc0e3,694,1.0,0.49279538904899134,816385.2715,0.5984328980061325,1.196865796012265,0.20531615656648528,0.41063231313297055,9.567308927648634,19.134617855297268,0.0003401067892780524,True
0x6dec3748f5d2d538836bedbb8d63191255cd37f6,209,0.10047846889952153,0.0,805453.13212,0.0170906281831295,0.034181256366259,0.23357191850276984,0.4671438370055397,2.9623755517424466,5.924751103484893,0.00033555245083728106,False
0x4721d4bcf69f585801362feac273e8389d1a45ec,124,0.8790322580645161,0.3761467889908257,792681.13456,-0.6243558071902219,-1.2487116143804438,-2.023019719803706,-4.046039439607412,0.22694157229487155,0.4538831445897431,0.00033023162593457615,True
0xaa53412d2249fe47c5d2790ab5728b3c564dd265,105,0.1523809523809524,0.375,772230.4841,-0.34402117253928266,-0.6880423450785653,-4.584759938462049,-9.169519876924099,-2.4272618753574173,-4.854523750714835,0.0003217118677892354,False
0x08b6ba90a7613ddc7e86e02f41d0e08c80ad41e0,172,0.46511627906976744,0.2,770281.60916,-0.3072305398635969,-0.6144610797271938,0.16175471553255796,0.3235094310651159,1.3610237147674233,2.7220474295348467,0.00032089996485359083,False
0x4e214fd93b634b89e84d802b3ab8fa0c411c8fb3,258,1.0,0.3875968992248062,754634.8948900001,0.38036356827486895,0.7607271365497379,0.20288954689159708,0.40577909378319416,1.7164195907303892,3.4328391814607784,0.0003143815305568242,True
0x01e44479c125f7715a3a1e08143c38d58a7bdb86,74,0.9054054054054054,0.10447761194029848,751657.5575700001,-0.4284047967295297,-0.8568095934590594,-1.7134325561619033,-3.4268651123238065,0.0611726181850085,0.122345236370017,0.00031314116933050954,False
0x6f0306dc529cfeb8e08502e5eb7a588def9ac88d,50,0.84,0.0,746069.46848,0.6541082942821492,1.3082165885642985,-43.68567402865719,-87.37134805731438,-5.017294055308629,-10.034588110617259,0.0003108131667256762,False
0xd071d6d6ea52f5aa34b79e47f908ee48c8215837,2659,1.0,0.46859721699887175,737643.50584,-0.09671277048371422,-0.19342554096742845,-0.580151728379987,-1.160303456759974,0.16603236622794865,0.3320647324558973,0.0003073029036181585,True
0xe4baa9cd51176265ef709a81307f9971030009e6,2670,1.0,0.46142322097378274,735878.79122,-0.06162674033429869,-0.12325348066859738,-0.4863072655289677,-0.9726145310579354,0.029205386909700294,0.05841077381940059,0.0003065677220263869,True
0xc3d96c4b0133536125cbf2a1ec358fd2496662f4,61,0.7377049180327869,0.26666666666666666,733676.1,-1.4205291164685108,-2.8410582329370215,-2.4438885824098877,-4.887777164819775,0.028230114037787028,0.056460228075574055,0.00030565007901547285,False
0xb2b1d1a7a034d9209a627e754ebb8d24988ca23a,256,0.99609375,0.4509803921568627,732968.42013,0.01079495138057881,0.02158990276115762,-0.04446755801602501,-0.08893511603205002,1.9506473035400527,3.9012946070801053,0.00030535525898769337,True
0x816b024f623cbe8319f809e9e58e48b55e196302,161,0.37267080745341613,0.4166666666666667,725726.49282,-0.75237048890451,-1.50474097780902,-1.4332169421819931,-2.8664338843639863,0.629857905043142,1.259715810086284,0.00030233826599238413,False
0xe02e420ec55b4e03924d77c7b342c012541ba2d3,117,1.0,0.0,712744.6875,-2.1080855618151677,-4.216171123630335,-19.12818458936913,-38.25636917873826,-22.902177245950128,-45.804354491900256,0.00029693003500077695,False
0xe4bf4497ffefe67e7415ef6cab1a689f570b2d10,86,0.2441860465116279,0.4285714285714286,705191.7525299999,-0.6862438232239276,-1.3724876464478553,-1.6316138944970535,-3.263227788994107,-4.046109259591664,-8.092218519183328,0.00029378347595329093,False
0x2ac4641985412e7436d57585faad13d04717746e,72,0.9305555555555556,0.34328358208955223,691147.5443299998,-0.8205738903963479,-1.6411477807926957,-1.0194459594877907,-2.0388919189755814,-0.23405665439297327,-0.46811330878594654,0.0002879326470302283,True
0xf4b03f6bf1c7d529194410dc3d0775a1d7bff09b,32,1.0,0.25,686809.02823,-3.8535662331071627,-7.7071324662143255,-5.415919544973843,-10.831839089947685,-11.883934603006768,-23.767869206013536,0.00028612521758176345,False
0x788e72ac24344ce7b7725421f468a043866d6ccd,41,0.7317073170731707,0.1,682085.9999999999,-0.4804668200886424,-0.9609336401772848,-0.3207198610137406,-0.6414397220274812,-1.3696975422647468,-2.7393950845294937,0.0002841576000572293,False
0xd5e2d6768e3d008be577460bec8e962a7cf0714d,364,1.0,0.3571428571428571,679836.55978,-0.15167387538664098,-0.30334775077328197,-0.20354927444648752,-0.40709854889297503,-0.07445197309678739,-0.14890394619357478,0.0002832204813736801,True
0xca4903c207a0df58bf37d4bc8bbc5210726f53c8,1777,1.0,0.0,677736.55105,-0.48105677242020356,-0.9621135448404071,-0.7218359868107377,-1.4436719736214754,-0.056447095498024465,-0.11289419099604893,0.0002823456159742788,False
0x4a84f5a6e336b4f90c417c981d88c04fbeefa262,283,0.0812720848056537,0.0,668800.0,-4.194066977575367,-8.388133955150733,5.086634850312453,10.173269700624907,23.461192656379104,46.92238531275821,0.00027862264130663146,False
0x9aaeadf3286fc2e25752396769b0adaafae2b161,49,1.0,0.24489795918367352,662047.581,-1.199594823614837,-2.399189647229674,-1.8129701362671615,-3.625940272534323,1.4723444468724987,2.9446888937449973,0.0002758095778840999,False
0x3d380a67f690cb64a147ef084ad76fbed139dd33,50,0.98,0.1428571428571429,643515.0,-1.0638076973027384,-2.1276153946054768,-5.480358771108229,-10.960717542216457,-7.8863608215625085,-15.772721643125017,0.0002680888890855815,False
0x1700acdd94010de35087b45b601d0e1b90c2697f,1109,0.369702434625789,0.051219512195122,638130.18952,-0.515931469491687,-1.031862938983374,-1.1433057049237376,-2.2866114098474752,-1.3020583785748117,-2.6041167571496233,0.00026584557252028065,False
0x1b1996300dc7d3fabc039a55963fc886c3d3c9df,64,0.546875,0.02857142857142857,631165.0,-0.24455834114584585,-0.4891166822916917,-1.443142281299453,-2.886284562598906,-2.631110798355891,-5.262221596711782,0.0002629438687205443,False
0xe2597d4cbf8c4686312fd9c7a04fc233cead57c4,281,0.8327402135231317,0.0,628648.6798899999,-0.8134650461669846,-1.6269300923339691,-0.9443095871602318,-1.8886191743204637,-2.4918934137675617,-4.983786827535123,0.00026189556765083557,False
0x4e6b51c5f3e4b74c866e78983d335e9d7339b7d4,37,1.0,0.0,625455.6955200001,-0.09768687254500677,-0.19537374509001354,-0.5633276316762059,-1.1266552633524118,-6.860874681744309,-13.721749363488618,0.000260565367682504,False
0x6a7e20404b030dc5cb8c969e5353a497cd194c48,169,0.5207100591715976,0.0,625044.85208,-0.8553547314589909,-1.7107094629179818,-0.6333120384936624,-1.2666240769873247,0.7283664793211042,1.4567329586422084,0.0002603942099605896,False
0xdd53c5297309130ab5fe5623dc905752e3342b13,138,1.0,0.0,624616.64134,-1.339453646176485,-2.67890729235297,-2.15425163498627,-4.30850326997254,-1.9953814904374427,-3.9907629808748855,0.00026021581700691937,False
0xa57d362eb5a3c0669b149a0eb6f96b4eefb85746,318,1.0,0.37735849056603776,622066.9157199999,-0.2657851125166896,-0.5315702250333793,-0.16693155784680094,-0.3338631156936019,-0.12540990252159653,-0.25081980504319307,0.00025915359917370824,True
0x51f63885534cb494f4592a0311551f369bff2b39,167,1.0,0.0,618091.34137,-0.22744759552382357,-0.45489519104764714,-0.5012308656194695,-1.002461731238939,-0.21615049051862797,-0.43230098103725595,0.00025749737156290103,False
0x5b5a389ab71161bf008169484315d9ad1e7315e0,297,1.0,0.3804713804713805,615097.1972099999,-0.05332539818649095,-0.1066507963729819,-0.6239989762805256,-1.2479979525610512,-0.6348931078822366,-1.2697862157644733,0.0002562500085929368,True
0x099dae759f35d3a4d83fa805971377bfc8aaed66,62,0.16129032258064516,0.0,600121.27152,-0.1199385914411821,-0.2398771828823642,3.226348109767799,6.452696219535598,-1.079447322970639,-2.158894645941278,0.00025001102538157376,False
0xc926ddba8b7617dbc65712f20cf8e1b58b8598d3,135,0.8074074074074075,0.3669724770642202,597100.1126899997,-1.4743492995808096,-2.9486985991616192,-6.90595174586832,-13.81190349173664,2.2667784813316465,4.533556962663293,0.0002487524080774148,True
0xe330ac756dabf22466317a01f5d1e9baa00e77a1,35,1.0,0.0,585072.13893,-0.39499471998950697,-0.7899894399790139,-3.480646386898944,-6.961292773797888,-12.64587364067853,-25.29174728135706,0.00024374154411423,False
0xe2928de21308d23f2af823f1d310a85aa6169023,78,1.0,0.3717948717948718,574561.27875,-0.45381434325801845,-0.9076286865160369,-0.5625501952671996,-1.1251003905343993,-1.1736950385935876,-2.347390077187175,0.00023936271094174752,True
0x8455193b0490ad091819000b01cd9bb833ac974b,54,0.6296296296296297,0.0,567304.26336,-0.55111060384564,-1.10222120769128,-2.2891694505461726,-4.578338901092345,2.7377150341491405,5.475430068298281,0.0002363394322396472,False
0xcc82d94a2b14e5f44e8fd4adaea67ba46d481bc6,162,1.0,0.4876543209876543,558614.46279,-0.34959935159905586,-0.6991987031981117,-0.2141895932040184,-0.4283791864080368,-0.9686307220886603,-1.9372614441773206,0.0002327192540290592,True
0x3099996c5ec729e61b538c3ca294f15fd8249027,87,0.26436781609195403,0.0,556501.57477,-1.46167578030844,-2.92335156061688,-2.0077167778674228,-4.0154335557348455,0.6042973589297087,1.2085947178594174,0.00023183902310663462,False
0x4b1c09fa8322548360a76a3747e32a60a864bc38,250,1.0,0.0,542839.65674,-0.3201686312725174,-0.6403372625450348,-0.7684326974244267,-1.5368653948488533,-0.7873389250437458,-1.5746778500874916,0.00022614745658924035,False
0x1fdd31506efd5b21f3d9dc5be61f1bf62876db91,55,0.45454545454545453,0.0,542308.1074999999,-0.6632435763622958,-1.3264871527245916,-5.160102594494471,-10.320205188988941,2.584210942027752,5.168421884055504,0.00022592601272974073,False
0xc5329be87ddadb4e5c8ef0bf01e9f1d43e041412,38,1.0,0.10526315789473684,538070.24,-2.1301195384663107,-4.2602390769326215,-13.81644682990112,-27.63289365980224,-13.209099435208197,-26.418198870416393,0.0002241605135725076,False
0xa38f19c4ccbcfd64cff676d72c436f7e6239dccf,151,0.9403973509933775,0.4295774647887324,527691.9411300002,-0.34852360714843333,-0.6970472142968667,-0.3171441471669041,-0.6342882943338082,4.958030331603463,9.916060663206926,0.00021983690555302647,True
0x04744bc1693b3078c952b0297f12b69aa47b4022,81,0.16049382716049382,0.0,526271.54366,1.5465327924434031,3.0930655848868063,-4.16374213350147,-8.32748426700294,-8.803340510831676,-17.606681021663352,0.00021924516677492134,False
0xa0d829e1ddd3fa20d9c31fa97dcb925bb7bf57d9,145,0.7172413793103448,0.3846153846153846,523976.46088,-0.013726731605492008,-0.027453463210984016,-0.19279662946629486,-0.3855932589325897,0.30507368605799123,0.6101473721159825,0.00021828903336256944,True
0xc6e17525c730e379758ebd423c84ab794cc1b56a,369,1.0,0.39566395663956644,521351.9085,-0.13127492441455296,-0.2625498488291059,0.008505434973744133,0.017010869947488266,-1.9850777686740861,-3.9701555373481723,0.00021719564263834217,True
0x8a9db98ef7782695cc208e0c20e8dfca351b7e0e,42,0.9761904761904762,0.36585365853658536,519267.67449,0.5773700951609527,1.1547401903219054,2.0238353153316666,4.047670630663333,-0.45817827092255525,-0.9163565418451105,0.00021632734900053219,True
0xbf342cf5d1e4a4bb91b171c15e3cdbe82da3fcff,226,0.995575221238938,0.40888888888888886,515077.8185,-0.9957182067508645,-1.991436413501729,-0.6555772853970492,-1.3111545707940984,4.567587431778922,9.135174863557843,0.00021458185147865986,True
0xb5f875637efbd6d29e5070596f0acbbd1a9f2c69,418,0.8373205741626795,0.4771428571428571,513470.55564000004,0.007219759587080087,0.014439519174160174,0.20510944575232515,0.4102188915046503,0.23853823398140342,0.47707646796280684,0.0002139122644222495,True
0xdc6448f803903f3178a604decb388f7959913553,186,0.8870967741935484,0.0,507018.00000000006,0.055224863811541194,0.11044972762308239,-18.23424594213797,-36.46849188427594,-21.97806138494635,-43.9561227698927,0.00021122412432716159,False
0x151e49cfca357b842a15bb7f7cd25810e1849522,54,0.5925925925925926,0.25,496868.95901,-0.5719500102053856,-1.1439000204107712,-1.2893363369227364,-2.578672673845473,1.7216512086086964,3.4433024172173927,0.0002069960253328986,False
0x7a6d5fc57f6906f337c48fe2763c3a501304f79c,35,1.0,0.0,493760.80723000003,-2.3181030653259516,-4.636206130651903,-11.787624525133392,-23.575249050266784,16.9791516705698,33.9583033411396,0.0002057011666927588,False
0x378871ce6b920920a65c48e20f8d42bae7bf1ce5,88,0.3181818181818182,0.17857142857142858,492771.24,-0.8943769554813805,-1.788753910962761,-1.7578657742358708,-3.5157315484717415,3.35059688487762,6.70119376975524,0.00020528891215422247,False
0x9664ec4af741d0a2ec0a80237398403e6f5b9a70,150,0.5066666666666667,0.4342105263157895,489711.37502000004,-0.08161563295403702,-0.16323126590807405,-1.0535113108644691,-2.1070226217289383,-0.6617123423800834,-1.3234246847601667,0.00020401416983548856,False
0x1988a5356c1af25e65a5eb986f4aec3471eb9686,429,0.8578088578088578,0.4809782608695652,479964.31879,-1.14238222552413,-2.28476445104826,-0.936584084711343,-1.873168169422686,-1.111427190000144,-2.222854380000288,0.00019995353802961704,True
0x2ebc65f045676eba650002b4e34874b1a3bd6dee,126,0.1111111111111111,0.0,476306.61413000006,-4.293731750706234,-8.587463501412469,-15.822282893501756,-31.64456578700351,2.0953106949913054,4.190621389982611,0.00019842973519844365,False
0x32eab625a5df3eda7ef2bec31f7de066d9b054c4,74,0.5675675675675675,0.2619047619047619,462100.0,-0.22888086555845194,-0.4577617311169039,-0.46145469464426303,-0.9229093892885261,-2.1618219590474532,-4.3236439180949064,0.00019251124782863993,False
0x6a9e7566877b52b13b28230b5543cbccf3685870,472,1.0,0.4766949152542373,459788.4667,-0.1397893215392067,-0.2795786430784134,-0.3602389396541509,-0.7204778793083018,-0.29584531891610455,-0.5916906378322091,0.0001915482611158495,True
0x35253444b02b147e258ffc8ce81e2b4df3336f34,118,0.3898305084745763,0.0,458999.79443,5.56492536432247,11.12985072864494,7.119124134333097,14.238248268666194,18.839405239088673,37.67881047817735,0.00019121969958625518,False
0xb43b33c7bda44f86fb615d7620388bd973fa2859,96,0.46875,0.37777777777777777,456373.47014999995,-0.34818969208505063,-0.6963793841701013,-1.0484452106659932,-2.0968904213319863,-0.20300560008982058,-0.40601120017964115,0.00019012557068700075,False
0x24a13a13740f91091df09a194cdb3b11c1b41751,144,0.6875,0.0,441276.0298,-0.3599688466352035,-0.719937693270407,-1.0577477029551567,-2.1154954059103135,-2.256204043510442,-4.512408087020884,0.00018383596436629757,False
0xae6446c95cc4e455e9cf56f28757ab728d88e81e,31,1.0,0.3548387096774194,435371.57109,-1.2074943764905726,-2.414988752981145,-2.60419675947114,-5.20839351894228,-0.4206917840472961,-0.8413835680945922,0.00018137616191225129,True
0xc8a7d10dc6b4a59561ce307cf5de890a36c8bf65,31,1.0,0.06451612903225812,428553.53294999996,-0.3765889104582306,-0.7531778209164612,-0.7222096558631238,-1.4444193117262476,0.030424017908619854,0.06084803581723971,0.00017853576150092328,False
0xe6c19bf22a538ca5504c730460062360caf1b7a4,293,1.0,0.40614334470989766,422347.8680400001,-0.1516113317838614,-0.3032226635677228,-0.04161229989599634,-0.08322459979199268,-1.6718627849598076,-3.343725569919615,0.00017595047629116246,True
0x020ca66c30bec2c4fe3861a94e4db4a498a35872,4972,0.004223652453740949,0.0,417858.0,-2.9169173381756686,-5.833834676351337,-3.561759895436648,-7.123519790873296,-2.03497423254324,-4.06994846508648,0.0001740799934974677,False
0x24e370916722584204322fad3c179a7fbde6684b,46,0.34782608695652173,0.3125,416220.0,-0.23305370849975637,-0.46610741699951275,-2.2933215559688156,-4.586643111937631,-2.9060206790411085,-5.812041358082217,0.00017339760132273644,False
0x4b14ddf0cd8380551fac4439e1ed0de9f1b7842e,43,0.7674418604651163,0.4242424242424242,412749.71725,-1.0176087607940363,-2.0352175215880726,-1.6928879385751456,-3.3857758771502913,-1.4469673444364983,-2.8939346888729967,0.00017195187861656743,True
0x25c15aa63832bf86542647511347a9753f852722,85,0.35294117647058826,0.0,409616.914,-3.6714399363564043,-7.342879872712809,-4.240254574383453,-8.480509148766906,-3.8265712012728725,-7.653142402545745,0.00017064675015333625,False
0x330e4c08a52ced70a718be6ed8841f1f53863ac1,361,0.9916897506925207,0.45810055865921784,409261.00630999997,1.2319393677918458,2.4638787355836915,0.9774108657242596,1.9548217314485192,3.6285259593077397,7.257051918615479,0.00017049847871097808,True
0x6b25245f600e2e9ef91d4aaf851f4f6677721b2d,100,0.97,0.0,406967.87807999994,-0.916149837663955,-1.83229967532791,-4.809811066465732,-9.619622132931465,-5.653169637449354,-11.306339274898708,0.00016954315956579656,False
0xeea598eee004a30ce8230740be0c963592b8b758,226,0.9336283185840708,0.1895734597156398,403338.15375,2.0801767465380028,4.1603534930760055,0.7425140577354922,1.4850281154709843,6.4246357171534445,12.849271434306889,0.00016803101336358435,False
0xa399f378380dddb1fbb72e935b0111d7a4d16a52,30,0.5,0.13333333333333333,393909.52563000005,-0.47123352832213,-0.94246705664426,-0.6318708735288259,-1.2637417470576517,-0.36924379830790727,-0.7384875966158145,0.00016410303897558738,False
0xafccb21e51b27b09272a0bf4d204623e706cdb39,40,0.575,0.0,391837.62518000003,-3.7928740987703278,-7.5857481975406555,0.14136343414416006,0.2827268682883201,0.5836286382721648,1.1672572765443296,0.00016323988350922466,False
0xcc5b1fef95f632c4a25f95ad88bfe12f928d04cb,67,0.8656716417910447,0.43103448275862066,382784.07123,-0.5417627172278653,-1.0835254344557306,0.9483080083364471,1.8966160166728943,0.9040823129006622,1.8081646258013244,0.00015946816533523976,True
0x213f6841fd201f470c9f047765b38b0aa5dba7cc,306,0.12745098039215685,0.0,380458.00580000004,-0.8403279654047082,-1.6806559308094164,-1.1593295532198995,-2.318659106439799,1.7442056697140322,3.4884113394280645,0.00015849912452489491,False
0x0224ac5c71b0c5989091d093e69ae604b013f7f4,764,1.0,0.4973821989528796,378707.79833,-0.6736157791219904,-1.3472315582439809,-1.036792191478177,-2.073584382956354,-0.684028938739959,-1.368057877479918,0.0001577699866239888,True
0xb72591e6dffc4432f5d475a53511f8a83c4eb75f,207,0.9420289855072463,0.1282051282051282,378670.63278000004,2.07784523109484,4.15569046218968,-0.039277504738737506,-0.07855500947747501,6.228806827353161,12.457613654706321,0.00015775450342466672,False
0x5f1055597a652a50c67e62bcf2912dc621bfd49d,151,0.26490066225165565,0.0,378141.28267,-0.5209603830785525,-1.041920766157105,-1.2753579538475879,-2.5507159076951758,0.24351217391530958,0.48702434783061915,0.00015753397572457076,False
0xb7bd9cef0e2826d783f2704d578efbaf705c2f3a,113,0.831858407079646,0.46808510638297873,372565.99875999993,-0.4138634472473304,-0.8277268944946607,-0.9663044281875238,-1.9326088563750476,-2.763127224697232,-5.526254449394464,0.00015521130776847243,True
0xeb4401d6e4db9bc6d5dbdc08ccb7fab33cc64d77,83,0.0963855421686747,0.125,371818.4746000001,-0.9717853834307681,-1.9435707668615363,-0.042933627564923804,-0.08586725512984761,-2.0651162357446413,-4.130232471489283,0.00015489988857603869,False
0x89d280cd0f16e9088a5c3bdad1e15847d7012515,69,1.0,0.33333333333333337,368111.52472000004,-0.3938623368625156,-0.7877246737250312,-0.9807536036556924,-1.9615072073113848,-1.452708151687623,-2.905416303375246,0.00015335557014488303,True
0xaa0b3cf68e7f5ed6a2214c14b0fc089df069cc54,65,1.0,0.0,364432.94976000005,-0.08403299939350097,-0.16806599878700193,-0.34161241057792785,-0.6832248211558557,-1.9327589860505223,-3.8655179721010446,0.0001518230727292137,False
0x599d75c7e9dc0d8e9006d60a54c3ddcb12e62d09,70,0.24285714285714285,0.0,360078.49199999997,-5.022496596185854,-10.044993192371708,-18.882301805895157,-37.764603611790314,1.6935068341717958,3.3870136683435916,0.00015000900197181333,False
0xd29d1e33e9bb28de077e9c7333c39dff5f4c0357,152,0.4342105263157895,0.09090909090909094,350451.85092,-0.2555938690869339,-0.5111877381738678,-0.4212243217272404,-0.8424486434544808,-0.570629559070551,-1.141259118141102,0.00014599853521849316,False
0x777d062defa9a95fb0066b4b3f410d170b110111,72,0.6527777777777778,0.0,349066.8,-0.5427829453027119,-1.0855658906054237,-2.1478599138582966,-4.295719827716593,5.107934313524865,10.21586862704973,0.00014542152184278357,False
0x438b3bbc83b44c483f6c6c8d2d5664453791dce9,84,0.30952380952380953,0.38461538461538464,348770.07977,2.366948515472941,4.733897030945882,-0.4840044179039658,-0.9680088358079316,9.554430455338377,19.108860910676754,0.00014529790794593593,False
0x936f646d1ebddd25cd5256eeb686fe380ff9efec,62,0.08064516129032258,0.0,347744.76,2.1137254901960785,4.227450980392157,-0.3997198879551817,-0.7994397759103634,-2.060504201680672,-4.121008403361344,0.00014487075886922943,False
0xb71ae0e322046e912d2eb3cd0c668428916ce1d0,97,0.6701030927835051,0.3230769230769231,343050.18499999994,-0.7355132702234092,-1.4710265404468184,-0.8573997293839528,-1.7147994587679056,-2.204435331763527,-4.408870663527054,0.00014291499498419338,False
0xd5cdced12319e63668d5fbd6e9f14fbae195edf3,77,0.987012987012987,0.0,342574.20000000007,-0.6836425528278092,-1.3672851056556183,-3.508201332637867,-7.016402665275734,-6.416305913590116,-12.832611827180232,0.00014271669923371147,False
0xaca2dda8eb0469f16b9624d65e5ddabd58989177,56,0.9464285714285714,0.05660377358490566,342170.84321,-0.0038119466968396624,-0.007623893393679325,5.518774306900983,11.037548613801967,-7.565285174447268,-15.130570348894535,0.00014254866045647048,False
0xdaa013055a08ded8c007228a873b7993069a4a04,77,0.12987012987012986,0.0,339931.501,2.4322773335126415,4.864554667025283,1.5015616698160903,3.0031233396321806,7.445825122133691,14.891650244267382,0.00014161574861236217,False
0xe8d6fede9b59cb4b3ce9627973b0f3bbdfbad306,56,0.375,0.0,338120.0,-0.914551904579477,-1.829103809158954,-1.774790820077495,-3.54958164015499,-2.764756018039815,-5.52951203607963,0.000140861075775416,False
0x5eba2457097b31eaab734b2592bdfe3d5d21a960,51,0.2549019607843137,0.3076923076923077,337630.342,-0.3518669754221079,-0.7037339508442157,2.445670182446325,4.89134036489265,6.915944359909725,13.83188871981945,0.00014065708384165864,False
0x33e17f809abbe66ff6a8fdaf291dafd9307f1ac3,35,0.6,0.0,336664.0,-0.33361040895485866,-0.6672208179097173,-0.6387972960345103,-1.2775945920690206,-1.829637533571103,-3.659275067142206,0.00014025450495343267,False
0xca4336bba924332e7f1a08db0cd91d456d5cd918,40,1.0,0.17500000000000004,335847.0,-0.449710952878213,-0.899421905756426,0.0376492085339579,0.0752984170679158,-1.9684792421852884,-3.9369584843705767,0.00013991414206774558,False
0x49b48cbcf7599648dd6ec308e4fe72ab4d79c355,198,0.045454545454545456,0.2222222222222222,328928.44101,-1.6043045393773339,-3.2086090787546677,-1.350719084421232,-2.701438168842464,-2.3123391433388245,-4.624678286677649,0.00013703186458594304,False
0x0ce2bf73f13e72483ee998ed8c0479e86246123f,45,0.5777777777777777,0.0,323469.635,-2.5854977083088495,-5.170995416617699,-4.11329180867317,-8.22658361734634,-3.7607239393583267,-7.521447878716653,0.0001347577214207416,False
0x3cc873523becfbb6d2303233f1096398a1e09b23,586,0.04607508532423208,0.0,318083.18958,-0.6247468052511637,-1.2494936105023273,-2.1695133365636874,-4.339026673127375,-5.47332667384793,-10.94665334769586,0.00013251372373806458,False
0xc4fd270b797c3d199521f5c36a94332373fc78d0,58,0.5862068965517241,0.23529411764705882,313941.89923000004,-0.1951799639752347,-0.3903599279504694,-2.5205057032396203,-5.041011406479241,-1.2355751507562782,-2.4711503015125564,0.00013078845870257615,False
0x2df22837da3f4fb34efb8c385af2d20501682431,597,1.0,0.4857621440536013,310370.37197,-0.14245964210283046,-0.2849192842056609,-0.3801829498676672,-0.7603658997353344,-0.1327579926713367,-0.2655159853426734,0.0001293005574485692,True
0x6c00ba1a0840b99dfb4f6d1bc7a68cd462a21261,60,0.9833333333333333,0.4745762711864407,309694.0196,-0.29402208054774304,-0.5880441610954861,0.6762653223169052,1.3525306446338103,3.3952880525328135,6.790576105065627,0.00012901878848358206,True
0xc2551b8d544e43a1dbb5822a18d740b228b8b368,30,0.7333333333333333,0.0,303329.32849999995,-0.7552952766679436,-1.5105905533358872,-10.606972798423731,-21.213945596847463,-24.202287778446717,-48.404575556893434,0.00012636725282960058,False
0x9c80801cdbd3280dfca2dc787aadfba8d2d6cb8f,33,1.0,0.42424242424242425,302142.20772,-1.140928932835746,-2.281857865671492,-4.196838354739641,-8.393676709479282,-0.8907862645327697,-1.7815725290655393,0.00012587269731633268,True
0x460952f4fce6ea78f070b0fa9bf799484382c082,34,1.0,0.5,296896.58378,-0.5332354987187228,-1.0664709974374456,-2.456412375448121,-4.912824750896242,-3.0536417914302265,-6.107283582860453,0.00012368736598041146,True
0x2b65629ece148099d3020fa641af7023e2da64e8,318,1.0,0.4968553459119497,296742.03,0.38220607364624687,0.7644121472924937,-0.6152265317367218,-1.2304530634734436,-0.2776097889554314,-0.5552195779108628,0.00012362297874595046,True
0x9b30303788deb629efd67f7c1f0dbf15e9a67c01,39,0.5128205128205128,0.45,284223.99379,-0.8009102059543773,-1.6018204119087547,-2.0657468556432677,-4.131493711286535,-4.161524790722476,-8.323049581444952,0.00011840795435479875,False
0xbba9651d001014cb81628a91f824feb32e4a91e5,140,0.5571428571428572,0.47435897435897434,280332.43523000006,0.08385682271856389,0.16771364543712777,0.7255335300832587,1.4510670601665174,-6.713449384387059,-13.426898768774118,0.00011678672779261781,False
0x702d1b700c443423d6f62182f6f7fb9ca4b2bf47,53,0.37735849056603776,0.0,280000.13241,2.8727319134197717,5.7454638268395435,4.570903035048238,9.141806070096475,13.942556697301203,27.885113394602406,0.00011664829015891259,False
0xd6608f4027ee90db6dc45d0b4b8e2fb0a49c1f61,818,0.9987775061124694,0.4908200734394125,279731.12052,-0.15433817427081803,-0.30867634854163606,-0.514265957128922,-1.028531914257844,-0.42810818666219885,-0.8562163733243977,0.00011653621957976383,True
0xa2c50d86f82ac73c1fc32c78b127537a508ee117,67,0.22388059701492538,0.0,279259.35976,-0.9468919822116231,-1.8937839644232461,-1.2360915393617566,-2.4721830787235133,0.25366533648948386,0.5073306729789677,0.00011633968365121117,False
0x6d910bea79aaf318e7170c6fb8318d9c466b2164,228,0.06140350877192982,0.0,277600.0,-0.3012451466059714,-0.6024902932119428,-2.5437597697555594,-5.087519539511119,-0.4020832430766498,-0.8041664861532996,0.0001156483929825372,False
0x440888714a6afed60ff44e9975a96e6a36f7fac4,249,0.963855421686747,0.4791666666666667,273094.0,0.18248441666008303,0.36496883332016605,-0.7327638169404807,-1.4655276338809613,2.049874857780838,4.099749715561676,0.00011377118960076736,True
0x3e95e94c6a5c0cf45bc69c9d89c18ef569ee0bde,82,0.8170731707317073,0.28358208955223885,265203.05778,-0.7681732231156524,-1.5363464462313048,-0.9528128547044266,-1.9056257094088531,-4.260597427720027,-8.521194855440054,0.00011048381644925058,False
0x2594e08791eb5db6b102cb4a0742cb5c40cef3f4,1214,0.039538714991762765,0.16666666666666666,257839.14928,-0.6880230894922631,-1.3760461789845262,-1.2281216971777826,-2.4562433943555653,-2.1028306522087665,-4.205661304417533,0.00010741600598781166,False
0xc1507d280c42fc5d0fb31ac448786675806d3499,42,0.3333333333333333,0.07142857142857142,255996.92237,-0.756562228878469,-1.513124457756938,-2.4083740833436598,-4.8167481666873195,-0.0908000745163283,-0.1816001490326566,0.00010664853271097201,False
0x478c60bf14186d073e979a1a7bf6ee141ded86ff,57,0.2982456140350877,0.11764705882352944,253688.03888,-0.06294054071236581,-0.12588108142473162,-1.572427430570364,-3.144854861140728,-1.2261862168813782,-2.4523724337627564,0.00010568664991125152,False
0x114dc2c90b61ef68b6ccb45d8e9902609cb08f9d,247,0.7044534412955465,0.0,252762.0,-0.022503751875153494,-0.04500750375030699,-0.9646800988849826,-1.9293601977699653,1.730284823315219,3.460569646630438,0.0001053008613366429,False
0x3e470a0bf8460c3a8320327cf5db7deed3a3aaf6,42,0.2857142857142857,0.0,252133.16997,-2.8470764084131104,-5.694152816826221,-2.8470764084131104,-5.694152816826221,-5.694152816826221,-11.388305633652442,0.00010503889021838404,False
0x33ae939d7732f05281eca6ffaf18f134dc7250c9,30,0.6666666666666666,0.0,251749.99999999997,-2.849077421951572,-5.698154843903144,-23.12937162143559,-46.25874324287118,-9.847526562889852,-19.695053125779705,0.00010487926128729734,False
0x27920c50b55639c899f0baf4e12a782cfa6ac280,40,0.4,0.3125,251457.00000000003,1.163377339214069,2.326754678428138,8.83630042609279,17.67260085218558,-7.850588428248282,-15.701176856496565,0.00010475719724139,False
0x739ccf4aa388ddade09316f7aee5ed0ec7ae5739,89,0.10112359550561797,0.0,251139.0,-0.09291003521290334,-0.18582007042580667,-0.3981858651981572,-0.7963717303963144,-0.11945575955944718,-0.23891151911889436,0.00010462471817450076,False
0x438450a5d6d25d2bc54819a5d727d50157ace83b,48,0.6041666666666666,0.13793103448275862,250351.0,-0.2535557645464625,-0.507111529092925,1.2322723814898942,2.4645447629797883,-4.08044832209328,-8.16089664418656,0.00010429643671315264,False
0x4e614a1dc65a06d55203e55ac33b295a068d4684,708,1.0,0.4957627118644068,250129.44643,-0.2101678349754016,-0.4203356699508032,-0.46019549101989793,-0.9203909820397959,-0.1294011325591029,-0.2588022651182058,0.00010420413730994643,True
0x094f86cd831acbf0e97dceeaee51a5471a2d32d3,34,1.0,0.0,249999.696,1.6908212560386475,3.381642512077295,-6.280193236714975,-12.56038647342995,16.666666666666664,33.33333333333333,0.00010415008317191223,False
0xb46ae034d8ee4e9b40c42c0f5ecc99b0054fbe2d,55,0.8363636363636363,0.4782608695652174,249997.04013999997,-0.06909329369474376,-0.13818658738948753,8.150905282936822,16.301810565873645,16.784462666616278,33.568925333232556,0.00010414897673840723,True
0xe310d4675f2875d7e752841d7642db4fd4d4516c,95,0.8947368421052632,0.18823529411764706,249294.37517999997,-0.7074354175196257,-1.4148708350392514,-0.23072159796878877,-0.46144319593757754,-2.303368737741999,-4.606737475483998,0.00010385624592634261,False
0x6da3738e1fc7325765facb5eae488e2e16b10512,33,1.0,0.0,248250.0,-0.3515517714913486,-0.7031035429826972,0.010985992859104643,0.021971985718209287,25.74750526412158,51.49501052824316,0.0001034211583498374,False
0x3b5c5e8026892e1b9df5d7b9de32c5bf2abaf343,251,0.043824701195219126,0.18181818181818177,246453.83109999995,-0.27159045322839026,-0.5431809064567805,-0.18691947914318915,-0.3738389582863783,-0.5568977449588806,-1.1137954899177611,0.00010267287287861904,False
0x7a6937ff3655cda000778c0f0e9cf7c2c60e0934,42,0.16666666666666666,0.0,245449.22283,-1.275489207481593,-2.550978414963186,-4.082992933564133,-8.165985867128265,0.02203377045544208,0.04406754091088416,0.00010225435223019519,False
0x5ba8101ccd9d27558c773422787159d362fc35f9,36,0.6666666666666666,0.0,243220.2624,-0.8381226053639846,-1.6762452107279693,-1.0775862068965516,-2.155172413793103,-1.3170498084291187,-2.6340996168582373,0.00010132576544434805,False
0x192a09729d522f52dd53a7acc20f7d1a88981f5b,56,0.8214285714285714,0.0,242657.1,5.023045282008714,10.046090564017428,3.709758628942029,7.419517257884058,13.197948354248126,26.395896708496252,0.00010109115151586034,False
0x2ed0c557a2cdfe3f69768fc6ec037fb77c13093c,103,1.0,0.0970873786407767,242430.22140999997,-0.47917327637920454,-0.9583465527584091,-0.98043446010816,-1.96086892021632,-1.481311107677222,-2.962622215354444,0.00010099663370485296,False
0x9089dcb169aa818368260dd1df6ce917aa0f4e8e,477,1.0,0.46540880503144655,241450.27257,-0.6951641699772415,-1.390328339954483,-1.5635397025028448,-3.1270794050056896,-0.5252667939919707,-1.0505335879839415,0.00010058838619566313,True
0x49ba9baa20d355ba042af2be9772d2b2cd892f44,395,0.6835443037974683,0.48888888888888893,233195.71287,-0.06688361317649685,-0.1337672263529937,-0.08627934276316893,-0.17255868552633785,0.3739290569534617,0.7478581139069234,9.714952969680356e-05,False
0xf9faba57a81d1575d3e506dd3eafe7db6f2a3275,32,0.34375,0.0,226306.92750000002,-1.8973548078740643,-3.7947096157481286,-6.471044302046409,-12.942088604092818,-2.194370885691061,-4.388741771382122,9.427965593008127e-05,False
0x0022a762d01a0344a89e64694d4b28657bc3157b,90,0.7333333333333333,0.48484848484848486,226288.57906,-0.8619682474275692,-1.7239364948551383,-1.2246302544998997,-2.4492605089997994,-2.2945725862056574,-4.589145172411315,9.427201195457788e-05,True
0xcadab1dd7ec4bcbddeab3493ca89ffbe894bdbf3,85,0.6235294117647059,0.0,225261.07011,-0.3155424391815357,-0.6310848783630714,-2.1382589339694733,-4.276517867938947,-4.350379732828108,-8.700759465656215,9.384395086364606e-05,False
0x4524160baa2e4377b6f3b574747a5accd083a3b0,46,0.30434782608695654,0.0,224516.70857000002,-4.181650915781551,-8.363301831563103,-17.32398236538071,-34.64796473076142,-8.004874610210395,-16.00974922042079,9.353384922135859e-05,False
0x5f6eb0dceaae65eca27c926bdccb0a7fb13bc25e,135,0.18518518518518517,0.0,219867.64101000002,-0.4916364629428369,-0.9832729258856738,-0.07314047819830335,-0.1462809563966067,-0.6497931574182891,-1.2995863148365783,9.15970437740198e-05,False
0x14f8e042905350cee7ae0cec27f092f10dd912bb,47,1.0,0.3404255319148936,218965.77299000003,-2.0710990082919887,-4.142198016583977,-6.021189386768813,-12.042378773537626,-13.885507144148818,-27.771014288297636,9.122132479997319e-05,True
0x7225a33aff56591393b77d411bce2b4664d4c723,54,1.0,0.37037037037037035,218140.48018,-0.31595405914490504,-0.6319081182898101,-1.2444417502250706,-2.4888835004501413,-0.8058403471226533,-1.6116806942453066,9.087750712268016e-05,True
0x534f89335cb490872247e18320b36e63cc42367c,88,0.9431818181818182,0.0,216770.11040000003,0.011513892638424405,0.02302778527684881,-0.48640316857083754,-0.9728063371416751,0.0691880789838763,0.1383761579677526,9.030660992221607e-05,False
0x8f0795c558b849eaa9014166ca71a5a5327daa8a,875,0.3474285714285714,0.1578947368421053,214140.37792,-0.5727862457472952,-1.1455724914945904,0.22534219197818395,0.4506843839563679,2.7955473776271673,5.591094755254335,8.921106116398125e-05,False
0xf8f3581136e03980308cb6303c33283fa83ab6e0,1435,1.0,0.4508710801393728,213125.73697,-0.11844179264638044,-0.23688358529276088,-0.6854613418095469,-1.3709226836190938,1.0339057139801429,2.0678114279602857,8.87883608926492e-05,True
0x84e79946354d6ff8e1a2aa661ba7c9ccb242fabf,72,0.3611111111111111,0.0,209547.49999999997,-1.7574498897349324,-3.514899779469865,-1.51884050522784,-3.03768101045568,7.965882528929095,15.93176505785819,8.729766436782497e-05,False
0xcfbbd3262dc3123135d2b0aeabde7a45aba4a320,96,0.125,0.0,202204.48260999998,1.9206583361206737,3.8413166722413474,-3.7373250939183436,-7.474650187836687,-9.290413662095425,-18.58082732419085,8.423855716034542e-05,False
0xb371766bcdcd556ce6b6cf164be6019d01441042,421,0.3254156769596199,0.0364963503649635,202187.78194000002,-0.8338111748302746,-1.6676223496605491,0.46476657262659143,0.9295331452531829,1.7418879954296371,3.4837759908592743,8.4231599647207e-05,False
0x7f5653ec60fc5d3c1373e423239184c94c5e0989,1723,1.0,0.4782356355194428,202085.90179,-0.559035616798563,-1.118071233597126,-0.6967686654184901,-1.3935373308369803,-0.029977241597980937,-0.059954483195961875,8.41891562912116e-05,True
0x07925188ef080046778d33f029cc1f229653f75f,32,0.71875,0.34782608695652173,201055.2,-2.6984896397091167,-5.396979279418233,-3.6408814665061935,-7.281762933012387,-23.3964387524683,-46.7928775049366,8.375976506045612e-05,True
0x57966526aaa4087cfabc9e9a61fccbc9708b99c1,38,0.5263157894736842,0.15,200013.59353,-0.32042335607582384,-0.6408467121516477,-0.3145130575118588,-0.6290261150237176,-5.803101186314993,-11.606202372629985,8.332583093086061e-05,False
0x44cff1ba3bbc14ce902880c878dec23d950e64b2,246,0.21951219512195122,0.0,199979.56672,-2.0071731639629182,-4.0143463279258365,-2.4553989414338435,-4.910797882867687,-16.54334949956286,-33.08669899912572,8.331165533325678e-05,False
0xaea391e34ce73d90a6944a5a4997d19cdd6e3467,41,0.34146341463414637,0.0,198912.99560000002,-0.12849946886886202,-0.25699893773772403,-1.619093307747661,-3.238186615495322,1.833259089195764,3.666518178391528,8.286732090951908e-05,False
0xe133bd8187f340be54a7369d85390ad390a546d6,318,0.09119496855345911,0.0,189599.17085,-0.821766733524154,-1.643533467048308,-1.19254082275165,-2.3850816455033,-1.1121263828516794,-2.224252765703359,7.898717370181561e-05,False
0x414ade317cd254a970f97ec57185080a42f270b2,43,1.0,0.27906976744186046,186284.70865000002,0.06927673670669027,0.13855347341338053,-0.06190312387034406,-0.12380624774068812,0.29897697805263007,0.5979539561052601,7.760636596755277e-05,False
0xbf36017809f60c72aa4ec7c796a2113e4d40fddd,31,0.45161290322580644,0.0,182126.30610000002,-0.23088368592977715,-0.4617673718595543,-3.2836790887790532,-6.5673581775581065,-7.721776607206991,-15.443553214413981,7.587397197518252e-05,False
0x0eecd62efb05009e2b72964b4bcdbcf653afd4c5,1978,0.9418604651162791,0.44390767579173374,181810.32961000002,-0.3070524399340198,-0.6141048798680396,-0.4469141326303875,-0.893828265260775,-0.26466610215006847,-0.5293322043001369,7.574233590425757e-05,True
0x4e2d6465249145cab0a40eaa45ce8f7dc0abb504,46,1.0,0.4782608695652174,176855.25118,-0.8643795524291014,-1.7287591048582027,-2.954291228170458,-5.908582456340916,-0.6248064449207659,-1.2496128898415317,7.367804607164973e-05,True
0xf117685385d50db17d5ee036d755b9ec8a136127,32,0.375,0.0,174662.61931,-1.2008694294669342,-2.4017388589338684,2.281651915987175,4.56330383197435,5.403912432601204,10.807824865202408,7.276459379438824e-05,False
0xfd041f7e1851da14e250b02251d12f896dc172fe,55,0.10909090909090909,0.0,171920.954,-0.5762440206788897,-1.1524880413577794,5.1082586457938435,10.216517291587687,-9.249390648215572,-18.498781296431144,7.162241372523308e-05,False
0xbba9353fe5c0405a377cc07b1cddcadf49d40823,32,0.1875,0.0,171596.52377,-0.2980057455507742,-0.5960114911015484,-0.5960114911015485,-1.192022982203097,-1.549629876864026,-3.099259753728052,7.148725581912913e-05,False
0x2561b7f27202b4df169eec6b114edbbdb2327000,56,0.3392857142857143,0.0,170500.0,-0.11730205278592375,-0.2346041055718475,-1.0557184750733135,-2.111436950146627,-0.469208211143695,-0.93841642228739,7.103044309626294e-05,False
0x45514f1a518b02e68939ac2397bc148586bdb3ad,47,0.3191489361702128,0.0,168638.51648,-2.7206745193675457,-5.441349038735091,-5.898955485212175,-11.79791097042435,-7.115564714209516,-14.231129428419033,7.025494749953572e-05,False
0xec5bc65febb70b6e3ad232f7cd8b19228d2d9bc6,32,0.71875,0.0,167263.0,-1.1848428519486542,-2.3696857038973085,-47.69300792925052,-95.38601585850104,-9.03006067506127,-18.06012135012254,6.968190617953214e-05,False
0x2b5ebe7f3e5152e3ff67a239d6055030e8160dc5,40,0.75,0.0,166939.76157,-0.31811701240496115,-0.6362340248099223,-0.24531601889840207,-0.49063203779680414,0.3526136254485704,0.7052272508971408,6.954724477830844e-05,False
0x6f19a8adda5a0b8d009a687d7aa2d36eb08b6688,125,0.072,0.11111111111111116,166847.12056,-1.1514424800687362,-2.3028849601374723,-3.0863778498940326,-6.172755699788065,-9.021523797913996,-18.043047595827993,6.950865045579122e-05,False
0xea9e2c238d19f0c92847f7ebae6126da894f61a9,50,0.68,0.0,159343.64439000003,-0.04438285857765265,-0.0887657171553053,-0.4942022380162977,-0.9884044760325954,-1.8615339371506023,-3.7230678743012047,6.638269598589476e-05,False
0x10d11287eba086fd52ae41821fdb8d7e612eafdc,38,1.0,0.4473684210526315,159004.55568000002,-0.050343881899464336,-0.10068776379892867,-0.10953364609579094,-0.21906729219158189,0.4214802409888173,0.8429604819776346,6.624143134472032e-05,True
0x99dac29d7722ee18742901c4b36efffec8866266,60,0.25,0.19999999999999996,157989.82585,-1.091488935708196,-2.182977871416392,-2.773663579638351,-5.547327159276702,-1.3892999867085287,-2.7785999734170574,6.581869404590568e-05,False
0xfe35dfb17f226a61d1f8f318990e6d27944d6002,505,0.0019801980198019802,0.0,157182.672,-3.362151777137368,-6.724303554274736,-1.3208453410182517,-2.6416906820365034,-3.2420749279538903,-6.484149855907781,6.548243307457221e-05,False
0xe79d69fd1ed52dd14d7f55155259519ea20d0534,30,1.0,0.0,151170.75792,-0.24054652169729623,-0.48109304339459247,-1.3230058693351288,-2.6460117386702575,-8.779948041951315,-17.55989608390263,6.297786462319943e-05,False
0xd08a4557671ca465e7bba41110a93148c90f9931,37,0.918918918918919,0.0,149999.54484,-0.020988913655807004,-0.04197782731161401,-0.1475834029399334,-0.2951668058798668,1.6677773535557496,3.3355547071114993,6.248993627110241e-05,False
0x708959c6f60e8a0c283e436e85d81e828fd0ccbb,102,0.0196078431372549,0.0,149154.32,-2.289156626506024,-4.578313253012048,-12.048192771084338,-24.096385542168676,-14.096385542168674,-28.19277108433735,6.213781489338296e-05,False
0x5c6bd31ce4f49cd5bb0b728c156fbf6ee28d8810,41,0.4146341463414634,0.23529411764705888,144606.55357000002,-0.11797914208365572,-0.23595828416731143,-0.2785227032002184,-0.5570454064004368,2.3420550460884475,4.684110092176895,6.0243211581821615e-05,False
0x5a461f607721350f3afc4b3eb6af29ec3e484d23,151,1.0,0.40397350993377484,143383.68,0.6329188038056578,1.2658376076113156,-0.4616750460840859,-0.9233500921681718,3.4222369079983634,6.844473815996727,5.973376142623329e-05,True
0x0476d2a416a5891d6ed3db35cab90922d373efcd,522,1.0,0.47892720306513414,142812.44691,-0.7360617971225212,-1.4721235942450424,-1.229007839479603,-2.458015678959206,-1.3633877048130483,-2.7267754096260965,5.9495785241518054e-05,True
0x69d1652ae43f819e7518f732b2ea6b1a8ad00336,307,1.0,0.44625407166123776,140534.90766000003,-0.9102651602252785,-1.820530320450557,-1.1983105467274262,-2.3966210934548524,-0.3881984720011931,-0.7763969440023862,5.8546960478487974e-05,True
0x958e5367a01c405185f4fc26d058dd0fd32b1c4d,32,0.375,0.0,140000.679,-0.059822924144532184,-0.11964584828906437,-1.1166945840312674,-2.233389168062535,-6.131849724814548,-12.263699449629096,5.8324400370367596e-05,False
0x791890e248d5b3ac5083e0bf5df2e4e7222ee916,45,0.9777777777777777,0.06818181818181823,139353.23657,-0.1079402109429075,-0.215880421885815,-0.31053461880738065,-0.6210692376147613,-2.4669395898591002,-4.9338791797182004,5.8054675310647826e-05,False
0xc78bcafd8c3cb20046e2e9526d241f27bea7b917,54,0.018518518518518517,0.0,138374.67376,0.7113556066677732,1.4227112133355464,0.1185592677779622,0.2371185355559244,-7.587793137789581,-15.175586275579162,5.7647005222719235e-05,False
0x73588c0a7079c4243810c44dc4eac8ea118f5516,85,1.0,0.4470588235294118,136506.39169000002,3.478234617032268,6.956469234064536,0.8505602081776739,1.7011204163553477,7.1213814843211685,14.242762968642337,5.686867734435617e-05,True
0x7f7f24665f40366e84d91ca3096b136a8431cbfa,82,0.24390243902439024,0.0,135824.31891,0.06582175468830406,0.13164350937660813,0.9813425244438065,1.962685048887613,1.4600461949041992,2.9200923898083984,5.658452525176203e-05,False
0x37c0fd0d2e7101ec3f8404ff949b88cc02bd67c0,266,0.8308270676691729,0.0,134645.653,-0.2377354315940531,-0.4754708631881062,-0.1678345627949935,-0.335669125589987,1.6510271039230038,3.3020542078460076,5.609349204443206e-05,False
0xf36c562be0598b8ce109998b6aa2d53ffcd8316b,57,1.0,0.45614035087719296,133534.26241,-0.10747144955708259,-0.21494289911416517,0.005321289419996533,0.010642578839993066,-0.8485647447856816,-1.6971294895713631,5.5630485791876534e-05,True
0x54845243325ec644f4774f7ae28fbfc848bf0d73,60,0.31666666666666665,0.0,133475.32,-3.329138488300339,-6.658276976600678,-11.056184546464857,-22.112369092929715,-10.303945607125755,-20.60789121425151,5.5605930334401693e-05,False
0xeb473272fe8aff61d97fb974422966391f3c25be,2107,1.0,0.4945420028476507,132563.55862,-0.1510101500833684,-0.3020203001667368,-0.09661554972283366,-0.19323109944566733,0.021741310191287905,0.04348262038257581,5.522608977827582e-05,True
0x94b227df8fe384dfa9273334c72e5efbf934599e,229,1.0,0.3013100436681223,132485.70739,-0.5207957806442589,-1.0415915612885178,-1.1325478253499521,-2.2650956506999043,-0.9348446773071147,-1.8696893546142295,5.5193656890519286e-05,True
0x468ccf43f6a8e2b7a91696231a71e9a8777ae410,74,0.8513513513513513,0.2857142857142857,131932.12537,-0.26366479394235925,-0.5273295878847185,-0.5626213460612931,-1.1252426921225862,-0.20968408928584356,-0.4193681785716871,5.496303415638014e-05,False
0xb6ec03d1e97cf09f599da9b215fe08511141497b,85,1.0,0.0,131072.38731,6.469504318717686,12.939008637435371,0.5683837117188055,1.136767423437611,12.69463154632125,25.3892630926425,5.460486655902811e-05,False
0x72bfb12aee3773688bc609236ea6dfad2bfc9c63,62,0.16129032258064516,0.1,130289.31308,-0.26062601804907176,-0.5212520360981435,-0.8102143609662302,-1.6204287219324605,-2.5724663827312035,-5.144932765462407,5.427863717759606e-05,False
0xdc3594b404dd6b53efef6c7c94d9b3864a176859,993,0.998992950654582,0.4818548387096774,129643.50797,-0.6419953123312702,-1.2839906246625403,-1.1906244794200607,-2.3812489588401213,-1.3673855598441584,-2.734771119688317,5.4009594226762445e-05,True
0x8e54b2657ce200f47cd1fb4066c0555eb2414262,43,0.3023255813953488,0.0,129357.34999999999,-0.579531921218664,-1.159063842437328,-1.5372507574166714,-3.0745015148333428,-1.9441374186036775,-3.888274837207355,5.389038057629542e-05,False
0xc5b4c663841ee05da68e19cce3e18ff2ac4f803a,37,0.02702702702702703,0.0,128994.29999999999,3.0588235294117645,6.117647058823529,4.470588235294118,8.941176470588236,6.352941176470589,12.705882352941178,5.3739133641596895e-05,False
0x7aa69b75cccdfffb38d9ae155712372201ccc285,33,1.0,0.0,128001.47957,-1.4602682890409895,-2.920536578081979,-2.2246010279198876,-4.449202055839775,0.11747853791638438,0.23495707583276876,5.332552381721026e-05,False
0x738565020f6fb4e2c14b877f99fdc2f7e22055fe,33,0.45454545454545453,0.4666666666666667,126296.81825000001,-0.16757427249117446,-0.3351485449823489,-0.6066490010845046,-1.2132980021690092,-1.4275932048337079,-2.8551864096674158,5.261536048061988e-05,False
0x17c3c8fdbcb7d1b240ce08965e09b1fc91cba868,178,1.0,0.3764044943820225,126010.85145,-0.372292295389608,-0.744584590779216,-2.8242700791257453,-5.648540158251491,-1.0169794610857446,-2.033958922171489,5.24962264717353e-05,True
0xe9cef9fd872a03cedf9d3e6e90309782b3724ea6,37,0.16216216216216217,0.33333333333333337,125853.56047,-1.2715751264701318,-2.5431502529402636,-2.1853277668834363,-4.370655533766873,0.5565731322316997,1.1131462644633994,5.243069891745702e-05,False
0x1f1779362f3b96a26a598aab932be3ce4d32e699,66,0.2878787878787879,0.0,124423.03356000001,-0.45414517108298785,-0.9082903421659757,-0.9531790523771607,-1.9063581047543214,-1.5793324163739941,-3.1586648327479883,5.1834740206146606e-05,False
0xebbb5259a02328e82f16ea96611fa16c6b198a68,33,0.15151515151515152,0.0,124141.49999999997,-1.329128454223608,-2.658256908447216,-1.2082985947487341,-2.4165971894974683,24.528461473399304,49.05692294679861,5.1717453088766714e-05,False
0x725ec1bb35da98693765ef2d0d657502b6e12814,51,0.39215686274509803,0.0,122045.62329,-0.3589875580974237,-0.7179751161948474,-1.261238058630585,-2.52247611726117,-0.32894783779971076,-0.6578956755994215,5.084430909236533e-05,False
0x10a7ac85ef2d678a4420c4dc59d8cd7dab8767db,39,0.1794871794871795,0.2857142857142857,121664.19066,-0.1187410853193791,-0.2374821706387582,2.2901541249851287,4.580308249970257,16.38073576851193,32.76147153702386,5.068540393858074e-05,False
0x25f9842c39d384404002b4471045f87db90e265f,35,0.5142857142857142,0.0,121559.11705999999,-0.09388846399305134,-0.18777692798610268,-0.3416359747607854,-0.6832719495215708,3.306200769033124,6.612401538066248,5.064163018863517e-05,False
0x47bf51eabf338611bf07b132efe5e5ec28fa0ecb,30,1.0,0.5,121172.89624,-0.35300719394169916,-0.7060143878833983,-2.2108862615073366,-4.421772523014673,-0.7536558662811584,-1.5073117325623169,5.0480730270877973e-05,True
0x9f372cd1c06f937db521a5e59aa297eb789d7adb,46,0.10869565217391304,0.0,119879.84594999999,-2.027841064974413,-4.055682129948826,-1.2170325422319048,-2.4340650844638096,8.66044308627919,17.32088617255838,4.994204443484013e-05,False
0x3a140f8456b03f25ace243a211dca7b6c4bdb994,398,0.6030150753768844,0.025000000000000022,119557.13186,-0.5218291092168255,-1.043658218433651,-1.041972997693916,-2.083945995387832,-0.5228755482253427,-1.0457510964506853,4.98076014741005e-05,False
0xb00cf904c5672a6cd7eaeaee116a591970642cf3,40,0.4,0.0,119305.83656,0.04455586711658191,0.08911173423316382,0.7277458295708379,1.4554916591416758,3.8763604391426263,7.752720878285253,4.970291164121482e-05,False
0xa7f152a5f79bb5483c079610203d8fc03fd77c8e,46,0.13043478260869565,0.0,110616.90360000002,-2.626708853202794,-5.253417706405588,-3.4624798519491375,-6.924959703898275,-6.327980419079458,-12.655960838158917,4.608309487768097e-05,False
0x494be85b97e498afb7edc0abd292b8cb3ddcf7b8,72,0.3333333333333333,0.0,109029.79826000001,-0.45638742967800217,-0.9127748593560043,0.5424100710260525,1.084820142052105,-2.3147683530790704,-4.629536706158141,4.5421905461020294e-05,False
0x32a2cb126764c797ed7a8804537b9702c75be7fe,31,1.0,0.0,108008.46,1.690821256038647,3.381642512077294,-6.280193236714976,-12.560386473429952,16.666666666666668,33.333333333333336,4.499641508472137e-05,False
0xddc4da0a5c2ca574b572035cd215d02cf8837e36,38,0.7105263157894737,0.37037037037037035,107949.60952,-0.2622163760154144,-0.5244327520308288,-3.876972019519089,-7.753944039038178,-4.3998989620932125,-8.799797924186425,4.497189792536167e-05,True
0x6b7e86c48334f8bf6c696080b33fe57933b8d68b,48,0.3333333333333333,0.5,106899.20833000001,-0.4778277685856134,-0.9556555371712268,-1.771503052697935,-3.54300610539587,-3.1987919483310723,-6.3975838966621446,4.453429990803298e-05,False
0x5c180d12a23e4956f1a4b10f1c4598f619832709,224,0.9866071428571429,0.4434389140271493,106840.49999999999,-0.10768112113881739,-0.21536224227763479,-1.2512483715011222,-2.5024967430022445,0.007013144835037324,0.014026289670074648,4.450984196848258e-05,True
0x3e86a56d1febe6450480a0562bcfdc61da6567a5,41,0.3170731707317073,0.0,105364.53422999999,-2.1784412187034476,-4.356882437406895,-2.905497773424869,-5.810995546849738,-2.3132361649628055,-4.626472329925611,4.3894953389960495e-05,False
0x84c8da2e9419d29be5ef4e04440ce4ce6665272e,53,0.3018867924528302,0.0,104667.66135,0.02201091741503786,0.04402183483007572,0.08070669718847215,0.1614133943769443,-1.2106004578270824,-2.4212009156541647,4.3604635563285016e-05,False
0xfe26b6771dc71a336c8616b69ea6953bc9afd13f,37,0.7027027027027027,0.0,103242.03539000002,-5.0302858524455525,-10.060571704891105,-20.012478368865292,-40.024956737730584,-19.917396458062992,-39.834792916125984,4.301071859185784e-05,False
0x2cc3ca12731edb5539341e64deb74f1a83f171ab,50,0.2,0.30000000000000004,100673.42940999998,-0.5626648867863389,-1.1253297735726777,-0.393222180736606,-0.786444361473212,-5.715809154770078,-11.431618309540156,4.194063518482492e-05,False
0xf128ddb81cec8d5f209a66dc706be293ffad4773,37,0.8918918918918919,0.36363636363636365,100504.42092000002,2.444419107580307,4.888838215160614,1.336917480252301,2.673834960504602,4.9748845860071516,9.949769172014303,4.1870226106046454e-05,True
0x7cd00504bbfeb1fa1ba02f075cb1751bb5b285d7,55,0.10909090909090909,0.0,100033.98877,-0.03996477132743204,-0.07992954265486409,-3.6226622716151247,-7.245324543230249,-0.2836115447561758,-0.5672230895123516,4.167424367753485e-05,False
0x4112bc45e9778ff56009326e7602274b7a56f3a6,45,1.0,0.0,99999.71982,-0.30359632088454375,-0.6071926417690875,-0.7049751223560402,-1.4099502447120804,-1.191004472703091,-2.382008945406182,4.16599672042038e-05,False
0xbc256baa3480ec7882ac87eadc349e77291b202b,54,0.2222222222222222,0.0,99999.38103000002,0.04018242822413757,0.08036485644827514,-1.2053148321972469,-2.4106296643944938,-1.2154803123426392,-2.4309606246852784,4.165982606400547e-05,False
0x09f15dacf13c0fcb64594452506b52393fb13c39,272,1.0,0.3933823529411765,99889.93388,0.27481373317038915,0.5496274663407783,0.6382739717347865,1.276547943469573,2.755063263751923,5.510126527503846,4.161423028945929e-05,True
0x8a278093b0e509385dc89e298bf597fe8fa4391a,39,0.6410256410256411,0.2,99034.33752,-0.5319000462038672,-1.0638000924077344,-1.0052326376515528,-2.0104652753031056,-1.1802232571543936,-2.360446514308787,4.1257788127803276e-05,False
0x060d01aa996003b3731a992462d7f0ba68bf3b04,156,1.0,0.0,96791.96323,-0.647608458785114,-1.295216917570228,-0.9829985538655159,-1.9659971077310319,-0.6945011944071917,-1.3890023888143834,4.032361311662223e-05,False
0x78207c87bbd95c0f3ec2506d04f04c911f53fc85,63,0.6984126984126984,0.20454545454545459,93972.76082,-0.2886099412995951,-0.5772198825991902,0.1328198419913084,0.2656396839826168,1.733868977519144,3.467737955038288,3.914913102653219e-05,False
0x13653451b5dfcaf4b1d0db027255947c7c9b8ab5,55,0.7636363636363637,0.0,93538.8801,-0.005710128740562584,-0.011420257481125169,-0.03711583681365681,-0.07423167362731362,2.735151666729478,5.470303333458956,3.8968375954435264e-05,False
0xc70bc5d675f2ec842e796f551983844e789eeb79,33,0.7878787878787878,0.0,93347.94835,-0.023317017311913175,-0.04663403462382635,-1.4767931710992062,-2.9535863421984123,-2.5500972885388062,-5.1001945770776125,3.8888833627141164e-05,False
0xd1a78afcdc6ed3cc2acedfee8858de84626305a1,36,0.4166666666666667,0.4,92620.99676,0.229654655834118,0.459309311668236,-1.012837653501266,-2.025675307002532,13.694293805471522,27.388587610943045,3.858598498463539e-05,False
0xe500d9c76993e4f356b698711e53acd0ab98f905,47,0.10638297872340426,0.0,92074.40000000001,-0.5973430182548027,-1.1946860365096055,-1.4336232438115262,-2.8672464876230523,6.9052852910255185,13.810570582051037,3.8358272315674805e-05,False
0xd4c1f7e8d876c4749228d515473d36f919583d1d,236,0.09745762711864407,0.0,91801.62641000001,-0.8600852014315636,-1.7201704028631273,-2.4218541404203604,-4.843708280840721,-5.425785605510022,-10.851571211020044,3.824463460914895e-05,False
0xe78b9c097733886c61f4cf57492095c27d597ede,60,0.7666666666666667,0.0,91062.46564000001,-0.1787414793306607,-0.3574829586613214,-0.23557884758871,-0.47115769517742,-2.415940773277095,-4.83188154655419,3.793669961200833e-05,False
0x6fe0785052043f3d576a7c1feaa3ff249587b38a,32,0.46875,0.4666666666666667,90399.75273,-0.20620272737071357,-0.41240545474142715,-1.335949901232066,-2.671899802464132,-2.8767471555371364,-5.753494311074273,3.766061285750443e-05,False
0x7e98d97e0703a79299b65cb57a992a77a5079678,56,0.8392857142857143,0.0,90341.2735,-1.9043031967533592,-3.8086063935067185,2.372909737703601,4.745819475407202,4.023351655779614,8.046703311559227,3.763625036120632e-05,False
0xc5d67f7762a56deff79753de66231661a157d442,1968,0.9649390243902439,0.4870984728804634,88640.46527,-0.373976860062927,-0.747953720125854,-0.6420604298707039,-1.2841208597414078,-0.2704085833570622,-0.5408171667141244,3.6927692225143736e-05,True
0xe799f6e2414c60340ebd1e1613f7a9b1857d2af3,48,0.7291666666666666,0.0,85472.875,-0.7696740237440047,-1.5393480474880095,-1.9457217460821588,-3.8914434921643175,-0.8779205683143595,-1.755841136628719,3.560807146018473e-05,False
0x62057a09364d91b1261c892201d2070cd4775eaa,82,0.34146341463414637,0.0,85441.19880000001,-1.1701380762930025,-2.340276152586005,-1.2871518839223033,-2.5743037678446066,-0.9361104610344022,-1.8722209220688044,3.559487512867971e-05,False
0x4f2575b48cade4d60ef538c1c5e34690871ddb81,41,0.0975609756097561,0.0,84906.59466,-0.717866500759742,-1.435733001519484,-1.6151996267094195,-3.230399253418839,1.9442217728909679,3.8884435457819357,3.537215859527621e-05,False
0xd9f4670020661e1fb7eea8a830bcfd002f661c37,54,0.018518518518518517,0.0,84406.7,3.0588235294117645,6.117647058823529,4.470588235294118,8.941176470588236,6.352941176470589,12.705882352941178,3.516390206037148e-05,False
0x6f5845454a5f38017fe01dfab1d5e9dea8e77801,51,0.11764705882352941,0.0,84401.06800000001,-0.45706354926007625,-0.9141270985201525,-0.520331214681101,-1.040662429362202,-1.489951380760858,-2.979902761521716,3.5161555764444696e-05,False
0x5b23559533bb197f2b79557aab5482358154ff80,40,1.0,0.0,83800.0,0.02386634844868735,0.0477326968973747,0.0775656324582339,0.1551312649164678,1.9003579952267304,3.800715990453461,3.4911150331183786e-05,False
0x45974824c1c4e4d797aa8d057a5499b46cdefe33,57,0.05263157894736842,0.0,83640.0,-1.5542802486848395,-3.108560497369679,7.05404112864658,14.10808225729316,14.705882352941176,29.41176470588235,3.48444941968999e-05,False
0x0b1058c3e5b82ce134a93c1c318b65066ae1e052,30,1.0,0.4666666666666667,83237.65142999998,0.16694502478704373,0.33389004957408747,-4.878618098789498,-9.757236197578996,18.562242738489225,37.12448547697845,3.467687544495709e-05,True
0x9fde8e59c61c290c435c2d953e70a3873e06a572,61,0.9508196721311475,0.0,83229.00000000001,-0.6649704740680158,-1.3299409481360316,-1.6821059967078782,-3.3642119934157564,-2.657810337162818,-5.315620674325636,3.467327125195818e-05,False
0x02f21cb1ca956071be6d17171453c86c6a304adc,35,0.17142857142857143,0.0,82929.0,-1.4068259193607384,-2.813651838721477,-3.919015061076342,-7.838030122152684,2.41170157604698,4.82340315209396,3.4548291000175896e-05,False
0x39fe9d601a6065fc92005b85469fc41d59cffbdd,45,0.17777777777777778,0.0,82910.0,-0.7839826317693884,-1.5679652635387769,-4.2515981184416844,-8.503196236883369,-31.057773489325776,-62.11554697865155,3.454037558422968e-05,False
0xcfeb0092b618621aaba725e545c8c8678dabe2f9,47,1.0,0.19148936170212771,81324.58110999998,0.7550269309116827,1.5100538618233654,0.10512120416158165,0.2102424083231633,4.537354348109625,9.07470869621925,3.3879888744054396e-05,False
0x572ab033a7f2e964e8984e278be20a9131fcd475,41,0.4878048780487805,0.2,81119.05000000002,-1.005453695813024,-2.010907391626048,-1.042277704478933,-2.084555408957866,7.364840579432807,14.729681158865613,3.3794264311131435e-05,False
0xd782059de58ebe238592198b97f10e77a1eb6ca7,85,0.17647058823529413,0.0,80021.76000000002,-0.6570512820512822,-1.3141025641025643,-1.0817307692307696,-2.163461538461539,0.22435897435897437,0.44871794871794873,3.333713237620418e-05,False
0x6b9bdcd2cec07d9800678b1fba5e6df5d545d94c,45,0.044444444444444446,0.0,77829.76269,-0.057206410171995646,-0.11441282034399129,0.849107118097159,1.698214236194318,-1.6364021893294756,-3.272804378658951,3.242394445717123e-05,False
0x3a688a63a2fea7216e04253f0e34ce7050b459b8,51,1.0,0.23529411764705888,77715.47138999999,-0.2130435988956205,-0.426087197791241,-0.017274414942314565,-0.03454882988462913,-0.6318048826583137,-1.2636097653166274,3.237633060566948e-05,False
0xc771c0e0006ab4bd38e697893cbb37d800f81027,33,0.9090909090909091,0.0,75917.85877,0.09184606599339507,0.18369213198679013,0.27553819798018525,0.5510763959603705,5.283145448228769,10.566290896457538,3.1627443679487464e-05,False
0xefd7563a0cf7693e26ad397dc94541a345533ad9,34,0.9705882352941176,0.0,75880.91119,-2.2675814454950474,-4.535162890990095,0.36580051593930435,0.7316010318786087,-1.927451043021448,-3.854902086042896,3.161205128665031e-05,False
0xee2b4aa53ae2b72c2c447b1bdd3fd6c7980c49ba,165,0.9333333333333333,0.0,75180.98152,-0.584313411638214,-1.168626823276428,0.26436420983468767,0.5287284196693753,-1.848184651306638,-3.696369302613276,3.132045999869534e-05,False
0x4cd1a752edf6b31b395f87c42375d2b2340feb1d,38,0.868421052631579,0.0,74999.22681000001,-2.5143979214310517,-5.028795842862103,0.6930014473208238,1.3860028946416476,-1.9157317496617536,-3.8314634993235073,3.124474083396729e-05,False
0xe6c650f79e5668859e6ec53f64a8daa4acaeab81,336,0.7857142857142857,0.06060606060606055,73373.67829000001,-0.5857962460711986,-1.1715924921423972,-1.0328428632565325,-2.065685726513065,-0.999114554892657,-1.998229109785314,3.056753595625425e-05,False
0xebd7c4b3677a4480fb5f69ac2f51c51d66a19990,31,0.8387096774193549,0.0,72856.15721000002,0.0640164467396881,0.1280328934793762,0.182904133541966,0.365808267083932,1.2254576947311722,2.4509153894623443,3.0351936239984128e-05,False
0x3c3a43c5661c9965791d7bc438c968555ee03fbd,38,0.42105263157894735,0.0,72090.56512,-0.2088433539822928,-0.4176867079645856,0.46258336945307743,0.9251667389061549,6.566184583804939,13.132369167609879,3.0032989932748377e-05,False
0xaf39df0a30d4b103bd489ed535f236556ab970b3,86,0.11627906976744186,0.0,71387.1,-3.7645305520094743,-7.529061104018949,-13.460318275306529,-26.920636550613057,-11.637668959412753,-23.275337918825507,2.9739925773356207e-05,False
0xda0cfab13b5a09217d9b86d7c457824e28705a50,48,0.5208333333333334,0.0,70952.19963999999,-0.02400238028541926,-0.04800476057083852,0.2904714038762553,0.5809428077525106,0.43439276327740173,0.8687855265548035,2.9558745918379517e-05,False
0x0dd5db9c3748486e747c6a123727f472668cf6ee,249,1.0,0.4939759036144578,70873.14811000001,-0.2926235017696817,-0.5852470035393634,-2.386976449123928,-4.773952898247856,-2.6840980048837757,-5.368196009767551,2.9525812984635612e-05,True
0x42a6704d7c5f461942f050d8f58eedd845c8d99e,37,0.32432432432432434,0.33333333333333337,70480.67904999999,-0.5716664814578574,-1.1433329629157147,-1.2877756987896822,-2.5755513975793645,-3.0893627771631063,-6.1787255543262125,2.936231004485042e-05,False
0xc42ec9d9156d9196f9a3887380ccfaaa518e4c8d,191,0.43455497382198954,0.18072289156626506,69995.02532,2.560532882163535,5.12106576432707,5.07178243431159,10.14356486862318,11.858905531738271,23.717811063476542,2.9159986293335743e-05,False
0x620ec0080fc2b4638a623745eb2a566d23962d6d,34,0.029411764705882353,0.0,67952.365,-4.733727810650888,-9.467455621301776,-18.698224852071007,-37.396449704142015,-18.93491124260355,-37.8698224852071,2.8309012289671498e-05,False
0xf88c91790875b3f2e59daa41b5dcd019281aa012,32,0.1875,0.0,66699.70000000001,-0.578765793129191,-1.157531586258382,-2.6003536953936885,-5.200707390787377,-5.4446757889059,-10.8893515778118,2.7787150999341998e-05,False
0x703d1fbd4a8ecc377b5f8fd7f0b07f76c868a9d6,49,0.12244897959183673,0.0,66505.69958,-0.0802226982102316,-0.1604453964204632,1.403897218679053,2.807794437358106,-1.0830064258381267,-2.1660128516762533,2.7706330261550433e-05,False
0x28142fb50558db4c90f3295a5b1fefa43fe56305,263,0.9543726235741445,0.47808764940239046,66048.31980999999,-0.5999933313009448,-1.1999866626018896,-1.5525924322584912,-3.1051848645169824,-0.8699384223397382,-1.7398768446794763,2.7515785465501353e-05,True
0x2581cd3822df4e880319d373f98bbb15fc89b5b4,67,0.1044776119402985,0.0,65874.62915,-0.3403625068248318,-0.6807250136496636,-2.3153636769208794,-4.630727353841759,-2.978080504287276,-5.956161008574552,2.7443425790771254e-05,False
0x73db7b33ec7a698c34a937409e0f19f571937b83,100,0.09,0.0,65526.5055,0.1580022199311901,0.3160044398623802,-7.557772853375257,-15.115545706750513,-70.38998897934516,-140.77997795869032,2.7298397186010036e-05,False
0x2e2b407a5a9faa6e3385332e7a24710f15f2b4d8,93,0.967741935483871,0.45555555555555555,65180.23375000001,-0.3865335281236014,-0.7730670562472028,-0.013702330988343052,-0.027404661976686104,2.7762714495875103,5.5525428991750205,2.715414008434307e-05,True
0x32b6fead6f5c17c1b2db66d557b4432bc7d86449,32,0.75,0.0,63924.80727999999,-0.009790402354731961,-0.019580804709463922,1.3440092608510952,2.6880185217021904,1.0252336962602377,2.0504673925204755,2.663112836329393e-05,False
0xd4a59a0d103ca91b0d43825b92859b0595608a6b,41,0.0975609756097561,0.5,63555.87788,-0.8668404328854341,-1.7336808657708682,-1.941654062188718,-3.883308124377436,-1.458955614572698,-2.917911229145396,2.647743206562098e-05,False
0x30d336469b34158ed0f8ea46228aca4571745f34,142,0.8661971830985915,0.0,63515.43646,2.41406757735736,4.82813515471472,1.5641950831814553,3.1283901663629106,7.724753864132468,15.449507728264935,2.6460584136107534e-05,False
0x0062107ede62c95b0d764a169d0027a6e1f22ed6,179,0.00558659217877095,0.0,62645.0391,-0.5951389054205252,-1.1902778108410503,0.4761111243364201,0.9522222486728402,1.1902778108410503,2.3805556216821007,2.6097975865429427e-05,False
0x647758075f4f7710de64ed1ab7c3207851688a8f,47,0.9787234042553191,0.0,61163.721999999994,-0.036145822575648044,-0.07229164515129609,-0.1704017349994836,-0.3408034699989672,-1.7788908396158207,-3.5577816792316415,2.54808579183381e-05,False
0x11b66230351edae1bd5b9c1a385d9702ea107558,37,0.43243243243243246,0.25,61082.931229999995,-0.9694089803385891,-1.9388179606771783,-1.8348764018913792,-3.6697528037827585,-0.7960507759850141,-1.5921015519700281,2.5447200415750485e-05,False
0x97493cb684bbd8df41432cbc4f332a04708ee97c,86,0.11627906976744186,0.0,60395.752,-0.5749379737127803,-1.1498759474255607,-0.19081589003598737,-0.38163178007197474,-0.5013427481394281,-1.0026854962788563,2.516092097180064e-05,False
0x31ca8395cf837de08b24da3f660e77761dfb974b,299,0.5418060200668896,0.48765432098765427,60185.79192,1.6004497103498148,3.2008994206996295,1.29661418430086,2.59322836860172,3.9129234875164323,7.8258469750328645,2.507345142625855e-05,False
0x653a518639b83de28a4a32d9977eea0aa4c84d90,33,0.6363636363636364,0.23809523809523808,56334.53184,-0.12034852156307704,-0.2406970431261541,-1.4554170134377156,-2.910834026875431,1.904747481478009,3.809494962956018,2.346901324466706e-05,False
0xad8e1987833b692b59de004a25d0518af2ba94b6,187,1.0,0.39037433155080214,55481.832460000005,-0.724201527861182,-1.448403055722364,-1.3027671715607674,-2.6055343431215348,-1.7448219345530769,-3.4896438691061538,2.311377796731041e-05,True
0x940343d6a14f39cdb167dccf986ef33e7b93369e,535,0.007476635514018692,0.0,54454.25,-0.11931947495795239,-0.23863894991590479,0.20952955344264548,0.41905910688529097,-0.7523619638407579,-1.5047239276815159,2.268568625205089e-05,False
0x010461c14e146ac35fe42271bdc1134ee31c703a,318,0.46855345911949686,0.4966442953020134,53928.48277,1.8315700518998665,3.663140103799733,0.34553770341052314,0.6910754068210463,5.561598141637531,11.123196283275062,2.2466651182769983e-05,False
0x59fe5692b848339a31a5f32c75d5943562d99fea,268,1.0,0.43283582089552236,52020.93935,-0.5064245677826316,-1.0128491355652631,-0.7334884815427863,-1.4669769630855727,-1.2087157692018116,-2.417431538403623,2.167196699304587e-05,True
0x457b13ab4d63390c984a06a913719f53f5ef1edc,70,0.014285714285714285,0.0,51152.2172,1.8821315139395365,3.764263027879073,3.293730149394189,6.587460298788378,5.175861663333725,10.35172332666745,2.1310056616259723e-05,False
0x96cdef3ffe8bd12789e8cfe99c04e834fbb9b715,64,0.296875,0.0,50875.43197,0.037766783562403865,0.07553356712480773,-0.33352763913221695,-0.6670552782644339,-1.2710140922536748,-2.5420281845073496,2.1194747657143e-05,False
0x5eaac7c475b1fad85701f02c4e9e796a53f94bd5,54,0.037037037037037035,0.0,50559.89364,-3.653226486434841,-7.306452972869682,-0.9404241312832088,-1.8808482625664176,5.2205335069096845,10.441067013819369,2.10632941240418e-05,False
0x8ff41ed73eb7e7b318b21e867ed7b0a3d4075db7,39,0.7692307692307693,0.03333333333333333,50356.35835,-0.3754166609138992,-0.7508333218277984,-2.0967110753716174,-4.193422150743235,-8.362509976277954,-16.725019952555908,2.097850115140587e-05,False
0x716d7ae407194c19592036097eac71109709a19b,67,0.19402985074626866,0.0,50186.50374,-1.5237381887342505,-3.047476377468501,-4.057182406147825,-8.11436481229565,-40.07615019285386,-80.15230038570772,2.0907739578325263e-05,False
0x43227629cdba0b8cedfc307dec96eb4ae050ad14,112,0.16964285714285715,0.21052631578947367,50048.77968,-0.15064201649120354,-0.3012840329824071,-0.2502951648430797,-0.5005903296861594,1.7846306090345792,3.5692612180691583,2.0850363619341006e-05,False
0xf246ea7abc16407115513c5145e242b42424054a,44,0.4090909090909091,0.0,49999.8312,-1.9980577142870228,-3.9961154285740457,0.8650004542688675,1.730000908537735,7.699017481334893,15.398034962669787,2.0829971641491806e-05,False
0xfb3c638d33afba1690060996b90943d030e6ae4d,38,0.02631578947368421,0.0,49999.757999999994,0.4810583283223091,0.9621166566446182,1.2026458208057726,2.4052916416115453,-8.29825616355983,-16.59651232711966,2.0829941146310367e-05,False
0x6fd96f1a38989407577e2eb2633af6d2e64d72ca,30,1.0,0.0,49871.35509999999,0.05935070330583417,0.11870140661166834,-0.23740281322333667,-0.47480562644667335,-3.8775792826478326,-7.755158565295665,2.0776448390405117e-05,False
0x6e1402f1a16642da68336205c2231c7a45dc9f0d,245,0.8653061224489796,0.4339622641509434,48238.19901,-0.5975860341877546,-1.1951720683755092,-1.1261817667728449,-2.2523635335456897,-1.1137202875051795,-2.227440575010359,2.0096074192645234e-05,True
0x2b27f18e0ed3cc9645da0d5401e03ba3367edb7b,31,1.0,0.32258064516129037,47712.627420000004,-0.3935027368470479,-0.7870054736940958,-0.4741165152400483,-0.9482330304800966,-4.053362791685485,-8.10672558337097,1.9877120627152526e-05,True
0x6628f829994f1756257e6c2468dabd675a530a1d,119,0.15126050420168066,0.16666666666666666,46971.291,-0.7850415613874495,-1.570083122774899,1.1870267335503424,2.3740534671006848,8.300849301551493,16.601698603102985,1.956827925239594e-05,False
0xb011f0a9c9bdecd921b90e906113e171ddacccce,30,0.23333333333333334,0.0,46621.6419,0.016948290764876365,0.03389658152975273,-0.6270867583004254,-1.2541735166008507,0.3050692337677745,0.610138467535549,1.942261514388445e-05,False
0x8666bb819fccd69fb6a0e660ecee5ae4d819de77,31,0.3548387096774194,0.0,46602.42494,-0.6726665694882236,-1.3453331389764471,-1.6807127095291483,-3.3614254190582966,3.5233235849894284,7.046647169978857,1.9414609342220145e-05,False
0x8f0bac16af22cd34dde461be599d07588656539d,41,0.21951219512195122,0.4444444444444444,45842.88635,-0.200715601528123,-0.401431203056246,-0.7904902476597644,-1.5809804953195288,-6.262761169477445,-12.52552233895489,1.9098184928164954e-05,False
0xb0609ebefd3282f74bc87e2a53eefbc5bc915216,40,0.225,0.0,43946.350660000004,-0.5575794699961847,-1.1151589399923694,3.0647055414538986,6.129411082907797,11.764955620366273,23.529911240732545,1.8308086567997347e-05,False
0x09d1f9fd0cfabdc2279f1c1602b7becfc4f9db87,49,1.0,0.46938775510204084,43574.056280000004,-0.3355289157414211,-0.6710578314828421,-0.42651888358515055,-0.8530377671703011,-0.7927914404302431,-1.5855828808604862,1.8152988416832256e-05,True
0x3786fc7f29648c80225e1e9ef5e37787e505cc12,65,0.015384615384615385,0.0,41997.8087,0.0,0.0,0.0,0.0,-3.8226756340265915,-7.645351268053183,1.7496322352100216e-05,False
0x2a22f79b831622c6845e3c03812ae569c58290f5,32,0.15625,0.0,41924.5,0.04770480268100991,0.09540960536201983,-0.4293432241290892,-0.8586864482581784,2.7191737528175652,5.4383475056351305,1.7465781886154112e-05,False
0xe34b76999c268467262d4e43758559be33542aab,30,0.7,0.0,41906.840540000005,-0.7647103232137125,-1.529420646427425,0.3409788878547272,0.6819577757094544,1.4000031276170017,2.8000062552340035,1.745842494029698e-05,False
0x7cb0f20566ffd8c011438a0d54771b0111f57a90,49,0.02040816326530612,0.0,41813.06181,-0.24140303443614286,-0.4828060688722857,0.6035075860903572,1.2070151721807143,-1.8105227582710715,-3.621045516542143,1.7419356642672904e-05,False
0x5b538659137bd19b4e402e5c550df5a26fcb1165,32,0.03125,0.0,41775.0,-5.9844404548174746,-11.968880909634949,9.694793536804308,19.389587073608617,11.250748055056851,22.501496110113703,1.740350006068261e-05,False
0x9823d37362b23b6f35f07a996143b3c53c3a55fe,64,0.875,0.3035714285714286,41628.625,-0.9088094044450086,-1.8176188088900171,-2.8244764149371875,-5.648952829874375,-2.4741618248580783,-4.948323649716157,1.734252011283384e-05,True
0x3207d7ac9f29d6073b20999974dff2b64f90d9ce,145,0.14482758620689656,0.0,41086.15467,31.6326846713422,63.2653693426844,36.32376833289546,72.64753666579092,76.63815309300155,153.2763061860031,1.7116526518074447e-05,False
0xcbbaff8826b4723020562c24fb6cc1c38c0c3045,1080,1.0,0.4981481481481481,40496.002049999996,-0.7137033131384246,-1.4274066262768492,-1.2049974027151342,-2.4099948054302684,-1.0122573251315163,-2.0245146502630327,1.6870668441282536e-05,True
0x20cdb47e7dd83442b40ec34f7d7dbcaa9be8ee4b,56,1.0,0.1964285714285714,40473.12468,-1.9221629766509098,-3.8443259533018197,-4.611887259102782,-9.223774518205564,-7.184625206758384,-14.369250413516768,1.686113770974015e-05,False
0x1c4c2eedd41c0f7f7253e312ff3f2d9b8a88ecc0,31,0.45161290322580644,0.0,39996.62214,-0.8013737326678295,-1.602747465335659,-1.188583100399333,-2.377166200798666,-2.4031287258961944,-4.806257451792389,1.666262635165983e-05,False
0xc30c7ea910a71ce06ae840868b0c7e47616ba4c9,30,0.06666666666666667,0.0,39827.4128,1.4838204221172338,2.9676408442344675,-1.7639884638026722,-3.5279769276053443,-17.96730747332286,-35.93461494664572,1.6592133598602782e-05,False
0x2a767954b55264c1443b3fa634d4adb7d6059a53,41,0.3170731707317073,0.0,38976.39503999999,-1.3284907632884533,-2.6569815265769066,-6.549367612670112,-13.098735225340224,-14.763489585516757,-29.526979171033513,1.623759888554947e-05,False
0xf1dbf96c517ac7ccb3d929be25cc29b85d121d4a,106,0.009433962264150943,0.0,38561.88,-6.428571428571428,-12.857142857142856,-23.571428571428573,-47.142857142857146,4.0476190476190474,8.095238095238095,1.6064911571993664e-05,False
0x64018b53f132784bbd269727cde2830d15412099,57,0.05263157894736842,0.0,38537.984,-0.4756242568370987,-0.9512485136741974,-3.4482758620689657,-6.8965517241379315,-3.56718192627824,-7.13436385255648,1.6054956478338368e-05,False
0x64987587b21e9b48b217694908b0267e805f6cae,30,0.1,0.33333333333333337,37883.0,-0.5599495289296348,-1.1198990578592696,-1.7610479967577757,-3.5220959935155514,4.4944256382969385,8.988851276593877,1.578208959422715e-05,False
0x924fa05ead9cfc72bf89ea4fe1245aeb5ca56dcf,51,0.3137254901960784,0.125,36928.70493,-0.09552979589398317,-0.19105959178796633,-0.9345858272919012,-1.8691716545838024,0.6665340514895189,1.3330681029790379,1.5384529467149852e-05,False
0xedf581b0549cc2e38dfd7d87a21cc3560c5aff87,36,0.4722222222222222,0.0,36877.382059999996,-0.11697685028132933,-0.23395370056265866,-4.9130277118158325,-9.826055423631665,-1.520699053657281,-3.041398107314562,1.5363148316433887e-05,False
0x870f0e24098adf222027ae50299c245399fd764c,52,0.46153846153846156,0.45833333333333337,36826.03809,-0.4527126198137558,-0.9054252396275116,-0.5713296927943909,-1.1426593855887819,-0.8514348401122723,-1.7028696802245447,1.5341758375440216e-05,False
0x03f965711336ae96001d98202b4e9090d7461db3,59,1.0,0.0,36717.47729,9.397908817732105,18.79581763546421,3.5515917098447347,7.103183419689469,18.77047946997069,37.54095893994138,1.5296531855047932e-05,False
0xfb6c0c36e6e1266e32cfd807b027a3c5a7ec4ec1,49,0.2857142857142857,0.0,36511.64,0.0,0.0,0.04303911222362434,0.08607822444724868,-4.493283316146382,-8.986566632292764,1.5210779867279988e-05,False
0x6c8031a9eb4415284f3f89c0420f697c87168263,144,0.05555555555555555,0.0,36357.52283,-1.148262557310617,-2.296525114621234,-0.772459041985738,-1.544918083971476,-4.0612062330656515,-8.122412466131303,1.5146574524911414e-05,False
0xbea0fbe0b7b48aebc8cf68fff3cb0d32af7056e6,31,0.6129032258064516,0.0,36311.54109,-1.9945536915176212,-3.9891073830352424,-4.50802699036584,-9.01605398073168,-8.24482397405819,-16.48964794811638,1.5127418493436122e-05,False
0xbc1eb4359ab755af079f6ef77e3faac465e53eda,36,0.3888888888888889,0.0,35558.911680000005,-1.8986719509245675,-3.797343901849135,3.096517935031021,6.193035870062042,5.11634772333167,10.23269544666334,1.4813872449567626e-05,False
0x45b46718b609c4376ecf5bde77721a94aae20001,43,0.23255813953488372,0.4,35518.144049999995,-0.2760175042553019,-0.5520350085106038,-0.8236659201805455,-1.647331840361091,-2.7481267136733805,-5.496253427346761,1.47968886206944e-05,False
0x262000d4546c0d10adf6378148fb6dd4feb8cf43,160,0.35625,0.19298245614035087,34613.3647,-0.8909110859817012,-1.7818221719634024,-1.4610639254712092,-2.9221278509424184,2.2167032550472507,4.4334065100945015,1.4419956784126372e-05,False
0x3f2716b8c710a7b7016de359ac428f9caba169b0,270,0.9333333333333333,0.29365079365079366,33940.068999999996,2.647692240576373,5.295384481152746,0.5568819326831511,1.1137638653663022,6.896001396294911,13.792002792589821,1.4139461230426615e-05,False
0x844698b056d4e65ef1c1fb4d43305d5d11f4ba1b,39,0.9487179487179487,0.4864864864864865,33402.46845,-0.5313044406832003,-1.0626088813664005,-1.1911144157076634,-2.382228831415327,-0.37527391266259186,-0.7505478253251837,1.3915496390102308e-05,True
0x0bafb5dc0c3c83c6e964bc53f2806c0d25d008b5,31,0.5161290322580645,0.0,31506.687970000003,-2.355240581095037,-4.710481162190074,-32.720589917838176,-65.44117983567635,-8.739315168369528,-17.478630336739055,1.3125712651054531e-05,False
0xc236805a19b22e78c0b5dc42ffd88da7ee51d998,86,0.20930232558139536,0.3333333333333333,30851.466,5.374432383750101,10.748864767500201,6.377983228759632,12.755966457519264,16.94052714032773,33.88105428065546,1.285274662844159e-05,False
0x2726cb78d321ea86772a242f14ac51db0e9b3411,50,0.32,0.0625,30832.37347,-0.299527401622048,-0.599054803244096,-0.6585914633207091,-1.3171829266414181,-1.4427121378236452,-2.8854242756472903,1.284479266441972e-05,False
0x9fd12a07f48689e72d706be662e936d99529e9ea,108,0.25925925925925924,0.07142857142857142,30616.010280000002,-0.6791413589663922,-1.3582827179327843,-0.009892419653321096,-0.019784839306642193,0.8208656727622727,1.6417313455245455,1.2754655577877663e-05,False
0xf4f2407bd5b0411d83fe4f27f14e1446395fc0a6,30,0.26666666666666666,0.0,30419.56856,-0.044759017450048934,-0.08951803490009787,-3.3420066362703205,-6.684013272540641,-3.2226492564035234,-6.445298512807047,1.2672817792457181e-05,False
0x4a8a68b2ec7c67cbb79060d98157b68c47eba0e6,140,0.42142857142857143,0.0,30110.57736,-0.8006775194081681,-1.6013550388163362,-1.103753447734984,-2.207506895469968,-1.303372274194489,-2.606744548388978,1.2544091799208818e-05,False
0xb8ce66f5feab4dd3b8347a4964e20ee79100d5fd,34,0.8529411764705882,0.27586206896551724,29693.007800000003,-0.32731470772838506,-0.6546294154567701,-0.7952421083260002,-1.5904842166520003,-1.1741708429398205,-2.348341685879641,1.2370131970057432e-05,False
0x895daff2fbe528aa544b66e23c7af9a99af586ad,56,0.6071428571428571,0.0,29325.984489999995,0.18905734716368142,0.37811469432736283,-9.020702552272807,-18.041405104545614,-7.956721405152562,-15.913442810305124,1.2217229751078207e-05,False
0x5610bfb6d4bac59768c90ad22051667afa5d4ea3,39,0.5384615384615384,0.38095238095238093,29323.474150000002,-0.47850808142579737,-0.9570161628515947,-1.4044736620639335,-2.808947324127867,-4.566858985190987,-9.133717970381975,1.2216183941327347e-05,False
0xa886bc185eb8d0e4367932c83c59c213f623bd98,163,0.3128834355828221,0.23529411764705882,29314.619059999997,2.241045549954002,4.482091099908004,3.438417741845562,6.876835483691124,8.557780583549958,17.115561167099916,1.2212494903401496e-05,False
0xeb1dad94416e1235df18789750534a577adfd9bb,60,0.13333333333333333,0.125,29051.4516,0.425356350563546,0.850712701127092,0.31639166750481307,0.6327833350096261,-1.5765649517751,-3.1531299035502,1.210285911869582e-05,False
0x6c3103652956c60540d6e55dd1b6b026bd5dcc2a,226,0.7212389380530974,0.3067484662576687,28931.65411,-0.7836976701146411,-1.5673953402292822,-1.1177437884126915,-2.235487576825383,0.05435214141379659,0.10870428282759317,1.2052951383818867e-05,True
0x4d969e59b312970cc07af266938a4433ccae0b4c,367,1.0,0.49863760217983655,28158.122430000003,0.12031777473105326,0.24063554946210652,0.3388471504474739,0.6776943008949478,0.23988192002554212,0.47976384005108424,1.1730697436725633e-05,True
0x42be8a7a39db60abe34d878f92ff22243cfde2b3,154,0.12987012987012986,0.3,27784.407000000007,-0.025331773256606384,-0.05066354651321277,-0.6144694893632855,-1.228938978726571,3.7005804773066515,7.401160954613303,1.157500727493789e-05,False
0x64174450c49242535b4184e3988cc4145b80526c,71,0.9577464788732394,0.0,27657.324999999997,6.673358653968139,13.346717307936277,2.2576561796194192,4.5153123592388384,12.4377353490659,24.8754706981318,1.1522064807081235e-05,False
0x172ff1a099165a50488332e47b263365ef16fb7e,118,0.940677966101695,0.3963963963963964,27613.08991,1.2092919429957196,2.4185838859914393,0.14767565832286675,0.2953513166457335,2.9771138689117964,5.954227737823593,1.1503636431461862e-05,True
0x6bb4a1472227bc9e85fa9b405ff824d1d5aff974,47,0.1276595744680851,0.16666666666666666,27313.562169999997,0.09823792436257876,0.19647584872515753,1.3811866548587057,2.7623733097174115,-10.117091817973682,-20.234183635947364,1.1378852923591936e-05,False
0xa3ba283228168e3b9d5ef18e6a87dc52d67cc7dd,100,0.28,0.21428571428571427,27188.442999999996,2.1447492078437764,4.289498415687553,3.310408542322928,6.620817084645856,9.72356756392817,19.44713512785634,1.1326728172360635e-05,False
0x23cc6b8202a812f0321a587cdff7088213e1c488,39,0.9487179487179487,0.35135135135135137,27048.286900000003,-0.6133505154800917,-1.2267010309601833,-0.27824026084540393,-0.5564805216908079,-0.38197628769936,-0.76395257539872,1.126833902347123e-05,True
0x69bd6ef34435b4dae8beb3edc232b52293424a50,174,0.2471264367816092,0.06976744186046512,26791.10998,-0.4952341651739122,-0.9904683303478244,-1.2556543922691632,-2.5113087845383264,1.479765571295837,2.959531142591674,1.1161198902757258e-05,False
0xf5dd745bcf393686ceffb6a43f7e7b4c172aefad,61,0.22950819672131148,0.2857142857142857,26124.602,7.664597170054264,15.329194340108527,11.44060537351468,22.88121074702936,19.20420147388568,38.40840294777136,1.0883531118906258e-05,False
0x832312de795d515fef7b7cb9024f44e1a0e4a1ff,37,0.7027027027027027,0.42307692307692313,25991.60992,-0.5414977756731842,-1.0829955513463685,-1.4308058483747503,-2.8616116967495007,-2.6304136741508652,-5.2608273483017305,1.0828126506761428e-05,True
0x5647249079e257329ecb6f46ed41821d3c69e7de,135,0.037037037037037035,0.0,25222.762730000002,-0.8343591873463811,-1.6687183746927623,-0.7355584966953685,-1.471116993390737,-2.916391051666991,-5.832782103333982,1.0507824122133766e-05,False
0x6f7c8248f7de97480c769f3c2c27b1e0f7cf35cd,155,0.6129032258064516,0.0,25100.968890000004,-0.5427795715671762,-1.0855591431343523,-0.4870844500910753,-0.9741689001821506,1.1326130897201099,2.2652261794402198,1.045708470617133e-05,False
0x034fb27dd90457fb477d0eec043eb360a13e9631,121,0.15702479338842976,0.05263157894736842,25100.135999999995,5.6483762745853445,11.296752549170689,8.214795379072774,16.429590758145547,17.25358171902915,34.5071634380583,1.0456737723498303e-05,False
0x212abcf1a07986aedb244fc4c6f5fe037913a8c6,72,0.013888888888888888,0.0,24999.82889,0.11738880345592638,0.23477760691185276,0.0,0.0,-6.104217779708171,-12.208435559416342,1.0414949697287129e-05,False
0x321629f449e6dade5c365cd7b430d6d8168e106b,36,0.027777777777777776,0.0,24999.600000000002,0.12048192771084337,0.24096385542168675,0.24096385542168675,0.4819277108433735,-11.686746987951807,-23.373493975903614,1.0414854341521028e-05,False
0x1f5423328f5506a78a8417b7325184b8f34f362e,111,0.15315315315315314,0.29411764705882354,24920.151,2.4964826454686597,4.9929652909373194,1.044446197122522,2.088892394245044,11.120440669194178,22.240881338388355,1.0381755821441527e-05,False
0x7f084616e706833fabb26a4578c001e73f1a8613,126,0.3968253968253968,0.46,24759.39138,2.1490941974914968,4.2981883949829935,3.2683922613052756,6.536784522610551,-3.614112797155432,-7.228225594310864,1.0314783228828114e-05,False
0x4e7cfe8e3e20284ba246978abaf301c5fb0ccc9c,118,0.17796610169491525,0.09523809523809523,24461.043,1.5181863171793193,3.0363726343586386,1.053844483210512,2.107688966421024,15.730563507574093,31.461127015148186,1.0190491043323996e-05,False
0x251b2b7efc087a033e2252ac3f618a39babc0585,277,0.036101083032490974,0.0,24118.37762,1.330837815196673,2.661675630393346,-1.0627154008250272,-2.1254308016500545,2.735507183010313,5.471014366020626,1.0047736358425758e-05,False
0xbaac92177f43c17a65f39335b22a893532453465,31,0.6774193548387096,0.33333333333333337,23943.946009999996,-0.9126600189270665,-1.825320037854133,-0.3025069567514704,-0.6050139135029408,0.09900660150387675,0.1980132030077535,9.975068003303794e-06,False
0x1070f53b35f8850f4dbb96e388e63f33d14443f3,156,0.3333333333333333,0.07692307692307693,23711.610239999998,-0.45894490416990846,-0.9178898083398169,-0.2947752727658935,-0.589550545531787,-0.01811167795562537,-0.03622335591125074,9.878276726528363e-06,False
0x2f8f64e9f35810c337712fdcf34f3db5c8d6f006,92,0.7934782608695652,0.4794520547945205,23460.08954,-0.7935675038146193,-1.5871350076292385,-0.5207436938222278,-1.0414873876444557,0.11962545910094456,0.23925091820188912,9.773492991813511e-06,True
0x95b5653dfd12b0bc13c08297869621c9650aa6bb,106,0.24528301886792453,0.11538461538461539,23209.400840000002,1.4338798375815283,2.8677596751630565,3.111540540580251,6.223081081160502,11.79635846653741,23.59271693307482,9.669055868996936e-06,False
0x4f65e90a62eae8cc8c85afd6c856874c99970934,205,0.1073170731707317,0.3181818181818182,23158.307999999997,3.8484285855381284,7.696857171076257,3.755985975069068,7.511971950138136,10.658408469045638,21.316816938091275,9.647770548972028e-06,False
0x5fa3968b8f255076d1e23ae755fd93222e509627,157,1.0,0.4140127388535032,22545.00147,-0.5499726246962293,-1.0999452493924586,-0.773987131751413,-1.547974263502826,0.10353737653883845,0.2070747530776769,9.39226653384164e-06,True
0x2249e3790eba9a700304a96da0182174c2c91b2e,136,0.27941176470588236,0.18421052631578946,22104.2932,-0.5083835208746308,-1.0167670417492616,-0.5698011591387293,-1.1396023182774586,1.7614581320745275,3.522916264149055,9.208667098684527e-06,False
0x5828ed9281ff0f540c90f932fd37ebffa36f9a41,51,0.9215686274509803,0.3404255319148936,21860.606,1.8350040496797122,3.6700080993594244,1.5556605590961847,3.1113211181923695,6.983485573412348,13.966971146824696,9.107146806644131e-06,True
0xd16923e9795d2e7cc306d1596191664dd6c97495,40,0.025,0.0,21465.37,0.0,0.0,-0.47732696897374705,-0.9546539379474941,-4.05727923627685,-8.1145584725537,8.942491157332726e-06,False
0x86c9330f39e8ec6330198eb9d53dd82f1a5d013d,138,0.9782608695652174,0.3481481481481481,21429.492990000002,-0.5601166004084738,-1.1202332008169475,-1.0722374961434518,-2.1444749922869035,-0.554157534478581,-1.108315068957162,8.927544764856077e-06,True
0x830fc10684f67cada23752e099f03a69280ac3e9,56,0.017857142857142856,0.0,21047.1045,-1.076941486179251,-2.153882972358502,-1.076941486179251,-2.153882972358502,1.7949024769654183,3.5898049539308365,8.768241398993254e-06,False
0x24a81ade94952eff40bdb081a230f8fdd4a4313c,116,0.12931034482758622,0.0,20846.327999999998,2.905560925069737,5.811121850139474,3.4636899598332276,6.927379919666455,18.976608883531267,37.95321776706253,8.684597740586703e-06,False
0xf5de71cb2f37bc9159122796b64c0e3396e6f140,37,0.08108108108108109,0.0,20479.43776,-0.2727386073187457,-0.5454772146374914,-1.246805062028552,-2.493610124057104,-2.6884234149990647,-5.376846829998129,8.531750958681167e-06,False
0x674b92894b4eb60b347e65eb056e154d02c827d6,31,0.1935483870967742,0.16666666666666663,20398.5063,-0.09888563124781986,-0.19777126249563973,-0.6731320799896268,-1.3462641599792535,-0.9508041684187244,-1.9016083368374488,8.498034844521475e-06,False
0xd9c1ef5e179d706c4296b3abccbba362eb24158b,125,0.144,0.2222222222222222,20229.07,4.938492984325538,9.876985968651075,6.906421450798959,13.812842901597918,17.963913988964336,35.92782797792867,8.427447539737946e-06,False
0x06de020b24912d15f547410b80a4b6ddd7a3bda0,42,0.9047619047619048,0.0,20129.987820000006,13.673594827068166,27.347189654136333,12.12641134165223,24.25282268330446,31.532561269904242,63.065122539808485,8.386169820392826e-06,False
0x98a5d1e533d507b63762b0e04f6affca8135fe02,42,0.9047619047619048,0.0,20129.987820000006,13.67359482706817,27.34718965413634,12.12641134165223,24.25282268330446,31.532561269904242,63.065122539808485,8.386169820392826e-06,False
0x4255355de386657783fcc10e23ba92fe67991e12,42,0.9047619047619048,0.0,20129.987820000006,13.67359482706817,27.34718965413634,12.12641134165223,24.25282268330446,31.532561269904242,63.065122539808485,8.386169820392826e-06,False
0x2bbea0f0fbdc6c206ada1ae408a1f452e4474f63,42,0.9047619047619048,0.0,20129.987820000006,13.67359482706817,27.34718965413634,12.12641134165223,24.25282268330446,31.532561269904242,63.065122539808485,8.386169820392826e-06,False
0x9afd077a2ef0e1453996b56457ecc7f37ead9a2c,30,0.03333333333333333,0.0,20083.25,-1.671641791044776,-3.343283582089552,-9.313432835820896,-18.62686567164179,45.61194029850746,91.22388059701493,8.366698805354973e-06,False
0xa752fb979e678a1cbf174a812d913e8924a5fa30,31,0.967741935483871,0.0,19999.49076,0.011703297989373406,0.02340659597874681,0.10532968190436064,0.21065936380872127,-0.1911538671597656,-0.3823077343195312,8.331804635673998e-06,False
0x4d76a83bf99949f9433a8352c35856d15789a5b3,40,0.45,0.0,19906.66,-0.5022787460472387,-1.0045574920944773,-0.41537918065578716,-0.8307583613115743,1.795180771325536,3.590361542651072,8.29313126314753e-06,False
0x3ba38c4e48c28a819f0266e67185746c0e72e122,48,0.14583333333333334,0.14285714285714285,19414.03932,-0.050583983705098055,-0.10116796741019611,0.3563937464087995,0.712787492817599,0.5089791410685923,1.0179582821371846,8.087905074415668e-06,False
0x4c6988b39fc0904628c2959e7606ef5f8518c152,588,1.0,0.4693877551020408,18926.141389999997,-0.629351122011947,-1.258702244023894,-1.1901635329455487,-2.3803270658910973,-1.612388671577938,-3.224777343155876,7.884646387297489e-06,True
0x17ff1361783a5e81162d02168f5ad80ebaa78857,94,0.3829787234042553,0.0,18472.539129999994,-0.25604274063896676,-0.5120854812779335,-0.6086176756060091,-1.2172353512120182,0.5203518673850636,1.0407037347701271,7.69567530508478e-06,False
0x782db3ae31a7406849c84f9bb0189defdd26b4d2,52,0.23076923076923078,0.0,18175.89459,-0.33817288276786933,-0.6763457655357387,-0.8452805265040896,-1.6905610530081792,-1.3615743924966848,-2.7231487849933695,7.572092940754654e-06,False
0xb2a7131040bd752a98861dc8b2089a5ccf767836,147,0.09523809523809523,0.21428571428571427,18035.558,6.865757171446391,13.731514342892781,5.584269498971947,11.168538997943894,13.599836915878598,27.199673831757195,7.513628599579766e-06,False
0xbcfe5d1a8660b29a37bce1e1644549fec301b6e6,53,0.03773584905660377,0.0,18019.96864,-0.4775350344252589,-0.9550700688505178,-1.4920727632930348,-2.9841455265860697,-3.1021839694769886,-6.204367938953977,7.507134059120017e-06,False
0xabcaea50f029aca1204a5ff64150279871dec56c,96,0.21875,0.2857142857142857,17395.445,3.5214220817235407,7.042844163447081,5.7517313707477316,11.503462741495463,14.999053225724357,29.998106451448713,7.246956986549395e-06,False
0x18b9b833c6e356f2bd8917b235f5c8113cf31a9d,95,0.9368421052631579,0.0,17144.479600000002,-1.4658875589465132,-2.9317751178930265,-15.741068803304742,-31.482137606609484,-17.12023514930522,-34.24047029861044,7.142404590280593e-06,False
0x27c9fa86c91b84ddfa15de58c482ff662498d65d,89,0.20224719101123595,0.3333333333333333,17025.13985,0.2240552095451535,0.448110419090307,1.9286333075829805,3.857266615165961,-0.6507204595874874,-1.3014409191749747,7.09268755027181e-06,False
0x81cc57cc4826161af339e9368098e448c00243bd,73,1.0,0.4246575342465753,16848.12486,-0.44263084101695244,-0.8852616820339049,-1.140451838024763,-2.280903676049526,-0.6678705067190529,-1.3357410134381058,7.018942956873684e-06,True
0xe4cbb5d4d2a2c5fc27c7a6dd56734a874131fcb2,80,0.725,0.0,16248.37905,-0.4075049824889914,-0.8150099649779828,-0.4176910915714304,-0.8353821831428608,0.6757144972184101,1.3514289944368203,6.7690883490764575e-06,False
0x4c69936a07e700c713539f22558a07fde5e6523c,61,0.6065573770491803,0.0,15780.882080000001,0.0504257349910801,0.1008514699821602,0.014570042060305828,0.029140084120611656,3.8334451839800443,7.666890367960089,6.57432871901628e-06,False
0xdf954bbe619273a56e0cfa90dad8382195dc7d72,898,0.0645879732739421,0.0,15751.53722,-0.3689766181518345,-0.737953236303669,-1.7203993077823223,-3.4407986155646446,-4.457597094111718,-8.915194188223436,6.562103625711894e-06,False
0x44133c92cf08a13807f560b9b6e5c44ef37274c5,200,0.32,0.171875,15701.52238,-0.42545878582330576,-0.8509175716466115,0.3723058284973417,0.7446116569946833,-0.04441135249756112,-0.08882270499512224,6.541267401391726e-06,False
0x94a150fb6f792f90db95c2aeade6920ce0e2c43b,949,0.8198103266596417,0.07197943444730077,15637.097470000002,-0.6382273056358089,-1.2764546112716177,-1.293251387718893,-2.586502775437786,-1.48970257981948,-2.97940515963896,6.514427929815557e-06,False
0x66701345620a1d2d81e37f9fd8c74491e8c7d525,56,0.07142857142857142,0.25,15025.05,5.805735482890251,11.611470965780502,10.240901847295675,20.48180369459135,22.364640150542893,44.72928030108579,6.259448440137862e-06,False
0xc88db5b2b3288690419ceea6983e928ba2c2012c,40,0.075,0.0,15019.58764,-0.8374092584792744,-1.6748185169585488,-1.752414563020294,-3.504829126040588,3.1260769891815072,6.2521539783630145,6.257172816377444e-06,False
0xee772e29e31b9972e1b683b04944bd9937ac0304,234,0.9914529914529915,0.46120689655172414,14911.550360000001,-0.8003517935579793,-1.6007035871159585,-1.0476220611820557,-2.0952441223641114,-0.5574420832316238,-1.1148841664632476,6.212164394856536e-06,True
0x8bc4d1a63498ade5c54be6ed40a183cbeaec3040,53,0.7358490566037735,0.0,14721.309379999999,-0.8054817658104378,-1.6109635316208757,0.8778594053946549,1.7557188107893098,2.1059675889368927,4.2119351778737855,6.132909842924176e-06,False
0x2c0edb8cc0888c077792387a61ca61faef9a407e,70,1.0,0.48571428571428577,14718.068360000001,-0.9127558005987034,-1.8255116011974069,0.1477493774625883,0.2954987549251766,0.8998598124596578,1.7997196249193157,6.131559631272072e-06,True
0x2618f54fee88adf9bf840a1bb722be286fbd0f15,568,0.5105633802816901,0.0,14624.782870000001,-0.47100281489810725,-0.9420056297962145,-0.7694496362748952,-1.5388992725497903,-0.1992480818930536,-0.3984961637861072,6.09269681784596e-06,False
0x01783e91d31c69633153c2aadbf9b7901049d03a,71,0.11267605633802817,0.125,14545.942,10.891933646894321,21.783867293788642,16.891608009820562,33.783216019641124,21.510090358357864,43.02018071671573,6.059851645234846e-06,False
0xc06103cbd0ba469640d4139621977f65ca8e7041,255,0.023529411764705882,0.0,14540.426,22.38203846888426,44.76407693776852,23.397464166506566,46.79492833301313,53.47737404147545,106.9547480829509,6.057553675005409e-06,False
0x819ee5934a96a530c41af942784447a54cffd793,254,0.937007874015748,0.4327731092436975,14342.548490000001,0.4084486995695197,0.8168973991390394,-0.26684228258027065,-0.5336845651605413,1.5773663976642824,3.154732795328565,5.975117738265907e-06,True
0xa59362891a6910c0d16171ac10ad43ba994bbcde,101,0.21782178217821782,0.0,14091.932639999997,3.7670758123284993,7.534151624656999,7.292075548032458,14.584151096064916,16.77225510856094,33.54451021712188,5.870710964820471e-06,False
0x53ac3da992efb3785a615f281380ed7e591fbe79,36,0.3333333333333333,0.0,14061.319,1.393363741018214,2.786727482036428,3.8091693389260777,7.618338677852155,19.3533871159272,38.7067742318544,5.857957296703232e-06,False
0xd351d71bfa2b0df7bc784efc38c6778f029240e8,208,0.2644230769230769,0.23636363636363636,14044.014700000002,-0.3991118689673464,-0.7982237379346928,0.320522037992023,0.641044075984046,-0.9439135181305571,-1.8878270362611143,5.850748310800178e-06,False
0x86df6e914070f6fbab19a5ce7daa25e096733b6e,43,1.0,0.13953488372093023,13893.84144,-0.6361190799477091,-1.2722381598954182,-1.208653884822509,-2.417307769645018,1.2204471892575393,2.4408943785150785,5.788186004647625e-06,False
0xe8ef95e07161df78552da11fd95d287dd6d65201,72,0.1388888888888889,0.0,13120.833,6.816504854595552,13.633009709191104,10.153025104699266,20.30605020939853,22.117167979376624,44.23433595875325,5.466150039777531e-06,False
0x7af0b7a51c6bbf3970a5d0c79fc958f3d5ec58b7,116,0.16379310344827586,0.10526315789473684,12699.488,5.63911155287866,11.27822310575732,8.257319717601371,16.514639435202742,13.50327488346417,27.00654976692834,5.2906173591535135e-06,False
0x0675bfaf9faffe3343c08402200d7c75d0fd79e1,266,0.9924812030075187,0.5,12629.795000000002,-0.7741146136804441,-1.5482292273608882,-1.276181848475811,-2.552363696951622,-1.1505737022001135,-2.301147404400227,5.261583196861973e-06,True
0xe15ec2db7dcb1fced329e9b38865ce546e688764,112,0.26785714285714285,0.0,12612.934000000003,0.003176126594847465,0.00635225318969493,0.5132887469979484,1.0265774939958967,1.2625032754472454,2.5250065508944908,5.25455889011097e-06,False
0x93618f508b29c1f6381b59a31a6404251ff79237,61,0.22950819672131148,0.0,12551.540039999998,-0.22237138453662197,-0.44474276907324395,-0.804104049163773,-1.608208098327546,-0.15310380303390456,-0.3062076060678091,5.228982114848597e-06,False
0x8342b064d963c5ab6425c7edee4de0a31838b58a,194,0.2422680412371134,0.14893617021276595,12543.63634,-0.3119045818956305,-0.623809163791261,-1.1445485735433918,-2.2890971470867836,-2.792880093934367,-5.585760187868734,5.225689426795225e-06,False
0x6fe61e7b14fab3a1f81346c03e7c9daade631af6,73,0.1917808219178082,0.14285714285714285,12495.4612,-1.439185200592941,-2.878370401185882,-6.139981227786535,-12.27996245557307,-9.92809301685023,-19.85618603370046,5.2056196230390706e-06,False
0x3ef7f176cbc7aa914b8b257ed7adc3a0c2410b51,985,1.0,0.4781725888324873,12493.5894,-0.6010655295513927,-1.2021310591027854,-1.1715026888096236,-2.343005377619247,-1.177385209548786,-2.354770419097572,5.204839829588117e-06,True
0xb346b98e4adb546847c7edf761a6c1917bc6d42e,32,0.0625,0.0,12450.000000000002,-0.6024096385542168,-1.2048192771084336,-2.289156626506024,-4.578313253012048,-4.939759036144578,-9.879518072289155,5.186680448964656e-06,False
0x30b5f0457bb86c1edf6dd85b39af800f152e65c7,31,1.0,0.0,12433.946200000002,-1.2258037582976347,-2.4516075165952693,0.1987533147087977,0.3975066294175954,2.1381544011745333,4.2763088023490665,5.1799924224111144e-06,False
0x6f1da50cc058b9701eb03b5fcd6690f6e858314e,69,0.014492753623188406,0.0,12187.79694,2.384188064754548,4.768376129509096,2.6226068712300026,5.245213742460005,1.9073504518036382,3.8147009036072763,5.077446434108373e-06,False
0x60bce92a6f6685a8e7cc721ed025c7b848dd52c2,36,0.9166666666666666,0.33333333333333337,12040.077500000001,-0.09050456437577144,-0.18100912875154287,-0.6836751908813976,-1.3673503817627952,-1.1163246396010416,-2.232649279202083,5.015906391427249e-06,True
0x3faf35a220e0d6a3bc3cce4ca54454aba68cfd6a,79,0.22784810126582278,0.0,12036.149999999998,7.794285283470886,15.588570566941772,10.697117421178763,21.394234842357527,20.633036151885317,41.266072303770635,5.014270191630998e-06,False
0x819d06c03a978a86d6884b11fbca4d228ea0d106,39,0.38461538461538464,0.0,11718.372229999999,-0.5659279552645253,-1.1318559105290507,-0.7403248680843615,-1.480649736168723,1.060996192121601,2.121992384243202,4.881883705946293e-06,False
0x4c226d5a21ae3b9883f98cbda1a3be63e565f308,253,0.9762845849802372,0.4331983805668016,11648.527169999998,0.6666872683791295,1.333374536758259,0.15107595219790995,0.3021519043958199,2.428156167684541,4.856312335369082,4.85278619533113e-06,True
0x506aaeccc6f2035b834bdb2826b089114df6ab52,198,0.20202020202020202,0.075,11622.8866,-0.26177375405760434,-0.5235475081152087,-0.8228465670905505,-1.645693134181101,-0.16802568703007914,-0.3360513740601583,4.8421043123496604e-06,False
0xd39e07648d66848625349d0a24991d14b506275b,35,1.0,0.4285714285714286,11564.035940000002,-0.8814477681000844,-1.7628955362001688,0.03897877019131953,0.07795754038263907,-0.46232152053909753,-0.9246430410781951,4.817587078001816e-06,True
0x953cb34f310cdef2ec0351e8c20e87bd53bd3bce,202,0.19801980198019803,0.125,11333.56619,-0.3831979781613788,-0.7663959563227576,0.23414117596206388,0.46828235192412776,2.4396071028879858,4.8792142057759715,4.721573186724485e-06,False
0x298e21ddd7320c393afdbf0c59dc4e4034a4b68d,59,0.05084745762711865,0.0,11270.205,19.505265369609514,39.01053073921903,23.41965956928347,46.83931913856694,44.75201918065687,89.50403836131375,4.695176861793069e-06,False
0x4730fd5720754f9d395a6cf07f66ee8fa92c4b8d,36,1.0,0.16666666666666666,11097.53091,-0.310671231923181,-0.621342463846362,-0.3021712050405675,-0.604342410081135,-0.5801790620747647,-1.1603581241495293,4.623240690978148e-06,False
0x9fb470376f12af151c9ce88bf7b4acaa13bad02b,38,1.0,0.0,10887.48746,9.005598938428669,18.011197876857338,2.846879898399974,5.693759796799948,20.922150621627218,41.844301243254435,4.535736413424084e-06,False
0x8e403d0bea9dbf78fa62d2d980b3322d91250151,179,0.25139664804469275,0.06666666666666667,10886.125699999999,-0.09545684253068099,-0.19091368506136197,-1.3272154162454206,-2.654430832490841,0.7082999838479054,1.4165999676958108,4.535169103065194e-06,False
0x22006183a8a7a58dd151bd52b56a19658a213135,76,0.9736842105263158,0.472972972972973,10794.81754,-0.5270776997594911,-1.0541553995189823,-0.8832450642728279,-1.7664901285456558,0.2937713052821536,0.5875426105643072,4.497130046976605e-06,True
0xc81627434af14d5b35d808f40227d18d41c35c64,98,0.16326530612244897,0.1875,10702.78,3.510154660388871,7.020309320777742,3.675850228627503,7.351700457255006,14.749118470492022,29.498236940984043,4.458787130567866e-06,False
0xb845c6a9d61150f7b6f62fabfa95d23141507958,56,0.03571428571428571,0.0,10468.875,-0.7758621933786635,-1.551724386757327,-2.2084694761110235,-4.416938952222047,-4.112564232492296,-8.225128464984593,4.361342111257418e-06,False
0x5a50c4ff488b4268ad3673918e8223579db764bd,529,0.8638941398865785,0.0,10410.390449999999,-0.6678414579252886,-1.3356829158505772,-1.2976669569388426,-2.595333913877685,-1.5245747069583884,-3.0491494139167767,4.336977398642839e-06,False
0xa2ec76b6464bcbd771f11b769d40055176a6e4a3,60,0.9333333333333333,0.05357142857142857,10366.370589999999,-0.9182072827939559,-1.8364145655879118,-0.8181807819107964,-1.6363615638215927,-0.417024537986472,-0.834049075972944,4.3186386880221035e-06,False
0x180c0be6b42e0c21ad855b64a698a2118a029bf0,98,0.07142857142857142,0.14285714285714285,10193.261289999999,-1.1922485940651522,-2.3844971881303043,-1.3114137346334849,-2.6228274692669697,-1.1543006117930408,-2.3086012235860816,4.246521208355922e-06,False
0x9960fda17fb04fa3b9531cc608565a23882ab121,58,0.5344827586206896,0.4838709677419355,10085.079999999998,-0.11128153460863195,-0.2225630692172639,-0.3790120974267144,-0.7580241948534288,-3.6538763393714566,-7.307752678742913,4.201452792148149e-06,False
0xdd5296899e9667839e4756ced0c6ea6ae21dcdec,30,0.03333333333333333,0.0,9999.592,-0.4750593824228028,-0.9501187648456056,-1.9002375296912113,-3.8004750593824226,-1.9002375296912113,-3.8004750593824226,4.165838419600272e-06,False
0x28839a9fc4a6465000c5c5775983742545ce5ca5,170,0.0058823529411764705,0.0,9839.7335,-1.0707911957168352,-2.1415823914336705,-2.7364663890541343,-5.472932778108269,5.353955978584176,10.707911957168353,4.0992412343351455e-06,False
0xa3b3cc465b7183c43cc2d6a5a8a4513151278383,70,1.0,0.4285714285714286,9782.793220000001,-1.2812892904915036,-2.5625785809830073,-2.775692979435779,-5.551385958871558,-3.4261192593502368,-6.8522385187004735,4.075519865898634e-06,True
0xcd873972d192d25972fc1d8e5b5cecab4c1429da,174,0.15517241379310345,0.1111111111111111,9617.4205,-1.575539826914955,-3.15107965382991,-7.391229487676749,-14.782458975353498,-1.5886479893917451,-3.1772959787834902,4.006625451953564e-06,False
0xf4827b61bd5879d12c4d0aaa078a96c3a9c3f953,50,1.0,0.4,9584.53685,-0.6401272340657305,-1.280254468131461,-2.2683203931794274,-4.536640786358855,-0.4150610711544077,-0.8301221423088154,3.992926095765164e-06,True
0x1d223e2ffccada22de6e38e3041bb1754b0438b9,33,0.06060606060606061,0.5,9204.6339,-1.5002462898967124,-3.0004925797934248,0.1844709182861996,0.3689418365723992,0.7932935411171229,1.5865870822342458,3.8346582079523924e-06,False
0x60b0eb775c6fea015ab267cf226b3b6248a61e40,47,1.0,0.44680851063829785,9197.786530000001,-0.6733687289383646,-1.3467374578767293,-1.1290948793495956,-2.2581897586991913,-3.418249500109014,-6.836499000218028,3.831805587863572e-06,True
0x9878b73eba4475a8ca8bb9be119c3f85df988e9d,111,0.09009009009009009,0.0,9115.347,9.035769973722063,18.071539947444126,7.603925264964497,15.207850529928994,28.907361690295467,57.814723380590934,3.7974612104761945e-06,False
0xd9b11bdd4e559fc14fc0caefb3b59d243b81e14e,121,0.08264462809917356,0.0,8969.491999999998,7.946399704664444,15.892799409328887,2.983084893780476,5.966169787560952,7.9527197969390695,15.905439593878139,3.7366978950638454e-06,False
0xe4d933fb1e35c6e6a489ccc65561094e39efcb76,112,0.15178571428571427,0.29411764705882354,8861.261999999999,1.1391854968413808,2.2783709936827616,0.41897676019958113,0.8379535203991623,5.919178147947058,11.838356295894116,3.6916091862291915e-06,False
0xc4ff5a6ec8bc6a691d5b98fe4ce98173331a1f84,30,0.5,0.0,8766.554500000002,0.039262046424170624,0.07852409284834125,0.26513043019500154,0.5302608603900031,0.2880701924457568,0.5761403848915136,3.652153962243625e-06,False
0x4268c9e3c4476f91baabd87cff42feb378dc03bd,69,0.18840579710144928,0.15384615384615385,8625.127999999999,2.092526594065587,4.185053188131174,2.7696526891244537,5.5393053782489075,18.880011701210353,37.76002340242071,3.593235563648001e-06,False
0xb8d7bbfa7c135239f7f850f916b0e51ca9e2a700,67,0.014925373134328358,0.0,8525.1544,0.0,0.0,0.7150603630123109,1.4301207260246218,1.7876509075307774,3.5753018150615548,3.551586477982731e-06,False
0x366f5b28ef8e71125a1b0f5c67b856a170bc7e43,39,0.1282051282051282,0.4,8496.60971,1.3854603684239097,2.7709207368478195,1.9344392591125068,3.8688785182250136,-7.354140375249713,-14.708280750499426,3.5396947361719076e-06,False
0x617eb09d7869de4ea8a9768c5c657ff7c2d80f97,58,0.08620689655172414,0.0,8486.84648,-0.7359571912799476,-1.4719143825598953,-1.2820239869200432,-2.5640479738400863,-0.9259865446186584,-1.8519730892373167,3.5356273663598798e-06,False
0x667b8184fcb9e83bf3180bb42f5c67374cde679a,144,0.13194444444444445,0.3157894736842105,8442.932,4.275849561869137,8.551699123738274,4.17660019982628,8.35320039965256,12.521692796203654,25.043385592407308,3.517332557135587e-06,False
0x987c3d52fc87bbdc94c53b4a6f50ea9c7d122a4f,395,0.030379746835443037,0.16666666666666663,8409.89102,-0.9639624524462763,-1.9279249048925526,0.23834154228312224,0.4766830845662445,-5.419422191497688,-10.838844382995376,3.503567657137142e-06,False
0x4969623f55100521bcd1a053956cfe76e7dd959a,136,1.0,0.0,8400.80715,-0.4517439282159794,-0.9034878564319588,0.5267236472024368,1.0534472944048736,0.9308450785143721,1.8616901570287443,3.499783309271284e-06,False
0xf4a953a88a9f551f28d6e9a2a8523ab5a56a6259,164,0.9878048780487805,0.47530864197530864,8360.74301,-0.6540839839762274,-1.3081679679524547,-0.8918859172307431,-1.7837718344614861,-0.5340859610572494,-1.0681719221144987,3.483092554922482e-06,True
0x01f63d95156bca41c98a9817f0627c3521196f7f,30,0.1,0.0,8017.30822,-0.6756507186330611,-1.3513014372661223,-3.696114996170271,-7.392229992340542,-4.530741908479992,-9.061483816959983,3.3400173331724994e-06,False
0xbda3ba529031b55b99ec8e9edf9725b3e31f0b11,201,0.5522388059701493,0.0,7661.7621,-0.6622528584078077,-1.3245057168156154,-2.6482938189541665,-5.296587637908333,-1.3537364132052085,-2.707472826410417,3.1918965211797894e-06,False
0xba6de73b64eca3ff95c4ab7e5328912c360bd003,96,0.15625,0.26666666666666666,7605.518,5.1261804427683275,10.252360885536655,2.95995133453937,5.91990266907874,10.957079321640187,21.914158643280373,3.1684651819155635e-06,False
0x05d9f6c39a75bd6f040d65eb75a4ea6e9e20b60b,193,0.11917098445595854,0.08695652173913043,7511.168300000001,-0.5646792656505892,-1.1293585313011785,0.09483046453116561,0.18966092906233123,4.392213951980064,8.784427903960127,3.1291590177102883e-06,False
0xb1d6e9b3878dc29efddae70db0f0ae5a365d7450,116,0.9568965517241379,0.42342342342342343,7273.007879999999,0.6330041141045969,1.2660082282091938,-0.8501811550813432,-1.7003623101626864,3.6574762226643065,7.314952445328613,3.029941186856375e-06,True
0x10d5ee90adef2cc7a050e0c5abcc5933aff86657,142,0.9859154929577465,0.47857142857142854,7026.94082,-0.5054036480113111,-1.0108072960226222,-0.9724192518472112,-1.9448385036944225,-1.0100009115647948,-2.0200018231295895,2.9274294431426233e-06,True
0x25ef923784070d7b701ed399f059f5a5038ed457,39,1.0,0.0,7026.171519999999,23.663845333882136,47.32769066776427,28.423870358345212,56.847740716690424,62.87076366260875,125.7415273252175,2.9271089521169695e-06,False
0x43453091227c446f49faaaec25a848e07f3967f4,55,1.0,0.0,6904.568259999999,7.2546150758452566,14.509230151690513,1.2124358801861588,2.4248717603723176,14.516941268838615,29.03388253767723,2.8764489319424824e-06,False
0xd5d648f5e156cc079399e739bbc023db98c66b35,34,0.8823529411764706,0.13333333333333333,6901.380640000001,-0.6125360039470049,-1.2250720078940098,-0.018066376931012613,-0.036132753862025226,1.7454864727532329,3.4909729455064658,2.8751209667751955e-06,False
0x8f0402f672e9c4706c598e5f4d4dd5798853a791,47,0.425531914893617,0.0,6889.042460000001,-0.9139507070148862,-1.8279014140297725,0.5150782971357495,1.030156594271499,1.3370584313306992,2.6741168626613985,2.8699808706320783e-06,False
0x307882ff7933336d5f530f7f0e94ac6a067f2b87,130,1.0,0.48461538461538467,6783.936930000001,-0.5802577954222027,-1.1605155908444054,-1.0471529054020288,-2.0943058108040575,-1.322597850181684,-2.645195700363368,2.8261938186217116e-06,True
0x9f369b5b11b8f5999b3f0ea8d94d8b901d7d0ca9,365,1.0,0.4767123287671233,6675.750349999999,-0.5838293251033833,-1.1676586502067665,-1.205545779562334,-2.411091559124668,-0.8824403760026213,-1.7648807520052425,2.781123198595498e-06,True
0xe67f141977da22e5c34d15c19b35f180a1532715,65,0.4,0.2692307692307692,6623.66307,-1.5624506778322407,-3.1249013556644814,-3.6225217657997932,-7.2450435315995865,-1.0013071338803679,-2.0026142677607357,2.7594235940319844e-06,False
0xa3530434141207285fedf4f8ffd3707b1d6d80bf,41,1.0,0.0,6558.36284,-1.1189326325666973,-2.2378652651333946,-1.248066064776529,-2.496132129553058,0.08155646611750456,0.1631129322350091,2.7322194634091816e-06,False
0xb502e255d2f37a82836a3b8f1697345324fcdc54,132,0.9924242424242424,0.46564885496183206,6532.866610000001,-0.5731797059569557,-1.1463594119139113,-1.0097793590596853,-2.0195587181193706,-1.2696295257235983,-2.5392590514471967,2.721597712592852e-06,True
0x40035c46ba8a19983ed014feb53c249961717744,65,1.0,0.46153846153846156,6445.801199999999,-0.1779676081964295,-0.355935216392859,-0.5065820336804713,-1.0131640673609426,-2.5142881891445286,-5.028576378289057,2.685326189715093e-06,True
0xacd2c7e45ab72ece1fddc9f1958cac547d7e20ae,162,0.08024691358024691,0.07692307692307693,6107.152000000001,8.818446082429123,17.636892164858246,9.618842724938022,19.237685449876043,30.101986938857188,60.203973877714375,2.544244648775534e-06,False
0xbe1571d029a9440aa80947f9efc6ecb2b7061ee6,55,0.6545454545454545,0.08333333333333333,5928.91572,-1.0793316876605958,-2.1586633753211917,-0.13963916339178942,-0.27927832678357883,1.3645149344413636,2.7290298688827272,2.4699912649384097e-06,False
0xa8e056ff25bdb63f4b6f08ec3efe5a36b899b2fc,48,1.0,0.0,5858.60701,-1.3225056614026227,-2.6450113228052454,-9.111265694570749,-18.222531389141498,-10.201959508782124,-20.40391901756425,2.4407005973441183e-06,False
0xa4389a4ce31098e79b290f9eeb2bd10b775ad3b2,227,0.9515418502202643,0.4305555555555556,5818.14157,0.2160310515956175,0.432062103191235,-0.9608552389198974,-1.9217104778397949,2.1341493923945998,4.2682987847891996,2.4238426610785158e-06,True
0x0c71ffd11df342652c5da27a2a3e722f6288693d,116,0.9224137931034483,0.3925233644859813,5816.403240000001,1.1885893941047605,2.377178788209521,0.03919028023228884,0.07838056046457768,4.714615132268437,9.429230264536875,2.4231184713415804e-06,True
0x90955f2baba5ec812318259781c896c741029ff4,202,0.07920792079207921,0.0,5738.51642,-0.9420855178799211,-1.8841710357598422,-2.300091284461911,-4.600182568923822,-0.41669012947664674,-0.8333802589532935,2.3906707567611765e-06,False
0xa974890156a3649a23a6c0f2ebd77d6f7a7333d4,41,0.975609756097561,0.475,5672.184,-0.8271736316709184,-1.6543472633418368,-1.6717081558884537,-3.3434163117769073,-0.9602008986297765,-1.920401797259553,2.363036614918083e-06,True
0x6b3e7dbd9e168d9d23ca153bd22bb476e59c232c,46,0.34782608695652173,0.1875,5635.70448,3.921334803102793,7.842669606205586,2.779378923013539,5.558757846027078,14.099268757431737,28.198537514863474,2.3478392162697607e-06,False
0xe3b451ae4edbcc8decdd62fcea26dccd6940471c,467,1.0,0.4860813704496788,5620.83456,-0.5463463515933192,-1.0926927031866385,-1.3116932568831676,-2.6233865137663352,-1.2273044114092233,-2.4546088228184466,2.3416443951178193e-06,True
0x1cfb55875458729813bd8ad08be930abb1b01722,31,0.45161290322580644,0.2857142857142857,5617.81283,-0.16968315430858985,-0.3393663086171797,-0.6619569250974203,-1.3239138501948406,-0.0824267347734365,-0.164853469546873,2.340385539863759e-06,False
0x56b22331b0deb266be855fce75c2ec1da533e71c,39,0.7948717948717948,0.0,5606.982290000001,-1.223800352672414,-2.447600705344828,-1.9923719489907006,-3.984743897981401,-4.463881309862791,-8.927762619725582,2.3358735278099657e-06,False
0xdc0a48a84c41dcaf2c2bccdc66e688f3e861b43f,77,0.9090909090909091,0.45714285714285713,5350.219999999999,-0.6674682833390542,-1.3349365666781083,-0.44651811389345497,-0.8930362277869099,0.7343895130390131,1.4687790260780262,2.2289061423019816e-06,True
0x0608f5ec58a9c7f853a8db91e3f887d62d4d9ddc,64,0.078125,0.0,5256.44117,-0.40469446730279257,-0.8093889346055851,-2.6667294453353536,-5.333458890670707,-0.546740099464084,-1.093480198928168,2.189837803017823e-06,False
0x1c159d0b6267b311072f9e50c3157b825972f71c,53,0.7547169811320755,0.0,4986.04,1.6351888496526368,3.2703776993052736,-11.509665390546994,-23.019330781093988,14.547128024106893,29.094256048213786,2.0771884486550786e-06,False
0xed9685268ba535f5a3a4e8cc8fcb88414ad5c42c,46,1.0,0.4565217391304348,4966.97364,-0.6379663886614096,-1.2759327773228193,-0.44857290309822917,-0.8971458061964583,-0.11306169715807012,-0.22612339431614023,2.069245387077173e-06,True
0x2392d6e9cab81a18adf20ffb6c0db4cb40988d6c,120,0.09166666666666666,0.09090909090909091,4922.803,1.5153876017569454,3.030775203513891,1.9177442385617411,3.8354884771234823,5.529211420192257,11.058422840384514,2.0508438613818917e-06,False
0xc031e267504f5a6376d994a44007897c73634f6c,32,1.0,0.34375,4859.136,0.5414329334810074,1.0828658669620148,-0.4274895623138544,-0.8549791246277088,-0.29665958780988877,-0.5933191756197775,2.0243201357478167e-06,True
0x6ff42192443b852ebcbdd7417dcad1f07a439a64,161,0.968944099378882,0.4230769230769231,4840.068740000001,0.6218999188928444,1.2437998377856887,-0.5156466325699001,-1.0312932651398001,2.186730673496511,4.373461346993022,2.0163766992291564e-06,True
0x7ff4d42bfb46d25b7d8b241652271a12d614ea60,37,1.0,0.13513513513513514,4780.766380000001,-0.8743414314850784,-1.7486828629701567,-1.143104213280162,-2.286208426560324,-2.494819785431473,-4.989639570862946,1.9916712862822116e-06,False
0x2eb3b88a5fa4a8928c4c9ba1916a84ddc230d79f,115,0.008695652173913044,0.0,4723.95264,0.1192221944037102,0.2384443888074204,3.576665832111306,7.153331664222612,-0.9537775552296816,-1.907555110459363,1.968002634515901e-06,False
0x0ec109d76045b244ed4622792967c950a2a9b9ed,35,0.05714285714285714,0.0,4645.3044,-2.3860653781913626,-4.772130756382725,-2.2667621092817942,-4.5335242185635884,10.021474588403724,20.042949176807447,1.935237711724457e-06,False
0xce7164b7ba9bc64b5a8624c90def60accfdfb1b6,40,1.0,0.44999999999999996,4546.26371,-2.002089479556164,-4.004178959112328,-2.4960430333890584,-4.992086066778117,-2.596945228067532,-5.193890456135064,1.8939772771481542e-06,True
0x78af6a7209e4c92b82812063961d91f50fde2580,52,0.9423076923076923,0.02040816326530612,4459.680000000001,3.1343315267260627,6.2686630534521255,-2.6615709968778427,-5.323141993755685,7.257019817380983,14.514039634761966,1.8579064308946746e-06,False
0x719cbda2c99a53b0f3d475f86fc855ba5c6fdcf4,109,0.9541284403669725,0.40384615384615385,4450.05804,1.011629845196483,2.023259690392966,-0.5877470774928503,-1.1754941549857005,3.2245462141234142,6.4490924282468285,1.8538979142832108e-06,True
0x935ee08239c0b637c998b1fc600c2ad72660aca7,31,1.0,0.0,4367.356100000001,-1.0930834867111827,-2.1861669734223654,-3.917028999683231,-7.834057999366462,0.32014804324903284,0.6402960864980657,1.8194442166696007e-06,False
0xbd5d80d5c6c3a8c87b8ff94f01b8a545707341a7,124,0.9596774193548387,0.4369747899159664,4366.790129999999,0.7654556785657619,1.5309113571315238,-0.6224187876249301,-1.2448375752498602,3.073573775552487,6.147147551104974,1.819208433092596e-06,True
0x8c2101c743d6d21b97b8b18ff6e657cfe0b4e02b,58,0.017241379310344827,0.0,4268.847,1.0830324909747293,2.1660649819494586,-3.7304452466907336,-7.460890493381467,-2.527075812274368,-5.054151624548736,1.7784052429334474e-06,False
0xb3efc28fcb58717730b25fae33c80e8761b99bc8,36,0.027777777777777776,0.0,4239.8692200000005,-3.492419042113757,-6.984838084227514,-4.335416741934319,-8.670833483868638,-18.545949396052364,-37.09189879210473,1.7663330754651426e-06,False
0x069d11b77d4a06f8127554624b557f7dbe403775,38,0.5263157894736842,0.0,4215.7966,-1.1698290810202465,-2.339658162040493,-0.9804999589318169,-1.9609999178636337,5.066274603988903,10.132549207977807,1.7563044017696116e-06,False
0x572e2fc9962d95062565f5481121233cebdd6d8e,128,0.9453125,0.4214876033057851,4167.890060000001,1.3313155850874563,2.6626311701749126,0.31715217235432713,0.6343043447086543,4.002322718196196,8.004645436392392,1.7363464969988857e-06,True
0x4102ef9de91d1a1fa99839293b3a878f94679499,38,0.5789473684210527,0.13636363636363635,4147.21783,2.4234172598527968,4.8468345197055935,-0.8107054482780591,-1.6214108965561183,6.7748648300857885,13.549729660171577,1.7277344286312146e-06,False
0x5d371c63358aa6a10aee3dba0afd3d30828d521c,63,0.9523809523809523,0.4,4121.84639,-0.4119878327136547,-0.8239756654273094,-0.9931147198636741,-1.9862294397273481,-5.3048364146010725,-10.609672829202145,1.7171646654336179e-06,True
0x79de7eba2d852e495ce86d319415cc5aec7ed5d8,31,1.0,0.0,4111.68171,-0.43749537376129205,-0.8749907475225841,-1.1064569859213855,-2.212913971842771,3.8609806114555596,7.721961222911119,1.7129300512146636e-06,False
0x42967bfe83090846a191956fb1a30888f804a8e5,34,0.9705882352941176,0.3939393939393939,4102.3876,-0.9379686435516598,-1.8759372871033195,-1.4460221611610429,-2.8920443223220857,1.710261909124458,3.420523818248916,1.709058117188356e-06,True
0xf864328f5be5044461fcdc240a65a77e935f5539,69,0.7246376811594203,0.46,4020.5948900000003,-0.42748882332712057,-0.8549776466542411,-1.6134693188579388,-3.2269386377158775,-2.033037166794243,-4.066074333588486,1.6749832055558393e-06,True
0x6ce8a609b7e76d22b3cf477c16453ef9ec9a188a,72,0.1111111111111111,0.0,4014.12,13.205407335020173,26.410814670040345,11.321694712308162,22.643389424616323,24.8152729804774,49.6305459609548,1.6722857609476307e-06,False
0xb80efe792bda2ff806174773064657e8ae4f86e7,39,1.0,0.10256410256410256,3996.23352,-0.6955019068893207,-1.3910038137786414,-0.8257116152067778,-1.6514232304135557,-2.852703934982208,-5.705407869964416,1.6648342383679683e-06,False
0x78a34777bcf99afa711df4366801984a27ff1307,310,0.7580645161290323,0.07234042553191489,3977.396379999999,-0.625071041351833,-1.250142082703666,-1.3755176420906643,-2.7510352841813286,-1.2425825501898855,-2.485165100379771,1.656986670034441e-06,False
0xb0060bc88738b915a37246ca650463ef9b9eddf3,411,0.8418491484184915,0.0,3815.0960999999998,1.7150358638275114,3.4300717276550228,-4.233921252332013,-8.467842504664025,4.973334600862108,9.946669201724216,1.5893722371719923e-06,False
0x3475090da6fc2634ebea5ef4ef799482a66c760a,37,0.5135135135135135,0.0,3790.5949999999993,-1.208080326767131,-2.416160653534262,0.6598170797490327,1.3196341594980654,-0.7691867780229042,-1.5383735560458085,1.5791650583488492e-06,False
0xdeda9719e3db6443eceab232cddcdbcbcbddfce1,83,0.43373493975903615,0.1388888888888889,3784.3878400000003,-0.9972746309659539,-1.9945492619319078,-1.140568902166822,-2.281137804333644,-1.902797129503129,-3.805594259006258,1.57657915028334e-06,False
0x68d017f8c75d22af6a48aa6f2f697c658ec15599,76,0.10526315789473684,0.125,3755.799,-1.2565877801708774,-2.5131755603417547,-0.8222302325914697,-1.6444604651829393,-0.22932860160400692,-0.45865720320801384,1.564669015545462e-06,False
0x0b41f09d5c7dde3d8e6e4d8361ee52dd1cc9c98d,124,0.9274193548387096,0.4,3681.8044600000003,2.035200182874247,4.070400365748494,1.1892870364717607,2.3785740729435214,6.104981057775151,12.209962115550303,1.5338428280797488e-06,True
0xf1941ef9527973589f557493017beed3bd655a1b,36,0.7222222222222222,0.46153846153846156,3669.404,-0.6450118895404037,-1.2900237790808073,-0.9447876439046924,-1.8895752878093848,-2.7198121838990277,-5.439624367798055,1.5286767860363616e-06,True
0xb5a7768f62c23c1f1b05129b6dde7ddd493eb7ee,123,0.9512195121951219,0.41025641025641024,3646.8161900000005,0.5419827569381008,1.0839655138762017,-0.751554990303675,-1.50310998060735,2.9703946139184523,5.9407892278369046,1.519266685432994e-06,True
0x142fbe677de865d1a10e8324535820e99c0fcb04,76,0.9736842105263158,0.0,3488.08107,-0.7656815772062843,-1.5313631544125685,-1.6281983993080822,-3.2563967986161644,5.397103516538996,10.794207033077992,1.453137501218692e-06,False
0x48dca9c168a5a4a5bddae2b095a41a4362753a7a,43,0.13953488372093023,0.16666666666666666,3484.2708000000002,-0.9454909758034654,-1.8909819516069308,-2.4581758881532205,-4.916351776306441,-13.209233959619594,-26.418467919239188,1.4515501395388306e-06,False
0x18176faf9693ee3346fd9976586507f8f5d40599,76,0.9605263157894737,0.3835616438356164,3449.23281,-0.7165018269643876,-1.4330036539287752,-0.419987373587685,-0.83997474717537,-1.3167662789082393,-2.6335325578164785,1.436953283498347e-06,True
0xe4b71fe038dbaddbdc92d980792f434ec472348c,123,0.04065040650406504,0.0,3423.942,8.931245933900275,17.86249186780055,13.959850539939106,27.919701079878212,28.80160030531557,57.60320061063114,1.4264171108264209e-06,False
0x42f1b36fb856769e075dfbf25938464fb3c92c70,220,0.013636363636363636,0.0,3344.04,-1.8655233172644874,-3.731046634528975,1.9966800412763765,3.993360082552753,15.730094928099673,31.460189856199346,1.3931298705667281e-06,False
0x238bbc2b88468b3596a01b8ed0b10643a16ec24b,50,0.62,0.16129032258064516,3333.8985700000007,-0.1458996487582925,-0.291799297516585,-0.9896747466518663,-1.9793494933037326,-4.061217569947525,-8.12243513989505,1.3889049423172872e-06,False
0x19b9bc423c4a91789e51d6a6f4bb34c0a2875a44,30,0.9333333333333333,0.32142857142857145,3212.09112,0.7198687721400209,1.4397375442800417,-0.5636890209474872,-1.1273780418949744,5.460782157824339,10.921564315648679,1.3381598564174282e-06,True
0xa8834f44846317a9f998467c01339049d5f58e3e,32,0.71875,0.0,3131.40005,0.2655806028003106,0.5311612056006212,0.5158342044969335,1.031668408993867,4.8820718565505326,9.764143713101065,1.3045438889334895e-06,False
0xa41bbc2063daeaa250d5cd624ccdc4d5904f46b4,63,1.0,0.0,3112.9664,6.252508668395361,12.505017336790722,1.463874499274415,2.92774899854883,13.323603398084115,26.64720679616823,1.2968644148726012e-06,False
0xc84670ff548f07a8828918c2ef3feda2296e6d70,42,0.047619047619047616,0.0,3098.91219,-0.7146952198476677,-1.4293904396953354,4.842723457573747,9.685446915147494,9.388816889580696,18.77763377916139,1.2910094191912645e-06,False
0xe7c5dc650867c9c42f77193c76f99433e0ee86c6,143,0.8741258741258742,0.32,3070.1240399999997,-0.33832795050156966,-0.6766559010031393,-0.08655367776700766,-0.17310735553401532,0.29826658189811533,0.5965331637962307,1.2790162517401108e-06,True
0xb2439aa785bd907a77735a45a7599d6c2709ae4b,108,1.0,0.42592592592592593,3046.0847700000004,0.5339360161152886,1.0678720322305773,-0.9852623474891866,-1.9705246949783732,2.360497278558362,4.720994557116724,1.2690014716825703e-06,True
0x258f5ee03d9bc35d1b94b88d05aa0693dfcfbf36,109,0.944954128440367,0.3883495145631068,2990.5295199999996,1.3375221958815076,2.675044391763015,0.46990231762808654,0.9398046352561731,4.219097177945095,8.43819435589019,1.245857107906478e-06,True
0x79d574537261c196312100f2161c68dd4ea569f7,82,0.8536585365853658,0.27142857142857146,2957.5688400000004,-0.6716349096936906,-1.343269819387381,-0.4363961903212643,-0.8727923806425286,1.0377369101841896,2.075473820368379,1.232125660955428e-06,False
0x004afa659f84a08fc6a4fd3ad3ad3ff49c13f25f,38,1.0,0.3684210526315789,2944.3255,0.04210694784914225,0.0842138956982845,-0.6484604443514863,-1.2969208887029726,2.049285572623971,4.098571145247942,1.2266084743966332e-06,True
0x1294631b92c2bcf4deadc366fa312684c7e442a8,34,1.0,0.35294117647058826,2942.57418,2.9759471945381066,5.951894389076213,0.46382266042655107,0.9276453208531021,4.110384821117959,8.220769642235918,1.2258788730147954e-06,True
0x181e2c92279ba0076b8f3379650d4d7578045ec4,59,0.22033898305084745,0.0,2867.2104999999997,-0.3675532703588337,-0.7351065407176673,-0.893184559289587,-1.786369118579174,1.8765744082803215,3.753148816560643,1.1944823006759976e-06,False
0x3bab4bd2590981c1d95cc81f14ebe44c4bad72c2,33,0.9696969696969697,0.34375,2863.4332999999997,-0.39760789668819063,-0.7952157933763813,-0.4992376023854741,-0.9984752047709482,-0.7030110851032747,-1.4060221702065494,1.1929087159858909e-06,True
0x8e555c7f07eebea796dec9b9273e8c1b88a1abdc,45,0.9555555555555556,0.32558139534883723,2841.43534,0.577258780305171,1.154517560610342,0.3059679339378081,0.6119358678756162,-2.471845241378275,-4.94369048275655,1.1837443473875693e-06,True
0x260fdaa26e79c3df4cca9b926dd8543979b292d1,36,0.8888888888888888,0.0,2840.42992,3.2612882348211274,6.522576469642255,-1.640630427712027,-3.281260855424054,8.159717826033535,16.31943565206707,1.183325488571746e-06,False
0x3f134b05cd807c4b1f934a1ff5ed46bf251fff7b,64,0.09375,0.0,2754.34152,0.019490441887298468,0.038980883774596936,0.9745220943649233,1.9490441887298466,0.19490441887298468,0.38980883774596936,1.147460988879967e-06,False
0x16840278a84c03e71d7138c53d3c60586474eacc,111,1.0,0.42342342342342343,2623.6705699999998,0.5290070701116804,1.0580141402233607,-1.5519986880499468,-3.1039973760998936,2.3956022968950648,4.7912045937901295,1.093023361441201e-06,True
0x917722b7de829c00049821e95f64552c5a5e87db,46,1.0,0.0,2596.826,-0.2709003919137074,-0.5418007838274148,-0.813664575852691,-1.627329151705382,-1.0773550663371634,-2.1547101326743268,1.081839891049244e-06,False
0x3e781befd071c59d820725f70ce109298f750706,86,1.0,0.45348837209302323,2571.10552,-0.7070055442085919,-1.4140110884171837,-0.6894341280395198,-1.3788682560790395,-1.1934746291260585,-2.386949258252117,1.071124717494707e-06,True
0x0ac0029f4e84c608da4d575aef9dc00188014ec3,107,1.0,0.411214953271028,2563.7533099999996,0.4965036445011363,0.9930072890022726,-0.5515432011416062,-1.1030864022832123,3.5294146569899434,7.058829313979887,1.0680617806381862e-06,True
0xf38c79f6d9147d6b814b351cf09d8425b4202916,71,0.014084507042253521,0.0,2547.0,-6.595995288574794,-13.191990577149587,-16.843345111896348,-33.686690223792695,-18.374558303886925,-36.74911660777385,1.0610823376315644e-06,False
0xf1489077fa6df778a411a59b393774e7d0cde5a1,83,0.024096385542168676,0.0,2506.23,-4.907769837564789,-9.815539675129578,-1.91522725368382,-3.83045450736764,-4.548664727499072,-9.097329454998144,1.0440975214143525e-06,False
0x2e44e5caf808e09db8b544bcb151eb911b9ec0cb,34,0.029411764705882353,0.0,2487.0,-2.1712907117008444,-4.342581423401689,-2.8950542822677923,-5.7901085645355845,-9.408926417370326,-18.817852834740652,1.0360862872751083e-06,False
0xfe7d81ca67ac72ff6056ad2284551528b8bf8365,40,1.0,0.35,2476.13267,-1.330002918800911,-2.660005837601822,-1.4132904763222882,-2.8265809526445764,0.8076167987223883,1.6152335974447767,1.0315589484764378e-06,True
0x5a7495da3a83a67bee69efb4008d288b37637792,52,0.11538461538461539,0.0,2397.44207,-2.9228997057976827,-5.845799411595365,-5.524031940671388,-11.048063881342776,-1.1256007429517731,-2.2512014859035463,9.98776378473442e-07,False
0x04be6f9ebd4c0d857a43417857c482e0f79dcbd1,141,1.0,0.4326241134751773,2362.84,-0.8779841100774383,-1.7559682201548765,-1.9207536364785724,-3.841507272957145,-2.047176993929834,-4.094353987859668,9.843611270708149e-07,True
0x8bd8a7d57ca75e67e1d5257b89260402f28cabd7,91,0.9340659340659341,0.49411764705882355,2341.89973,-0.6028329076022763,-1.2056658152045525,-0.8050838370457989,-1.6101676740915978,-1.6418157098003623,-3.2836314196007246,9.75637393014185e-07,True
0x8364e519e3acf533cbec2700197d2d5861107560,44,0.7954545454545454,0.0,2287.5869999999995,5.018904914928194,10.037809829856387,1.4575658420723674,2.915131684144735,11.069402291317633,22.138804582635267,9.530106641129081e-07,False
0xd3417f3792bdf2e6d88854b7c3c5e97b0b6be732,65,0.9384615384615385,0.3770491803278688,2216.5537200000003,1.646984501754675,3.29396900350935,0.6915150259095684,1.3830300518191367,6.307918505734165,12.61583701146833,9.234181400485043e-07,True
0x40259623cab5f005ad42cb97289fb0afa46acff9,35,0.2,0.0,2175.50775,-0.5484626879967763,-1.0969253759935527,-0.9081286694310057,-1.8162573388620114,-0.24521954278159283,-0.49043908556318566,9.063183544976777e-07,False
0x65e55ecc91a05859c8446ab15995edcebf7c5494,96,1.0,0.0,2084.0347,-0.9269866383348723,-1.8539732766697445,-0.2474648836461936,-0.4949297672923872,0.23717051018572854,0.4743410203714571,8.682106050967005e-07,False
0x7cf0f381781a1ddd66dc17d1b600bcb665deae89,61,1.0,0.0,2051.09775,14.760731848115746,29.521463696231493,13.003587853352398,26.007175706704796,29.625394602966246,59.25078920593249,8.544890440835657e-07,False
0x752686e2ac71850d733625f28cb80ff7e534217a,37,0.05405405405405406,0.0,2006.448,-0.7176861797564651,-1.4353723595129302,-1.3157579962201862,-2.6315159924403724,-3.6482380804286976,-7.296476160857395,8.358879207601795e-07,False
0x1bd07efb1857128d194bc1afa6767e3da1ae3969,104,1.0,0.4230769230769231,2005.3066400000002,0.8440697879316849,1.6881395758633697,-0.5623719415545838,-1.1247438831091676,3.1018365426832917,6.203673085366583,8.354124292262655e-07,True
0x98be16eef95d8421e25295854db8ac66d4b941e4,82,0.036585365853658534,0.0,1999.4679999999998,-0.7955449482895783,-1.5910898965791567,-1.4319809069212408,-2.8639618138424816,1.1933174224343677,2.3866348448687353,8.32980046902045e-07,False
0x46c9a4d12683041a1e279367e124ccc09f96a453,53,0.018867924528301886,0.0,1937.27404,-1.6816412818911257,-3.3632825637822514,-2.5224619228366887,-5.044923845673377,-6.6064478931437085,-13.212895786287417,8.070699909682547e-07,False
0xbe41fcc6f661ccbad18c9d7798209937ea0c5485,32,1.0,0.4375,1918.62665,-0.6408891585354906,-1.281778317070981,-1.1523308285791443,-2.3046616571582885,-1.3292774372180503,-2.6585548744361005,7.9930147264398e-07,True
0xc0943e39f4e58ce10719a10c685879fd6c5fcd68,76,1.0,0.381578947368421,1831.5194999999997,-0.8548226733498938,-1.7096453466997876,-1.0555902673163067,-2.1111805346326133,-0.5873640056803283,-1.1747280113606566,7.630125608471903e-07,True
0x371b88b31d0fc32fb998fb9da06e20f2c478293a,103,0.9611650485436893,0.41414141414141414,1828.8916900000002,1.0011612165301413,2.0023224330602827,-0.24043560066384445,-0.4808712013276889,3.0497682751598854,6.099536550319771,7.619178129957372e-07,True
0x77e9fecc94e26d860a38c1ed4ed608f3ec4f73de,102,0.06862745098039216,0.2857142857142857,1826.66555,6.647301270310685,13.29460254062137,5.610182933056982,11.220365866113964,9.294623193671018,18.589246387342037,7.609904012033951e-07,False
0x4358112db50db0d9dbdcabe28e52527bdd3910dd,107,1.0,0.411214953271028,1775.0932000000003,0.6480415864955716,1.2960831729911433,-0.9858362317137914,-1.9716724634275828,2.5999285372784775,5.199857074556955,7.395053169100488e-07,True
0xaa08e7cfcc4502e406927c7c7b75b6e9ec5dabf4,50,0.06,0.0,1710.06779,-0.6402819911480003,-1.2805639822960007,-0.9551492629998357,-1.9102985259996714,1.270116111266036,2.540232222532072,7.124156765298953e-07,False
0x32ea69b953b60fd8a1d7012725ee6f625248980a,63,0.031746031746031744,0.5,1676.75,-0.23843958720447464,-0.4768791744089493,0.0007042534461041416,0.0014085068922082833,-2.4509015838389687,-4.9018031676779374,6.985354572531314e-07,False
0x18fb496d385f052c427f34110b4e7d30fd2a18bb,84,0.9761904761904762,0.0,1629.25022,-0.653533730323001,-1.307067460646002,-0.3079190961389398,-0.6158381922778796,-0.011155956910525684,-0.02231191382105137,6.787470090397881e-07,False
0xbdb0f45d9da67eab151508b15abc988f07ba5065,37,1.0,0.2702702702702703,1601.57353,-1.0063898473527815,-2.012779694705563,-1.5917897115871282,-3.1835794231742565,-1.4513172235291087,-2.9026344470582175,6.672168767574544e-07,False
0x91c320e565bab66818d86d8a3ca39385abb6c007,31,0.9032258064516129,0.0,1521.7416200000002,1.9276899189298722,3.8553798378597444,-1.4388616631570605,-2.877723326314121,5.131171043707567,10.262342087415133,6.339588360505866e-07,False
0x10fe34657999cdbb4142ac011675c1e23aa18474,33,1.0,0.36363636363636365,1517.58452,2.5559954243483896,5.111990848696779,2.080677302665483,4.161354605330966,5.698760250386742,11.397520500773483,6.322269847016394e-07,True
0x141de09fee8e8c50be39de0fba8b2f5eb70303c7,71,1.0,0.47887323943661975,1501.17106,-0.5332513802535722,-1.0665027605071444,-0.7874836653364863,-1.5749673306729726,-0.7232230715820127,-1.4464461431640254,6.253891234902447e-07,True
0xd5fc11a3cc70ec74d44184c98d5cfc59e82e7885,144,1.0,0.3055555555555556,1488.61112,2.468741290878322,4.937482581756644,0.6928056886169034,1.3856113772338068,6.910833530179157,13.821667060358314,6.201566419450103e-07,True
0xe412384398f53a8782686a8f43cc039a78f9135f,117,0.9145299145299145,0.3925233644859813,1420.7544,2.354708991334881,4.709417982669762,1.0913701871963972,2.1827403743927944,5.426917581024418,10.853835162048837,5.918874754426112e-07,True
0x5bd6069a082d3579525e28e8126bb2af66c61339,105,1.0,0.42857142857142855,1392.2603200000003,0.6512018114557597,1.3024036229115195,-0.5170932401570685,-1.034186480314137,3.046466648420283,6.092933296840566,5.800168178002631e-07,True
0x8cbd166f5391040d7654adc88ac2bef379482538,42,0.40476190476190477,0.23529411764705888,1390.54784,-0.5163956960201075,-1.032791392040215,-1.071374640232163,-2.142749280464326,-2.1139334550810527,-4.227866910162105,5.793033971950226e-07,False
0x34ad1f870b8a4095a46effb093fa3bf70c121f5e,49,0.2653061224489796,0.0,1344.7762899999996,-0.6138747496058433,-1.2277494992116866,-1.9656666402365977,-3.9313332804731953,1.2223516324189334,2.444703264837867,5.602349310501382e-07,False
0x93c45cd1301714fa8cb4721124aa708123c95254,35,0.6857142857142857,0.125,1340.16805,-0.6518840621412195,-1.303768124282439,-1.8879698824681137,-3.7759397649362274,1.7119289245204363,3.4238578490408726,5.583151343985612e-07,False
0x2503e8887ad9fb75a0e383e6fdcff0ac444a3008,108,1.0,0.4166666666666667,1331.4806999999998,0.5261256845834908,1.0522513691669817,-0.5121175374810799,-1.0242350749621598,3.235322969624072,6.470645939248144,5.546959770974918e-07,True
0x3d4b04570d61f42577859c3fa7ac839b8948054c,110,1.0,0.41818181818181815,1289.3608000000004,0.5491018193334923,1.0982036386669847,-0.9572820031462991,-1.9145640062925982,1.9755685887569205,3.951137177513841,5.371487914073437e-07,True
0x9b3e1efbbfb38c1ce5b4fac1baf170dbc11f618a,110,1.0,0.42727272727272725,1277.5078400000002,0.5069799606216597,1.0139599212433195,-0.8804607221230796,-1.7609214442461592,2.7365097860694116,5.473019572138823,5.322108383234592e-07,True
0x8e0fcc28828e5488400f23c7ab7eaf0ce3d77a46,47,0.9787234042553191,0.0,1268.5542100000002,0.4974512552893322,0.9949025105786644,0.46704594272932026,0.9340918854586405,1.782168949039398,3.564337898078796,5.28480748550908e-07,False
0xdb388a4646a4be4d0e248efede21d845332316df,110,1.0,0.4090909090909091,1265.9740800000002,0.7863210604748929,1.5726421209497858,-0.08926018780228592,-0.17852037560457185,3.2377775705458283,6.4755551410916565,5.274058642274712e-07,True
0x3caec87fe32b374668c840ae6edb150e15c4e9f2,108,1.0,0.4166666666666667,1253.3283900000004,0.4994020557383004,0.9988041114766008,-1.194990076829163,-2.389980153658326,2.5004830820708115,5.000966164141623,5.221376591602691e-07,True
0x32d8c555f0406ed0acccbc4b288ca33bba8d6ca4,105,1.0,0.4095238095238095,1215.0435500000003,0.5888010342237432,1.1776020684474864,-1.018197222065382,-2.036394444130764,1.8069047980209954,3.6138095960419907,5.06188162684788e-07,True
0xc2e926417df0866877cc67da49f728f4928c2c65,119,0.9327731092436975,0.3963963963963964,1197.8058299999998,2.111485609438894,4.222971218877788,0.9652242609537365,1.930448521907473,5.295357466880022,10.590714933760044,4.990069140656129e-07,True
0x3225e8550436ebddf4e746320891a29535d899dc,120,0.7916666666666666,0.24210526315789474,1140.9769,-1.1385386237299047,-2.2770772474598093,-1.2472749368271492,-2.4945498736542984,0.4424516294559348,0.8849032589118696,4.753319341325542e-07,False
0x96d07513fad530ca141a78bcc53a479fc1d72d69,106,1.0,0.41509433962264153,1132.1222899999998,0.5405754377827809,1.0811508755655619,-0.4212858659093406,-0.8425717318186812,3.5236937801846087,7.047387560369217,4.716430961751078e-07,True
0x78474a97a286189917ffa3c5100db287ca41dfcf,108,1.0,0.42592592592592593,1113.5477699999997,1.2185506773909398,2.4371013547818796,-0.45287207839213794,-0.9057441567842759,1.6474997255981125,3.294999451196225,4.6390493555399107e-07,True
0x66a0e193a72abfedf38764a6f38f84885c189acd,102,1.0,0.4215686274509804,1110.1439699999996,0.6603357591828466,1.3206715183656932,-0.5329810750100415,-1.065962150020083,3.4936819292964376,6.987363858592875,4.624869096172693e-07,True
0xa78f55070bf21779fc610ea896d1ae3afd648083,38,0.9736842105263158,0.1891891891891892,1096.87413,-0.2097516823625441,-0.4195033647250882,-4.020770935655033,-8.041541871310066,-7.429000505650989,-14.858001011301978,4.5695868313623416e-07,False
0xe8c6609f4e9ea465accd4c8f9f5726870079cc4d,38,0.5263157894736842,0.4,1095.1315400000003,-0.6092513930957674,-1.2185027861915347,-2.9593007683039145,-5.918601536607829,0.5571165868585679,1.1142331737171358,4.5623271867972336e-07,False
0xc41397b36d84484f166a841f144ab74b8bd12f16,36,0.8888888888888888,0.0,1094.89496,-0.69940514411049,-1.39881028822098,-1.3644895653734233,-2.7289791307468465,-0.016940063261484006,-0.03388012652296801,4.5613415925316777e-07,False
0xedb9946ff77f2b25a6e054bf6a695368ab8b37eb,93,1.0,0.40860215053763443,1067.0572200000001,0.8495208482790665,1.699041696558133,0.19873878611246362,0.39747757222492724,3.7128860658434726,7.425772131686945,4.445369334056689e-07,True
0xe0826c3e65ccf28a3aa165d58a7f8c16b69adff9,43,1.0,0.37209302325581395,1036.27917,1.7617121369205087,3.5234242738410173,0.509137771985327,1.018275543970654,4.945859799184557,9.891719598369114,4.317147719444434e-07,True
0x766454bb569623f84a44e42d8fcadee35c4f1096,90,0.8222222222222222,0.04054054054054057,1036.19428,-0.8834901022804876,-1.7669802045609753,-2.1192614872337163,-4.238522974467433,-1.2898279173786869,-2.5796558347573737,4.3167940669919735e-07,False
0x8632ec9f48692346a3829a80d73a025696f42da4,72,0.9722222222222222,0.5,1031.2002,-0.6534033127011973,-1.3068066254023947,-0.41508504645449684,-0.8301700929089937,0.08178278917597716,0.16356557835195432,4.295988687797945e-07,True
0x7ba7c131fce797fad9f9be9b9eed8a70129d8316,36,0.027777777777777776,0.0,1000.3304999999999,0.0,0.0,-0.8348240906380441,-1.6696481812760882,-1.073345259391771,-2.146690518783542,4.167385258516496e-07,False
0x8b0acc01bd62bd71895244b1d253bc94e51588f6,95,1.0,0.42105263157894735,978.6208699999999,0.3085111062249215,0.617022212449843,-0.004700099389546281,-0.009400198779092562,3.7400431410556663,7.4800862821113325,4.0769427577331574e-07,True
0xcd76268db8765a9642e4de46a53f510b153355c9,93,1.0,0.40860215053763443,975.73619,1.3797992338026905,2.759598467605381,0.33020963351019356,0.6604192670203871,3.391028249891989,6.782056499783978,4.0649251566427807e-07,True
0xadc75539438c39509fcf4c79bcf4627bba226eb9,95,1.0,0.4,966.3396099999999,0.7710362146992392,1.5420724293984784,-0.3007061162906404,-0.6014122325812808,2.3326594706657087,4.665318941331417,4.025778925499702e-07,True
0x8de045825a6d1e2414364231f2b4ebf6fdb26c45,57,1.0,0.14035087719298245,934.28443,-0.5600008133376752,-1.1200016266753503,-1.3975652921680706,-2.795130584336141,-1.418369923914081,-2.836739847828162,3.892236776588825e-07,False
0xda06263e64861cd4c60262fe160ffbc10afdfb9f,91,1.0,0.42857142857142855,932.4393599999999,1.336938013353762,2.673876026707524,0.7009977291794726,1.4019954583589451,3.7657112122358303,7.5314224244716605,3.8845501994836266e-07,True
0x06a4144714eff6f6229d458dbaf1dbc4cec644f4,36,0.9166666666666666,0.48484848484848486,920.78023,-0.527549122666825,-1.05509824533365,-0.7787872120619834,-1.5575744241239668,-0.5576049060941336,-1.1152098121882672,3.835978166051549e-07,True
0xd68758c9dfa40602b41340c7c128cc376978d225,57,0.15789473684210525,0.0,898.0920000000001,-0.5987325342590653,-1.1974650685181305,-0.23406699315320623,-0.46813398630641245,0.7563801799141986,1.5127603598283972,3.741458809455073e-07,False
0x0472b8eb98676a5bcc254d41d49c71eaba87b456,48,1.0,0.4375,880.30242,-0.7668058656109858,-1.5336117312219717,-0.9943121255217688,-1.9886242510435377,-0.3988845965542443,-0.7977691931084886,3.6673472698717047e-07,True
0xffed6766795e5a36cabc142b22e8478fb7c70a83,37,1.0,0.40540540540540543,867.6031099999999,-0.5792400801271332,-1.1584801602542665,-0.29768060496073484,-0.5953612099214697,0.5703933157309303,1.1407866314618607,3.614441837829663e-07,True
0xad62875a8c24c6c312ac02b8689e138f467db928,34,1.0,0.29411764705882354,793.8331000000002,-0.9021724924936736,-1.8043449849873472,-0.36451163013386345,-0.7290232602677269,7.577478660099956,15.154957320199912,3.3071153570369516e-07,False
0xf39d5d38f376304670fe5f5cb2eaee08b9c7158f,37,0.5405405405405406,0.0,780.1031700000001,2.8473322042668405,5.694664408533681,4.481319203170369,8.962638406340737,11.778307432225397,23.556614864450793,3.2499163534251816e-07,False
0x3fb34f5eebed84a4b37274b0b53fdbc5ef940a87,365,0.00821917808219178,0.0,756.7726,0.0,0.0,0.3999440078389025,0.799888015677805,3.599496070550123,7.198992141100246,3.1527210029977103e-07,False
0x24861835ba34f2bbef942dfef1a1a8e839450f28,74,1.0,0.4189189189189189,753.60392,1.0676040184522058,2.1352080369044115,0.4563767347018809,0.9127534694037618,5.324531398508358,10.649062797016716,3.139520255523794e-07,True
0x0989fc7d954b44f517514b5a4a09df156ad4f1e9,37,0.8648648648648649,0.5,732.6666700000001,-1.1270718112870317,-2.2541436225740634,-2.3066745518873164,-4.613349103774633,-2.7551653134879723,-5.510330626975945,3.0522954963028425e-07,True
0xf8c27415801f1871287446c9933221fc5ce70062,95,0.6842105263157895,0.36923076923076925,700.96684,-0.3487604898480456,-0.6975209796960912,-1.045924462210457,-2.091848924420914,-1.242425057045492,-2.484850114090984,2.920233738474326e-07,False
0xb787bb4193bebdc02fa7455f2a1da8c4692cb680,60,0.9833333333333333,0.4745762711864407,688.3503199999999,-0.5911358152037166,-1.1822716304074332,-0.8042529443941926,-1.6085058887883852,1.4497914680735215,2.899582936147043,2.867673210267119e-07,True
0x234bc49d6b768400e4d2d541677230f2bd85be14,49,0.7346938775510204,0.05555555555555558,663.5091600000001,-0.4302857120328739,-0.8605714240657478,-0.46172462812779497,-0.9234492562555899,0.671594954111534,1.343189908223068,2.7641847292216556e-07,False
0x24c272cbf5c5e2bc430e76dd5dda2445ffe527aa,64,0.9375,0.36666666666666664,642.4857399999999,1.9435830644552456,3.8871661289104913,0.7105851193128501,1.4211702386257001,4.046899521989304,8.093799043978608,2.6766009850575e-07,True
0x3c8999caf66b36c48de5c57e6f3dd4b8145bac3b,57,0.05263157894736842,0.0,598.7885,-1.5259584192507731,-3.0519168385015463,-1.0850326003778947,-2.1700652007557895,-7.065857163416385,-14.13171432683277,2.4945579164778093e-07,False
0x1ddf10ce352f5484ef909baacc69a095581b38f3,38,0.9736842105263158,0.40540540540540543,597.42816,0.29023437374969613,0.5804687474993923,-1.7145281324616979,-3.4290562649233958,1.6697620690840587,3.3395241381681173,2.488890728620826e-07,True
0x34705cb69ac83cd65d4710259151665ab0ce6fa6,74,0.02702702702702703,0.5,583.44195,0.05997001499250374,0.11994002998500748,-1.686266094257891,-3.372532188515782,-0.062338573148432386,-0.12467714629686477,2.4306240603781637e-07,False
0x16348ed153e1fe332b452885e116af160e3d88ca,31,0.03225806451612903,0.0,540.4326,2.3869766553683105,4.773953310736621,5.609395140115529,11.218790280231058,6.325488136726023,12.650976273452047,2.2514467473117557e-07,False
0x1d0281ff1224ff54d424ce3e13fb6f0a73bbcef4,176,0.06818181818181818,0.0,534.30701,-1.0175198117707747,-2.0350396235415493,0.028020251700854242,0.056040503401708484,2.0620079657440806,4.124015931488161,2.225927487961255e-07,False
0x71831b1ddd4d0989fa81d3b884fae996b6ecb545,31,0.7741935483870968,0.4166666666666667,525.8546200000001,-0.8622309395077355,-1.724461879015471,-1.210747342583063,-2.421494685166126,-0.08133913428837285,-0.1626782685767457,2.190714760282521e-07,True
0xa3f96ef66f71f3030d0dc04e2900173d19374127,219,0.0136986301369863,0.0,501.612,-1.9853560750473225,-3.970712150094645,1.8768011503791817,3.7536023007583634,15.610052032188753,31.220104064377505,2.0897198019004487e-07,False
0x8ae6c8a2ee6fbc5bf820fa134a2d978e7b427a06,47,0.8085106382978723,0.39473684210526316,461.81550000000004,-0.8574487265808005,-1.714897453161601,-1.9405510574441842,-3.8811021148883684,-2.2921186643713276,-4.584237328742655,1.9239272488986642e-07,True
0x8add7f6f7f385f68b5cfde6db225a06b3524999e,58,0.05172413793103448,0.0,450.63030000000003,-0.03959833328152979,-0.07919666656305958,-7.662253832796545,-15.32450766559309,5.2686516586818835,10.537303317363767,1.8773296118241585e-07,False
0xa1ab69404688d682f87075d211694aeb18fd1517,55,0.21818181818181817,0.0,414.79970999999995,-0.851689735482541,-1.703379470965082,-1.4364509352778487,-2.8729018705556975,-6.169587386399478,-12.339174772798955,1.7280590731672356e-07,False
0x768d3a93377263ea79faaaacb7c8bc2bd65ae408,45,0.8666666666666667,0.3076923076923077,401.42136999999997,-1.2283085229786888,-2.4566170459573775,-4.213276407097914,-8.426552814195828,-3.9516312968926317,-7.903262593785263,1.6723247964462705e-07,True
0x36a42a43098e9cc2d698fcf059c9782f48483e2d,49,0.3877551020408163,0.10526315789473684,396.13123999999993,-0.9579364744541623,-1.9158729489083246,-0.480854423628206,-0.961708847256412,0.5877578371651476,1.1755156743302952,1.6502860704675706e-07,False
0x190bb2579d4d4e49cc499f180aaafe6d65aead49,52,0.4423076923076923,0.4782608695652174,348.02081999999996,-1.1198489355325727,-2.2396978710651454,-2.1054382627489074,-4.210876525497815,-0.9878364505711059,-1.9756729011422118,1.4498576569691946e-07,False
0x7ff1db7423724222cca86a4ee9f9da0bc3deafb7,56,0.5178571428571429,0.0,336.96432000000004,-1.4713478632986585,-2.942695726597317,-2.6436295986889182,-5.2872591973778365,-2.2378020070358002,-4.4756040140716005,1.4037961851748354e-07,False
0xa1f51546cc1ec96338586106844218f02d47777d,31,0.5483870967741935,0.11764705882352941,323.71454,-1.2615968232782167,-2.5231936465564333,-1.3615415882634716,-2.723083176526943,-2.4000146201938035,-4.800029240387607,1.3485974904928408e-07,False
0x5df758c150f5e63b32bea09c7d9ca712c9b263bf,34,0.5,0.058823529411764705,302.41742999999997,-1.192992864778056,-2.385985729556112,-2.0160561269051467,-4.032112253810293,-2.9973997456522383,-5.994799491304477,1.2598735514916763e-07,False
0xe31f9c5ab66f49d0da96a894ff3f03d700ffb271,31,0.5161290322580645,0.0625,299.05587,-1.2075935339585395,-2.415187067917079,-2.067107903751537,-4.134215807503074,-3.169746883538467,-6.339493767076934,1.2458692643189683e-07,False
0x3d2597bf7f30ec432e4b1f888a8fb3e5cd2d9996,43,0.13953488372093023,0.33333333333333337,252.01238999999998,-0.1597756995498458,-0.3195513990996916,-1.277601437133501,-2.555202874267002,0.5394914398958948,1.0789828797917895,1.0498857318151452e-07,False
0x08a249ca6054363b6ae00399782e23a4801bbab2,122,0.00819672131147541,0.0,249.602,-0.35576638007708267,-0.7115327601541653,-0.7115327601541653,-1.4230655203083307,-0.5929439667951378,-1.1858879335902757,1.0398440268453622e-07,False
0x1e999b25a70042cbc9198fb474769c3843934e05,30,0.16666666666666666,0.0,248.42953,-0.2376562152691756,-0.4753124305383512,-0.5938665428610486,-1.1877330857220971,2.59025771882227,5.18051543764454,1.034959506985123e-07,False
0x16dc16a8ece68568f255a5b12b4cf674b5c1cfc3,36,0.4166666666666667,0.4,231.36855,-0.573723283978396,-1.147446567956792,-0.7736820385847665,-1.547364077169533,2.0214600711410244,4.042920142282049,9.638833211167079e-08,False
0x909d7b8aed91ed293854badb9b9abe2cb5ebd41d,34,0.4117647058823529,0.0,212.05836000000005,-0.4161473987197436,-0.8322947974394872,-0.6624138794624935,-1.324827758924987,-0.14363004704832455,-0.2872600940966491,8.83436907511252e-08,False
0x55fc1acebe1eb342dd341b881b95583c8b7ff753,63,0.2222222222222222,0.1428571428571429,210.761,-0.195468583357357,-0.390937166714714,-0.43758738765737526,-0.8751747753147505,0.3289439933775376,0.6578879867550752,8.780320948628431e-08,False
0xf744ed9956ff544ecbc9aa7c7f389cf0d98d05a1,74,0.013513513513513514,0.0,102.36306,-0.6008026723702867,-1.2016053447405735,0.0,0.0,3.724976568695778,7.449953137391556,4.264453670668241e-08,False
0x93b933d03f049aa55fe32636398f386e5973b4ac,34,0.23529411764705882,0.25,86.95049999999999,12.062660312507061,24.125320625014123,8.273016163055418,16.546032326110836,18.445299579396323,36.89059915879265,3.6223651275317364e-08,False
0xa41ddf4b221b4d4bbfcdd056bec1422d4d2aedc6,48,0.0625,0.0,36.71567999999999,-0.5189032684548702,-1.0378065369097405,-0.1973517913041782,-0.3947035826083564,-0.5069336113545834,-1.0138672227091667,1.5295783102525507e-08,False
0x093cf4e7e16d37570f370cef4ee9040f0cce8aea,36,0.05555555555555555,0.0,23.42102,-0.3585707601679392,-0.7171415203358784,-1.0157943429094436,-2.031588685818887,-2.449466384408393,-4.898932768816786,9.75721658865945e-09,False
0xbe1d14d6a94e5ee38b6b0e2ca339d50ffd688253,45,0.022222222222222223,0.0,14.507290000000001,0.0,0.0,0.11718246481596495,0.2343649296319299,1.640554507423509,3.281109014847018,6.043749189595217e-09,False
