wallet,n_fills,maker_share,two_sided,volume,markout_1,realized_spread_1,markout_10,realized_spread_10,markout_60,realized_spread_60,volume_share,is_mm
0x0622a2198712c9527817493553dca548f42e8088,7356,0.1850190320826536,0.36737692872887584,72304751.94126001,4.174752167483023,8.349504334966046,8.429932580035793,16.859865160071585,18.57703578903721,37.15407157807442,0.06509157045078909,False
0xecb63caa47c7c4e77f60f1ce858cf28dc2b82b00,5736,0.7944560669456067,0.13780996269475532,53978894.53086001,0.01636817735444772,0.03273635470889544,-0.2080419745501188,-0.4160839491002376,-0.35990074029580404,-0.7198014805916081,0.048593915640089524,False
0x7b7f72a28fe109fa703eeed7984f2a8a68fedee2,4799,0.7101479474890602,0.4935446009389671,38661010.265939996,0.43407627086952155,0.8681525417390431,-2.5968155082227042,-5.1936310164454085,5.605785466171762,11.211570932343523,0.03480415610122706,True
0xf5d81a135f756ca16544e53c20fc20643ec3ad53,11018,0.3840079869304774,0.4920822500590877,33742872.08746,-0.16805085332682118,-0.33610170665364236,-0.5901505735756789,-1.1803011471513578,-0.08346910634238916,-0.16693821268477832,0.03037665543029857,False
0x351126a070c9cadef8064ddd7b2d289fc33163aa,3039,1.0,0.4662717999341889,28474150.781400003,0.2234625892107963,0.4469251784215926,0.8035179719390111,1.6070359438780222,0.8790155063445705,1.758031012689141,0.02563354609278798,True
0xba5f4f92f396e6de20d3dae5eefa65f4ecca806a,2971,1.0,0.423089868731067,26799723.685269997,0.27106462068571024,0.5421292413714205,0.5507564559712956,1.1015129119425913,1.2034426848871904,2.406885369774381,0.024126161220200348,True
0xa62b923a112d50d03e1e096bbd53422490dac104,4505,0.9274139844617092,0.4676878889420776,24067449.77442,0.2272020094111631,0.4544040188223262,1.4405057189033443,2.8810114378066887,0.1729828297277006,0.3459656594554012,0.021666461200712993,True
0xd911e53d53b663972254e086450fd6198a25961e,682,0.7228739002932552,0.4989858012170385,23929827.6639,0.958419498872542,1.916838997745084,-6.1394565653597075,-12.278913130719415,-0.7492611699554357,-1.4985223399108714,0.02154256838506823,True
0xaf68caebaa151dd592112a07e2344b3950e13561,2145,1.0,0.4853146853146853,22810563.54737,0.27471828999626885,0.5494365799925377,-0.27315358396032174,-0.5463071679206435,0.2001952444401737,0.4003904888803474,0.020534962976874044,True
0xec4a6f59960fb55a7fa49262e2628687b322cf62,1407,0.8507462686567164,0.0,20403754.31312,-2.2284861471009214,-4.456972294201843,-3.9747628604834024,-7.949525720966805,-2.9880613675762215,-5.976122735152443,0.01836825901030673,False
0xf9109ada2f73c62e9889b45453065f0d99260a2d,1456,0.8873626373626373,0.47523219814241485,19712244.92308,-0.05399895762895429,-0.10799791525790858,-1.842954577845966,-3.685909155691932,-1.6218480047938826,-3.243696009587765,0.017745735165459884,True
0xe2990ce029db870c805e90a1a8a1d8a1c52255d6,339,0.46607669616519176,0.3291139240506329,18864655.5689,1.2384085832541905,2.476817166508381,8.084734514868702,16.169469029737403,13.808018159599364,27.616036319198727,0.016982702021998343,False
0x654086857e1fad6dcf05cf6695cce51ea3984268,10842,1.0,0.4831211953514112,18162778.969019998,0.2321419508565669,0.4642839017131338,0.5951309539090837,1.1902619078181673,1.1145452809138454,2.229090561827691,0.01635084520868731,True
0x72d0b1f98fd9cdd4e46976edd86857b0266a62ea,1681,0.4562760261748959,0.49282920469361147,17167610.95635,3.024903561435506,6.049807122871012,2.5025870548826115,5.005174109765223,7.85596607506432,15.71193215012864,0.015454955975021096,False
0x4e23288cee4960f9f962195c22948e4bc7ae20c3,1495,0.4608695652173913,0.40348330914368646,16217059.87852,-1.0474125415243667,-2.0948250830487334,-2.031100902352085,-4.06220180470417,-3.0150082185667344,-6.030016437133469,0.014599232654098704,False
0xb8eb97eaed8367079894d2f1bed69bd220ec1dd5,262,0.6374045801526718,0.48502994011976047,14949012.312649999,1.936759420810398,3.873518841620796,1.961886476263334,3.923772952526668,2.2178871955843826,4.435774391168765,0.013457686555775412,False
0x1367df28c0681431b8a8f3d887576a1cad85560e,437,1.0,0.0,14497670.421519998,9.510824186776068,19.021648373552136,36.2137119148931,72.4274238297862,60.65199322381769,121.30398644763538,0.013051370902721961,False
0x847bd1ef4fede0fe191129894d63044843f4d473,1645,0.8723404255319149,0.4418118466898955,13362035.260909999,0.7154396671982767,1.4308793343965533,2.241758621219906,4.483517242439812,0.2881881750292537,0.5763763500585074,0.012029027639262715,True
0x1e3001537d0c6799e59245597c541127bac57120,860,1.0,0.47558139534883725,13315424.68415,0.9677388021769202,1.9354776043538404,0.6935480186270472,1.3870960372540944,2.687975367248797,5.375950734497594,0.011987066971955673,True
0xfbb64f9fb18aa6bcf9fe1a2097b3b79435008113,1765,0.8453257790368272,0.38739946380697055,11901579.13509,1.0731131820849205,2.146226364169841,2.457084983739424,4.914169967478848,0.7132071810611106,1.4264143621222212,0.010714267817096008,True
0x0dd5db9c3748486e747c6a123727f472668cf6ee,2080,0.9899038461538462,0.4521612433220009,11743641.90358,-0.016776033903639208,-0.033552067807278416,-0.1875498329421868,-0.3750996658843736,-1.3962902219335585,-2.792580443867117,0.010572086533630884,True
0x49cba59fce90bfdb2ac76f84b6d5144a84bcb3a8,785,1.0,0.4713375796178344,11450916.114519998,-1.5661218323991317,-3.1322436647982634,-11.812351439105491,-23.624702878210982,1.4924893263554744,2.9849786527109488,0.010308563309917437,True
0x023a3d058020fb76cca98f01b3c48c8938a22355,2497,1.0,0.4261113336003204,11307005.52211,-0.07127423858100557,-0.14254847716201113,-0.3172201032483732,-0.6344402064967464,-0.3864933227854767,-0.7729866455709534,0.010179009356505354,True
0x97991003fd631e2923f40cab2a4fdc35e60dc807,1767,1.0,0.4521788341822298,11109855.407949999,0.5611247011373234,1.1222494022746468,0.4403171660751387,0.8806343321502774,0.91594398196311,1.83188796392622,0.010001527099797633,True
0xe1fa3c336d43a3b2e8934fe0bd0492124c3e4d81,761,0.9434954007884363,0.43454038997214484,10862255.92599,-0.398499118353735,-0.79699823670747,-1.701951937530208,-3.403903875060416,-6.654900545059662,-13.309801090119324,0.00977862834569263,True
0xaf9f722a676230cc44045efe26fe9a85801ca4fa,76,1.0,0.2763157894736842,10795170.46479,-1.412946834553604,-2.825893669107208,0.8664633841845069,1.7329267683690137,-11.064742471900727,-22.129484943801454,0.00971823538524833,False
0xa6727cd11f50e42232d147f6eb4122a373975661,435,0.16091954022988506,0.15714285714285714,10791907.78241,-4.0613746953520655,-8.122749390704131,8.750288977247237,17.500577954494474,14.725017604937554,29.450035209875107,0.009715298190744587,False
0x09c8a7efcc50995f45f7492c0ee0b0628cf500d0,648,0.9891975308641975,0.48517940717628705,10776418.7104,-0.6442139088176057,-1.2884278176352113,-2.1812426422256803,-4.362485284451361,-1.5930551876143229,-3.1861103752286457,0.009701354321290816,True
0x5b52403396a365f9f7e33e87488564017e1f97a8,732,0.9808743169398907,0.49582172701949856,10614923.219579998,-1.0197324344869048,-2.0394648689738095,-4.080567565187531,-8.161135130375062,-6.921426006996408,-13.842852013992816,0.00955596975338946,True
0x2025137a136bea7446deba681cbfc7cf1970840e,1775,1.0,0.10929577464788731,10054032.39885,-1.0050782492335706,-2.010156498467141,-5.492656056354934,-10.985312112709869,1.0415425539311793,2.0830851078623587,0.009051033862005618,False
0xb1ec7febea4f841d525785955b7fe0e812d6e86a,724,0.4889502762430939,0.0,9877095.009599999,-0.1395386490103981,-0.2790772980207962,-13.441513067634604,-26.88302613526921,-125.88303465671348,-251.76606931342695,0.00889174789215537,False
0x66aec3752ac8c7e817708ea13a40942dd31b0a30,724,0.9751381215469613,0.443342776203966,9837741.871439999,-0.2720722821229512,-0.5441445642459024,-3.5761204726889533,-7.1522409453779066,-2.542040282629975,-5.08408056525995,0.008856320655407746,True
0x1db0a25e24de6a69f466fd04a9963c41fe60182e,738,0.9552845528455285,0.4085106382978724,9748546.559349999,-0.14978426840837686,-0.2995685368167537,-0.3133283547489443,-0.6266567094978887,-6.074920093250487,-12.149840186500974,0.008776023540973234,True
0x4ef66df2067c588eb98896ede3a8e80f85aff085,752,0.9521276595744681,0.4762569832402235,9697683.806219999,-1.5898593890590371,-3.1797187781180742,-3.344350201313463,-6.688700402626926,7.284510615463825,14.56902123092765,0.008730234897906287,True
0x0cf706aa8d7260e3cd5fe0de11d7f3e899753e5b,649,0.9553158705701078,0.45483870967741935,9689506.736000001,-0.35384094870419397,-0.7076818974083879,-1.5174098202937,-3.0348196405874,0.3174221116478388,0.6348442232956776,0.00872287357893325,True
0x7684d0c6d84d22b481ef3d2587c475f878836e51,737,0.9443690637720489,0.43247126436781613,9522750.01659,0.36837615436026105,0.7367523087205221,-2.0097152187573677,-4.019430437514735,0.25424271104717927,0.5084854220943585,0.008572752646930928,True
0x0a8817c801b0801c2f2acfc8778a7cd807161e07,1657,1.0,0.43210621605310806,9474608.489729999,0.2718319273500353,0.5436638547000706,0.04436732260600434,0.08873464521200868,-0.2568181918181793,-0.5136363836363586,0.00852941375836435,True
0x621c5551678189b9a6c94d929924c225ff1d63ab,197,1.0,0.43147208121827413,9191684.69413,0.7289807957100713,1.4579615914201427,-10.88500631237518,-21.77001262475036,-23.062184879731227,-46.12436975946245,0.008274714673185786,True
0x67f7aa8fb95c47e6ea9c517b623e0701cbf9d9ba,6740,0.8200296735905045,0.4841686267414511,8761212.98398,0.17045252850279866,0.3409050570055973,0.2498399241607832,0.4996798483215664,0.27889102666275123,0.5577820533255025,0.007887187174701818,True
0x14ecb8b25e270b31cc270e3dd3ee220dd5dce16e,651,0.8894009216589862,0.4127806563039723,8471750.347690001,0.3499255292528948,0.6998510585057895,-0.29775332301654195,-0.5955066460330839,0.8820889495502805,1.764177899100561,0.007626601568955622,True
0xffc03f2cfbc0b2dc47e84003800ad296eb6caf0b,355,0.49295774647887325,0.18285714285714283,8429333.48212,0.14604890653716285,0.2920978130743257,-10.71620954405015,-21.4324190881003,-16.740491481957704,-33.48098296391541,0.0075884162447629,False
0x4e60e3a4a32d63d245aa4e4ce304b4254b088f95,898,1.0,0.46659242761692654,8396898.03404,0.9140022350378569,1.8280044700757139,-0.7642233592765215,-1.528446718553043,0.4049147808646269,0.8098295617292538,0.007559216583646333,True
0x823ecdcdfc67ab8885f4d24ba595050611fe76c9,2258,0.05358724534986714,0.4132231404958678,8156838.3624,0.8555752218606711,1.7111504437213423,-0.6914909126189793,-1.3829818252379587,8.497483191289337,16.994966382578674,0.007343105462185842,False
0x44871d62caaeb8b91777be8aae0e23ee68b4c92d,1294,0.437403400309119,0.14310954063604242,7975355.062240001,0.18772277745288785,0.3754455549057757,-1.478745792420645,-2.95749158484129,-1.8678591489912624,-3.7357182979825247,0.007179727085234861,False
0x34fb5ec7d4e939161946340ea2a1f29254b893de,72,1.0,0.4305555555555556,7818991.61967,-0.053760227722723694,-0.10752045544544739,-1.583796843694155,-3.16759368738831,-3.171414683122682,-6.342829366245364,0.007038962588231378,True
0xa61c57d0d1a83c02542092b431999b9870dd66b9,1487,0.980497646267653,0.0,7655589.83114,-0.8458386897008627,-1.6916773794017255,-4.539652297739358,-9.079304595478716,-8.626662516395458,-17.253325032790915,0.00689186189644661,False
0x551946bd7965303493ff47ecd8c7f2ba8d754d0d,718,1.0,0.34401114206128136,7564837.0109,1.1291670577728552,2.2583341155457104,0.0939686678088946,0.1879373356177892,2.2068919623882377,4.413783924776475,0.006810162652155463,True
0x39475d17bcd20adc540e647dae6781b153fbf3b1,41,1.0,0.4146341463414634,7542595.356740001,-0.691048870900513,-1.382097741801026,2.0382642772728325,4.076528554545665,1.9959197736409913,3.9918395472819825,0.006790139843697814,True
0x31dea2516beee92135b96f464eeec3cf292a13f2,1533,0.3561643835616438,0.3992673992673993,7535339.714229999,0.3664790302474159,0.7329580604948318,-0.608712561015988,-1.217425122031976,0.8438125405033897,1.6876250810067794,0.006783608030048979,False
0x77435010f5e34e2fa04f5ce7d49e57a8bd8de4fe,741,0.7975708502024291,0.18781725888324874,7141793.15824,-0.789493529003218,-1.578987058006436,-28.255062229457803,-56.510124458915605,-30.976662398707514,-61.95332479741503,0.006429322001992355,False
0x71d0e11ebb6150cebe20cf62f798be1a50108c26,184,0.9836956521739131,0.1933701657458563,7133641.18732,-0.03704062065994923,-0.07408124131989846,0.5458055214005995,1.091611042801199,1.7061739056828895,3.412347811365779,0.006421983278392515,False
0xaa7a2106d961c66a8cf47dafa9deeaae7600af37,121,1.0,0.487603305785124,7017212.6062,1.8676235191483768,3.7352470382967535,0.8003221283060584,1.6006442566121168,-10.855906639808854,-21.711813279617708,0.006317169708233051,True
0x66f889094739dbb7d20aa60f645acd88feba75a9,710,0.43661971830985913,0.0,6598015.240960001,-0.39111908333763173,-0.7822381666752635,-0.8300871348271708,-1.6601742696543416,-1.739479302066287,-3.478958604132574,0.005939791816742991,False
0xab5e6f394951c28ab1873007e373202689cdbec3,566,1.0,0.4381625441696113,6554671.19648,49.30714398976412,98.61428797952824,65.40550521046406,130.8110104209281,95.40067916227815,190.8013583245563,0.005900771809770501,True
0xe54399c38b91cead48d2a87557445f4f1644f9d5,1363,0.9985326485693323,0.4981631153563556,6546051.02513,0.9956550003694524,1.9913100007389049,1.657609776709153,3.315219553418306,1.3606877314995733,2.7213754629991467,0.005893011593800432,True
0xfc667adba8d4837586078f4fdcdc29804337ca06,2454,0.556642216788916,0.45973645680819913,6533053.962510001,-0.17819610864312976,-0.3563922172862595,-0.20946411190769723,-0.41892822381539446,0.029660925560646076,0.05932185112129215,0.005881311128831404,False
0x8f63c88fccae90c1f9eb8b447f830bce7b71dd74,350,0.8628571428571429,0.4403973509933775,5966977.77053,0.12013011265927896,0.24026022531855792,0.14696354529036754,0.2939270905807351,0.1301030465157986,0.2602060930315972,0.005371707163096002,True
0x25773676902085225ae5751075e4161369334897,1718,1.0,0.2956926658905704,5389012.531540001,0.48951491132234004,0.9790298226446801,1.1069034670983955,2.213806934196791,-0.2647579448950218,-0.5295158897900436,0.004851400211453494,False
0x934de82f50e7f5840de6124ace12f06dd7f992c9,360,1.0,0.0,5207000.0,-0.01920491645863961,-0.03840983291727922,-0.4555832959905887,-0.9111665919811774,-1.9140900070419595,-3.828180014083919,0.004687545399680026,False
0x634fe24f2f7396f5d967ec3936df04f49a3e6951,531,0.6685499058380414,0.0,5114058.8759699995,-0.44514673137701877,-0.8902934627540375,-0.28414708391865084,-0.5682941678373017,0.024454077103757993,0.048908154207515986,0.004603876158583825,False
0xcf7058370dc4376536a58e09d619b5ff2969516c,183,1.0,0.0,4975219.061999999,-0.6155392249228973,-1.2310784498457945,-1.8277746372709032,-3.6555492745418063,-1.1494252873570188,-2.2988505747140375,0.004478887118586224,False
0xbeccae9ffcb69e9d42a1d4e744abf8056149562d,837,0.986857825567503,0.48184019370460046,4786375.93056,0.16152490646666193,0.32304981293332385,0.41228652213488143,0.8245730442697629,1.0899849647329556,2.179969929465911,0.004308883133173753,True
0xfc27136e42af1732ddc9ce2605ea9bff1b959d9d,252,0.7976190476190477,0.1094527363184079,4728002.940649999,0.6657123769153424,1.3314247538306847,1.8736578451314465,3.747315690262893,1.904800059699224,3.809600119398448,0.004256333480721632,False
0x5f60dfbf12fa7e9db11629e6a0f1c79009476738,689,0.9970972423802612,0.45997088791848617,4681742.27034,1.0541046776707415,2.108209355341483,0.5631881524735228,1.1263763049470457,0.4864684639239395,0.972936927847879,0.004214687812909504,True
0xd7f1d74f2943d3fc5d06b94761af121c23c10290,625,0.9264,0.46286701208981,4524884.42626,-1.796490381916828,-3.592980763833656,4.83805894193911,9.67611788387822,5.669107326420195,11.33821465284039,0.004073478236297072,True
0x7e1ad5e2bbe30d6d202e7c41036ea0a07c560be9,363,0.4628099173553719,0.0,4462905.973370001,-0.7833903497283775,-1.566780699456755,-16.626365977237292,-33.252731954474584,-14.052401802283834,-28.104803604567667,0.004017682804815644,False
0x4e28dee6193035725e993860bf8838d4e5326a9c,371,0.9191374663072777,0.3313782991202346,4407855.752429999,-1.1324251322212622,-2.2648502644425244,-5.085737295116785,-10.17147459023357,-18.35412093168509,-36.70824186337018,0.003968124439169653,True
0x9266865bb6afb4c4f618544dd3b8c970f17aa664,1256,1.0,0.4434713375796179,4264585.11874,-0.6607836203106844,-1.3215672406213688,-1.8198492572299474,-3.639698514459895,-3.082343100452422,-6.164686200904844,0.0038391466016695955,True
0x3bcae23e8c380dab4732e9a159c0456f12d866f3,1016,0.7549212598425197,0.08213820078226858,4025601.64891,-3.751272432120973,-7.502544864241946,-14.396124991111403,-28.792249982222806,-10.20403472087967,-20.40806944175934,0.003624004319241866,False
0x5483dd0f8b7d2544a6ac14ba8659988178fd9f4a,1548,1.0,0.46317829457364346,3903662.16357,0.8819326420101345,1.763865284020269,0.5420715252836966,1.0841430505673932,0.40756613255857604,0.8151322651171521,0.0035142296171975286,True
0xde6b2a06407575b98724818445178c1f5fd53361,218,0.6330275229357798,0.0,3840681.6223999998,-0.25258478429263254,-0.5051695685852651,-0.43781362610732677,-0.8756272522146535,-3.008565430685526,-6.017130861371052,0.00345753206658666,False
0x7717a7a245d9f950e586822b8c9b46863ed7bd7e,999,0.987987987987988,0.3394123606889564,3723830.76741,-0.4765651221147062,-0.9531302442294124,-1.1050968906007963,-2.2101937812015926,-0.014756802308008214,-0.029513604616016428,0.0033523383489455897,True
0x6e6f2ca77afaee5a22dc3cf0f903f39a548a82a6,375,1.0,0.3866666666666667,3543825.93329,-1.1852503059669153,-2.3705006119338305,-3.3003137583636164,-6.600627516727233,-3.0518273056406047,-6.103654611281209,0.0031902909450471123,True
0x0a97692d91fa9195a52da81cca2051c032c5347d,343,1.0,0.36734693877551017,3496989.0106300004,-0.8528099627262189,-1.7056199254524378,-2.366864712407424,-4.733729424814848,-0.1861394532392783,-0.3722789064785566,0.003148126512293118,True
0xa175cdfea874e94fccae4a9cfc05bf2325401932,216,0.6388888888888888,0.4057971014492754,3490809.8354,1.2334955247363284,2.466991049472657,-17.743193196126146,-35.48638639225229,18.0190608641314,36.0381217282628,0.0031425637766635413,False
0x9d1eb5f9121e78faa5455d1b51cbf1a0c6e8340c,398,1.0,0.49246231155778897,3391618.40168,0.6577382934124039,1.3154765868248077,0.31178634738162775,0.6235726947632555,1.2905565958958534,2.5811131917917067,0.003053267761909969,True
0x1f1690074a8744e8d38cdca1ab2b75fafe5d6d07,165,0.4909090909090909,0.024691358024691357,3329520.542,0.23717888227777154,0.47435776455554307,1.0911583653994175,2.182316730798835,4.977048815100386,9.954097630200772,0.0029973648357580654,False
0x2a4ee571bbadd998a4110c56894fd6b231f62088,395,1.0,0.4177215189873418,3314934.47658,0.5389437020350761,1.0778874040701523,0.7972483412307473,1.5944966824614946,-0.5130274850357832,-1.0260549700715664,0.0029842338882145754,True
0xa70ac79d24b8ea7dc8899d6c2df26488130b4be9,369,1.0,0.27913279132791324,3285839.1085800002,-0.4746674650797093,-0.9493349301594186,-1.1691873228841265,-2.338374645768253,-3.1392086577766234,-6.278417315553247,0.0029580410980435757,False
0x46249a6affc5578d3e7adb62d8888bb35044d7d1,150,0.38666666666666666,0.0,3277292.9072,2.2745358090179764,4.549071618035953,39.119223650141386,78.23844730028277,104.36032347031929,208.72064694063857,0.0029503474727384936,False
0x92cbb22a9b9fc01da9914c9b39ed904dd61b859c,419,1.0,0.36515513126491644,3185992.3468400002,-0.6026215611454265,-1.205243122290853,-1.5937881342934448,-3.1875762685868896,-1.287269243892184,-2.574538487784368,0.0028681551313319785,True
0x7a24be8824238da4981fdbb886161af8d66ed24d,697,1.0,0.4461979913916786,3122514.79402,3.0355781172788987,6.071156234557797,1.012837089358492,2.025674178716984,1.3120594539803045,2.624118907960609,0.002811010151361873,True
0x093f2e026bf3d52f5ba02306976255782ffbf712,317,0.9936908517350158,0.45079365079365075,3098628.92722,1.0131380134415753,2.0262760268831506,-2.7982851217805207,-5.596570243561041,-1.767802782857945,-3.53560556571589,0.0027895071582687853,True
0xf8c5362479968e9b9643c9f3b93fbaf3db008acd,261,0.5823754789272031,0.48026315789473684,3097274.8871700005,0.21633755358411286,0.4326751071682257,0.7027158933871852,1.4054317867743704,7.94093581191559,15.88187162383118,0.002788288198367238,False
0x154d97e96620b08f22b41e96a77dea29da902d6d,281,1.0,0.4270462633451957,3039648.42047,-0.46040048683335155,-0.9208009736667031,-1.4400203554085897,-2.8800407108171795,0.3505736170489396,0.7011472340978792,0.0027364105953560217,True
0x7fdafde5cfb5465924316eced2d3715494c517d1,418,1.0,0.0,2994120.54973,-0.5351376324396558,-1.0702752648793117,-0.8709138677990409,-1.7418277355980818,-0.09740805887585478,-0.19481611775170957,0.002695424622426405,False
0x4cf1aa03b2ee27f922c2b089dc9f7d3a2551e717,1206,1.0,0.4917081260364843,2962169.1680199997,0.36658817785236936,0.7331763557047387,0.22821803392514256,0.4564360678502851,0.22616692608652966,0.4523338521730593,0.0026666607368208486,True
0xfc0714740c63e72b0a4e5dbd9c3e413ed2df0a24,200,0.455,0.3846153846153846,2886451.88941,-1.0172533535359118,-2.0345067070718237,-2.2061134083262854,-4.412226816652571,-3.682471164251999,-7.364942328503998,0.002598497076166999,False
0xffecf0de53df5876245ffda139ba6a0e130a87f1,255,0.8431372549019608,0.49767441860465117,2800666.56269,0.06371175736030286,0.12742351472060573,-2.057909239081909,-4.115818478163818,-1.443177747002636,-2.886355494005272,0.0025212697641588595,True
0xa0fb46d2b458ed4c909d897b57ce3efc3aca96be,133,1.0,0.43609022556390975,2766332.37708,-0.03641561647629814,-0.07283123295259628,0.7262673629924203,1.4525347259848407,0.8012503777451078,1.6025007554902155,0.002490360785129108,True
0x57002993f7e6939385852b15209bb86c8caff854,232,1.0,0.47413793103448276,2738591.0412600003,0.4153810535724654,0.8307621071449308,1.521729994861004,3.043459989722008,9.057412885655218,18.114825771310436,0.0024653869477747736,True
0x28280399d9afd68a3555c65ca6a75a1bd55693a0,56,0.017857142857142856,0.0,2620000.0,1.9083969465648856,3.816793893129771,5.7251908396946565,11.450381679389313,7.633587786259542,15.267175572519085,0.002358626646276487,False
0xe86b057f5eb764c9738d6b0d38170befd0723664,197,1.0,0.31472081218274117,2508896.9709,-0.21334797224082955,-0.4266959444816591,0.09045835714758875,0.1809167142951775,0.6383125045430247,1.2766250090860494,0.0022586073466897344,True
0x07fd7e702ba749ffa49c3a6c17fcd9e6c7b7082a,170,1.0,0.28823529411764703,2489520.9267500006,-0.10622344003370054,-0.2124468800674011,-4.496274159876007,-8.992548319752014,-18.91804056259858,-37.83608112519716,0.002241164272631865,False
0xbc15bdc9dd14922351221326ef57a0a7c1b16adf,1136,0.7570422535211268,0.47558139534883725,2476497.29458,1.4214746489628467,2.8429492979256934,1.7013770169956572,3.4027540339913145,3.0088940050926847,6.017788010185369,0.0022294398887129844,True
0x13558be785661958932ceac35ba20de187275a42,111,1.0,0.4144144144144144,2446924.0781,1.691072331325651,3.382144662651302,-1.615507911346389,-3.231015822692778,4.067312174503313,8.134624349006627,0.002202816920619156,True
0x0efb38a5fa35325ed7524197c0c8ae942aa6d8dc,374,0.732620320855615,0.281021897810219,2353429.00936,-2.2739386900646377,-4.547877380129275,-2.7398563805346545,-5.479712761069309,10.212200259533903,20.424400519067806,0.002118648996792585,False
0x2d0d2d152e7bef498ce5d32aa84024eae0e10714,1015,0.7694581280788177,0.44814340588988477,2292746.58858,0.8429487926780761,1.6858975853561522,0.7438184910728728,1.4876369821457456,2.146367392785487,4.292734785570974,0.0020640203041924817,True
0x7064c7abd02a8481a33620e485e75df41b8a5fa5,181,1.0,0.4972375690607735,2187624.0677300002,1.383573726337763,2.767147452675526,-2.512019837709575,-5.02403967541915,4.406118136616582,8.812236273233164,0.0019693848924365407,True
0xe52ec3a0f90c66510ff7892354b1a1337afaac63,435,1.0,0.37471264367816093,2123148.40872,2.1306999449297517,4.261399889859503,2.340120854041143,4.680241708082286,9.707024659346208,19.414049318692417,0.0019113413781704253,True
0x90cc9850f850bb51a2cc6054a8a57246c02b40ed,102,0.9901960784313726,0.49504950495049505,2093203.2798599997,-6.670501435237155,-13.34100287047431,-2.9509875714764005,-5.901975142952801,26.47206862307564,52.94413724615128,0.0018843835999813488,True
0xc179e03922afe8fa9533d3f896338b9fb87ce0c8,40,1.0,0.0,2057483.4331199997,-1.5201122544431747,-3.0402245088863493,0.2241191144369205,0.448238228873841,14.743140006235356,29.48628001247071,0.0018522271945149839,False
0xb7e0b9fbc9479330d70bcc82a7d4325a20e8d1aa,45,1.0,0.0,2031176.8749999995,-3.8232145588010384,-7.646429117602077,-3.814718526448155,-7.62943705289631,-7.264107661722325,-14.52821532344465,0.0018285450002578643,False
0x9362ca4dfd6993270b6ebe17116772aac61a7d7c,167,0.6526946107784432,0.3486238532110092,1966668.9167999998,-0.45462584062880934,-0.9092516812576187,-1.0663789858714792,-2.1327579717429583,-3.6277035832474716,-7.255407166494943,0.0017704724089954943,False
0xad0d614bed719fed42cf5bfeccb75e47256da754,944,0.7171610169491526,0.49039881831610044,1941884.3793900001,0.8720779672501164,1.7441559345002329,1.4430309020757432,2.8860618041514865,1.2541215725527293,2.5082431451054585,0.0017481603974111959,True
0x10afa96b89dc4472474de79ccda9550c748d8e9c,120,0.275,0.0,1933280.0,-2.2715189352488383,-4.543037870497677,-26.9327148442611,-53.8654296885222,-34.8796959852284,-69.7593919704568,0.0017404143979822164,False
0xab112398e16f586bd2be0bbe490b9c08ca08f86e,874,0.7448512585812357,0.4639016897081413,1902168.40656,1.0788456736158902,2.1576913472317805,-0.19599384988021465,-0.3919876997604293,3.1968769483249653,6.3937538966499305,0.0017124065226785123,True
0x2eddf3aa5c4df34f9263a98b564bec3b4ec78179,97,0.9278350515463918,0.36666666666666664,1895938.68853,-0.06957866084412224,-0.1391573216882445,-0.0298737419565695,-0.059747483913139,-0.09417354892742796,-0.18834709785485593,0.0017067982864402119,True
0x6a072733f7249e6b794cae88c6d3cc7eb756a93c,498,1.0,0.48594377510040165,1876153.5751299998,-0.9589951045402691,-1.9179902090805383,-1.4734239328535736,-2.9468478657071473,-7.264920844394103,-14.529841688788206,0.0016889869522169895,True
0xdd0c5de50d72e5eaa96816e920e41ce89c4b8888,349,0.16905444126074498,0.0,1842454.50442,-1.7133699937096254,-3.426739987419251,-4.151836202225938,-8.303672404451875,-6.5938932204740075,-13.187786440948015,0.0016586497285027296,False
0xc5329be87ddadb4e5c8ef0bf01e9f1d43e041412,131,1.0,0.33587786259541985,1756695.9918,-0.8907004343240227,-1.7814008686480454,-6.555239663302661,-13.110479326605322,-2.992711842863868,-5.985423685727736,0.0015814465555979318,True
0x6daec5ff434924e0839358e710e6ae5f158590de,179,1.0,0.0,1732608.47985,-0.19118367891366322,-0.38236735782732645,-1.905688111933278,-3.811376223866556,-0.562979268195942,-1.125958536391884,0.0015597620336407663,False
0xc05b532d9b4eff8c140ad5477dc87d5803b98951,100,0.99,0.36363636363636365,1676235.0,-0.5655192032022246,-1.1310384064044492,-1.2412144149717446,-2.482428829943489,-1.0148577695580483,-2.0297155391160966,0.0015090124184813998,True
0xa516541e599129095d14f7faf8b11ae670c837b0,104,0.6730769230769231,0.0,1666938.7031199997,-0.6990529937277465,-1.398105987455493,-0.4547095527592592,-0.9094191055185183,1.1664372315182094,2.332874463036419,0.0015006435278200007,False
0x5c92c6e4b3bacd41390944cd70a59e3f88562d97,115,0.8695652173913043,0.48,1662384.6165,1.9873115938997261,3.9746231877994522,-29.84914953759767,-59.69829907519534,-66.62313463072253,-133.24626926144506,0.0014965437606248165,True
0x7b5fda757db52ea84f6271f9520db35ec76baf52,120,0.9833333333333333,0.4661016949152542,1581163.9262199998,2.4697188603609947,4.9394377207219895,-0.6471482437919174,-1.2942964875838348,-1.190419231144262,-2.380838462288524,0.0014234257131731454,True
0xf36c562be0598b8ce109998b6aa2d53ffcd8316b,389,1.0,0.4190231362467866,1542920.77181,1.353189984632728,2.706379969265456,3.0641897607994846,6.128379521598969,5.7920064812190075,11.584012962438015,0.0013889977272841792,True
0x440888714a6afed60ff44e9975a96e6a36f7fac4,790,0.9556962025316456,0.4768211920529801,1525664.7072,-0.912514279606704,-1.825028559213408,-2.5602063475683234,-5.120412695136647,1.487230334434662,2.974460668869324,0.001373463141864708,True
0x020ca66c30bec2c4fe3861a94e4db4a498a35872,3217,0.05968293441094187,0.0,1487100.0,-1.0106853793852248,-2.0213707587704497,-1.803767489013594,-3.607534978027188,-0.4534279141734709,-0.9068558283469418,0.0013387456815563985,False
0x6af7dd75a49d3183e596b05f2d920cc31a6d74ce,1252,0.04233226837060703,0.0,1470514.5962499997,0.013978829063370791,0.027957658126741582,9.924020505863579,19.848041011727158,12.552566583011595,25.10513316602319,0.0013238148513182288,False
0x2b23d15bd4da0905f1b2dc5b9a3d8d4d0875914f,151,0.8079470198675497,0.4016393442622951,1467198.65093,1.4357459083867024,2.8714918167734047,0.062222914819343195,0.12444582963868639,11.12116870831766,22.24233741663532,0.0013208297074291649,True
0x15094c3ec74e8a43c082042815e0c135deebb152,184,1.0,0.48913043478260865,1439864.89128,0.028562179226477923,0.057124358452955847,0.5540070580234298,1.1080141160468595,7.290551213674768,14.581102427349537,0.0012962227861110706,True
0x6ba889db7f923622d3548f621ecc2054b80c1817,325,0.9507692307692308,0.4854368932038835,1439622.47944,0.23085344976263475,0.4617068995252695,0.3940844563553085,0.788168912710617,4.352667719455392,8.705335438910785,0.0012960045574754993,True
0xd74da9d828888f0b128c292b0ad5a5aca43e5e32,182,1.0,0.0,1430068.97586,-0.4738613645806576,-0.9477227291613152,-1.0786993166129972,-2.1573986332259945,-2.1205071215131395,-4.241014243026279,0.0012874041192659244,False
0x5b676c5b03f38557e6f21257732608d019cec66a,527,0.0683111954459203,0.0,1428039.994,-3.972806458465787,-7.945612916931574,-0.18058211174829544,-0.3611642234965909,-15.317612067134032,-30.635224134268064,0.001285577550304166,False
0xb6a766f531fa8e222f460df11d62b0f84b7b65f3,152,1.0,0.4868421052631579,1407015.1396599999,-1.8221268642468085,-3.644253728493617,0.732190560385271,1.464381120770542,5.479999412399843,10.959998824799685,0.0012666501527162247,True
0xd90647646547bacb7eb3a5af3023767fe4d9ec1c,553,1.0,0.4936708860759494,1404063.46453,0.2324036204691412,0.4648072409382824,1.1185799041123565,2.237159808224713,1.6806228271739696,3.361245654347939,0.0012639929391235645,True
0xb1da97a05c4e0757b08829b02f8e5a126dc17168,326,0.147239263803681,0.0,1370559.204,0.015903307888026248,0.031806615776052496,-1.9004452926206554,-3.800890585241311,0.6043256997449251,1.2086513994898502,0.0012338310911656075,False
0x81e87683e1aa87dc6005de68d8d20c69843d53db,92,1.0,0.4782608695652174,1366910.59952,1.8688971529408769,3.7377943058817538,-2.660874008155572,-5.321748016311144,2.883349697283819,5.766699394567638,0.0012305464744678015,True
0xf58b673c1633ccef0ac58263cdc95ed80f817fc7,580,1.0,0.45689655172413796,1324400.56393,0.251601373256067,0.503202746512134,0.7608575438727302,1.5217150877454604,0.8135716834456392,1.6271433668912785,0.0011922772749728642,True
0xbc1bc64be47052fbab69d12fe5da1c3327788d1b,259,0.015444015444015444,0.5,1319892.3441,4.106011242083519,8.212022484167038,3.2394894978164204,6.478978995632841,42.41523769527995,84.8304753905599,0.0011882187988590054,False
0x939f95036d2e7b6d7419ec072bf9d967352204d2,3299,0.03364655956350409,0.009009009009009009,1310567.1362500004,-0.38979567575908575,-0.7795913515181715,-0.3381324975258705,-0.676264995051741,-7.489114700078702,-14.978229400157405,0.0011798238814097399,False
0x0f621a7ff27a9393828a9dfa524b6095ad20e3e8,95,0.37894736842105264,0.0,1296964.786,0.17334026694385343,0.34668053388770687,-4.831859941063708,-9.663719882127417,-5.871901542728355,-11.74380308545671,0.001167578512802245,False
0xf5d889840ff183c72b0b57aac895303eee76f226,416,1.0,0.4423076923076923,1288766.3247599998,0.3567530052996905,0.713506010599381,0.3213413935353512,0.6426827870707024,-2.9532434648282835,-5.906486929656567,0.0011601979367949437,True
0x69369ad76474577121293fcf015a4c90e49b9417,130,0.2923076923076923,0.0,1285500.0,0.37871809044162985,0.7574361808832597,2.3439579111134785,4.687915822226957,7.789309914225464,15.578619828450927,0.0011572574632780245,False
0x53f81d22b16ff1718ab8ee52bff0592685325f92,566,0.1872791519434629,0.0,1271367.64197,-0.14806790770095318,-0.29613581540190637,-0.5439078867777771,-1.0878157735555543,-0.22554415752069157,-0.45108831504138314,0.001144534960902346,False
0xd72cfd2424e26ba32e46b7b2aff95eff34247a71,428,1.0,0.40654205607476634,1268492.9501999998,0.24437291156689142,0.48874582313378284,1.8985365387492865,3.797073077498573,1.6033370364645014,3.206674072929003,0.0011419470507464094,True
0x49dfb8ddbd3ba96c0699a3f120e71f2516c345d8,333,1.0,0.4414414414414415,1242855.38522,0.882780224115129,1.765560448230258,0.7105138093445601,1.4210276186891202,11.119744871956462,22.239489743912923,0.00111886711032371,True
0xd3943e40080322c21c65d94966d4212331302c92,202,0.7178217821782178,0.4137931034482759,1227067.05032,4.082119263369788,8.164238526739576,-7.054954206656484,-14.109908413312969,11.517086473493057,23.034172946986114,0.0011046538326918483,True
0x76bf72092bbfe1c935b6d834f70dd9e75b057fd6,34,1.0,0.17647058823529416,1194138.14246,-1.2764595100950207,-2.5529190201900414,-5.195857905759587,-10.391715811519173,-4.05111155238124,-8.10222310476248,0.001075009939748574,False
0xc926ddba8b7617dbc65712f20cf8e1b58b8598d3,341,0.6480938416422287,0.22171945701357465,1173667.3738000002,-0.31683081816148645,-0.6336616363229729,0.4699534951434588,0.9399069902869176,-8.579141194655096,-17.15828238931019,0.00105658135179772,False
0x7ab12f7a0925ef24927343d47199e75a91fc78aa,50,1.0,0.4,1165922.27985,9.028684391315512,18.057368782631023,22.174046671689226,44.34809334337845,86.88294159839747,173.76588319679493,0.001049608914786886,True
0xca4903c207a0df58bf37d4bc8bbc5210726f53c8,1618,1.0,0.0,1157352.5460700002,-0.5145612454186677,-1.0291224908373353,-1.1183210889761583,-2.2366421779523167,-0.17477277756984394,-0.3495455551396879,0.0010418941046933734,False
0xc1914d36f97dc5557e4df26cbdab98e9c988ef37,82,1.0,0.19512195121951215,1143836.0430100001,3.060986104716731,6.121972209433462,-2.1468091573283536,-4.293618314656707,37.34832135553462,74.69664271106925,0.0010297260190896352,False
0x218a65e21eddeece7a9df38c6bbdd89f692b7da2,97,0.9175257731958762,0.0,1102545.2100600002,-1.9262367043335817,-3.8524734086671635,-2.492194276070307,-4.984388552140614,0.7639357972439259,1.5278715944878518,0.000992554393577108,False
0xc6e17525c730e379758ebd423c84ab794cc1b56a,257,1.0,0.44357976653696496,1078440.1472999998,-0.25693312209175834,-0.5138662441835167,0.49091864378721617,0.9818372875744323,0.9135277695448176,1.8270555390896352,0.0009708540716931753,True
0x4129c62faf652fea61375dcd9ca8ce24b2bb8b95,635,1.0,0.48346456692913387,1058486.37446,-0.030119048002532622,-0.060238096005065245,0.009306945554287136,0.01861389110857427,2.4704332266123212,4.9408664532246425,0.0009528909036343313,True
0x4721d4bcf69f585801362feac273e8389d1a45ec,222,0.7027027027027027,0.2564102564102564,1055797.5,-0.8842359638598859,-1.7684719277197718,-2.930947199097468,-5.861894398194936,13.291759568530802,26.583519137061604,0.0009504702735008012,False
0x1b11b544fa42e1709599606bcaa0928fc8b21c06,252,0.8492063492063492,0.43457943925233644,1007234.51801,-0.4223692309986085,-0.844738461997217,-0.8690197735083536,-1.7380395470167072,-1.9277738793613104,-3.855547758722621,0.0009067519745144428,True
0x04cc5be7baef93144c6a1f06846d26f808b44ab5,54,1.0,0.0,999999.9903300002,-0.07778216186319387,-0.15556432372638773,-1.4071500191633457,-2.8143000383266914,-0.9051015198635842,-1.8102030397271685,0.0009002391692628122,False
0x1c814c8068ddd68bcc79bd9d28a1698ba099072d,132,0.3560606060606061,0.0,999998.27997,-2.5420659977522204,-5.084131995504441,-12.907680264154152,-25.815360528308304,-12.109574437306637,-24.219148874613275,0.0009002376295297315,False
0xdf4b79c5cebf5be025f9a0658a38a5440689c147,89,0.5955056179775281,0.0,999922.0983999998,-0.17606150415195704,-0.3521230083039141,-1.6359048094137025,-3.271809618827405,-8.869098271662807,-17.738196543325614,0.0009001690478957782,False
0x95465e180697879cdd127b210c4830a16e3f96e4,68,0.9117647058823529,0.0,979706.19329,-0.31631997128617445,-0.6326399425723489,-4.063539756572224,-8.127079513144448,1.1272887167635608,2.2545774335271216,0.0008819698980976704,False
0xdafc555a97b358bc09fccf4c0e583c1ec5838b16,300,0.30666666666666664,0.0,971139.1429499999,-0.39465443953701596,-0.7893088790740319,-1.6183097905701238,-3.2366195811402476,-0.9245742904595192,-1.8491485809190384,0.0008742575037419772,False
0x91f564e80ed5e98eb22fde0857e1a87047f2df13,64,0.46875,0.0,957490.54848,-0.15576323987548385,-0.3115264797509677,-0.33759212312960307,-0.6751842462592061,0.31152647975073156,0.6230529595014631,0.0008619705042758842,False
0xaa57ef244c09de1a28437f3e05f208e87c938566,58,0.4827586206896552,0.0,922391.81218,0.0,0.0,-0.3455921056126331,-0.6911842112252662,1.821004556499029,3.642009112998058,0.0008303732467614522,False
0xfc4a6f84dab39bdd8bc179ad9c78b21de529eac8,108,0.7685185185185185,0.15662650602409633,921424.4618599999,-0.38970593055321184,-0.7794118611064237,-0.2932806097986038,-0.5865612195972076,-1.3854279297938799,-2.7708558595877597,0.0008295024001045682,False
0x89b2ddaff60f1e3f666cbea75ee1924521d69ca6,30,1.0,0.0,911500.0000000001,-5.031170158405841,-10.062340316811682,0.3507604707189066,0.7015209414378132,5.9119183220108225,11.823836644021645,0.0008205680107179459,False
0xf71ab4e4172730ed096b832f37982942935c7215,114,0.2807017543859649,0.0,907268.9959999998,-3.8022813688211845,-7.604562737642369,-10.194866920152329,-20.389733840304658,62.4643536121676,124.9287072243352,0.0008167590951550057,False
0x8a81247a5c3995e22f87f2f76e4370e93f873515,51,1.0,0.3333333333333333,882831.50733,-3.30789243310894,-6.61578486621788,-3.442843353648545,-6.88568670729709,-10.196785813771797,-20.393571627543594,0.0007947595104431199,True
0x88c8df8de727854bff379745b22344957c7cc104,92,0.8260869565217391,0.039473684210526314,879422.0539399999,-0.8499345979253375,-1.699869195850675,-2.4326657621973333,-4.865331524394667,-1.281535238524248,-2.563070477048496,0.0007916901869259855,False
0x34efcd07bb59121a9b6011097f7845302654febe,108,1.0,0.38888888888888884,828572.4999999999,-1.34081928868318,-2.68163857736636,-0.5252455409114428,-1.0504910818228856,-1.0248114999123348,-2.0496229998246696,0.000745913426286994,True
0x98eadc9dc42156f68cbf7d007d084bbf142bc0e3,863,0.9942062572421785,0.3834498834498834,805166.12509,-2.12108973125544,-4.24217946251088,-1.4300089584507354,-2.860017916901471,6.698841634451395,13.39768326890279,0.000724842090578802,True
0x308fd47d492cf32d0f504c2a3e82bc25583b455b,127,0.2283464566929134,0.0,784440.0000000002,-1.0945651543211827,-2.1891303086423655,-2.677068991892989,-5.354137983785978,-3.1254450792047717,-6.250890158409543,0.0007061836207653161,False
0xd071d6d6ea52f5aa34b79e47f908ee48c8215837,2181,1.0,0.42686840898670336,767902.44092,-0.49298286706408817,-0.9859657341281763,-1.118174347315315,-2.23634869463063,-0.4547047435235664,-0.9094094870471328,0.0006912958621735373,True
0x8fb661545816bcb561f280c4501591643c454667,430,1.0,0.40697674418604646,763485.28345,-0.36697858596239263,-0.7339571719247853,-1.8476700856580925,-3.695340171316185,1.7362505007294193,3.4725010014588387,0.0006873193639637887,True
0xaf9b98d2acde5f13eaeaeb0101273cdfa86dcc95,42,0.8809523809523809,0.0,727312.5824999999,-3.8039957503044564,-7.607991500608913,-3.835091083413231,-7.670182166826462,-1.150527325024667,-2.301054650049334,0.0006547552813956739,False
0x522b92bcc19d01fe7585a9823435fe8204bde0e0,233,0.6223175965665236,0.24137931034482762,722939.4032000001,-0.5199529762260224,-1.0399059524520449,-1.5053990966409012,-3.0107981932818024,-0.9968282760229709,-1.9936565520459417,0.0006508183740575348,False
0xd4c1f7e8d876c4749228d515473d36f919583d1d,1596,0.06954887218045112,0.009009009009009009,711669.6137199998,0.17122044076327808,0.34244088152655616,-0.8334266200853041,-1.6668532401706082,-1.0258138993168915,-2.051627798633783,0.0006406728680401855,False
0x08b6ba90a7613ddc7e86e02f41d0e08c80ad41e0,164,0.38414634146341464,0.1746031746031746,709897.98579,-0.18746155633268335,-0.3749231126653667,-5.083766245203349,-10.167532490406698,5.407966928630501,10.815933857261003,0.0006390779791688171,False
0x5241aa4e4e84274ca6bf097f8aec4b851cd0765f,48,1.0,0.0,697827.5986499999,0.06426322215790055,0.1285264443158011,-1.3093631514683197,-2.6187263029366394,-22.106548422337585,-44.21309684467517,0.0006282117437721465,False
0x170c3ec003b872b1fbd9fea3f34482607370996d,144,0.2777777777777778,0.0,686654.5156,-5.641345901238173,-11.282691802476347,-5.738433307363819,-11.476866614727639,-14.020290545988198,-28.040581091976396,0.0006181532966718449,False
0x1700acdd94010de35087b45b601d0e1b90c2697f,973,0.8643371017471737,0.46730083234244946,658733.87047,-0.6426173541411395,-1.285234708282279,-1.5198220738692338,-3.0396441477384677,-1.8013358233557515,-3.602671646711503,0.000593018038051674,True
0x3f240a16bb7c34302cab342227207acc3d9e0d4d,120,0.38333333333333336,0.0,657520.0,-0.04969936149847759,-0.09939872299695518,1.4130151230427939,2.8260302460855877,3.71974859327251,7.43949718654502,0.0005919252642976015,False
0xc6ef411a92428ec7f9fc0bc8e84ee3515bfeea7e,492,0.044715447154471545,0.0,655456.32079,1.0605222459566936,2.1210444919133873,-9.259385403768672,-18.518770807537344,16.549365719883642,33.098731439767285,0.0005900674594220012,False
0x2a767954b55264c1443b3fa634d4adb7d6059a53,371,0.16442048517520216,0.0,618811.8669999999,-2.7989508757577357,-5.597901751515471,-7.277432658461084,-14.554865316922168,-0.02310535797442525,-0.0462107159488505,0.0005570786864650004,False
0xe02e420ec55b4e03924d77c7b342c012541ba2d3,294,0.3299319727891156,0.0,611013.44,-5.411137255399323,-10.822274510798646,-4.9806461259506,-9.9612922519012,1.2246718171693267,2.4493436343386534,0.0005500582369530762,False
0x9c80801cdbd3280dfca2dc787aadfba8d2d6cb8f,124,0.6612903225806451,0.2804878048780488,601622.6540099999,-1.1754144005778726,-2.350828801155745,-6.668475106180477,-13.336950212360954,12.697498515586792,25.394997031173585,0.0005416042834929639,False
0x01f63d95156bca41c98a9817f0627c3521196f7f,55,0.6,0.2727272727272727,601430.5267299999,-1.2186284494548676,-2.437256898909735,-2.760230221075252,-5.520460442150504,-5.045070253130902,-10.090140506261804,0.0005414313229883514,False
0xd6608f4027ee90db6dc45d0b4b8e2fb0a49c1f61,398,0.9974874371859297,0.49118387909319894,599767.84803,-0.09205188157930067,-0.18410376315860133,-0.13674209965885395,-0.2734841993177079,0.1032529803746058,0.2065059607492116,0.0005399345144822384,True
0xb83de012dba672c76a7dbbbf3e459cb59d7d6e36,822,0.3637469586374696,0.0,580132.16278,-0.8037077481794184,-1.6074154963588367,-1.5378421537701288,-3.0756843075402576,-2.7954716135131785,-5.590943227026357,0.0005222577013339376,False
0xad5455057feac38a2dd2210d0fac0854d1eb6203,37,1.0,0.0,560000.1873,2.1540001887735696,4.308000377547139,-7.279709410277997,-14.559418820555994,4.575907335547784,9.151814671095568,0.0005041341082769479,False
0xbba9651d001014cb81628a91f824feb32e4a91e5,550,0.34545454545454546,0.43157894736842106,552600.87592,2.032285011708849,4.064570023417698,0.9164188103324801,1.8328376206649601,-3.306662704418808,-6.613325408837616,0.0004974729582826866,False
0x80f2e5f37b047d875c5685a67450965417b90c3a,323,0.9721362229102167,0.0,531116.3165400001,-0.31440118273342604,-0.6288023654668521,-3.4035755944745945,-6.807151188949189,-7.931927513223362,-15.863855026446725,0.00047813171620742813,False
0x14f8e042905350cee7ae0cec27f092f10dd912bb,92,1.0,0.391304347826087,527834.09996,-0.8539214806399954,-1.7078429612799908,-1.6508124373272353,-3.3016248746544705,7.173599674665209,14.347199349330419,0.00047517693625153545,True
0xbf1935fe7ab6d0aa3ee8d3da47c2f80e215b2a1c,371,0.9973045822102425,0.4864864864864865,520634.18938,-0.10983742020432463,-0.21967484040864926,-0.13394235658532097,-0.26788471317064194,-0.5063967655710436,-1.0127935311420873,0.00046869529466955225,True
0xa38f19c4ccbcfd64cff676d72c436f7e6239dccf,140,0.9642857142857143,0.48888888888888893,515863.19529,-0.2741331598108206,-0.5482663196216412,-3.8288294446445477,-7.657658889289095,-2.0915595591543186,-4.183119118308637,0.00046440025887187984,True
0xa6a1140c06c35619038823f58a54f25eb33c29eb,105,1.0,0.3238095238095238,514881.69022999995,-1.3893337597782178,-2.7786675195564356,-2.3787703207947355,-4.757540641589471,-7.811135073220129,-15.622270146440258,0.00046351666956349387,True
0x5f7bb97b54247c753560f0e5317fd6944d28de4b,35,0.8571428571428571,0.0,513341.5939599999,-1.3007676587738637,-2.6015353175477274,-3.9280861637276328,-7.8561723274552655,-7.286043109520041,-14.572086219040083,0.0004621302145633972,False
0xe9ec1d90652e13521623fb048f1c77883c597859,50,0.36,0.0,503212.31066,-0.3828630498867071,-0.7657260997734142,-1.53145219954857,-3.06290439909714,1.53145219954857,3.06290439909714,0.0004530114368919991,False
0xd9012a0c82242b04ee09e45e98b24903f982d975,655,0.035114503816793895,0.0,496663.6588199999,-1.0663934638443364,-2.132786927688673,-37.968732442861494,-75.93746488572299,-83.40022748197954,-166.80045496395908,0.0004471160839427579,False
0x0f0ff7875ebf8343c5c5eb43ae29233a80048ec0,108,0.7407407407407407,0.0,495442.67065,-1.144682586365625,-2.28936517273125,-1.2064868820095238,-2.4129737640190476,-0.3585389942609287,-0.7170779885218574,0.0004460169025562884,False
0x67fcc46ed2a63971697dad2fc7bb0091fe89e51d,160,1.0,0.0,489791.55883,-0.2364024034283787,-0.4728048068567574,-0.582952948742425,-1.16590589748485,-0.8408196915378564,-1.6816393830757128,0.00044092955029684564,False
0x7cb42a9fd91d7f2b506de9205254e41bede28439,111,0.009009009009009009,0.0,486484.87679999997,-16.02564102564067,-32.05128205128134,6.64477798624069,13.28955597248138,24.624765478422947,49.249530956845895,0.00043795274558435643,False
0xe2823659be02e0f48a4660e4da008b5e1abfdf29,41,0.7804878048780488,0.0,468783.855,0.5132241172030028,1.0264482344060055,-4.385964912280702,-8.771929824561404,-2.0050125313286973,-4.010025062657395,0.0004220175922699286,False
0xd89815c28cd666d0727ccfffb7310d996d7b1861,82,0.6585365853658537,0.0,455180.49999999994,-0.6270468399425546,-1.2540936798851092,-6.352121950801725,-12.70424390160345,-3.9053167232625134,-7.810633446525027,0.00040977131914712,False
0xf3dcaeb909d3d17318c0908a1ec0ca31321e1672,282,0.06382978723404255,0.0,452707.02775000007,-0.7732158045309273,-1.5464316090618546,0.6017156613188974,1.2034313226377948,10.010308371267861,20.020616742535722,0.00040754460252205316,False
0x438b3bbc83b44c483f6c6c8d2d5664453791dce9,145,0.5724137931034483,0.26506024096385544,436909.06940000004,-2.0404675661360403,-4.080935132272081,-6.396387237920825,-12.79277447584165,2.943500773132387,5.887001546264774,0.0003933226614834744,False
0x8a9db98ef7782695cc208e0c20e8dfca351b7e0e,60,0.5666666666666667,0.2647058823529412,388686.06461,-5.728490134067602,-11.456980268135204,-7.015843238969859,-14.031686477939719,0.7848329121806091,1.5696658243612183,0.00034991042329217186,False
0xb2b1d1a7a034d9209a627e754ebb8d24988ca23a,107,1.0,0.47663551401869164,377314.2415499999,0.4108057888177398,0.8216115776354797,-0.217513407798121,-0.435026815596242,0.708476739192544,1.416953478385088,0.0003396730626486384,True
0x936cf4fb95c30ce83f658b5bbb247e4bb381bb0f,66,1.0,0.045454545454545414,374088.58444999997,0.02303322868583569,0.04606645737167138,-0.26245858744500383,-0.5249171748900077,8.72808896673692,17.45617793347384,0.0003367691997525274,False
0x7f3bbacb671ba15306b35f62b367a4f0d536d1c1,184,1.0,0.25,367545.38315,-0.2864374349499956,-0.5728748698999911,-1.7427261964754874,-3.485452392950975,-0.5848158018818314,-1.1696316037636627,0.0003308787535929355,False
0x90e56dc997fea87c8463d661e621b1e7fd5181af,32,1.0,0.375,347985.52348,5.360109735386386,10.720219470772772,15.651773162031139,31.303546324062278,21.476105847713917,42.952211695427835,0.0003132702016024428,True
0x768eb175eb7ebc89077e6f78001798b14d546101,54,0.037037037037037035,0.0,347429.44837999996,-4.526593738212167,-9.053187476424334,-26.380017683403555,-52.76003536680711,-51.40838828962007,-102.81677657924014,0.0003127696010115302,False
0x330e4c08a52ced70a718be6ed8841f1f53863ac1,282,0.9609929078014184,0.46863468634686345,336249.78836,3.482569132571422,6.965138265142844,-3.9057324895800734,-7.811464979160147,-8.607570639381812,-17.215141278763625,0.00030270523306516234,True
0xe668c4300f51344d8e6cee6294cb9cd1fb5fb5ca,44,0.1590909090909091,0.0,335414.17864,-1.613764857765902,-3.227529715531804,-3.2831767795918942,-6.5663535591837885,-20.19988425410609,-40.39976850821218,0.0003019529844577274,False
0x94b60c2a5db13689bb06a73657ac1216424de5b3,247,0.11740890688259109,0.0,333580.0,0.22845163544455194,0.4569032708891039,1.3438331496766864,2.687666299353373,4.582471040396163,9.164942080792326,0.00030030178498660707,False
0xce75a235d1a055e4b3eb88545f7215c6f963055a,170,0.9941176470588236,0.4911242603550296,330087.48970000003,-0.10168406168183916,-0.20336812336367832,0.12067240984769292,0.24134481969538585,-0.19346816165232533,-0.38693632330465066,0.0002971576903850899,True
0x7c36139b64377efa8e57c4ef12c2b33f9351d014,104,0.20192307692307693,0.0,326442.50000000006,-1.2945925299674075,-2.589185059934815,-0.21882496344320782,-0.43764992688641563,-2.625648206901676,-5.251296413803352,0.00029387632785385966,False
0x6a7e20404b030dc5cb8c969e5353a497cd194c48,140,0.6428571428571429,0.0,318044.61208000005,-0.15513776724743739,-0.31027553449487477,0.7249351331109486,1.4498702662218972,5.276003335004216,10.552006670008431,0.0002863162201360904,False
0x6ea3c2e9050649954a4cfdcee3e3d2034b0ebe38,1514,0.026420079260237782,0.325,317104.74363,-0.7744297170815018,-1.5488594341630035,0.01415824624595723,0.02831649249191446,-6.485672670265944,-12.971345340531888,0.00028547011373526417,False
0xfb63339d682ccd7e0a12094642c200c03519520b,156,1.0,0.25,310755.16774,0.017690766209292528,0.035381532418585056,0.18108244746063903,0.36216489492127807,-0.29531328697970516,-0.5906265739594103,0.00027975397675560434,False
0xaf2e2cede7263869d2e409a322b1dad397f0acef,33,0.030303030303030304,0.0,299999.9015,0.0,0.0,0.0,0.0,-1.9097089603544422,-3.8194179207088843,0.0002700716647168784,False
0x739ccf4aa388ddade09316f7aee5ed0ec7ae5739,189,0.08994708994708994,0.0,294900.2548,0.0917683766171255,0.183536753234251,-2.1794989446638775,-4.358997889327755,-4.749013489951112,-9.498026979902225,0.00026548076296374254,False
0x36c097864a03c7f0215c0d43165a734152a12e0b,30,1.0,0.0,283265.26883,-4.412410051238039,-8.824820102476078,6.997368728764932,13.994737457529864,42.24627950473229,84.49255900946459,0.0002550064927584391,False
0x9b30303788deb629efd67f7c1f0dbf15e9a67c01,50,0.7,0.4,281012.38980999996,-1.8195591885239168,-3.6391183770478337,-2.936224940814529,-5.872449881629058,-0.6288612397567155,-1.257722479513431,0.0002529783628014126,True
0xcc82d94a2b14e5f44e8fd4adaea67ba46d481bc6,84,1.0,0.5,277914.47223,0.0979781378001053,0.1959562756002106,-5.245896677233059,-10.491793354466118,6.215269616638643,12.430539233277287,0.00025018949602578045,True
0x03f41ea5346172ed884ff4911543af5551de728c,34,1.0,0.0,276389.61202000006,-0.14923419896829077,-0.29846839793658153,-0.12627509143453092,-0.25255018286906183,-0.895405193808544,-1.790810387617088,0.0002488167571238138,False
0xaca2dda8eb0469f16b9624d65e5ddabd58989177,30,1.0,0.16666666666666666,272757.3207,-1.122318557439848,-2.244637114879696,-0.030737901236606097,-0.061475802473212195,-0.9166577449119951,-1.8333154898239903,0.0002455468261717562,False
0x0de52cf07a1c9f48e8a812cd5c1239688144664a,32,0.03125,0.0,266586.00133,26.857654431513335,53.71530886302667,32.69627496010312,65.39254992020624,49.04441244015379,98.08882488030758,0.00023999116269512864,False
0x567549bbdf35850ad58dcdf2d0f97704c76f44f0,274,0.08394160583941605,0.0,265200.24206,0.13407319390887218,0.26814638781774436,-0.48601532791752783,-0.9720306558350557,-4.843394129939486,-9.686788259878972,0.00023874364790904215,False
0x10d944a35f99c141b9121ec3693000531825bef8,121,0.1487603305785124,0.0,262530.00000000006,-2.7086851449791407,-5.417370289958281,-22.494783664936065,-44.98956732987213,-60.45869890002033,-120.91739780004066,0.00023633979139197185,False
0x04a97ae7f350a22cd0cdb6b1875e8905b76495aa,134,0.29850746268656714,0.0,259462.02094999998,0.04815693629086985,0.0963138725817397,-0.05793934182424563,-0.11587868364849126,-0.8191456960017778,-1.6382913920035556,0.00023357787645397637,False
0x4f24303e0af2e4a94abcd516a3c80d38262bde6a,81,0.012345679012345678,0.0,259000.0,67.9536679536676,135.9073359073352,101.15830115830046,202.31660231660092,165.25096525096595,330.5019305019319,0.00023316194709374434,False
0x2ac4641985412e7436d57585faad13d04717746e,55,0.7272727272727273,0.35,254480.35066000005,1.0311570288799878,2.0623140577599757,-0.24433523611883395,-0.4886704722376679,-0.48130616948435206,-0.9626123389687041,0.0002290931816871986,True
0x5f6eb0dceaae65eca27c926bdccb0a7fb13bc25e,76,0.34210526315789475,0.3076923076923077,253613.99999999997,-0.059799492302255966,-0.11959898460451193,-1.1762795057380098,-2.3525590114760195,-3.3220610122691365,-6.644122024538273,0.00022831325888120798,False
0x645b2eeaa0a46df3c4211bebda1b2c7703e287b8,94,1.0,0.2765957446808511,253461.19753,-0.5354668538435887,-1.0709337076871774,0.39451423687242354,0.7890284737448471,-12.484586411567271,-24.969172823134542,0.00022817570011122372,False
0x4829f3bbd5508707339547ebefface2b4c86d3b5,69,0.18840579710144928,0.3076923076923077,246628.31331,-0.6875546506107724,-1.3751093012215447,-1.9903862952793692,-3.9807725905587383,1.9213589058425207,3.8427178116850413,0.00022202447003785955,False
0xf9faba57a81d1575d3e506dd3eafe7db6f2a3275,31,0.45161290322580644,0.0,246540.44598,-3.1856567203383612,-6.3713134406767225,-7.936197443650232,-15.872394887300464,19.169829036423035,38.33965807284607,0.00022194536842493008,False
0xf21221833ccfb8eb8bf641c7ac0d5638f6858a88,92,0.18478260869565216,0.47058823529411764,245849.95388999995,-0.9707457605196486,-1.9414915210392971,-3.3817380200967335,-6.763476040193467,-16.653984895936247,-33.307969791872495,0.00022132376039343495,False
0x5eaac7c475b1fad85701f02c4e9e796a53f94bd5,48,0.2708333333333333,0.0,245392.21047999995,1.2011682323438142,2.4023364646876284,7.784608555764861,15.569217111529722,8.038348336141528,16.076696672283056,0.00022091168184229623,False
0xf7d528a083ce043a6a364fc3c051d6e9ee8442ea,140,0.16428571428571428,0.4347826086956522,242323.34499999997,0.0,0.0,-0.4662859348753496,-0.9325718697506992,4.405398515350846,8.810797030701693,0.00021814896890528628,False
0xe3bf2e6320f53215bd10cb3e93068eeabbd47673,209,0.05741626794258373,0.0,235819.91049,27.614359036168093,55.228718072336186,34.89250312162038,69.78500624324076,51.122578576541564,102.24515715308313,0.0002122943223680344,False
0xc4fd270b797c3d199521f5c36a94332373fc78d0,42,0.3333333333333333,0.0,233971.37200000003,-0.35509423654706834,-0.7101884730941367,-4.206500956022595,-8.41300191204519,-3.0319584812898617,-6.063916962579723,0.00021063019559735437,False
0x4306bc7b8dd3e6f4e74c69edfe640096367d95dc,52,0.9615384615384616,0.3,230804.31454999998,-0.36921839791114386,-0.7384367958222877,0.25313340022205805,0.5062668004441161,-0.6355139898967065,-1.271027979793413,0.0002077790864019885,True
0xebcfa0e05df4c406f4a166b1318581134a8537c0,213,1.0,0.31924882629107976,226405.36345999996,-0.07150204091448141,-0.14300408182896282,0.35544539338842673,0.7108907867768535,0.2822103405615169,0.5644206811230338,0.0002038189782888049,True
0x8d8ea21e12b0eba630ff43c267c246f57d15c8a4,73,0.2328767123287671,0.35294117647058826,215345.49574,-3.0984893667027458,-6.1969787334054915,-0.8490594989675233,-1.6981189979350466,-3.7034611987408974,-7.406922397481795,0.00019386245206411593,False
0x0050f3427e5388e9cc458e977bc3444faf015618,75,1.0,0.026666666666666616,207226.45870999998,-5.236254331291746,-10.472508662583492,3.7042043257721557,7.4084086515443115,101.57586201158603,203.15172402317205,0.00018655337684233593,False
0x5b5a389ab71161bf008169484315d9ad1e7315e0,121,1.0,0.2892561983471075,206551.06743999998,-0.12630911088490218,-0.25261822176980436,-2.7600935136174556,-5.520187027234911,-0.9228088784614962,-1.8456177569229923,0.0001859453631606243,False
0xef96d013bdb1a5dfe553999f19b5091b9a299383,117,0.3418803418803419,0.0,201753.30239,-1.5653818596613682,-3.1307637193227364,-6.537816248382674,-13.075632496765348,-9.563988345654362,-19.127976691308724,0.0001816262270959281,False
0x7c7565ad321ad3df118738fb16ea3bfd416334de,41,0.5365853658536586,0.0,199999.821,-0.7150153217570188,-1.4300306435140375,7.47361252979232,14.94722505958464,-6.571331290432479,-13.142662580864958,0.0001800476744508121,False
0x9c2a2a966ed8e47f0c8b7e2ec2b91424f229f6a8,58,0.1724137931034483,0.0,199999.76895,-0.45918953047793937,-0.9183790609558787,-2.716871388664941,-5.433742777329882,-9.451651169019595,-18.90330233803919,0.0001800476275933629,False
0xb1edfeccf03f35d2268f5dc4013508a6eb52c702,325,1.0,0.4492307692307692,196283.40065999998,1.6299922494540964,3.2599844989081928,0.6281762529932274,1.2563525059864549,2.4898115096705533,4.979623019341107,0.00017670200725894647,True
0xf2f2829a94a36610a629458b26caf1676dfa47ba,39,0.358974358974359,0.0,193981.06191999998,-0.1637456266270732,-0.3274912532541464,-0.9824112017395157,-1.9648224034790314,-3.738641606840027,-7.477283213680054,0.0001746293517242447,False
0x6653cbb797ec163d16b8178d2fe4e6d9210a8d0c,344,1.0,0.47383720930232553,192247.71333,3.224345348850159,6.448690697700318,3.40432328306827,6.80864656613654,6.3706865506060675,12.741373101212135,0.0001730689234144509,True
0xd5e2d6768e3d008be577460bec8e962a7cf0714d,129,1.0,0.3798449612403101,191906.71613,-0.2603882805316109,-0.5207765610632218,-0.015033596288026042,-0.030067192576052084,1.9863324037372811,3.9726648074745623,0.00017276194437543347,True
0x4b1e684d5143eb7435e5d78385fa8cbdccd8f7ec,58,1.0,0.0,189851.85304000005,-1.6401139030405445,-3.280227806081089,-4.919869345964696,-9.839738691929393,-6.933520295445337,-13.867040590890674,0.0001709120761164549,False
0x213f6841fd201f470c9f047765b38b0aa5dba7cc,94,0.02127659574468085,0.0,187950.0,0.0,0.0,0.7448789571687825,1.489757914337565,4.841713221602167,9.683426443204334,0.00016919995349910907,False
0xe4bf4497ffefe67e7415ef6cab1a689f570b2d10,335,0.0626865671641791,0.19047619047619047,187205.37664,-0.8345273943507154,-1.6690547887014309,-0.40971975595832594,-0.8194395119166519,-4.016003271311838,-8.032006542623677,0.0001685296143776068,False
0x11992fa6debdbbb9cb3574bbdf3f558db36c6d8a,57,1.0,0.0,184660.00000000003,-1.5007029769549898,-3.0014059539099796,-17.075279841308664,-34.15055968261733,-29.32278993018167,-58.64557986036334,0.00016623816660359396,False
0x0291639ea7178930475da17b579e1ac2de8faed8,139,0.20863309352517986,0.3448275862068966,177724.07736,2.76849011620953,5.53698023241906,-0.07257548372788578,-0.14515096745577155,-3.6579052980291467,-7.315810596058293,0.00015999417730770983,False
0x52c580eccd315341adb63090d4dcb3c20bb5bf31,43,0.5813953488372093,0.0,175316.23834,0.045813767036952946,0.09162753407390589,0.9832655188441685,1.966531037688337,-2.3524835409347817,-4.7049670818695635,0.00015782654628766546,False
0x534e39501acc0a993f2cf69c8e19e4f49388272a,53,0.1320754716981132,0.0,172945.74695999996,-0.6551577292234596,-1.3103154584469192,-3.821753420469311,-7.643506840938622,-3.1119992138103774,-6.223998427620755,0.00015569253707635369,False
0x4e214fd93b634b89e84d802b3ab8fa0c411c8fb3,326,1.0,0.4785276073619632,172133.48655,0.4050846741398498,0.8101693482796996,-3.261338820018518,-6.522677640037036,-0.6643797492684597,-1.3287594985369193,0.00015496130843255926,True
0x17c3c8fdbcb7d1b240ce08965e09b1fc91cba868,289,1.0,0.23529411764705888,168916.96589,-0.5872643257882421,-1.1745286515764841,-1.5798528754737429,-3.1597057509474857,-1.541748346691228,-3.083496693382456,0.00015206567051768337,False
0xa8e3028fdafe4eace545c9bb5d451d9c171aee1b,38,0.13157894736842105,0.0,168900.31692,0.38959015116168727,0.7791803023233745,0.7791803023230203,1.5583606046460405,0.7012622720908954,1.4025245441817908,0.00015205068246261657,False
0x4524160baa2e4377b6f3b574747a5accd083a3b0,39,0.2564102564102564,0.0,167712.77358,0.038553473667942414,0.07710694733588483,-0.3469812630125337,-0.6939625260250674,-0.7325159996924839,-1.4650319993849679,0.00015098160942241345,False
0x69d1652ae43f819e7518f732b2ea6b1a8ad00336,403,1.0,0.4640198511166253,165619.95123,-0.6346864268391001,-1.2693728536782003,-1.6929451495415153,-3.3858902990830306,-1.63614651149978,-3.27229302299956,0.00014909756875041612,True
0x35253444b02b147e258ffc8ce81e2b4df3336f34,51,0.29411764705882354,0.0,162499.08699999997,-4.090292265569341,-8.180584531138681,4.313767161828475,8.62753432365695,15.176316507808371,30.352633015616743,0.00014628804450145076,False
0x2ed0c557a2cdfe3f69768fc6ec037fb77c13093c,94,1.0,0.22340425531914893,161256.81754000002,-0.4421488142840279,-0.8842976285680558,-0.5537142241048832,-1.1074284482097665,-0.6294175370387848,-1.2588350740775696,0.0001451697048639655,False
0x460c9e494a93de1eebce3851bc40cefda2d9841c,234,0.01282051282051282,0.0,159406.84649999999,-3.9876382249268274,-7.975276449853655,-2.17151962914651,-4.34303925829302,-21.339997102709663,-42.67999420541933,0.00014350428845565105,False
0x2a0b9f2f8d00f0fc64d6c869ad8405c942ca637d,50,0.68,0.29411764705882354,155832.0,-21.820165469588144,-43.64033093917629,-44.68348211833356,-89.36696423666712,-23.411698884997623,-46.823397769995246,0.00014028607158112882,False
0x0bcde2b0e3795daa6b3b5fa6d3e52550bbfe101e,38,1.0,0.0,154452.50000000003,0.0715820599572779,0.1431641199145558,-0.3788023665429362,-0.7576047330858724,-0.6549682366136206,-1.3099364732272412,0.00013904419163512184,False
0x87746ef568f40882ad1160371e0b5103d75a094e,79,0.10126582278481013,0.0,153547.722,-1.9622482579072515,-3.924496515814503,-0.7657554177201897,-1.5315108354403795,4.307374224671986,8.614748449343972,0.00013822967503215818,False
0xaf08637ef9cb057ec79822d4244068404a80ef9d,261,1.0,0.49808429118773945,150348.02778,0.636770523191405,1.27354104638281,-2.477632471628706,-4.955264943257412,0.5642634680457617,1.1285269360915233,0.000135349184937796,True
0xa6048ee6a9a05cba038e606cb17e357fcdbb0fcc,52,0.40384615384615385,0.14285714285714285,149290.59999999998,2.733061813312791,5.466123626625582,8.066503641972714,16.133007283945428,15.009936089576415,30.01987217915283,0.0001343972470223681,False
0x47472cd62c99b8b5ce7e84e733515133e9aec0bd,30,0.8333333333333334,0.4,148257.26717,-0.9454529816683904,-1.8909059633367808,-4.881683882856417,-9.763367765712834,-3.151438951344486,-6.302877902688972,0.00013346700032492147,True
0xe2928de21308d23f2af823f1d310a85aa6169023,52,1.0,0.3846153846153846,143645.69955,-0.4425146898084891,-0.8850293796169783,-0.7564085895319196,-1.5128171790638392,11.514047417800441,23.028094835600882,0.00012931548648154823,True
0x92b09987a287bcde7dd35cf823c1cca332349429,299,0.9531772575250836,0.0,142994.5,-0.9395754559775071,-1.8791509119550143,-2.74296922786515,-5.4859384557303,-8.739798603352684,-17.479597206705368,0.00012872925113396302,False
0x4122e65bf3d56e505e582abab90863e03a280f04,37,0.5405405405405406,0.0,141985.647,-6.227243165903287,-12.454486331806574,-10.963617579174336,-21.927235158348672,-11.875523870909667,-23.751047741819335,0.00012782104213855235,False
0xd60104fc912f21ee5aa545946cc303e98a4316ce,87,0.12643678160919541,0.0,141415.45872999998,0.0,0.0,-0.8354015322663088,-1.6708030645326175,-2.1929290221984865,-4.385858044396973,0.00012730773631908048,False
0x0476d2a416a5891d6ed3db35cab90922d373efcd,526,0.9923954372623575,0.4923371647509579,138925.1774,-1.029209029935006,-2.058418059870012,-0.8628376255196808,-1.7256752510393616,-0.24945537489963807,-0.49891074979927613,0.0001250658875016519,True
0x903517817100564bb34eaddd764e1df76370917e,57,0.6842105263157895,0.0,135967.21418,-0.31896632967353467,-0.6379326593470693,-0.6581533910625705,-1.316306782125141,-0.6588029859006328,-1.3176059718012656,0.00012240301312401916,False
0xb2139bc97c2dc43f8825d033d08ecb9e2c8be00f,31,0.22580645161290322,0.0,130619.50509999998,-0.6616691620467355,-1.323338324093471,0.18229681148191323,0.36459362296382647,-12.043168404342229,-24.086336808684457,0.00011758879589782727,False
0x8c2882accec4102487637cf214a820fecdd71e0b,61,0.7049180327868853,0.4186046511627907,129716.801,-0.4788432234475341,-0.9576864468950682,0.5669263489556852,1.1338526979113703,2.8083923962379753,5.616784792475951,0.00011677614630089484,True
0x3a140f8456b03f25ace243a211dca7b6c4bdb994,719,0.7760778859527121,0.4139784946236559,129613.85144,-0.6773865771590803,-1.3547731543181607,-1.1844813428678684,-2.368962685735737,-1.5684941838296163,-3.1369883676592325,0.00011668346707362825,True
0xf92e3c2481d65ddce932b21d09f8b31196685f79,36,0.4444444444444444,0.0,128000.0,-2.1484374999998224,-4.296874999999645,-7.421875000000355,-14.84375000000071,24.780273437499446,49.56054687499889,0.00011523061477991998,False
0xad8e1987833b692b59de004a25d0518af2ba94b6,324,1.0,0.37037037037037035,126800.47856,-0.7711263749116953,-1.5422527498233907,-0.9296328124928961,-1.8592656249857922,-5.0255832564750165,-10.051166512950033,0.00011415075858481924,True
0x2df22837da3f4fb34efb8c385af2d20501682431,203,1.0,0.49753694581280783,124586.23502999998,-0.30659029309687946,-0.6131805861937589,-0.7739944238421844,-1.5479888476843688,-1.1473577371710448,-2.2947154743420897,0.00011215740980955079,True
0xc435249d0e837efa5eb431ad74c9fa8889f2c905,159,1.0,0.0,123691.99242000001,-0.5016549192819828,-1.0033098385639656,-1.271248868232666,-2.542497736465332,-1.3746578262346092,-2.7493156524692184,0.00011135237757742034,False
0x3bbc8f33175a192b66d859c785648468c72ddb01,207,0.033816425120772944,0.0,111532.95929999999,0.16646136431719055,0.3329227286343811,-0.8877939430257733,-1.7755878860515466,-5.9371219939850945,-11.874243987970189,0.0001004063395965843,False
0x88ea055bf5d7ad4fa4afb6944be60265e96b8cd6,45,0.17777777777777778,0.0,101189.32944,0.0,0.0,1.023671177319967,2.047342354639934,-9.359279335489749,-18.718558670979498,9.109459875421138e-05,False
0xca6b936f4096681291e8d39152a9a685f24a9344,195,0.9897435897435898,0.0051813471502590676,100474.81478,-1.3466018800860367,-2.6932037601720733,-0.7277153040792211,-1.4554306081584423,-7.324374405007352,-14.648748810014704,9.04513646640468e-05,False
0xcd532243888d26791881064e24d4a25fd0041d98,30,0.8,0.0,99999.774,-3.1015037593988812,-6.2030075187977625,-17.105263157894566,-34.21052631578913,-29.58959899749418,-59.17919799498836,9.002371434275826e-05,False
0xf08836069cc296765b121bcf43e479140e7455eb,296,0.9054054054054054,0.0,98705.905,-0.7284002868213105,-1.456800573642621,-5.375537146051752,-10.751074292103503,-17.753241108315226,-35.50648221663045,8.885892277779982e-05,False
0x88b29ca555c188c98f3cb0ae6f662ad7840e184e,49,0.08163265306122448,0.0,97847.53104,-1.6266074709131273,-3.2532149418262546,8.420085731781299,16.840171463562598,-2.2963870177601184,-4.592774035520237,8.808618090966017e-05,False
0x9089dcb169aa818368260dd1df6ce917aa0f4e8e,236,1.0,0.3093220338983051,97636.41916,-0.5406734279032952,-1.0813468558065904,-6.248464338708833,-12.496928677417666,-8.668080296870324,-17.336160593740647,8.789612972434968e-05,True
0x4b1c09fa8322548360a76a3747e32a60a864bc38,34,1.0,0.0,93942.46413,-0.35443678069534573,-0.7088735613906915,-0.7807250141957884,-1.5614500283915769,-2.131216330818924,-4.262432661637848,8.457068668469124e-05,False
0x4bdf1130109e9c1bc921d8979ea66284d9c92f37,142,0.8873239436619719,0.0,90581.55821,-0.5190133168730918,-1.0380266337461836,-0.6163997191848812,-1.2327994383697625,-0.5012441964139915,-1.002488392827983,8.154506750204225e-05,False
0x155a530701b86a4f3f600e5abc30aef6498f7ecb,118,0.9067796610169492,0.0,90229.90000000001,-0.8218420493718006,-1.6436840987436012,-0.5962909890040768,-1.1925819780081537,-1.9263740773422857,-3.8527481546845714,8.122849100414612e-05,False
0x046635b37f825401623b3a4a851feae4546b6735,1249,1.0,0.49719775820656525,87705.33955,-0.7493377521986068,-1.4986755043972135,-1.4082158797265345,-2.816431759453069,-0.9726078146567131,-1.9452156293134262,7.895578277990728e-05,True
0xd45a766fc4ba8b785461c5699f1f1047396f7260,55,0.01818181818181818,0.0,83674.14600000001,1.939487975174554,3.878975950349108,-12.41272304111644,-24.82544608223288,6.594259115592777,13.188518231185554,7.532674441222487e-05,False
0x0999a9611500b5431185e312c799c53de74dc74b,460,0.05,0.0,80868.0,-0.0322658707751582,-0.0645317415503164,-0.3225617629271115,-0.645123525854223,-0.9999188446146602,-1.9998376892293204,7.280054184392632e-05,False
0xae877635c9395020f0d93505753aa5365c624fbb,58,0.5,0.0,80775.75786,0.04018032931794255,0.0803606586358851,0.12054098795382764,0.2410819759076553,2.1161640107475326,4.232328021495065,7.27175018556387e-05,False
0xf28cbdc8e9d6da55736f9b843fe29eb45de762a1,31,1.0,0.0,79784.62199999999,0.11296598468661624,0.22593196937323248,0.5899334755869436,1.1798669511738873,12.70239738923027,25.40479477846054,7.182524252377756e-05,False
0x5f461348709528212e514367aa7302225137b168,31,0.0967741935483871,0.0,77330.4896,-11.781764830912222,-23.563529661824443,3.404994475939194,6.809988951878388,13.085894944622515,26.17178988924503,6.961593638937663e-05,False
0xf3b8d7d91c0ae441ceaa4d93ad60fbf0dd8bc851,60,1.0,0.0,77209.20000000001,-1.8316863283988178,-3.6633726567976357,0.23622122388934805,0.4724424477786961,3.470937500189928,6.941875000379856,6.950674673957655e-05,False
0x1bf629cd9f4dbcc9fca616ccf7a19891007f5bfa,82,0.12195121951219512,0.0,76859.0,-0.42932186504795966,-0.8586437300959193,-2.7316751198339935,-5.463350239667987,-8.433800846400365,-16.86760169280073,6.919148297945211e-05,False
0xe6c650f79e5668859e6ec53f64a8daa4acaeab81,671,0.812220566318927,0.4036697247706422,75772.83046999999,-0.6705015700951508,-1.3410031401903015,-1.3246552085809868,-2.6493104171619737,-1.732243413541782,-3.464486827083564,6.821367061463088e-05,True
0x7dbc30569ff0df269fc4cff2032a8794c717add6,35,0.6,0.47619047619047616,74789.89999999998,-5.5116534847750005,-11.023306969550001,6.680749891910445,13.36149978382089,11.614440708002721,23.228881416005443,6.732879809631824e-05,False
0x31ca8395cf837de08b24da3f660e77761dfb974b,426,0.5586854460093896,0.38655462184873945,71014.48283,-1.100269094209078,-2.200538188418156,-1.1569670931730802,-2.3139341863461604,0.7770272907606848,1.5540545815213695,6.393001964671071e-05,False
0x09f15dacf13c0fcb64594452506b52393fb13c39,208,1.0,0.40865384615384615,70985.97367,0.40009682460276225,0.8001936492055245,1.1418726988491463,2.2837453976982927,1.0417484405743698,2.0834968811487395,6.390435458394776e-05,True
0xca3a5e6fcfa17b561f4276eaac8e2805dd6ec3b2,334,1.0,0.437125748502994,68595.99987,-0.27757235547741915,-0.5551447109548383,-0.5230656057370983,-1.0461312114741965,-1.652928717414589,-3.305857434829178,6.17528065348704e-05,True
0x010461c14e146ac35fe42271bdc1134ee31c703a,438,0.4954337899543379,0.4746543778801844,66610.94432,-0.9481926662952513,-1.8963853325905027,-2.9766578713092415,-5.953315742618483,-0.7425544388805398,-1.4851088777610797,5.996578175831733e-05,False
0x617eb09d7869de4ea8a9768c5c657ff7c2d80f97,432,0.5995370370370371,0.0,66541.46320999999,-0.32839928940331625,-0.6567985788066325,-0.8455889183429655,-1.691177836685931,-1.1774790216427176,-2.354958043285435,5.990323214096661e-05,False
0x5c6bd31ce4f49cd5bb0b728c156fbf6ee28d8810,32,0.5625,0.33333333333333337,60003.340410000004,0.06247074060863764,0.12494148121727527,-0.3778143224641132,-0.7556286449282263,-1.844235247848026,-3.688470495696052,5.401735784603997e-05,False
0x715e34676fd8819340e5d1f940998e852709d018,34,0.20588235294117646,0.0,59726.3238,-2.0535020535017,-4.1070041070034,-4.4955044955039405,-8.991008991007881,8.158508158507805,16.31701631701561,5.376797664077005e-05,False
0x1ca3c1e34997c8e6993aa3dc83b0b026f65bc69d,77,0.9090909090909091,0.0,59711.226599999995,-3.8423209226245976,-7.684641845249195,-6.9096496899016575,-13.819299379803315,-5.637716858137691,-11.275433716275382,5.375438554985243e-05,False
0x03f965711336ae96001d98202b4e9090d7461db3,123,0.983739837398374,0.03305785123966942,56696.40884,-1.635342896079799,-3.270685792159598,-29.569910540832915,-59.13982108166583,-24.24794427308883,-48.49588854617766,5.104032848786632e-05,False
0x9815aec32ff0db5b81241c9d17f187a3b44a0f16,1510,0.9827814569536424,0.3632075471698113,55003.38729,-0.14332804533062957,-0.28665609066125913,-1.0143588276428366,-2.028717655285673,-1.0126364813815265,-2.025272962763053,4.9516204159412003e-05,True
0xc2e859a2f436687d6c93174a343d6c0092acbf85,699,0.017167381974248927,0.0,54191.244869999995,-0.09698568491296566,-0.19397136982593133,-2.2629993146352283,-4.525998629270457,-2.6832706159242563,-5.366541231848513,4.878508173483816e-05,False
0x80c257ad3c3838cd5b0c9c01e28c83d2e7e94a4f,35,0.6857142857142857,0.0,52164.00000000001,-0.22365360529591397,-0.44730721059182793,-0.015975257520555508,-0.031950515041111016,4.297344273190352,8.594688546380704,4.696007647952927e-05,False
0x67ab0e9e3bde49bab8feb9465b9dbc9ff4603ba6,48,0.2916666666666667,0.0,51966.50000000001,-0.08208608093692557,-0.16417216187385114,-1.4783676428344081,-2.9567352856688163,-2.296305394922118,-4.592610789844236,4.678227924188057e-05,False
0x45d6a42f302058010446fa9c24f3d0ae19aec826,45,0.8666666666666667,0.20512820512820512,51777.50298999999,-0.34315066096169466,-0.6863013219233893,-1.6859859266556623,-3.3719718533113245,-5.325625196726229,-10.651250393452457,4.661213672895972e-05,False
0x7f084616e706833fabb26a4578c001e73f1a8613,216,0.3101851851851852,0.23880597014925375,51118.97108,-1.9307883819492446,-3.8615767638984893,-3.8085772989432822,-7.6171545978865645,0.647807336518264,1.295614673036528,4.6019300503635546e-05,False
0xf90c9edfd2ee7fa07615978b348b99500bb17963,50,0.02,0.0,50974.242,0.0,0.0,-2.292263610314839,-4.584527220629678,-3.8204393505253105,-7.640878701050621,4.588900971562826e-05,False
0x8afd513b01cab1804e3e98b3bb941e37f0106e54,43,0.9767441860465116,0.0,50718.1638,0.04414075604282936,0.08828151208565872,0.2471882338398444,0.4943764676796888,0.13242226812848806,0.2648445362569761,4.565847808736471e-05,False
0x7af0b7a51c6bbf3970a5d0c79fc958f3d5ec58b7,208,0.14903846153846154,0.3548387096774194,50666.88712,-2.6455442978172745,-5.291088595634549,-0.8957521793110561,-1.7915043586221122,4.822998494730216,9.645996989460432,4.561231681111257e-05,False
0x2594e08791eb5db6b102cb4a0742cb5c40cef3f4,1209,0.009925558312655087,0.4166666666666667,50272.652290000005,-0.290771679709397,-0.581543359418794,-1.071203823445506,-2.142407646891012,1.5526586196908962,3.1053172393817925,4.525741117182697e-05,False
0x0d91f824fe13d030fdda5595f135bbff82d058b2,40,0.025,0.0,50089.684499999996,0.0,0.0,0.0,0.0,0.0,0.0,4.509269639896272e-05,False
0xb7bd9cef0e2826d783f2704d578efbaf705c2f3a,62,1.0,0.4838709677419355,50037.80836999999,-0.320784939288035,-0.64156987857607,-0.9239225875223709,-1.8478451750447418,2.126893823429265,4.25378764685853,4.504599547433535e-05,True
0xbc256baa3480ec7882ac87eadc349e77291b202b,71,0.09859154929577464,0.0,49999.74724,0.055794853482664004,0.11158970696532801,-2.5665632602053354,-5.133126520410671,-7.532305220166746,-15.064610440333492,4.5011731353951615e-05,False
0x0812f31ccf62c48e6da3da3fbf98663779e1f45d,68,0.029411764705882353,0.0,49082.0,-14.486206553370991,-28.972413106741982,-37.69786074776105,-75.3957214955221,-13.318017273733574,-26.636034547467148,4.41855393330315e-05,False
0xe383e214bd4b32a9ef9cf688ee98976b57f6c9c6,45,0.044444444444444446,0.0,47125.8,-1.527825522325698,-3.055651044651396,-9.16695313395245,-18.3339062679049,-27.118903021274626,-54.23780604254925,4.242449145309026e-05,False
0x15ec7abe5341c65afabd10280e487d391897c063,211,0.8483412322274881,0.45251396648044695,45558.716199999995,-0.4083564815777487,-0.8167129631554974,-0.7912513825314479,-1.5825027650628958,-1.3940224799789216,-2.788044959957843,4.1013741221171086e-05,True
0x5c180d12a23e4956f1a4b10f1c4598f619832709,68,0.9705882352941176,0.4090909090909091,45014.399999999994,-2.19501141478374,-4.39002282956748,-5.7989979978254125,-11.597995995650825,4.61024317512879,9.22048635025758,4.0523726452728354e-05,True
0xa59362891a6910c0d16171ac10ad43ba994bbcde,53,1.0,0.28301886792452835,44867.766509999994,-1.7247884488391543,-3.4495768976783086,-1.689814885314777,-3.379629770629554,-0.12736624756721415,-0.2547324951344283,4.039172124022816e-05,False
0x5fa3968b8f255076d1e23ae755fd93222e509627,332,1.0,0.4819277108433735,44829.72676,-0.566845912674518,-1.133691825349036,-0.8527091610828573,-1.7054183221657147,-0.309144284658661,-0.618288569317322,4.0357476366958046e-05,True
0x6e083d09b4910500d99a3fef9a166ec3c28a4197,30,0.8,0.08333333333333337,44523.08675,0.015946521744662545,0.03189304348932509,-0.22324032659287352,-0.44648065318574703,-3.8271542408895107,-7.6543084817790215,4.0081427016423514e-05,False
0x1d2dd6e12ef7f62bdb71cb1edbe1fa6e014a7993,192,0.10416666666666667,0.0,43159.674,-0.2131737832698466,-0.4263475665396932,-0.48455314904385255,-0.9691062980877051,1.123570020212468,2.247140040424936,3.885402944313225e-05,False
0xfa19a100f513d9579ab6c7ab3b103cfa9f9d6093,55,0.6363636363636364,0.0,43149.149999999994,-0.4260967895245843,-0.8521935790491686,-0.6773846397570952,-1.3547692795141903,-4.63243689124079,-9.26487378248158,3.884455532602331e-05,False
0x673d17384367325df83bcec20feed1b479993fee,30,0.6333333333333333,0.0,42145.195400000004,-0.20157632687598837,-0.40315265375197673,-1.2497732266325026,-2.499546453265005,-2.7615956782039732,-5.5231913564079465,3.7940756062202e-05,False
0x034fb27dd90457fb477d0eec043eb360a13e9631,245,0.24489795918367346,0.30000000000000004,41435.09766000001,-0.5315881731999658,-1.0631763463999315,0.5340737565924153,1.0681475131848306,2.535717135020121,5.071434270040242,3.7301498256467377e-05,False
0x12732a091474485e45d76527f80f518331143055,1166,0.0008576329331046312,0.0,39499.95534,3.7681814756198655,7.536362951239731,8.666817393924664,17.333634787849327,-59.914085462356205,-119.82817092471241,3.5559407325059244e-05,False
0x6e1402f1a16642da68336205c2231c7a45dc9f0d,201,0.9154228855721394,0.5,38518.64791,-0.6855983850573075,-1.371196770114615,-0.8280874684365646,-1.656174936873129,-2.2140073719857174,-4.428014743971435,3.467599593094203e-05,True
0x4c6988b39fc0904628c2959e7606ef5f8518c152,858,1.0,0.472027972027972,38418.80486999999,-0.5986788025386982,-1.1973576050773964,-1.1571722966146663,-2.3143445932293325,-0.8274918545300065,-1.654983709060013,3.4586113314686583e-05,True
0xdd860c7477ae905eea5d2b8b9a2e5b66ff1a75af,62,0.7580645161290323,0.0,37889.78,-0.2056289944872406,-0.4112579889744812,-1.7933160379505204,-3.586632075901041,-3.275415069761351,-6.550830139522702,3.41098644005931e-05,False
0x28142fb50558db4c90f3295a5b1fefa43fe56305,182,0.9395604395604396,0.47953216374269003,37545.79388,-1.46842019024615,-2.9368403804923,-2.3654872780879757,-4.730974556175951,-2.3041652742763663,-4.608330548552733,3.380019461869185e-05,True
0x4f2575b48cade4d60ef538c1c5e34690871ddb81,43,0.9302325581395349,0.025000000000000022,36397.16476,0.0,0.0,1.1346004654778021,2.2692009309556043,-4.664610552832366,-9.329221105664733,3.27661536839128e-05,False
0xdd48d713a5e5ce65044b67e757410037bbb31134,69,0.2753623188405797,0.15789473684210525,36298.39734,-1.005969431606055,-2.01193886321211,2.6481384835743915,5.296276967148783,3.6391921622961982,7.2783843245923965,3.267723938292197e-05,False
0x295c8228f0f4b64bede7916d3cbbff108b5cfbaf,33,0.6060606060606061,0.4,33963.5853,-1.8263572764203413,-3.6527145528406826,-0.23932013608005948,-0.47864027216011895,3.370703896191583,6.741407792383166,3.057535011132229e-05,False
0x1070f53b35f8850f4dbb96e388e63f33d14443f3,37,0.972972972972973,0.027777777777777776,33819.95228,-3.8139770718896506,-7.627954143779301,-2.1671421316966377,-4.334284263393275,10.00900913934492,20.01801827868984,3.0446046039468407e-05,False
0xee772e29e31b9972e1b683b04944bd9937ac0304,552,0.9945652173913043,0.2331511839708561,32901.54547,-0.7866782990944514,-1.5733565981889028,-1.4752338581952613,-2.9504677163905226,-2.4258743145919746,-4.851748629183949,2.9619260247793678e-05,False
0xd9c1ef5e179d706c4296b3abccbba362eb24158b,291,0.12371134020618557,0.3333333333333333,32343.31468,-6.176653269213812,-12.353306538427624,-9.00928679597428,-18.01857359194856,-0.6341180969642094,-1.2682361939284188,2.9116719020287585e-05,False
0x034d4f0b00827e4ac77d910071377f707ddd23d3,42,0.09523809523809523,0.5,30597.41196,5.477842348500352,10.955684697000704,18.409502927178508,36.819005854357016,21.414453606253254,42.82890721250651,2.7544988990822474e-05,False
0x73588c0a7079c4243810c44dc4eac8ea118f5516,79,0.9620253164556962,0.14473684210526316,30140.3138,1.911401428320573,3.822802856641146,-5.4711176943186235,-10.942235388637247,16.2221958174622,32.4443916349244,2.713349131901333e-05,False
0x9a15342876e19052c3fabcef9bad8507b9623c12,253,0.007905138339920948,0.0,29999.788,-2.7397260273965482,-5.4794520547930965,22.309197651662693,44.618395303325386,37.964774951075604,75.92954990215121,2.7006984488338015e-05,False
0x61bf199fabf0d2ec9dc98b9bcf8084aca32bc0de,91,0.01098901098901099,0.0,29999.73216,-0.37102997922367104,-0.7420599584473421,0.3710299792219837,0.7420599584439674,1.4841199168879349,2.9682398337758698,2.7006934218982317e-05,False
0x68d017f8c75d22af6a48aa6f2f697c658ec15599,188,0.26595744680851063,0.26,29388.28352,-2.4656914395778653,-4.931382879155731,-0.7088555041267257,-1.4177110082534514,5.809067232202582,11.618134464405165,2.6456484197938992e-05,False
0xa3ba283228168e3b9d5ef18e6a87dc52d67cc7dd,186,0.1774193548387097,0.4545454545454546,28850.139,-2.337173061082846,-4.674346122165692,-4.712305660225207,-9.424611320450413,-6.166967315824687,-12.333934631649374,2.597202541762614e-05,False
0x3faf35a220e0d6a3bc3cce4ca54454aba68cfd6a,213,0.17370892018779344,0.18918918918918914,28847.133449999998,-0.08389854610570167,-0.16779709221140335,-1.2085631049891283,-2.4171262099782567,3.9723690814851333,7.944738162970267,2.5969319703764796e-05,False
0xa96e8f0b9e6592b77d567c712beac79f956a2d7d,175,0.06285714285714286,0.36363636363636365,28731.769,-2.364518307232392,-4.729036614464784,-7.1109480387408155,-14.221896077481631,0.42801407013139553,0.8560281402627911,2.5865464106130053e-05,False
0x9fd12a07f48689e72d706be662e936d99529e9ea,134,0.19402985074626866,0.2692307692307692,27495.157799999997,-2.6737776947356724,-5.347555389471345,-1.8675435584681135,-3.735087116936227,0.896432960399263,1.792865920798526,2.4752218255975873e-05,False
0xe642e0504b53c3d06438e57b90bc8fca6f2fa603,368,0.04619565217391304,0.17647058823529416,26181.7038,-2.5454083061821526,-5.090816612364305,3.3404393502561027,6.6808787005122054,12.631185076601222,25.262370153202443,2.356979550671693e-05,False
0xb15617cc71ece317e24360fc3b5643c6f5f51733,139,0.9856115107913669,0.4233576642335766,25773.300000000003,-0.8040555824710517,-1.6081111649421034,-1.3376307970261136,-2.6752615940522273,4.386373949548437,8.772747899096874,2.3202134405525876e-05,True
0xbda495ebf6fc94d61f9a7f22b9877273378ed82b,30,0.5666666666666667,0.0,25669.73544,-1.1412354759936438,-2.2824709519872877,2.195164101696416,4.390328203392832,-0.29405511187277406,-0.5881102237455481,2.310890153116484e-05,False
0x069604ebfb4fb2998926e88e97788acfa5eb4948,119,0.08403361344537816,0.5,24872.550000000003,-0.07238784380426559,-0.14477568760853118,-3.088339816831094,-6.176679633662188,-8.084538452992131,-16.169076905984262,2.2391243965971085e-05,False
0xf83f03f206e7f83452dd2bb3c0ae16afcf0c4782,37,0.918918918918919,0.0,24823.25062,-1.319530205520692,-2.639060411041384,0.2933447638157486,0.5866895276314972,-0.3356926378598273,-0.6713852757196546,2.2346862732645543e-05,False
0x915f49be1efad69bf644a500274db9b7ec24840f,37,0.5135135135135135,0.0,24691.260879999998,-0.7391468971083889,-1.4782937942167778,-0.6134066999953315,-1.226813399990663,-3.6587636980825007,-7.317527396165001,2.2228040397607715e-05,False
0x0d1b653b3bfba2d47f4b0862b9317387dbf75e20,33,0.030303030303030304,0.0,23981.642499999998,-3.3644859813087513,-6.728971962617503,-16.822429906542055,-33.64485981308411,-19.439252336447918,-38.878504672895836,2.1589214130525444e-05,False
0x93733da475d3cdcdf309fc72a91bdf36ac7e0e94,52,0.8653846153846154,0.0,23281.58786,-0.6992065176132082,-1.3984130352264164,-1.6388390037100695,-3.277678007420139,-1.4866704270703217,-2.9733408541406434,2.0958997516879073e-05,False
0xcacb1c65ad44fd2fba91b80005166eb7473323e2,33,0.7878787878787878,0.038461538461538464,22840.821500000002,-4.092834897193293,-8.185669794386586,-5.227781926811393,-10.455563853622786,-18.729481919814035,-37.45896383962807,2.0562202371276675e-05,False
0x940587add074ff0c4dd973b46018af4a73a81f36,137,0.1386861313868613,0.3684210526315789,21660.6322,-11.6772461929004,-23.3544923858008,-21.792817329718,-43.585634659436,-9.487726470669756,-18.975452941339512,1.9499749725997895e-05,False
0x2077503cfa0415e07992cd22454712ef11f8a3b2,924,0.32575757575757575,0.4019933554817276,21561.8911,-0.8846196231675918,-1.7692392463351836,-1.426052621157143,-2.852105242314286,-1.773632293855741,-3.547264587711482,1.9410859119302228e-05,False
0x4c226d5a21ae3b9883f98cbda1a3be63e565f308,435,0.9816091954022989,0.44028103044496486,19804.97656,-1.4357283147186821,-2.8714566294373642,-3.253332998651856,-6.506665997303712,-1.4462182458881911,-2.8924364917763823,1.782921581805238e-05,True
0xcfea17596c15e0f4fe3ba9cab1fcbe804bbbdbbf,30,0.26666666666666666,0.5,19762.394699999997,-0.9157447138966989,-1.8314894277933977,4.3810859973153935,8.762171994630787,8.419129634745076,16.838259269490152,1.7790881959409626e-05,False
0x27c9fa86c91b84ddfa15de58c482ff662498d65d,130,0.27692307692307694,0.5,19589.166839999998,-0.30045292438384913,-0.6009058487676983,-0.6496799572920382,-1.2993599145840764,-0.5896146934488107,-1.1792293868976214,1.763493545312205e-05,False
0x9b883651182137f33efda174f831d9918182afe0,33,0.30303030303030304,0.19999999999999996,19518.99079,-1.8896141137497455,-3.779228227499491,8.020098178477678,16.040196356955356,6.415201673245794,12.830403346491588,1.7571760223557e-05,False
0x0675bfaf9faffe3343c08402200d7c75d0fd79e1,433,0.9838337182448037,0.49295774647887325,19227.91026,-0.8667299000323242,-1.7334598000646484,-1.7618655135410073,-3.5237310270820146,-1.5868001522635826,-3.1736003045271652,1.7309718126507275e-05,True
0x2249e3790eba9a700304a96da0182174c2c91b2e,40,0.95,0.18421052631578946,18625.86246,-3.0586570392855923,-6.117314078571185,-3.757665844248579,-7.515331688497158,4.722793222188124,9.445586444376248,1.6767731109937755e-05,False
0x1dc67adaf9f163c5b1a95043addbdfa1af58e512,736,0.998641304347826,0.49251700680272104,18606.55762,-0.015254926516203082,-0.030509853032406165,-0.21329660734250336,-0.4265932146850067,-0.3840091486545698,-0.7680182973091396,1.6750352136645347e-05,True
0x3382726df6df71ced9a002308820909315ed450c,445,0.9168539325842696,0.4950980392156863,18555.911890000003,-0.4792726510475483,-0.9585453020950966,-1.0550046250429017,-2.1100092500858034,-1.0674646388910463,-2.1349292777820925,1.6704758866302555e-05,True
0xa0771999ab6b20f50248504f89c0cf2627a3ccb3,38,0.6052631578947368,0.0,18301.300000000003,-0.4829342578507106,-0.9658685157014212,-0.8321840349372465,-1.664368069874493,-0.4498769775464153,-0.8997539550928306,1.6475547267748047e-05,False
0xe412186a1865c4fe54a79e0adcb08b81233df674,60,0.06666666666666667,0.0,17568.89423,-0.28638326649133733,-0.5727665329826747,0.0022239885909751678,0.0044479771819503355,2.198323251373624,4.396646502747248,1.5816206899424133e-05,False
0x23cc6b8202a812f0321a587cdff7088213e1c488,32,0.90625,0.27586206896551724,16931.682489999996,-0.5235620804563155,-1.047124160912631,-0.45515538666665295,-0.9103107733333059,1.0275603859038305,2.055120771807661,1.5242563926414889e-05,False
0xb8d7bbfa7c135239f7f850f916b0e51ca9e2a700,81,0.09876543209876543,0.0,15590.166079999999,-0.3835238168291123,-0.7670476336582246,-2.5887857635961806,-5.177571527192361,1.773797652834372,3.547595305668744,1.4034878296245743e-05,False
0x2392d6e9cab81a18adf20ffb6c0db4cb40988d6c,154,0.09740259740259741,0.4,15571.953,-4.639298565636012,-9.278597131272024,-2.5637946837760572,-5.1275893675521145,1.065278037520387,2.130556075040774,1.4018482168078275e-05,False
0x44133c92cf08a13807f560b9b6e5c44ef37274c5,438,0.15753424657534246,0.4492753623188406,15238.304280000004,-1.9794091191820617,-3.9588182383641235,-1.186912243119442,-2.373824486238884,-0.40063256447081663,-0.8012651289416333,1.3718118518655363e-05,False
0x5177dd785ab69422ac75a3de6c8e541136977279,247,0.016194331983805668,0.5,15219.20958,-5.027709498030437,-10.055418996060874,-13.134322678944914,-26.268645357889827,9.698584426215112,19.397168852430223,1.3700928721623812e-05,False
0x20c3c3ce84d349ae85e0a5cf04bd2f7e4989ad2a,120,0.18333333333333332,0.45454545454545453,15179.9816,0.07063632307712937,0.14127264615425875,-0.35474584048949304,-0.7094916809789861,3.2852445981756477,6.5704891963512955,1.3665614157155259e-05,False
0x8e555c7f07eebea796dec9b9273e8c1b88a1abdc,126,0.8571428571428571,0.42592592592592593,14885.134069999996,0.7493492710474662,1.4986985420949324,0.044468959539263414,0.08893791907852683,4.173495596909933,8.346991193819866,1.3400180859122125e-05,True
0x0eecd62efb05009e2b72964b4bcdbcf653afd4c5,899,0.18131256952169078,0.22085889570552142,14738.71297,0.8289419183542097,1.6578838367084194,-0.8280992640392105,-1.656198528078421,-0.45389362465140576,-0.9077872493028115,1.326836684842094e-05,False
0xd56c2517f2c2fb040cd20259490c7511493d4ed5,55,0.9818181818181818,0.42592592592592593,14571.768220000002,-0.2346482013604828,-0.4692964027209656,-1.0931814472026897,-2.1863628944053795,-3.3483950087539296,-6.696790017507859,1.3118076643914848e-05,True
0x80e48748f7471a6d7137a4d5a9852f2cc999d741,93,0.9139784946236559,0.0,14529.120129999998,-8.785251545819476,-17.57050309163895,-2.6587297051817544,-5.317459410363509,6.913455862093899,13.826911724187799,1.3079683162431332e-05,False
0xe6c4177067233d39318d28337498b9140edd8c80,104,1.0,0.49038461538461536,14376.651650000002,-1.2321044019898375,-2.464208803979675,-1.298696752215354,-2.597393504430708,-1.283759356833869,-2.567518713667738,1.2942425063330087e-05,True
0xe4b71fe038dbaddbdc92d980792f434ec472348c,66,0.3484848484848485,0.3913043478260869,14353.423240000004,-3.6596892174737006,-7.319378434947401,-2.2271191369767687,-4.454238273953537,0.8260500882546024,1.6521001765092047,1.2921513938606183e-05,False
0xf4827b61bd5879d12c4d0aaa078a96c3a9c3f953,86,1.0,0.3372093023255814,14302.756129999998,-3.6468128282867314,-7.293625656573463,-13.684270013537573,-27.368540027075145,-1.593966773516547,-3.187933547033094,1.2875901421149756e-05,True
0xd351d71bfa2b0df7bc784efc38c6778f029240e8,398,0.1507537688442211,0.4666666666666667,14289.23608,-2.6639560533170945,-5.327912106634189,-3.2115132260186328,-6.4230264520372655,-0.8520636719498712,-1.7041273438997424,1.286373014245167e-05,False
0x061d9b3d2bb706d6cae1b38486977d19dac2cbf0,112,0.05357142857142857,0.0,14287.256910000002,0.06390838094501901,0.12781676189003802,0.4516545905399187,0.9033091810798374,1.3528158096585354,2.705631619317071,1.2861948416077813e-05,False
0xc99ce538a514dd520996e06ed7a85acd2ff4f13c,105,0.9809523809523809,0.05825242718446602,13966.358259999997,-0.673816455353179,-1.347632910706358,-1.9822441767410919,-3.9644883534821838,-1.4739512305299955,-2.947902461059991,1.2573062879190729e-05,False
0x262000d4546c0d10adf6378148fb6dd4feb8cf43,129,0.1937984496124031,0.2,13356.4414,-3.251945137162948,-6.503890274325896,-0.3255222560310996,-0.6510445120621992,4.9403153526247054,9.880630705249411,1.202399182651543e-05,False
0x01783e91d31c69633153c2aadbf9b7901049d03a,189,0.07936507936507936,0.2,12055.884900000001,-3.9468123978238583,-7.893624795647717,-17.809773264256908,-35.619546528513816,-1.7402155545397342,-3.4804311090794684,1.085317991205433e-05,False
0xc236805a19b22e78c0b5dc42ffd88da7ee51d998,352,0.03977272727272727,0.4285714285714286,12016.103699999998,-5.773724790856515,-11.54744958171303,-4.639721661191774,-9.279443322383548,11.962010547061032,23.924021094122065,1.0817367317267741e-05,False
0x870f0e24098adf222027ae50299c245399fd764c,41,0.4634146341463415,0.0,11998.538990000001,-0.28341547397979433,-0.5668309479595887,-2.103552864699833,-4.207105729399666,-0.8664110909498596,-1.7328221818997191,1.0801554877176096e-05,False
0x00cf93fd6fd6aaedefbf4788e194fd2250319d0e,45,0.044444444444444446,0.0,11708.07416,-2.6342528130058533,-5.268505626011707,-11.475480096001595,-22.95096019200319,-24.079614252344275,-48.15922850468855,1.0540067057388243e-05,False
0xf662cba3a7b1146f0d995fecc9db88c0eda9fdae,56,0.7857142857142857,0.4318181818181818,11688.842299999998,-0.5545282034870757,-1.1090564069741513,-1.4016011904273837,-2.8032023808547675,-0.9307790721374078,-1.8615581442748157,1.0522753783551045e-05,True
0xec5bc65febb70b6e3ad232f7cd8b19228d2d9bc6,34,0.058823529411764705,0.0,11539.2,-0.5856773414350749,-1.1713546828701498,-1.5629968148317999,-3.1259936296635997,-2.9294582210785736,-5.858916442157147,1.0388039922409787e-05,False
0x506aaeccc6f2035b834bdb2826b089114df6ab52,348,0.11494252873563218,0.2,11407.42056,-2.3263232985707334,-4.652646597141467,1.9407399217133616,3.8814798434267233,2.1336897563375823,4.267379512675165,1.0269406907671087e-05,False
0x05d9f6c39a75bd6f040d65eb75a4ea6e9e20b60b,147,0.3197278911564626,0.2765957446808511,11146.322000000002,-2.3930344892670266,-4.786068978534053,-0.9524585432875545,-1.904917086575109,1.5316662855194658,3.0633325710389316,1.0034355754648026e-05,False
0xcd873972d192d25972fc1d8e5b5cecab4c1429da,174,0.2471264367816092,0.23255813953488372,11135.238940000003,-3.236951917605536,-6.473903835211072,-5.730851850990832,-11.461703701981664,-3.7481925271519407,-7.4963850543038815,1.0024378349824256e-05,False
0xe587a12fce187ffd7e0413f4888602fe5d904707,43,1.0,0.4418604651162791,10744.196359999998,-4.827586811737183,-9.655173623474367,-7.765706611156716,-15.531413222313432,-1.0791136754920372,-2.1582273509840744,9.672346499054518e-06,True
0xe8ef95e07161df78552da11fd95d287dd6d65201,182,0.08791208791208792,0.0625,10694.29666,-2.647710401012869,-5.295420802025738,0.9786443761281989,1.9572887522563978,13.495205579331003,26.990411158662006,9.627424834145662e-06,False
0x953cb34f310cdef2ec0351e8c20e87bd53bd3bce,346,0.11271676300578035,0.358974358974359,10438.4332,-2.5589602335302675,-5.117920467060535,2.2813695774325446,4.562739154865089,2.954357819063141,5.908715638126282,9.397086523243182e-06,False
0xc9db278b188904cd579a391a25c66daddd9e6f5d,45,1.0,0.4666666666666667,10433.265900000002,-0.5462216742736933,-1.0924433485473866,-0.17884129963834805,-0.3576825992766961,-1.360379364537331,-2.720758729074662,9.39243471733887e-06,True
0x24a81ade94952eff40bdb081a230f8fdd4a4313c,55,0.23636363636363636,0.15384615384615385,10408.6695,-17.295930035078122,-34.591860070156244,-27.868413278136078,-55.736826556272156,-9.26228226949762,-18.52456453899524,9.370292074421892e-06,False
0xe1ed4a55dfc915b87d138804d45fd981bd01af8c,31,0.967741935483871,0.4,10177.044720000002,-1.809594937395476,-3.619189874790952,-0.010034190625624547,-0.020068381251249094,2.356980585457792,4.713961170915584,9.161774372877647e-06,True
0x50291ead6c926ec5c15499df2de1287823b6ee09,40,0.05,0.0,10089.9405,6.436955698598327,12.873911397196654,-45.058689890193456,-90.11737978038691,-63.990912533131734,-127.98182506626347,9.083359741467292e-06,False
0x1f5423328f5506a78a8417b7325184b8f34f362e,337,0.032640949554896145,0.36363636363636365,10012.2337,-6.634660146984012,-13.269320293968024,-8.951011890035785,-17.90202378007157,-8.438801481331922,-16.877602962663843,9.013405035712758e-06,False
0xe15ec2db7dcb1fced329e9b38865ce546e688764,76,0.35526315789473684,0.0,10009.367240000001,-2.775440218016221,-5.550880436032442,-9.312295163525093,-18.624590327050186,-42.16036832249779,-84.32073664499558,9.01082453611868e-06,False
0xf2b23d759dc23cea06ae9fb2d6cd7059c74cad8e,33,0.030303030303030304,0.0,9979.98738,-1.5317454239108943,-3.0634908478217886,-1.9146817798881823,-3.8293635597763647,-2.297618135865471,-4.595236271730942,8.98437563510346e-06,False
0x298e21ddd7320c393afdbf0c59dc4e4034a4b68d,85,0.10588235294117647,0.2222222222222222,9442.0926,-11.986591500778268,-23.973183001556535,-8.237443730719333,-16.474887461438666,24.64166885080823,49.28333770161646,8.500141680522915e-06,False
0x8e403d0bea9dbf78fa62d2d980b3322d91250151,336,0.09821428571428571,0.18181818181818182,9398.9109,-2.826029804202634,-5.652059608405268,-1.4525659305695215,-2.905131861139043,3.108362470955694,6.216724941911388,8.461267822411649e-06,False
0x89bdfd6caab017d28d9296c2513e687db99b3df2,95,0.05263157894736842,0.0,8858.4405,-10.2422345159943,-20.4844690319886,-24.476706859256865,-48.95341371851373,-7.333973836977032,-14.667947673954064,7.974715193799545e-06,False
0xe11b5dcb42f6cf07560159de82a30790d7544a00,72,0.9722222222222222,0.4285714285714286,8674.74275,-5.809218172797496,-11.618436345594992,-8.11130994693387,-16.22261989386774,-0.7592027123418313,-1.5184054246836627,7.80934328234495e-06,True
0x8543c5ac35829b5b36b7224e4fae7f7c7ffdc5d3,60,0.1,0.16666666666666666,8647.25899,-1.7927487568321123,-3.5854975136642246,-0.7776863542255154,-1.5553727084510307,0.8868168537950426,1.7736337075900852,7.784601324835078e-06,False
0xc4ff5a6ec8bc6a691d5b98fe4ce98173331a1f84,34,0.2647058823529412,0.11111111111111116,8279.246,-0.042506125998022365,-0.08501225199604473,0.25556164131709685,0.5111232826341937,3.234371742050423,6.468743484100846,7.453301613235885e-06,False
0xb9edc1954749507034e0149bc51c3af104d79065,91,1.0,0.08791208791208792,8218.98648,-2.1218910114792857,-4.243782022958571,-7.609251407137609,-15.218502814275219,13.488919833548312,26.977839667096625,7.399053632486331e-06,False
0xb5a7768f62c23c1f1b05129b6dde7ddd493eb7ee,204,0.9705882352941176,0.42424242424242425,7962.686420000002,-1.303881862375249,-2.607763724750498,-3.0239372294141593,-6.047874458828319,1.7894119073900074,3.578823814780015,7.1683222771587525e-06,True
0xe9fde7807973f8b84aed8cbfe7906010ff81802d,81,0.6296296296296297,0.49019607843137253,7913.005000000001,-1.5724619051084918,-3.1449238102169836,-5.2744054590270775,-10.548810918054155,-5.747946735508062,-11.495893471016124,7.123597116457663e-06,False
0x14bf6b302fe0d7a80c017d647e22b2c15473cb0a,37,0.5405405405405406,0.0,7909.499999999999,1.9845052826553808,3.9690105653107617,-53.20357348939986,-106.40714697879972,-31.876183728596516,-63.75236745719303,7.120441778138882e-06,False
0xa099ec99966fa615c29b1ec56ce403fe655bca40,65,0.15384615384615385,0.0,7666.0727799999995,-1.6404629358346081,-3.2809258716692162,-6.518483472035825,-13.03696694407165,30.85115204285065,61.7023040857013,6.901299057711017e-06,False
0x64174450c49242535b4184e3988cc4145b80526c,59,0.847457627118644,0.0,7589.84,-6.763988295549819,-13.527976591099637,-2.890373448002511,-5.780746896005022,23.43537683189631,46.87075366379262,6.8326713225095926e-06,False
0xed9685268ba535f5a3a4e8cc8fcb88414ad5c42c,77,1.0,0.4285714285714286,7482.55991,-2.3812407458912768,-4.7624814917825535,-3.149109840575751,-6.298219681151502,-1.2268832834562804,-2.453766566912561,6.736093582475646e-06,True
0x5c1ebd11fcfebe477a4bda4373e1137f06af017e,36,1.0,0.41666666666666663,7295.074770000001,-4.42583243316034,-8.85166486632068,-8.76281113998474,-17.52562227996948,-3.348965300713448,-6.697930601426896,6.567312114160809e-06,True
0x41537f49a238b4772ef0047fd817c955e00f3244,34,0.08823529411764706,0.0,7283.6049299999995,2.6240475818949927,5.248095163789985,18.294622572603544,36.58924514520709,43.65796819740799,87.31593639481598,6.556986514827781e-06,False
0x6b3e7dbd9e168d9d23ca153bd22bb476e59c232c,55,0.41818181818181815,0.17391304347826086,6799.31704,-3.078678817070252,-6.157357634140504,-10.981723457940868,-21.963446915881736,0.8411260378956465,1.682252075791293,6.121011582834263e-06,False
0xb2a7131040bd752a98861dc8b2089a5ccf767836,32,0.21875,0.14285714285714285,6799.217,-6.074395304599237,-12.148790609198475,-1.9549121433081211,-3.9098242866162423,13.84567804463522,27.69135608927044,6.1209215229069e-06,False
0xf4a953a88a9f551f28d6e9a2a8523ab5a56a6259,115,0.9826086956521739,0.47787610619469023,6785.769490000001,-0.5520395794576158,-1.1040791589152317,-0.6786040732186523,-1.3572081464373047,-1.6648434041575444,-3.329686808315089,6.108815547558782e-06,True
0x9b52e93c1a3ed873828db319735ad64b1b2785e8,35,0.7142857142857143,0.48,6737.94115,-0.0650613014580185,-0.130122602916037,-1.372302804537799,-2.744605609075598,-2.577924588211382,-5.155849176422764,6.065758602073601e-06,True
0xaf5fb76d3cb490e64082f53cfe7591f915dd672e,59,0.9322033898305084,0.18181818181818182,6662.829,0.8476741931057897,1.6953483862115795,-0.45963463527446136,-0.9192692705489227,19.39328559061737,38.78657118123474,5.9981397019021826e-06,False
0xa5c8091bb1ed9545d8468725ad98c99a6383b3d2,46,0.06521739130434782,0.0,6586.72335,-4.216982940386847,-8.433965880773695,-2.6835345984275185,-5.367069196855037,7.667241709794901,15.334483419589802,5.929626414107453e-06,False
0xefea36cc43918b1680f0c41744ba110157ecf35d,35,0.9714285714285714,0.0,6572.75589,-0.979486832056278,-1.958973664112556,-7.514301543969363,-15.028603087938725,-26.82164560385544,-53.64329120771088,5.917052359398751e-06,False
0xde22e70994ffd3748b78c82af635d8c584044903,138,0.057971014492753624,0.0,6531.9203,7.167885478743509,14.335770957487018,-1.9467976137465173,-3.8935952274930345,28.11759079540257,56.23518159080514,5.880290561425307e-06,False
0x2c0edb8cc0888c077792387a61ca61faef9a407e,33,1.0,0.4545454545454546,6271.00393,-1.117671703804185,-2.23534340760837,-0.009606514848062792,-0.019213029696125584,-1.4694263832486019,-2.9388527664972037,5.64540342297808e-06,True
0xb4c95770c99d6154473b1947219f7a49e3fb6fff,215,0.9348837209302325,0.4626865671641791,6176.88773,-0.7780890903262925,-1.556178180652585,-1.150626668592008,-2.301253337184016,-2.3237524182066065,-4.647504836413213,5.560676332456597e-06,True
0x79e8928908392f9f3d274242937226c79fdb8239,34,1.0,0.38235294117647056,6146.49679,-5.170940445557719,-10.341880891115437,-4.556217698974071,-9.112435397948142,1.2508553194099985,2.501710638819997,5.533317217613318e-06,True
0x7c9eff57cb8b7260642f0024a617567eb7779d50,49,1.0,0.0,5860.91445,-11.870354730591151,-23.740709461182302,-8.97156659482458,-17.94313318964916,7.7444899214164025,15.488979842832805,5.2762248066095046e-06,False
0x4102ef9de91d1a1fa99839293b3a878f94679499,52,0.7115384615384616,0.1891891891891892,5859.24843,-0.524453080757977,-1.048906161515954,-3.6119989115307716,-7.223997823061543,10.291086417011567,20.582172834023133,5.274724990134226e-06,False
0x304791671b60aa8af553bddf40766fc995131c8f,31,0.3870967741935484,0.08333333333333333,5531.06199,-8.32172815429916,-16.64345630859832,-16.118346588207007,-32.236693176414015,-42.47350621487359,-84.94701242974718,4.979278699168341e-06,False
0x8342b064d963c5ab6425c7edee4de0a31838b58a,138,0.15942028985507245,0.045454545454545456,5506.73188,-2.959482441144014,-5.918964882288028,5.459542238506298,10.919084477012596,11.733746186339483,23.467492372678965,4.957375780942067e-06,False
0x940343d6a14f39cdb167dccf986ef33e7b93369e,509,0.0019646365422396855,0.0,5229.4,-1.9122652694381768,-3.8245305388763535,-2.294718323325464,-4.589436646650928,11.09113856274177,22.18227712548354,4.707710757266512e-06,False
0xe26092097d3f262a6ef8a6722db5ad856fd65c55,31,0.06451612903225806,0.0,5143.8,0.0,0.0,-2.138496831136337,-4.276993662272674,0.38881760566083073,0.7776352113216615,4.63065028363244e-06,False
0x32ea69b953b60fd8a1d7012725ee6f625248980a,40,0.025,0.0,4999.850399999999,-0.3900916715424578,-0.7801833430849155,-1.1702750146291472,-2.3405500292582944,-11.31265847474192,-22.62531694948384,4.5010612140596e-06,False
0xad0db3ffdde96c5f40d20ff7ded589625734d3fd,140,0.007142857142857143,0.0,4999.71472,-1.9097089603544422,-3.8194179207088843,-9.548544801772211,-19.097089603544422,-27.881750821173814,-55.76350164234763,4.500939069607933e-06,False
0x6fe61e7b14fab3a1f81346c03e7c9daade631af6,54,0.25925925925925924,0.21428571428571427,4994.503250000001,-0.47817900874238234,-0.9563580174847647,-0.5351659968708821,-1.0703319937417641,-1.5069209260268803,-3.0138418520537607,4.496247500139129e-06,False
0xbbbf30bf6e2eb5e2664561eb69f7a6d8dfc02aea,30,1.0,0.0,4964.169999999999,0.9921753521715753,1.9843507043431505,-16.56765365568528,-33.13530731137056,7.269961065401028,14.539922130802056,4.468940320094025e-06,False
0x172ff1a099165a50488332e47b263365ef16fb7e,193,0.9326424870466321,0.40555555555555556,4908.5854,-1.1723040479938647,-2.3446080959877293,-3.3334174640157994,-6.666834928031599,2.575998903538751,5.151997807077502,4.418900885482339e-06,True
0x8501cc2754df2ffdb87918cb69ae243b0bc677a3,114,0.7543859649122807,0.4651162790697675,4747.08552,-0.5302528959020347,-1.0605057918040695,-0.7928110886307856,-1.5856221772615713,-1.711918449705671,-3.423836899411342,4.273512366269188e-06,True
0xbeadf095900480c9d68ab796d5b75920a0d95d84,168,0.20238095238095238,0.0,4729.304069999999,-0.6853401381716728,-1.3706802763433457,-0.7876174265784077,-1.5752348531568154,1.0073117067811916,2.0146234135623833,4.257504808338107e-06,False
0x935520c15bfe05fdf68ad23d00692df849e61b42,30,0.9666666666666667,0.0,4602.11389,-2.085306247226516,-4.170612494453032,-64.48492956058597,-128.96985912117194,-40.69604071743315,-81.3920814348663,4.143003225249289e-06,False
0x23c177954bab6d2275981fb7e6dbee87627fbca3,42,0.9285714285714286,0.28205128205128205,4580.63206,-0.735815482566512,-1.471630965133024,-1.1783885629421116,-2.356777125884223,-1.2055962614034859,-2.4111925228069717,4.123664440268838e-06,False
0x78a34777bcf99afa711df4366801984a27ff1307,388,0.8350515463917526,0.37962962962962965,4505.61694,-0.7168100332310966,-1.4336200664621932,-1.220897965073776,-2.441795930147552,-1.6504688621280288,-3.3009377242560576,4.056132890304858e-06,True
0x3a896ec6b7a1ecb58c1535269746c1ddf5e5c7f9,35,0.9428571428571428,0.42424242424242425,4504.47196,-0.4796095527640103,-0.9592191055280206,-0.7387472645575486,-1.4774945291150972,-1.6466189692782185,-3.293237938556437,4.055102134450868e-06,True
0xe4d933fb1e35c6e6a489ccc65561094e39efcb76,171,0.05847953216374269,0.4,4465.5064999999995,-6.668779200100215,-13.33755840020043,-13.481771993588438,-26.963543987176877,-0.8432029642040384,-1.6864059284080768,4.020023900771318e-06,False
0xf21cd17b9db49fdb21bfdf714558cf8bde3221bd,47,0.1276595744680851,0.5,4279.512650000001,6.110575267284841,12.221150534569682,-3.1025455729382805,-6.205091145876561,-32.475296784627794,-64.95059356925559,3.8525849501401924e-06,False
0x81b04e33da62d918d6d079267cdd0269158294cb,52,0.8269230769230769,0.37209302325581395,4191.596659999999,-0.547053909864088,-1.094107819728176,-0.6458928945352987,-1.2917857890705975,-0.8668452458716496,-1.7336904917432991,3.773439531572337e-06,True
0x9d56a1c1df2b92107b5b18940dd065c516649571,34,0.8529411764705882,0.0,4154.58011,-0.43634621541465535,-0.8726924308293107,-0.6612775412250627,-1.3225550824501253,-0.09208182275522322,-0.18416364551044645,3.7401157830291216e-06,False
0xf864328f5be5044461fcdc240a65a77e935f5539,58,0.6724137931034483,0.33333333333333337,4152.45402,-0.4339860271362845,-0.867972054272569,-1.6230867595010574,-3.246173519002115,-2.2218480819019994,-4.443696163803999,3.7382017935152354e-06,False
0xcd82f03d5df801a69af899a7f13263388e1f6274,656,0.33689024390243905,0.21266968325791857,3692.2586199999996,0.2673864502078518,0.5347729004157036,0.15262843969287998,0.30525687938575996,-2.7026331431714534,-5.405266286342907,3.323915864914523e-06,False
0x442b83e8078666f4518821bea96042dee43edde9,51,0.9215686274509803,0.2978723404255319,3338.6019799999995,-1.9332443195977729,-3.8664886391955458,-4.327727667659767,-8.655455335319534,2.2511363880881565,4.502272776176313,3.0055403020379536e-06,False
0x34705cb69ac83cd65d4710259151665ab0ce6fa6,293,0.05460750853242321,0.1875,3310.45196,-0.16542749258709,-0.33085498517418,3.3621222138648497,6.724244427729699,-1.2390127981959327,-2.4780255963918654,2.9801985511733675e-06,False
0xd0ed386aa72449cfbdfc256695dd0f9d68542cf5,94,0.3191489361702128,0.43333333333333335,3286.89266,-2.500347476236362,-5.000694952472724,-3.1941386213804734,-6.388277242760947,-2.4016116472936777,-4.803223294587355,2.9589895463078634e-06,False
0x1c159d0b6267b311072f9e50c3157b825972f71c,42,0.6904761904761905,0.0,3241.1932,-0.9552512697461139,-1.9105025394922277,-22.99080801499689,-45.98161602999378,-31.147046504878467,-62.294093009756935,2.9178491020038763e-06,False
0x40035c46ba8a19983ed014feb53c249961717744,33,1.0,0.42424242424242425,3239.27834,0.17424675003090273,0.34849350006180546,-0.4361088727756259,-0.8722177455512518,-1.7073196465115383,-3.4146392930230767,2.9161252700115517e-06,True
0x5a50c4ff488b4268ad3673918e8223579db764bd,219,0.7945205479452054,0.2068965517241379,3219.2450900000003,-0.7078297543731172,-1.4156595087462345,-1.398151493883207,-2.796302987766414,-1.3743111264289314,-2.7486222528578628,2.898090553499522e-06,False
0x5fba031d22c1fd697ba0d54746975fff8dde9ac6,132,0.946969696969697,0.352,3106.58504,-0.6065608876109932,-1.2131217752219865,-3.2468223903630333,-6.493644780726067,3.8947028114815962,7.7894056229631925,2.796669562697674e-06,True
0x23b7e17faa9c572008151fa1ca51a697541581bb,43,0.8837209302325582,0.0,3040.8554699999995,-0.8229915317544738,-1.6459830635089476,-13.825698392252097,-27.651396784504193,30.103054300770598,60.206108601541196,2.7374972286326753e-06,False
0xba8518ac8232a095066f2a07601b19bf162e6e17,30,0.4,0.4166666666666667,2995.6958799999993,-1.0300799992980079,-2.0601599985960157,-0.5528079338414825,-1.105615867682965,-0.8383618929066615,-1.676723785813323,2.6968427964536975e-06,False
0x2837c128734ade71c55085cbe556699f064ea4a4,56,0.9821428571428571,0.05454545454545454,2972.39746,-1.8803407704478527,-3.7606815408957055,-22.24756447319973,-44.49512894639946,-1.432156785067431,-2.864313570134862,2.6758686459849424e-06,False
0x48c57a47c3c4c9fe5f90a234b9f77ea3bd908bde,59,1.0,0.44067796610169496,2969.34721,-0.7376257067313845,-1.475251413462769,-0.6712155452994484,-1.3424310905988968,-4.542649321876736,-9.085298643753472,2.673122691432345e-06,True
0x141de09fee8e8c50be39de0fba8b2f5eb70303c7,74,1.0,0.5,2851.85905,-0.49152692016547334,-0.9830538403309467,-0.7814940801713046,-1.5629881603426092,-0.9054244588368542,-1.8108489176737084,2.5673552468529574e-06,True
0xc031e267504f5a6376d994a44007897c73634f6c,30,1.0,0.3,2821.3279999999995,2.0978604055532624,4.195720811106525,-0.9229917356842839,-1.8459834713685679,3.858283885645544,7.716567771291088,2.539869999498453e-06,True
0xebb00e46afd242675dbceedb7e884f5e360a683a,165,0.18787878787878787,0.0,2622.3288300000004,-0.6269944752796562,-1.2539889505593125,-3.7450058899161327,-7.490011779832265,-7.755429321571048,-15.510858643142097,2.360723150281315e-06,False
0xfe7d81ca67ac72ff6056ad2284551528b8bf8365,36,1.0,0.3055555555555556,2408.0092200000004,-2.4748073304026765,-4.949614660805353,-5.899874012488697,-11.799748024977394,8.794232468955405,17.58846493791081,2.1677842407524658e-06,True
0xc0943e39f4e58ce10719a10c685879fd6c5fcd68,77,1.0,0.23376623376623376,2275.32305,-1.4768024006791232,-2.9536048013582463,-1.0504005418701483,-2.1008010837402966,-3.78078039175656,-7.56156078351312,2.0483349521439267e-06,False
0x570eb8d438bd209b0deeee3d2e0a8559f5d57fb7,53,1.0,0.037735849056603765,2248.47726,-0.28617404912885946,-0.5723480982577189,-1.3222690654976104,-2.6445381309952207,-1.3211635081218416,-2.642327016243683,2.0241673202224216e-06,False
0x8c1c2d75055ecd9c6aea2c49a5d3cbbf2c928135,101,1.0,0.0,2237.65356,-7.090027192910355,-14.18005438582071,8.607373669556747,17.214747339113494,85.26565956177424,170.53131912354849,2.014423401431848e-06,False
0xbdb0f45d9da67eab151508b15abc988f07ba5065,31,0.967741935483871,0.4,2171.8781200000003,-0.6241415260898063,-1.2482830521796127,-3.023354068616834,-6.046708137233668,-11.090107182353448,-22.180214364706895,1.955209773395757e-06,True
0x91c320e565bab66818d86d8a3ca39385abb6c007,39,0.9743589743589743,0.0,2090.35717,1.3493220018758414,2.698644003751683,-8.007674804542264,-16.015349609084527,10.82045344782444,21.64090689564888,1.881821420380576e-06,False
0x238bbc2b88468b3596a01b8ed0b10643a16ec24b,31,0.3225806451612903,0.4,2056.84188,-0.344523967549522,-0.689047935099044,-1.2587194217905193,-2.5174388435810386,1.1887539740161288,2.3775079480322576,1.8516496432616124e-06,False
0xf8c27415801f1871287446c9933221fc5ce70062,223,0.7623318385650224,0.0,2015.8523599999999,-0.43763184270557737,-0.8752636854111547,-1.001440803373578,-2.002881606747156,-1.2939651331687319,-2.5879302663374637,1.8147492714715044e-06,False
0xfb9c52f56f03d786ad5d435aa70fe45d80569760,31,0.9032258064516129,0.35714285714285715,1989.2193600000003,-2.4833656289212116,-4.966731257842423,-13.085952461535266,-26.17190492307053,6.915199542971648,13.830399085943297,1.7907732014446795e-06,True
0xd90dffcf6a185794bdf81dca1c1c7067bc49d7f0,111,0.9279279279279279,0.44660194174757284,1918.6457799999998,-0.5305578446540119,-1.0611156893080238,-1.3173422359125322,-2.6346844718250644,-1.1378175725112496,-2.275635145022499,1.7272400997992116e-06,True
0x47cdd8c8ff4feb10341dabb37c6c7fd6a0ea0bad,46,0.08695652173913043,0.25,1744.81405,-0.3889687870124172,-0.7779375740248344,2.1428923361518555,4.285784672303711,0.5869509912518263,1.1739019825036525,1.5707499660792347e-06,False
0x65577516e775bd3c1808c207d7465ca28664f509,68,1.0,0.38235294117647056,1630.7425400000004,-1.8279888973559546,-3.655977794711909,-4.470043618365958,-8.940087236731916,-3.0123823516810617,-6.024764703362123,1.4680583236872523e-06,True
0xe920a881a140c9376fd69b76d1c8f3da9e357a79,97,0.9072164948453608,0.3068181818181818,1532.9459000000002,-1.091593894434022,-2.183187788868044,-0.04526122694829631,-0.09052245389659262,1.1191796662336257,2.2383593324672515,1.3800179568856075e-06,True
0x07b0dfce503296345c62f701f974d157f17730af,39,1.0,0.0,1526.6151699999998,0.8457522027766711,1.6915044055533421,-4.162823051262456,-8.325646102524912,35.642596689924,71.285193379848,1.3743187857144689e-06,False
0x0472b8eb98676a5bcc254d41d49c71eaba87b456,59,1.0,0.4576271186440678,1091.4854,-0.7772363286807472,-1.5544726573614944,-1.1617132844806748,-2.3234265689613496,-3.242758178594087,-6.485516357188174,9.825979192602099e-07,True
0x04be6f9ebd4c0d857a43417857c482e0f79dcbd1,42,1.0,0.30952380952380953,1041.6,-2.154675946049172,-4.309351892098344,-6.608535729230229,-13.217071458460458,-6.681150623123448,-13.362301246246895,9.376891277715987e-07,True
0x0ac0029f4e84c608da4d575aef9dc00188014ec3,31,1.0,0.2903225806451613,1011.3445199999999,-1.8943450986474606,-3.788690197294921,-7.063011482286657,-14.126022964573314,5.604908137856471,11.209816275712942,9.104519593273677e-07,False
0x766454bb569623f84a44e42d8fcadee35c4f1096,98,0.7755102040816326,0.368421052631579,997.0382199999999,-0.7136776714409307,-1.4273553428818615,-1.3689863963607705,-2.737972792721541,-2.0959895504012476,-4.191979100802495,8.975728675756023e-07,True
0xb54ddcd2e467d03c8b42ce2a428b205e35069f80,34,1.0,0.4411764705882353,951.1603700000001,-0.58656769655434,-1.17313539310868,-1.8477118071830947,-3.6954236143661894,-4.605826488841911,-9.211652977683823,8.562718296046575e-07,True
0xa78f55070bf21779fc610ea896d1ae3afd648083,72,0.9444444444444444,0.08823529411764706,921.76455,-2.2574530881286674,-4.514906176257335,-2.6047358418816526,-5.209471683763305,-1.5516206703282114,-3.1032413406564228,8.298085607721585e-07,False
0xad62875a8c24c6c312ac02b8689e138f467db928,39,1.0,0.46153846153846156,896.17189,-1.8364808402195472,-3.6729616804390943,-2.1449252830569883,-4.2898505661139765,-6.483236726926969,-12.966473453853938,8.067690455717408e-07,True
0x1bd07efb1857128d194bc1afa6767e3da1ae3969,31,1.0,0.2903225806451613,888.704,-1.7325419475735797,-3.4650838951471594,-5.815389874918382,-11.630779749836764,6.882199637907898,13.764399275815796,8.000461584169844e-07,False
0x430da63ea3b2806a227184e481fcbfb8af749324,50,0.96,0.0,875.75224,-0.5234338250152143,-1.0468676500304286,-1.1634661696170345,-2.326932339234069,-1.6552123197202888,-3.3104246394405776,7.88386476641344e-07,False
0x53ac3da992efb3785a615f281380ed7e591fbe79,40,0.125,0.0,864.4826,-16.03717033670178,-32.07434067340356,-17.72810946728581,-35.45621893457162,-12.81879102450382,-25.63758204900764,7.782411051917473e-07,False
0x5757f0d2950caa7c49597a7f13b27564e9f13fd3,32,0.96875,0.0,790.3950000000001,0.36209584335425543,0.7241916867085109,-63.71791580367702,-127.43583160735405,-30.106355942763056,-60.21271188552611,7.115445450701161e-07,False
0x850362c2fcfee55962be453e01a6c4d9b813276f,58,1.0,0.41379310344827586,751.3125,-0.21391698280659818,-0.42783396561319637,0.043069345022220804,0.08613869004444161,-0.5627303591313576,-1.1254607182627152,6.763609473971768e-07,True
0xe7c5dc650867c9c42f77193c76f99433e0ee86c6,46,0.6521739130434783,0.06666666666666667,746.27874,-2.1701806098281597,-4.3403612196563195,-4.810136124531071,-9.620272249062142,-2.2923420430725985,-4.584684086145197,6.718293594326879e-07,False
0x3b1f1105131a2b46e1dc02e0fc7d2847302dc5df,34,0.35294117647058826,0.0,600.05334,-1.2840178451688207,-2.5680356903376413,-9.980049375057382,-19.960098750114764,-31.541239298658194,-63.08247859731639,5.401915255386277e-07,False
0x3d4b04570d61f42577859c3fa7ac839b8948054c,31,1.0,0.2903225806451613,542.6378599999999,-1.8205313644548011,-3.6410627289096023,-6.9078022876709495,-13.815604575341899,4.91099803483816,9.82199606967632,4.885038610207824e-07,False
0xedb9946ff77f2b25a6e054bf6a695368ab8b37eb,31,1.0,0.2903225806451613,517.98153,-1.8078824122860133,-3.6157648245720266,-6.350973508977602,-12.701947017955204,6.774163714155485,13.54832742831097,4.663072667698716e-07,False
0xba8282f3fb78c0e17e70b69a6df70d208fda5c61,42,1.0,0.4523809523809524,513.094,-1.003775083809644,-2.007550167619288,0.48490624597006055,0.9698124919401211,2.753510290466849,5.507020580933698,4.6190732078037707e-07,True
0x96d07513fad530ca141a78bcc53a479fc1d72d69,31,1.0,0.2903225806451613,501.34819999999996,-1.7213543641926803,-3.4427087283853606,-6.35028698641446,-12.70057397282892,6.975337868291329,13.950675736582658,4.5133329144379903e-07,False
0xeeaf2f9004a92b94f1d9e71f3f85e5e624cb11cd,40,0.25,0.0,499.61906000000005,-2.464553972952129,-4.929107945904258,-20.175749465104182,-40.351498930208365,-7.625186924116702,-15.250373848233403,4.497766518716073e-07,False
0x40dbe17c7a1d536302e24410091b1100815ec28d,35,0.2571428571428571,0.0,449.88283,-2.737878065636578,-5.475756131273156,-21.475118795230465,-42.95023759046093,-26.594179746640762,-53.188359493281524,4.0500214906117367e-07,False
0x58f3172a537ba3d99b62d298674ceb6c07f4400f,42,0.19047619047619047,0.0,419.92108,-2.5492955769683645,-5.098591153936729,-17.94646814009991,-35.89293628019982,-25.604780434728568,-51.209560869457135,3.780294078706872e-07,False
0x9baf81f1c6f057e2d6d5821e2f65c31534458608,60,0.5666666666666667,0.47058823529411764,408.29230000000007,-0.7326160234859224,-1.4652320469718447,-0.3670733701384966,-0.7341467402769932,-0.5615398681074462,-1.1230797362148923,3.6756072452271507e-07,False
0x5eafa6d19037bd466c5488e6bb85a30fe97b5344,67,0.5522388059701493,0.0,384.98920000000004,-0.42394408349298945,-0.8478881669859789,-3.2423259258343227,-6.484651851668645,-4.81054487244194,-9.62108974488388,3.4658236093460605e-07,False
0x647534b949a614ac556c68519031024fdde24652,45,0.6888888888888889,0.0,384.7405299999999,-3.982861090628966,-7.965722181257932,-34.36373857912741,-68.72747715825481,-16.44127150861883,-32.88254301723766,3.463584984582206e-07,False
0xaee48cd1983274a51e10aaea1a6b89c4b6e81214,38,0.7631578947368421,0.0,359.4598899999999,-4.527942079216394,-9.055884158432788,-34.90426842377723,-69.80853684755446,-15.306400854825384,-30.612801709650768,3.235998758861125e-07,False
0xe9267083cd14ebc9edc2d9b5036383ccc1a9ce3b,37,0.7837837837837838,0.0,358.55606,-3.0897563536806776,-6.179512707361355,-32.04682022923761,-64.09364045847522,-25.064488423725212,-50.128976847450424,3.2278621270988965e-07,False
0x473cb877a81f389ffa951325727475d4bd181e57,41,0.7073170731707317,0.0,355.41033999999996,-4.160249823137325,-8.32049964627465,-30.284172018529542,-60.568344037059084,-7.506539887502888,-15.013079775005776,3.1995431232297173e-07,False
0x9488a3e618b405d29bdbd3cbc4ede5c50a4a6486,32,0.21875,0.0,350.1894199999999,0.32952250520092663,0.6590450104018533,-22.50697838370351,-45.01395676740702,-38.01218714668791,-76.02437429337581,3.1525423559393434e-07,False
0xc6faf2b99d0346e07bb54bf9ab4e3f4a27b4dc32,33,0.6060606060606061,0.0,328.24033,0.05862771972249372,0.11725543944498744,-0.5073031795719876,-1.0146063591439751,-0.9192579087161142,-1.8385158174322285,2.95494804855186e-07,False
0xfba7b957264a4341dd28438eae38abcc4d8eeab1,35,0.7142857142857143,0.0,309.74881,-2.7413374923198393,-5.4826749846396785,-32.201854498797026,-64.40370899759405,-18.043486192428546,-36.08697238485709,2.788480140910049e-07,False
0x157304dc4ef08a9b38f18715fb99105c22b0ba3a,31,0.7096774193548387,0.09090909090909091,309.25804999999997,-3.2728081717843938,-6.5456163435687875,-20.864775783380068,-41.729551566760136,-10.057160984632167,-20.114321969264335,2.784062127120252e-07,False
0x8d6b6fe74389cea356607d550fe1a46598bb3164,34,0.6470588235294118,0.045454545454545456,296.27384,-1.284077468233039,-2.568154936466078,-19.011107428389096,-38.02221485677819,-0.6885356303319434,-1.3770712606638869,2.6671731817505975e-07,False
0x13fee329d9857a4c0d91a54758f3da5dac45398c,35,0.6571428571428571,0.0,284.95704,-2.215015357499106,-4.430030714998212,-22.655663788135197,-45.31132757627039,-9.370475096764407,-18.740950193528814,2.5652949144583006e-07,False
0xf3cecef01afd3a727e951c4194cecfdde632db0f,37,0.6216216216216216,0.0,284.10203,-3.3470118463196483,-6.694023692639297,-16.936348947416054,-33.87269789483211,-0.31682620357614294,-0.6336524071522859,2.5575977794627556e-07,False
0xe275d24561931d3f262986aaf9edf9b9c691c864,37,0.5945945945945946,0.0,271.81153,-2.6815509999906055,-5.363101999981211,-17.479148353213088,-34.958296706426175,-2.572503477158144,-5.145006954316288,2.446953883294583e-07,False
0xd159fa8eca8b4ccdb99979d1630e0af61484a858,37,0.5945945945945946,0.0,271.81153,-2.6815509999906055,-5.363101999981211,-17.479148353213088,-34.958296706426175,-2.572503477158144,-5.145006954316288,2.446953883294583e-07,False
0x80f1b851ec16834fa002d1a532bec2205f2132e5,36,0.027777777777777776,0.0,264.5782,-3.078106964217706,-6.156213928435412,1.1542901115820774,2.308580223164155,-5.001923816853335,-10.00384763370667,2.381836612762861e-07,False
0xbf49ffdc3008791900bb96ebccb61118f70c1bc9,45,0.022222222222222223,0.0,262.27,-5.3380104472476315,-10.676020894495263,-4.956723986730191,-9.913447973460382,-6.100583368284245,-12.20116673656849,2.3610572920570008e-07,False
0x032e65b23f08f4fd03ab5520da81a540b6819995,33,0.6363636363636364,0.0,261.02597999999995,-3.976859223252628,-7.953718446505256,-23.551562260950575,-47.10312452190115,-10.81139221558585,-21.6227844311717,2.3498581366352415e-07,False
0xa4b62d71a510070b21e19d2d359f2a0b3baea1bf,32,0.65625,0.0,260.85794999999996,-3.8486808527500345,-7.697361705500069,-27.82106682399677,-55.64213364799354,-17.292843311755853,-34.585686623511705,2.3483454647445017e-07,False
0x806e674ef6c1c3c0c10fe10596afda889187cc5b,31,0.6774193548387096,0.0,259.70205999999996,-4.514172857423192,-9.028345714846385,-6.6327531690196615,-13.265506338039323,-1.0788603639384409,-2.1577207278768817,2.337939690110286e-07,False
0x150adac3e309307a513d36aebfea8d554f52bec0,34,0.5882352941176471,0.0,248.45241999999996,-2.827943918572401,-5.655887837144802,-26.44629922486721,-52.89259844973442,-14.695420016912697,-29.390840033825395,2.2366660234499125e-07,False
0xef2ecb1bb9cee0d025aa633a7ae1766c46d04418,33,0.5757575757575758,0.0,235.87737999999996,-2.940950610223298,-5.881901220446596,-34.429278521693426,-68.85855704338685,-20.727024277737307,-41.454048555474614,2.1234605867247498e-07,False
0xaafef30e4b2667bab864ba46b1db98e523fc905d,31,0.5806451612903226,0.0,223.63836999999998,-3.921599322937224,-7.843198645874448,-24.982979540342424,-49.96595908068485,-10.040805293952072,-20.081610587904144,2.0132802237093133e-07,False
0xe85fc39fa2c201c55789abe6bdd7dd4a8bc6f9f1,44,0.4318181818181818,0.10526315789473684,217.38093999999995,-0.9426880002721598,-1.8853760005443196,-4.026507250041588,-8.053014500083176,-3.8979480602479137,-7.7958961204958275,1.9569483873153823e-07,False
0xef9cd685d29b7101e390ba0e8df8c26efec20b7c,33,0.5151515151515151,0.0,210.63403,-4.010593030846077,-8.021186061692154,-25.644428396315867,-51.288856792631734,-8.58651817914493,-17.17303635828986,1.8962100601931335e-07,False
0x42073b5d1d11005e46487784685a36cad2515ef4,31,0.5483870967741935,0.0,210.62553,-3.6713196756836584,-7.342639351367317,-26.64346078904396,-53.28692157808792,-12.132796724507198,-24.265593449014396,1.8961335398630062e-07,False
0xb2475aa3520edde153a12e5806da2182efae856a,31,0.5483870967741935,0.0,210.62553,-3.6713196756836584,-7.342639351367317,-26.64346078904396,-53.28692157808792,-12.132796724507198,-24.265593449014396,1.8961335398630062e-07,False
0x2691a72189d55d9ff87aff6c4501bcf4c199e404,33,0.5151515151515151,0.0,210.59602999999998,-3.3396909778824586,-6.679381955764917,-25.012935208046024,-50.02587041609205,-3.138322357686102,-6.276644715372204,1.8958679693055054e-07,False
0x26f6ea1794b54842e9c8387ed263f87d56015ff8,32,0.5,0.0,198.32903,-4.05097472144216,-8.10194944288432,-26.195803301926723,-52.39160660385345,-7.908222294313493,-15.816444588626986,1.7854356293441555e-07,False
0x6fa915c180d4c7b779dd7a52af511e4080cfa27e,34,0.47058823529411764,0.0,198.30553,-4.195522826611988,-8.391045653223976,-26.45628292508517,-52.91256585017034,-7.25521466810741,-14.51042933621482,1.785224073137333e-07,False
0xacdcdddc6785e9d7f779a5887a3d524c18eed156,32,0.46875,0.0,186.03852999999998,-3.836654744299275,-7.67330948859855,-29.573802680755012,-59.147605361510024,-12.030083385444884,-24.06016677088977,1.6747917331759832e-07,False
0x9658f751f084ff01fd7ccb86d2993bc7494e6dd3,34,0.4411764705882353,0.0,186.03852999999998,-3.836654744299275,-7.67330948859855,-29.573802680755012,-59.147605361510024,-12.030083385444884,-24.06016677088977,1.6747917331759832e-07,False
0x871fe6fb3744abbc8911147e70bf41fbb0fa972b,97,0.010309278350515464,0.0,63.25638,0.0,0.0,0.0,0.0,3.060560847774311,6.121121695548622,5.694587153243933e-08,False
0xbe1d14d6a94e5ee38b6b0e2ca339d50ffd688253,34,0.029411764705882353,0.0,14.366240000000001,0.3898027598031849,0.7796055196063698,-1.949013799017697,-3.898027598035394,-6.62664691665946,-13.25329383331892,1.2933052088092795e-08,False
0xc81a880f1ad280e6dc24fa227d3d90fcce584490,59,0.01694915254237288,0.0,12.51024,0.0,0.0,2.302114108122277,4.604228216244554,0.38368568468675535,0.7673713693735107,1.1262208173783953e-08,False
